facility_id,시설유형,geometry,grid_id,시설명,주소,위도,경도,inside_gwangjin,inside_or_near_gwangjin
1,CCTV,POINT (964931.776641229 1949981.1046731207),G0075,CCTV,서울특별시 광진구 광장로3길 22 (광장동),37.5485,127.103,True,True
2,CCTV,POINT (964793.7766722635 1949309.3546583077),G0074,CCTV,서울특별시 광진구 아차산로 540 (광장동),37.54244,127.10147,True,True
3,CCTV,POINT (965536.4475852489 1950304.7549988097),G0084,CCTV,서울특별시 광진구 아차산로78길 53 (광장동),37.55144,127.10983,True,True
4,CCTV,POINT (965461.0829850007 1950024.3743074767),G0083,CCTV,서울특별시 광진구 아차산로 636 (광장동),37.54891,127.10899,True,True
5,CCTV,POINT (964982.6630856211 1949689.101457929),G0075,CCTV,서울특별시 광진구 천호대로 809 (광장동),37.54587,127.10359,True,True
6,CCTV,POINT (964970.6188506174 1949765.705110276),G0075,CCTV,서울특별시 광진구 천호대로 143길 23,37.54656,127.10345,True,True
7,CCTV,POINT (965378.5217191088 1949925.9760203601),G0083,CCTV,서울특별시 광진구 아차산로78길 176 (광장동),37.54802,127.10806,True,True
8,CCTV,POINT (964785.3372161423 1950235.7913064766),G0067,CCTV,서울특별시 광진구 광장로1다길 60 (광장동),37.55079,127.10133,True,True
9,CCTV,POINT (964828.5487018867 1950010.387249241),G0075,CCTV,서울특별시 광진구 광장로1나길 16 (광장동),37.54876,127.10183,True,True
10,CCTV,POINT (964470.102360047 1949642.4620244596),G0066,CCTV,서울특별시 광진구 광장로 1 (광장동),37.54543,127.09779,True,True
11,CCTV,POINT (964567.0710777598 1949180.5116399268),G0065,CCTV,서울특별시 광진구 아차산로70길 62,37.54127,127.09891,True,True
12,CCTV,POINT (963686.2683249479 1948974.6270589347),G0045,CCTV,서울특별시 광진구 구의로 13-6 (구의동),37.53938,127.08895,True,True
13,CCTV,POINT (963629.6114452584 1948948.2478183885),G0045,CCTV,서울특별시 광진구 아차산로57길 14 (구의동),37.53914,127.08831,True,True
14,CCTV,POINT (963691.4662659809 1949153.2278181906),G0046,CCTV,서울특별시 광진구 자양로26길 91-14 (구의동),37.54099,127.089,True,True
15,CCTV,POINT (963731.8095619215 1949490.3283232825),G0046,CCTV,서울특별시 광진구 광나루로40길 17 (구의동),37.54403,127.08944,True,True
16,CCTV,POINT (963729.5340972937 1949373.8446263277),G0046,CCTV,서울특별시 광진구 자양로30길 79 (구의동),37.54298,127.08942,True,True
17,CCTV,POINT (963819.2407460352 1949484.3996909913),G0056,CCTV,서울특별시 광진구 구의로 65 (구의동),37.54398,127.09043,True,True
18,CCTV,POINT (963747.4442061872 1949429.239592153),G0046,CCTV,서울특별시 광진구 자양로30길 87-10 (구의동),37.54348,127.08962,True,True
19,CCTV,POINT (963610.6299493016 1949455.3555201697),G0046,CCTV,서울특별시 광진구 광나루로38길 27 (구의동),37.54371,127.08807,True,True
20,CCTV,POINT (963671.5742353956 1949452.8698118522),G0046,CCTV,서울특별시 광진구 구의로11길 28 (구의동),37.54369,127.08876,True,True
21,CCTV,POINT (963536.2741028653 1949421.2882480414),G0046,CCTV,서울특별시 광진구 자양로30길 43 (구의동),37.5434,127.08723,True,True
22,CCTV,POINT (963481.0689999915 1949523.601438512),G0046,CCTV,서울특별시 광진구 자양로32길 31 (구의동),37.54432,127.0866,True,True
23,CCTV,POINT (963396.8101608265 1949447.4193365118),G0046,CCTV,서울특별시 광진구 자양로30길 14,37.54363,127.08565,True,True
24,CCTV,POINT (963623.802201357 1949235.6241090202),G0046,CCTV,서울특별시 광진구 자양로28길 73 (구의동),37.54173,127.08823,True,True
25,CCTV,POINT (963704.329812482 1949064.414588874),G0045,CCTV,서울특별시 광진구 자양로26길 95,37.54019,127.08915,True,True
26,CCTV,POINT (963565.1296838538 1948950.749303444),G0045,CCTV,서울특별시 광진구 구의로1길 12 (구의동),37.53916,127.08758,True,True
27,CCTV,POINT (963496.1771059786 1948941.066844038),G0045,CCTV,서울특별시 광진구 구의로1길 26 (구의동),37.53907,127.0868,True,True
28,CCTV,POINT (963433.3796853911 1949125.5138762167),G0046,CCTV,서울특별시 광진구 아차산로53길 77 (구의동),37.54073,127.08608,True,True
29,CCTV,POINT (963486.8192988766 1949224.0210240828),G0046,CCTV,서울특별시 광진구 자양로26길 45-7,37.54162,127.08668,True,True
30,CCTV,POINT (963411.9977241255 1949285.3707407136),G0046,CCTV,서울특별시 광진구 광나루로36길 68 (구의동),37.54217,127.08583,True,True
31,CCTV,POINT (963327.8974973324 1949245.8009249896),G0046,CCTV,서울특별시 광진구 자양로26길 14 (구의동),37.54181,127.08488,True,True
32,CCTV,POINT (963266.0686675186 1949048.589632957),G0034,CCTV,서울특별시 광진구 아차산로49길 70 (구의동),37.54003,127.08419,True,True
33,CCTV,POINT (963338.5075549702 1948847.4568247686),G0045,CCTV,서울특별시 광진구 아차산로51길 23 (구의동),37.53822,127.08502,True,True
34,CCTV,POINT (963282.0938596162 1948876.5520071066),G0034,CCTV,서울특별시 광진구 아차산로49길 32 (구의동),37.53848,127.08438,True,True
35,CCTV,POINT (963274.4763004488 1948952.029163784),G0034,CCTV,서울특별시 광진구 아차산로49길 50 (구의동),37.53916,127.08429,True,True
36,CCTV,POINT (963251.3547817399 1949516.848381856),G0035,CCTV,서울특별시 광진구 자양로23길 86 (구의동),37.54425,127.084,True,True
37,CCTV,POINT (963469.4151610547 1948882.3829610895),G0045,CCTV,서울특별시 광진구 아차산로55길 23 (구의동),37.53854,127.0865,True,True
38,CCTV,POINT (963394.898582383 1949013.6275879433),G0045,CCTV,서울특별시 광진구 아차산로53길 53 (구의동),37.53972,127.08565,True,True
39,CCTV,POINT (963407.5735040165 1948882.6551288194),G0045,CCTV,서울특별시 광진구 아차산로53길 29 (구의동),37.53854,127.0858,True,True
40,CCTV,POINT (963433.4915090457 1948950.2182349826),G0045,CCTV,서울특별시 광진구 아차산로53길 38-12 (구의동),37.53915,127.08609,True,True
41,CCTV,POINT (963116.1870304834 1949515.2286002513),G0035,CCTV,서울특별시 광진구 광나루로30가길 9 (구의동),37.54423,127.08247,True,True
42,CCTV,POINT (964274.3079972379 1950332.278618706),G0058,CCTV,서울특별시 광진구 자양로44길 141-7 (구의동),37.55164,127.09554,True,True
43,CCTV,POINT (964223.9590717279 1950127.2445992515),G0058,CCTV,서울특별시 광진구 자양로44길 69 (구의동),37.54979,127.09498,True,True
44,CCTV,POINT (963907.8070695718 1950349.3960655716),G0058,CCTV,서울특별시 광진구 자양로45길 13 (구의동),37.55178,127.09139,True,True
45,CCTV,POINT (963535.5983851018 1949669.8110771542),G0047,CCTV,서울특별시 광진구 광나루로 517-10 (구의동),37.54564,127.08721,True,True
46,CCTV,POINT (963541.0234222424 1949899.4463232404),G0047,CCTV,서울특별시 광진구 자양로37가길 10 (구의동),37.54771,127.08726,True,True
47,CCTV,POINT (964038.5453026646 1950555.1892091664),G0058,CCTV,서울특별시 광진구 자양로51길 11 (구의동),37.55364,127.09286,True,True
48,CCTV,POINT (964278.7862354527 1950551.9332326693),G0058,CCTV,서울특별시 광진구 영화사로16가길 21 (구의동),37.55362,127.09558,True,True
49,CCTV,POINT (964082.0800913147 1950613.8023900301),G0059,CCTV,서울특별시 광진구 자양로53길 10 (구의동),37.55417,127.09335,True,True
50,CCTV,POINT (964190.5784547575 1950580.0498010572),G0058,CCTV,서울특별시 광진구 자양로54길 11 (구의동),37.55387,127.09458,True,True
51,CCTV,POINT (964088.9974784986 1950579.3790656915),G0058,CCTV,서울특별시 광진구 자양로51길 10-9 (구의동),37.55386,127.09343,True,True
52,CCTV,POINT (964311.0228370598 1950653.8653184404),G0068,CCTV,서울특별시 광진구 영화사로16길 19 (구의동),37.55454,127.09594,True,True
53,CCTV,POINT (964321.0022269406 1950509.592080286),G0067,CCTV,서울특별시 광진구 영화사로16나길 21 (구의동),37.55324,127.09606,True,True
54,CCTV,POINT (964143.3770054127 1950490.3868927944),G0058,CCTV,서울특별시 광진구 자양로52길 11 (구의동),37.55306,127.09405,True,True
55,CCTV,POINT (964363.363905768 1950295.283634841),G0067,CCTV,서울특별시 광진구 자양로44길 125 (구의동),37.55131,127.09655,True,True
56,CCTV,POINT (964310.1655555915 1950248.9146402734),G0067,CCTV,서울특별시 광진구 자양로44나길 26-14 (구의동),37.55089,127.09595,True,True
57,CCTV,POINT (964187.7113576138 1950324.8854010482),G0058,CCTV,서울특별시 광진구 자양로44나길 39 (구의동),37.55157,127.09456,True,True
58,CCTV,POINT (964109.5926970604 1950235.3560986817),G0058,CCTV,서울특별시 광진구 천호대로137길 38 (구의동),37.55076,127.09368,True,True
59,CCTV,POINT (963952.5064924847 1950472.3524532223),G0058,CCTV,서울특별시 광진구 자양로49길 15-2 (구의동),37.55289,127.09189,True,True
60,CCTV,POINT (963878.3928654572 1950288.5034251777),G0058,CCTV,서울특별시 광진구 자양로43길 8 (구의동),37.55123,127.09106,True,True
61,CCTV,POINT (964161.3326356886 1950762.1281832508),G0059,CCTV,서울특별시 광진구 영화사로11길 22 (구의동),37.55551,127.09424,True,True
62,CCTV,POINT (964235.3346147701 1950717.4304863177),G0059,CCTV,서울특별시 광진구 영화사로15길 25,37.55511,127.09508,True,True
63,CCTV,POINT (963982.0883893938 1950164.9024701098),G0058,CCTV,서울특별시 광진구 천호대로135길 16 (구의동),37.55012,127.09224,True,True
64,CCTV,POINT (964062.3068452541 1950126.8331450757),G0058,CCTV,서울특별시 광진구 천호대로137길 10 (구의동),37.54978,127.09315,True,True
65,CCTV,POINT (963928.9222457379 1949923.2701125166),G0057,CCTV,서울특별시 광진구 자양로42길 42-24 (구의동),37.54794,127.09165,True,True
66,CCTV,POINT (963425.5007992912 1949944.3328681118),G0047,CCTV,서울특별시 광진구 자양로35길 35,37.54811,127.08595,True,True
67,CCTV,POINT (963515.7232612416 1949971.672617298),G0047,CCTV,서울특별시 광진구 자양로37길 21 (구의동),37.54836,127.08697,True,True
68,CCTV,POINT (963459.8192318936 1949914.226256274),G0047,CCTV,서울특별시 광진구 자양로33길 44 (구의동),37.54784,127.08634,True,True
69,CCTV,POINT (963657.3917875144 1949845.6819899767),G0047,CCTV,서울특별시 광진구 천호대로134길 55 (구의동),37.54723,127.08858,True,True
70,CCTV,POINT (963631.4151285067 1949763.6953727948),G0047,CCTV,서울특별시 광진구 자양로36길 17-12 (구의동),37.54649,127.08829,True,True
71,CCTV,POINT (963565.0561720097 1949739.5780211934),G0047,CCTV,서울특별시 광진구 자양로36길 11 (구의동),37.54627,127.08754,True,True
72,CCTV,POINT (963702.6066982346 1950085.128500877),G0047,CCTV,서울특별시 광진구 천호대로132길 27-7 (구의동),37.54939,127.08908,True,True
73,CCTV,POINT (963918.1078988406 1949467.3276635404),G0056,CCTV,서울특별시 광진구 광나루로44길 9 (구의동),37.54383,127.09155,True,True
74,CCTV,POINT (964010.6763334085 1949423.6570019447),G0056,CCTV,서울특별시 광진구 구의로16길 36 (구의동),37.54344,127.0926,True,True
75,CCTV,POINT (964196.0347924455 1949182.102621794),G0056,CCTV,서울특별시 광진구 광나루로52길 12 (구의동),37.54127,127.09471,True,True
76,CCTV,POINT (964145.5362029324 1949149.0365759865),G0056,CCTV,서울특별시 광진구 아차산로65길 14 (구의동),37.54097,127.09414,True,True
77,CCTV,POINT (963977.5606742646 1949120.9172893043),G0056,CCTV,서울특별시 광진구 구의로4길 51 (구의동),37.54071,127.09224,True,True
78,CCTV,POINT (963871.9306939653 1949209.0235615193),G0056,CCTV,서울특별시 광진구 구의로6길 21 (구의동),37.5415,127.09104,True,True
79,CCTV,POINT (963970.7819860541 1949187.5144272149),G0056,CCTV,서울특별시 광진구 아차산로63길 37 (구의동),37.54131,127.09216,True,True
80,CCTV,POINT (963924.4298140757 1949092.3018404795),G0055,CCTV,서울특별시 광진구 구의로4길 40 (구의동),37.54045,127.09164,True,True
81,CCTV,POINT (964022.7980167916 1949162.8808056237),G0056,CCTV,서울특별시 광진구 구의로4길 60 (구의동),37.54109,127.09275,True,True
82,CCTV,POINT (964066.6523695326 1949089.4664832838),G0055,CCTV,서울특별시 광진구 광나루로52길 43 (구의동),37.54043,127.09325,True,True
83,CCTV,POINT (963987.8861492478 1948853.4921743982),G0055,CCTV,서울특별시 광진구 아차산로60길 13-13 (구의동),37.5383,127.09237,True,True
84,CCTV,POINT (963911.5219914189 1948968.0981402516),G0055,CCTV,서울특별시 광진구 광나루로52길 83 (구의동),37.53933,127.0915,True,True
85,CCTV,POINT (963785.3831348532 1949013.0255667777),G0045,CCTV,서울특별시 광진구 아차산로59길 21-13 (구의동),37.53973,127.09007,True,True
86,CCTV,POINT (963792.0991408676 1949135.037162514),G0056,CCTV,서울특별시 광진구 구의로4길 7-16 (구의동),37.54083,127.09014,True,True
87,CCTV,POINT (963808.1276701621 1949366.8450254183),G0056,CCTV,서울특별시 광진구 구의로 56 (구의동),37.54292,127.09031,True,True
88,CCTV,POINT (963840.9190056669 1948985.0470888296),G0055,CCTV,서울특별시 광진구 아차산로59길 13 (구의동),37.53948,127.0907,True,True
89,CCTV,POINT (963831.9098824236 1948539.0826355817),G0054,CCTV,서울특별시 광진구 뚝섬로67길 23 (구의동),37.53546,127.09062,True,True
90,CCTV,POINT (962465.4431604483 1950954.9030833659),G0027,CCTV,서울특별시 광진구 천호대로104나길 8 (군자동),37.55718,127.07503,True,True
91,CCTV,POINT (962558.8306491015 1950902.3364070707),G0027,CCTV,서울특별시 광진구 면목로 27 (군자동),37.55671,127.07609,True,True
92,CCTV,POINT (962601.809456803 1950835.574643538),G0027,CCTV,서울특별시 광진구 면목로6길 18 (군자동),37.55611,127.07658,True,True
93,CCTV,POINT (962600.2315370349 1950681.3658061076),G0027,CCTV,서울특별시 광진구 능동로27길 33 (군자동),37.55472,127.07657,True,True
94,CCTV,POINT (962532.8333038003 1950621.758453579),G0027,CCTV,서울특별시 광진구 능동로27나길 17 (군자동),37.55418,127.07581,True,True
95,CCTV,POINT (962537.5372319658 1950489.7106561752),G0026,CCTV,서울특별시 광진구 능동로25길 22 (군자동),37.55299,127.07587,True,True
96,CCTV,POINT (962243.7167323487 1950753.9853450933),G0018,CCTV,서울특별시 광진구 동일로52길 15-14 (군자동),37.55536,127.07253,True,True
97,CCTV,POINT (962109.6112061174 1950593.7234459163),G0017,CCTV,서울특별시 광진구 동일로48길 14-10 (군자동),37.55391,127.07102,True,True
98,CCTV,POINT (962339.3372211521 1950609.3202713502),G0027,CCTV,서울특별시 광진구 군자로15길 10-6 (군자동),37.55406,127.07362,True,True
99,CCTV,POINT (962719.0867685991 1950791.7779646385),G0027,CCTV,서울특별시 광진구 능동로29가길 24 (군자동),37.55572,127.07791,True,True
100,CCTV,POINT (962621.8735536285 1950583.6352515812),G0026,CCTV,서울특별시 광진구 능동로27길 9 (군자동),37.55384,127.07682,True,True
101,CCTV,POINT (962456.8776508886 1950427.9448222108),G0026,CCTV,서울특별시 광진구 능동로27길 9 (군자동),37.55243,127.07496,True,True
102,CCTV,POINT (962064.5822524984 1950211.1627722164),G0017,CCTV,서울특별시 광진구 능동로27길 9 (군자동),37.55046,127.07053,True,True
103,CCTV,POINT (962254.3287517044 1949979.5290373184),G0016,CCTV,서울특별시 광진구 광나루로17길 14 (군자동),37.54838,127.07269,True,True
104,CCTV,POINT (962440.386582468 1951078.1673478873),G0027,CCTV,서울특별시 광진구 동일로60길 25 (군자동),37.55829,127.07474,True,True
105,CCTV,POINT (962658.6615042017 1950907.4341182716),G0027,CCTV,서울특별시 광진구 군자로17길 34 (군자동),37.55676,127.07722,True,True
106,CCTV,POINT (962428.1816990527 1950918.459196074),G0027,CCTV,서울특별시 광진구 면목로5길 30-6 (군자동),37.55685,127.07461,True,True
107,CCTV,POINT (963064.5209576855 1950411.9060243424),G0037,CCTV,서울특별시 광진구 천호대로116길 88 (능동),37.55231,127.08184,True,True
108,CCTV,POINT (962951.9103254401 1950513.3691312303),G0037,CCTV,서울특별시 광진구 능동로24길 76 (능동),37.55322,127.08056,True,True
109,CCTV,POINT (962856.9183957784 1950801.1453883126),G0038,CCTV,서울특별시 광진구 천호대로110길 34 (능동),37.55581,127.07947,True,True
110,CCTV,POINT (962886.2739037992 1950847.6117176584),G0038,CCTV,서울특별시 광진구 능동로36길 12 (능동),37.55623,127.0798,True,True
111,CCTV,POINT (963002.6099202028 1950790.5096667935),G0038,CCTV,서울특별시 광진구 천호대로112길 10 (능동),37.55572,127.08112,True,True
112,CCTV,POINT (963008.4812507727 1950720.5871105613),G0038,CCTV,서울특별시 광진구 천호대로112길 25 (능동),37.55509,127.08119,True,True
113,CCTV,POINT (963223.5192888246 1950612.0135916683),G0038,CCTV,서울특별시 광진구 천호대로116길 26 (능동),37.55412,127.08363,True,True
114,CCTV,POINT (963113.4616920582 1950492.6794768313),G0037,CCTV,서울특별시 광진구 능동로32길 82-34 (능동),37.55304,127.08239,True,True
115,CCTV,POINT (963152.987796484 1950442.5780132632),G0037,CCTV,서울특별시 광진구 천호대로116길 57 (능동),37.55259,127.08284,True,True
116,CCTV,POINT (963314.0351531542 1950507.3233727198),G0048,CCTV,서울특별시 광진구 천호대로118길 36 (능동),37.55318,127.08466,True,True
117,CCTV,POINT (963364.8422384437 1950611.3888173872),G0049,CCTV,서울특별시 광진구 천호대로118길 16 (능동),37.55412,127.08523,True,True
118,CCTV,POINT (963326.7747365736 1950391.8826779136),G0048,CCTV,서울특별시 광진구 천호대로124길 86 (능동),37.55214,127.08481,True,True
119,CCTV,POINT (963464.1682586437 1950501.114061425),G0048,CCTV,서울특별시 광진구 천호대로120길 21 (능동),37.55313,127.08636,True,True
120,CCTV,POINT (963603.7167787655 1950498.2822531092),G0048,CCTV,서울특별시 광진구 천호대로120길 21 (능동),37.55311,127.08794,True,True
121,CCTV,POINT (963548.4663564105 1950387.57810649),G0048,CCTV,서울특별시 광진구 천호대로122길 33 (능동),37.55211,127.08732,True,True
122,CCTV,POINT (962763.082624415 1950557.4830204758),G0026,CCTV,서울특별시 광진구 천호대로110길 87 (능동),37.55361,127.07842,True,True
123,CCTV,POINT (962825.1891279458 1950421.849816222),G0037,CCTV,서울특별시 광진구 능동로24길 41 (능동),37.55239,127.07913,True,True
124,CCTV,POINT (962774.1075837744 1950455.3626630805),G0026,CCTV,서울특별시 광진구 능동로26길 23 (능동),37.55269,127.07855,True,True
125,CCTV,POINT (962829.8199361758 1950667.0211811175),G0038,CCTV,서울특별시 광진구 능동로32길 16-16 (능동),37.5546,127.07917,True,True
126,CCTV,POINT (962832.1369704222 1950592.6765433736),G0037,CCTV,서울특별시 광진구 능동로32길 16-16 (능동),37.55393,127.0792,True,True
127,CCTV,POINT (963065.3877137406 1948421.523396246),G0033,CCTV,서울특별시 광진구 자양로13길 41 (자양동),37.53437,127.08195,True,True
128,CCTV,POINT (963013.1544006546 1948993.1292350884),G0034,CCTV,서울특별시 광진구 자양로21길 35 (자양동),37.53952,127.08133,True,True
129,CCTV,POINT (962967.2860925826 1948612.7876707034),G0034,CCTV,서울특별시 광진구 아차산로46길 23 (자양동),37.53609,127.08083,True,True
130,CCTV,POINT (963067.2575706203 1948643.4076220626),G0034,CCTV,서울특별시 광진구 아차산로46가길 19 (자양동),37.53637,127.08196,True,True
131,CCTV,POINT (963169.5787128656 1948606.3411270282),G0033,CCTV,서울특별시 광진구 자양로15길 6 (자양동),37.53604,127.08312,True,True
132,CCTV,POINT (962847.2521151487 1948442.4662667657),G0033,CCTV,서울특별시 광진구 뚝섬로47길 49 (자양동),37.53455,127.07948,True,True
133,CCTV,POINT (962796.1283700455 1948469.3221393048),G0033,CCTV,서울특별시 광진구 자양로15길84,37.53479,127.0789,True,True
134,CCTV,POINT (962875.4409959067 1948225.995047874),G0033,CCTV,서울특별시 광진구 자양로13길 100 (자양동),37.5326,127.07981,True,True
135,CCTV,POINT (962900.7146133232 1948345.7041209252),G0033,CCTV,서울특별시 광진구 뚝섬로51길 24 (자양동),37.53368,127.08009,True,True
136,CCTV,POINT (962726.4292725106 1948294.3393771255),G0022,CCTV,서울특별시 광진구 자양로13다길 34 (자양동),37.53321,127.07812,True,True
137,CCTV,POINT (962927.3189083573 1948367.774627703),G0033,CCTV,서울특별시 광진구 자양로13나길 14 (자양동),37.53388,127.08039,True,True
138,CCTV,POINT (963152.5985234071 1948363.4441365926),G0033,CCTV,서울특별시 광진구 자양로9길 24-3 (자양동),37.53385,127.08294,True,True
139,CCTV,POINT (962977.4959239257 1948326.500785031),G0033,CCTV,서울특별시 광진구 자양로13길 73 (자양동),37.53351,127.08096,True,True
140,CCTV,POINT (963086.1284348624 1948317.1417599565),G0033,CCTV,서울특별시 광진구 자양로11길 45-8 (자양동),37.53343,127.08219,True,True
141,CCTV,POINT (962940.7177509438 1948202.404947352),G0033,CCTV,서울특별시 광진구 뚝섬로57가길 55 (자양동),37.53239,127.08055,True,True
142,CCTV,POINT (963100.6308379808 1948200.5838159556),G0033,CCTV,서울특별시 광진구 뚝섬로55길 19 (자양동),37.53238,127.08236,True,True
143,CCTV,POINT (963094.6281087697 1949037.1454197248),G0034,CCTV,서울특별시 광진구 자양로21길 14 (자양동),37.53992,127.08225,True,True
144,CCTV,POINT (962980.8264811055 1948875.6701026028),G0034,CCTV,서울특별시 광진구 자양로19길 48-4 (자양동),37.53846,127.08097,True,True
145,CCTV,POINT (962935.6317658527 1948844.8066418902),G0034,CCTV,서울특별시 광진구 자양로19길 54 (자양동),37.53818,127.08046,True,True
146,CCTV,POINT (962988.3866470215 1947796.129424788),G0032,CCTV,서울특별시 광진구 뚝섬로52마길 60 (자양동),37.52873,127.08111,True,True
147,CCTV,POINT (963278.6393464444 1947694.9903193195),G0032,CCTV,서울특별시 광진구 뚝섬로52마길 60 (자양동),37.52783,127.0844,True,True
148,CCTV,POINT (963339.7039017761 1948117.4254375857),G0044,CCTV,서울특별시 광진구 자양로5길 13 (자양동),37.53164,127.08507,True,True
149,CCTV,POINT (963588.53107467 1948242.8099623015),G0044,CCTV,서울특별시 광진구 자양로6길 40 (자양동),37.53278,127.08788,True,True
150,CCTV,POINT (962611.5722301546 1947902.1056189986),G0021,CCTV,서울특별시 광진구 뚝섬로48길 52 (자양동),37.52967,127.07684,True,True
151,CCTV,POINT (962706.86965202 1948070.3156833642),G0021,CCTV,서울특별시 광진구 뚝섬로50길 28 (자양동),37.53119,127.07791,True,True
152,CCTV,POINT (962934.5505816358 1948008.2765748955),G0032,CCTV,서울특별시 광진구 뚝섬로54길 24 (자양동),37.53064,127.08049,True,True
153,CCTV,POINT (962889.8976756595 1947901.9675153773),G0032,CCTV,서울특별시 광진구 뚝섬로54길 46 (자양동),37.52968,127.07999,True,True
154,CCTV,POINT (962911.1399223554 1947712.1547311065),G0032,CCTV,서울특별시 광진구 뚝섬로52마길 42-15 (자양동),37.52797,127.08024,True,True
155,CCTV,POINT (963235.9869401541 1947840.5182979726),G0032,CCTV,서울특별시 광진구 자양로3길 49 (자양동),37.52914,127.08391,True,True
156,CCTV,POINT (963292.8927257264 1947921.2574151703),G0043,CCTV,서울특별시 광진구 자양로3길 39-3 (자양동),37.52987,127.08455,True,True
157,CCTV,POINT (963341.7796160692 1947786.7968238916),G0043,CCTV,서울특별시 광진구 자양로3가길 36 (자양동),37.52866,127.08511,True,True
158,CCTV,POINT (963304.9376342804 1948647.9017556715),G0045,CCTV,서울특별시 광진구 자양로3가길 37 (자양동),37.53642,127.08465,True,True
159,CCTV,POINT (963470.0369457145 1948220.0313645836),G0044,CCTV,서울특별시 광진구 뚝섬로60길 6 (자양동),37.53257,127.08654,True,True
160,CCTV,POINT (963491.5888262182 1948097.8958924282),G0043,CCTV,서울특별시 광진구 자양로4길 12-1 (자양동),37.53147,127.08679,True,True
161,CCTV,POINT (963613.5458896707 1948104.0177319178),G0043,CCTV,서울특별시 광진구 자양로2길 29 (자양동),37.53153,127.08817,True,True
162,CCTV,POINT (963594.4667227886 1947984.279508633),G0043,CCTV,서울특별시 광진구 자양로4나길 31 (자양동),37.53045,127.08796,True,True
163,CCTV,POINT (962600.4770310271 1948774.1935471436),G0023,CCTV,서울특별시 광진구 자양번영로11길 4-9 (자양동),37.53753,127.07667,True,True
164,CCTV,POINT (962459.0475176016 1948758.1894712406),G0023,CCTV,서울특별시 광진구 자양번영로11길 29 (자양동),37.53738,127.07507,True,True
165,CCTV,POINT (962454.3183238812 1948884.689757728),G0023,CCTV,서울특별시 광진구 아차산로 288 (자양동),37.53852,127.07501,True,True
166,CCTV,POINT (962402.2897813284 1948710.7391830457),G0023,CCTV,서울특별시 광진구 자양번영로11길 37-14 (자양동),37.53695,127.07443,True,True
167,CCTV,POINT (962556.7022576384 1948666.772734389),G0023,CCTV,서울특별시 광진구 자양번영로9길 6-7 (자양동),37.53656,127.07618,True,True
168,CCTV,POINT (962521.1830485868 1948626.9921952956),G0023,CCTV,서울특별시 광진구 자양번영로7길 12-7 (자양동),37.5362,127.07578,True,True
169,CCTV,POINT (962319.081440142 1948090.9259689492),G0021,CCTV,서울특별시 광진구 자양번영로3다길 11-5,37.53136,127.07352,True,True
170,CCTV,POINT (962485.9522892504 1948846.8250653874),G0023,CCTV,서울특별시 광진구 아차산로38길 5-16 (자양동),37.53818,127.07537,True,True
171,CCTV,POINT (962248.3026872702 1948070.167423563),G0012,CCTV,서울특별시 광진구 뚝섬로36가길 43 (자양동),37.53117,127.07272,True,True
172,CCTV,POINT (962082.637679669 1948167.4450398549),G0013,CCTV,서울특별시 광진구 뚝섬로36길 49-8 (자양동),37.53204,127.07084,True,True
173,CCTV,POINT (962074.9394376426 1948610.1563271645),G0014,CCTV,서울특별시 광진구 능동로8길 28 (자양동),37.53603,127.07073,True,True
174,CCTV,POINT (962132.9445205507 1948349.1676844365),G0013,CCTV,서울특별시 광진구 뚝섬로36길 15 (자양동),37.53368,127.0714,True,True
175,CCTV,POINT (962404.5887130034 1948242.5351149524),G0022,CCTV,서울특별시 광진구 자양번영로5길 16 (자양동),37.53273,127.07448,True,True
176,CCTV,POINT (962401.496387356 1948144.9163468336),G0022,CCTV,서울특별시 광진구 자양번영로3길 16 (자양동),37.53185,127.07445,True,True
177,CCTV,POINT (962309.1008573704 1948033.279151438),G0021,CCTV,서울특별시 광진구 자양번영로1길 27 (자양동),37.53084,127.07341,True,True
178,CCTV,POINT (962305.224469422 1947957.853250512),G0021,CCTV,서울특별시 광진구 자양번영로3나길 40 (자양동),37.53016,127.07337,True,True
179,CCTV,POINT (961480.2953235138 1948790.4065119906),G0008,CCTV,서울특별시 광진구 동일로10길 42 (자양동),37.53763,127.06399,True,True
180,CCTV,POINT (961585.7518065535 1948668.9864879095),G0008,CCTV,서울특별시 광진구 뚝섬로 491 (자양동),37.53654,127.06519,True,True
181,CCTV,POINT (961628.6805642252 1948399.1881049238),G0007,CCTV,서울특별시 광진구 능동로3나길 10,37.53411,127.06569,True,True
182,CCTV,POINT (961418.1359025012 1948532.189469232),G0007,CCTV,서울특별시 광진구 뚝섬로24길 27 (자양동),37.5353,127.0633,True,True
183,CCTV,POINT (961452.1579037161 1948248.0084904882),G0007,CCTV,서울특별시 광진구 자양강변길 73 (자양동),37.53274,127.0637,True,True
184,CCTV,POINT (961560.105930482 1948472.7297654538),G0007,CCTV,서울특별시 광진구 능동로3라길 16 (자양동),37.53477,127.06491,True,True
185,CCTV,POINT (961622.9644698598 1948309.347861275),G0007,CCTV,서울특별시 광진구 능동로3가길 12 (자양동),37.5333,127.06563,True,True
186,CCTV,POINT (961786.2334401645 1949037.513882174),G0008,CCTV,서울특별시 광진구 아차산로30길 18,37.53987,127.06744,True,True
187,CCTV,POINT (961842.3351576335 1948941.8419657452),G0014,CCTV,서울특별시 광진구 아차산로32길 21 (자양동),37.53901,127.06808,True,True
188,CCTV,POINT (961735.407378852 1948935.677007921),G0008,CCTV,서울특별시 광진구 아차산로30길 39 (자양동),37.53895,127.06687,True,True
189,CCTV,POINT (961593.3928082305 1948984.0393886208),G0008,CCTV,서울특별시 광진구 동일로18길 44 (자양동),37.53938,127.06526,True,True
190,CCTV,POINT (961487.1545928529 1949126.5429060967),G0009,CCTV,서울특별시 광진구 아차산로22길 27 (자양동),37.54066,127.06405,True,True
191,CCTV,POINT (961223.229349345 1948417.712420895),G0003,CCTV,서울특별시 광진구 자양강변길 19 (자양동),37.53426,127.0611,True,True
192,CCTV,POINT (961336.9631338327 1948555.8655844033),G0007,CCTV,서울특별시 광진구 뚝섬로22가길 22 (자양동),37.53551,127.06238,True,True
193,CCTV,POINT (961376.0532569297 1948602.2813222418),G0007,CCTV,서울특별시 광진구 동일로4가길 9-2 (자양동),37.53593,127.06282,True,True
194,CCTV,POINT (961237.2479599199 1948581.8479205377),G0003,CCTV,서울특별시 광진구 동일로 34-11 (자양동),37.53574,127.06125,True,True
195,CCTV,POINT (962314.1957718568 1950713.7242964508),G0027,CCTV,서울특별시 광진구 군자로15길36,37.555,127.07333,True,True
196,CCTV,POINT (961358.154422302 1948932.9853832137),G0008,CCTV,서울특별시 광진구 동일로10길 5 (자양동),37.53891,127.0626,True,True
197,CCTV,POINT (961831.9342163415 1948793.2214011224),G0014,CCTV,서울특별시 광진구 능동로9길 23,37.53767,127.06797,True,True
198,CCTV,POINT (961756.2116956897 1948465.168002644),G0007,CCTV,서울특별시 광진구 뚝섬로32길 17 (자양동),37.53471,127.06713,True,True
199,CCTV,POINT (961785.3613454554 1948655.86182897),G0008,CCTV,서울특별시 광진구 능동로5길 7,37.53643,127.06745,True,True
200,CCTV,POINT (961705.2296018264 1948521.9855319443),G0007,CCTV,서울특별시 광진구 뚝섬로30길 15 (자양동),37.53522,127.06655,True,True
201,CCTV,POINT (961466.9939774794 1948398.826908437),G0007,CCTV,서울특별시 광진구 능동로3길 61-8 (자양동),37.5341,127.06386,True,True
202,CCTV,POINT (961424.7324759699 1949001.46285892),G0008,CCTV,서울특별시 광진구 동일로12길 20 (자양동),37.53953,127.06335,True,True
203,CCTV,POINT (961429.3943936052 1948863.8674227886),G0008,CCTV,서울특별시 광진구 동일로10길 25 (자양동),37.53829,127.06341,True,True
204,CCTV,POINT (961529.620506826 1948948.8315614436),G0008,CCTV,서울특별시 광진구 동일로18가길 13 (자양동),37.53906,127.06454,True,True
205,CCTV,POINT (961508.9002803244 1948862.3892034874),G0008,CCTV,서울특별시 광진구 동일로10나길 18 (자양동),37.53828,127.06431,True,True
206,CCTV,POINT (961595.6738578997 1948904.147306427),G0008,CCTV,서울특별시 광진구 동일로18나길 24 (자양동),37.53866,127.06529,True,True
207,CCTV,POINT (961605.0277715934 1948825.3320094682),G0008,CCTV,서울특별시 광진구 뚝섬로23가길 11 (자양동),37.53795,127.0654,True,True
208,CCTV,POINT (963209.2700289364 1948192.3358560393),G0033,CCTV,서울특별시 광진구 뚝섬로57길 13 (자양동),37.53231,127.08359,True,True
209,CCTV,POINT (962991.2032754966 1951401.8769224072),G0039,CCTV,서울특별시 광진구 긴고랑로14길 33 (중곡동),37.56123,127.08096,True,True
210,CCTV,POINT (962837.6007496486 1951813.0664563668),G0040,CCTV,서울특별시 광진구 긴고랑로5길 11 (중곡동),37.56493,127.0792,True,True
211,CCTV,POINT (962687.3520602476 1951788.2227912466),G0029,CCTV,서울특별시 광진구 긴고랑로1길 11 (중곡동),37.5647,127.0775,True,True
212,CCTV,POINT (962852.1771699945 1951715.3679695067),G0040,CCTV,서울특별시 광진구 긴고랑로7길 11 (중곡동),37.56405,127.07937,True,True
213,CCTV,POINT (962731.4345197771 1951771.3826952628),G0029,CCTV,서울특별시 광진구 동일로70길 22 (중곡동),37.56455,127.078,True,True
214,CCTV,POINT (963035.8615117117 1951513.7341726432),G0039,CCTV,서울특별시 광진구 긴고랑로14길 8 (중곡동),37.56224,127.08146,True,True
215,CCTV,POINT (962966.9789923143 1951515.1506819406),G0039,CCTV,서울특별시 광진구 긴고랑로12길 12 (중곡동),37.56225,127.08068,True,True
216,CCTV,POINT (962880.1899281727 1951462.283889745),G0039,CCTV,서울특별시 광진구 능동로43길 38 (중곡동),37.56177,127.0797,True,True
217,CCTV,POINT (962822.0094848373 1951486.9525744107),G0039,CCTV,서울특별시 광진구 면목로 93 (중곡동),37.56199,127.07904,True,True
218,CCTV,POINT (962750.1666406654 1951615.9730002005),G0029,CCTV,서울특별시 광진구 긴고랑로6길 9 (중곡동),37.56315,127.07822,True,True
219,CCTV,POINT (962579.4184403241 1951746.5489089254),G0029,CCTV,서울특별시 광진구 동일로 374 (중곡동),37.56432,127.07628,True,True
220,CCTV,POINT (962536.5834845592 1951452.7329226558),G0028,CCTV,서울특별시 광진구 동일로66길 9 (중곡동),37.56167,127.07581,True,True
221,CCTV,POINT (963809.2792867643 1950441.910482694),G0058,CCTV,서울특별시 광진구 자양로43길 47 (중곡동),37.55261,127.09027,True,True
222,CCTV,POINT (962443.7991779487 1951246.7910713824),G0028,CCTV,서울특별시 광진구 천호대로101길 11 (중곡동),37.55981,127.07477,True,True
223,CCTV,POINT (962704.9567364962 1951382.078202925),G0028,CCTV,서울특별시 광진구 긴고랑로8길 60 (중곡동),37.56104,127.07772,True,True
224,CCTV,POINT (962640.6782212055 1951229.2606563468),G0028,CCTV,서울특별시 광진구 긴고랑로8길 90 (중곡동),37.55966,127.077,True,True
225,CCTV,POINT (962561.0448200412 1951197.444854944),G0028,CCTV,서울특별시 광진구 동일로62길 37 (중곡동),37.55937,127.0761,True,True
226,CCTV,POINT (962865.2798478908 1951288.1641271426),G0039,CCTV,서울특별시 광진구 면목로 74 (중곡동),37.5602,127.07954,True,True
227,CCTV,POINT (962927.8530424644 1951257.9288147113),G0039,CCTV,서울특별시 광진구 긴고랑로14길 63 (중곡동),37.55993,127.08025,True,True
228,CCTV,POINT (962807.210945725 1951140.8649024945),G0039,CCTV,서울특별시 광진구 천호대로107길 22 (중곡동),37.55887,127.07889,True,True
229,CCTV,POINT (962776.0696674491 1951089.9689760269),G0027,CCTV,서울특별시 광진구 천호대로107길 8 (중곡동),37.55841,127.07854,True,True
230,CCTV,POINT (963005.0711457524 1951739.0933657046),G0040,CCTV,서울특별시 광진구 능동로47길 35 (중곡동),37.56427,127.0811,True,True
231,CCTV,POINT (962972.965979206 1951669.3400322287),G0040,CCTV,서울특별시 광진구 능동로47길 35 (중곡동),37.56364,127.08074,True,True
232,CCTV,POINT (963025.8268495566 1951640.258211986),G0040,CCTV,서울특별시 광진구 능동로47길 35 (중곡동),37.56338,127.08134,True,True
233,CCTV,POINT (963257.523970336 1951709.1257710166),G0040,CCTV,서울특별시 광진구 능동로50길 8 (중곡동),37.56401,127.08396,True,True
234,CCTV,POINT (963420.6185486724 1951642.9467898735),G0051,CCTV,서울특별시 광진구 능동로48가길 36 (중곡동),37.56342,127.08581,True,True
235,CCTV,POINT (963472.0511286118 1951489.6138022721),G0050,CCTV,서울특별시 광진구 긴고랑로29길 47 (중곡동),37.56204,127.0864,True,True
236,CCTV,POINT (963326.0723731928 1951432.565201109),G0050,CCTV,서울특별시 광진구 용마산로21길 77 (중곡동),37.56152,127.08475,True,True
237,CCTV,POINT (963546.979054536 1950853.5601404835),G0049,CCTV,서울특별시 광진구 용마산로3길 13 (중곡동),37.55631,127.08728,True,True
238,CCTV,POINT (963542.1048850776 1950749.291757881),G0049,CCTV,서울특별시 광진구 천호대로125길 35-17 (중곡동),37.55537,127.08723,True,True
239,CCTV,POINT (963556.0713652788 1950711.5086070963),G0049,CCTV,서울특별시 광진구 용마산로1길 22 (중곡동),37.55503,127.08739,True,True
240,CCTV,POINT (963472.1523924058 1950910.4717949268),G0049,CCTV,서울특별시 광진구 천호대로121길 39 (중곡동),37.55682,127.08643,True,True
241,CCTV,POINT (963515.73258917 1951179.8804624937),G0050,CCTV,서울특별시 광진구 긴고랑로 110 (중곡동),37.55925,127.08691,True,True
242,CCTV,POINT (963400.8079611771 1951155.9780884008),G0050,CCTV,서울특별시 광진구 천호대로119길 89 (중곡동),37.55903,127.08561,True,True
243,CCTV,POINT (963443.5615173255 1950836.2634134002),G0049,CCTV,서울특별시 광진구 용마산로3길 38 (중곡동),37.55615,127.08611,True,True
244,CCTV,POINT (963218.491467461 1950872.7604239944),G0038,CCTV,서울특별시 광진구 용마산로1길 91 (중곡동),37.55647,127.08356,True,True
245,CCTV,POINT (963447.9122749721 1951423.1520418401),G0050,CCTV,서울특별시 광진구 긴고랑로27길 26 (중곡동),37.56144,127.08613,True,True
246,CCTV,POINT (963524.632101202 1951396.1873524738),G0050,CCTV,서울특별시 광진구 긴고랑로31길 28 (중곡동),37.5612,127.087,True,True
247,CCTV,POINT (963082.9952645324 1951189.5599039379),G0039,CCTV,서울특별시 광진구 천호대로109길 53 (중곡동),37.55932,127.08201,True,True
248,CCTV,POINT (963197.7379009608 1951570.7071804528),G0039,CCTV,서울특별시 광진구 긴고랑로15길 15 (중곡동),37.56276,127.08329,True,True
249,CCTV,POINT (963348.8426476165 1951588.8995197557),G0050,CCTV,서울특별시 광진구 긴고랑로19길 34-4 (중곡동),37.56293,127.085,True,True
250,CCTV,POINT (963355.4867345142 1951493.4559910945),G0050,CCTV,서울특별시 광진구 용마산로21길 65 (중곡동),37.56207,127.08508,True,True
251,CCTV,POINT (963108.4794564748 1951359.1951070507),G0039,CCTV,서울특별시 광진구 능동로44길 13 (중곡동),37.56085,127.08229,True,True
252,CCTV,POINT (963189.1251819936 1951420.967254045),G0039,CCTV,서울특별시 광진구 긴고랑로16길 9-9 (중곡동),37.56141,127.0832,True,True
253,CCTV,POINT (963501.137572465 1951275.3587479373),G0050,CCTV,서울특별시 광진구 긴고랑로 103,37.56011,127.08674,True,True
254,CCTV,POINT (962918.8928432937 1952217.6589933897),G0041,CCTV,서울특별시 광진구 동일로76나길 20 (중곡동),37.56858,127.0801,True,True
255,CCTV,POINT (963253.1141695826 1951909.9589981965),G0040,CCTV,서울특별시 광진구 능동로 411 (중곡동),37.56582,127.0839,True,True
256,CCTV,POINT (963285.6385819854 1952274.8301601247),G0041,CCTV,서울특별시 광진구 용마산로31길 31 (중곡동),37.56911,127.08425,True,True
257,CCTV,POINT (963218.4822684461 1952066.54744639),G0040,CCTV,서울특별시 광진구 능동로53길 24-9 (중곡동),37.56723,127.0835,True,True
258,CCTV,POINT (963124.8771441752 1952068.0723111285),G0040,CCTV,서울특별시 광진구 능동로53길 30-12 (중곡동),37.56724,127.08244,True,True
259,CCTV,POINT (963025.4923948776 1952358.0859286212),G0041,CCTV,서울특별시 광진구 답십리로 78길 (중곡동),37.56985,127.0813,True,True
260,CCTV,POINT (962851.3453274146 1952121.4372760577),G0041,CCTV,서울특별시 광진구 동일로76길 12 (중곡동),37.56771,127.07934,True,True
261,CCTV,POINT (962956.9914618087 1952047.7400824453),G0040,CCTV,서울특별시 광진구 면목로11길 20 (중곡동),37.56705,127.08054,True,True
262,CCTV,POINT (963350.6726584679 1952403.241055948),G0052,CCTV,서울특별시 광진구 답십리로88길 19 (중곡동),37.57027,127.08498,True,True
263,CCTV,POINT (963375.8265315776 1952299.9494079018),G0052,CCTV,서울특별시 광진구 용마산로31길 16 (중곡동),37.56934,127.08527,True,True
264,CCTV,POINT (963242.5735018776 1952321.6184963048),G0041,CCTV,서울특별시 광진구 면목로16길 10 (중곡동),37.56953,127.08376,True,True
265,CCTV,POINT (963423.4086475899 1952075.626933775),G0051,CCTV,서울특별시 광진구 용마산로27길 10 (중곡동),37.56732,127.08582,True,True
266,CCTV,POINT (963389.7867439231 1952061.3521014196),G0051,CCTV,서울특별시 광진구 용마산로29길 25 (중곡동),37.56719,127.08544,True,True
267,CCTV,POINT (963259.1813480034 1952482.4179493554),G0041,CCTV,서울특별시 광진구 답십리로84길 6 (중곡동),37.57098,127.08394,True,True
269,CCTV,POINT (963148.5858017296 1952435.2012039437),G0041,CCTV,서울특별시 광진구 답십리로82길 18 (중곡동),37.57055,127.08269,True,True
270,CCTV,POINT (962965.1407229464 1952290.677433919),G0041,CCTV,서울특별시 광진구 동일로78길 20 (중곡동),37.56924,127.08062,True,True
271,CCTV,POINT (962958.4292086661 1952171.99418878),G0041,CCTV,서울특별시 광진구 동일로76길 51-22 (중곡동),37.56817,127.08055,True,True
272,CCTV,POINT (963018.4109736022 1952156.194105652),G0041,CCTV,서울특별시 광진구 동일로76길 49 (중곡동),37.56803,127.08123,True,True
273,CCTV,POINT (963981.1083660283 1950957.0645207928),G0059,CCTV,서울특별시 광진구 영화사로5길 25 (중곡동),37.55726,127.09219,True,True
274,CCTV,POINT (963768.9993796543 1950724.9997393945),G0049,CCTV,서울특별시 광진구 자양로45길 89 (중곡동),37.55516,127.0898,True,True
275,CCTV,POINT (963584.7302856902 1951606.722199429),G0050,CCTV,서울특별시 광진구 용마산로22길 10-10 (중곡동),37.5631,127.08767,True,True
276,CCTV,POINT (964056.4952399165 1951028.8530317792),G0059,CCTV,서울특별시 광진구 영화사로3가길 9 (중곡동),37.55791,127.09304,True,True
277,CCTV,POINT (964094.2723139331 1950982.0920133125),G0059,CCTV,서울특별시 광진구 영화사로3가길 25 (중곡동),37.55749,127.09347,True,True
278,CCTV,POINT (964249.7921722326 1950998.0628132238),G0059,CCTV,서울특별시 광진구 영화사로9가길 61 (중곡동),37.55764,127.09523,True,True
279,CCTV,POINT (964077.4381193711 1950765.8191467752),G0059,CCTV,서울특별시 광진구 영화사로9길 10 (중곡동),37.55554,127.09329,True,True
280,CCTV,POINT (964198.1344299066 1950898.4335774246),G0059,CCTV,서울특별시 광진구 영화사로9길 70-12 (중곡동),37.55674,127.09465,True,True
281,CCTV,POINT (963974.6946618967 1950903.8380135156),G0059,CCTV,서울특별시 광진구 영화사로7길 24 (중곡동),37.55678,127.09212,True,True
282,CCTV,POINT (963993.5917832055 1950780.6054004307),G0059,CCTV,서울특별시 광진구 영화사로 51 (중곡동),37.55567,127.09234,True,True
283,CCTV,POINT (963683.4694484583 1951364.4258353265),G0050,CCTV,서울특별시 광진구 용마산로8가길 26 (중곡동),37.56092,127.0888,True,True
284,CCTV,POINT (963742.1669369072 1951457.3644248443),G0050,CCTV,서울특별시 광진구 용마산로8다길 23 (중곡동),37.56176,127.08946,True,True
285,CCTV,POINT (963680.5552543162 1952313.033173394),G0052,CCTV,서울특별시 광진구 용마산로36길 66 (중곡동),37.56947,127.08872,True,True
286,CCTV,POINT (963644.889856064 1951227.020869811),G0050,CCTV,서울특별시 광진구 용마산로8길 10 (중곡동),37.55968,127.08837,True,True
288,CCTV,POINT (963543.1446099435 1952393.517455925),G0052,CCTV,서울특별시 광진구 용마산로34길 15 (중곡동),37.57019,127.08716,True,True
289,CCTV,POINT (964252.0363723751 1951108.9996617269),G0060,CCTV,서울특별시 광진구 긴고랑로46가길 36 (중곡동),37.55864,127.09525,True,True
290,CCTV,POINT (964284.5958419857 1951286.3739682469),G0060,CCTV,서울특별시 광진구 긴고랑로46길 11,37.56024,127.09561,True,True
291,CCTV,POINT (963854.1783696244 1950813.3856868313),G0059,CCTV,서울특별시 광진구 용마산로2길 45 (중곡동),37.55596,127.09076,True,True
292,CCTV,POINT (963813.4796951698 1950594.998331256),G0058,CCTV,서울특별시 광진구 자양로45길 65 (중곡동),37.55399,127.09031,True,True
293,CCTV,POINT (963742.1528613068 1950645.235436631),G0049,CCTV,서울특별시 광진구 자양로43길 86 (중곡동),37.55444,127.0895,True,True
294,CCTV,POINT (961602.9374720722 1949519.8674884508),G0009,CCTV,서울특별시 광진구 아차산로21길 47 (화양동),37.54421,127.06534,True,True
295,CCTV,POINT (961832.7541149323 1949740.7015502932),G0016,CCTV,서울특별시 광진구 동일로28길 16 (화양동),37.54621,127.06793,True,True
296,CCTV,POINT (961792.4720152058 1949625.502229847),G0016,CCTV,서울특별시 광진구 아차산로23길 68 (화양동),37.54517,127.06748,True,True
297,CCTV,POINT (961763.0088984811 1949366.0226717559),G0009,CCTV,서울특별시 광진구 아차산로25길 27 (화양동),37.54283,127.06716,True,True
298,CCTV,POINT (961857.6806755492 1949397.761911817),G0015,CCTV,서울특별시 광진구 동일로24길 56 (화양동),37.54312,127.06823,True,True
299,CCTV,POINT (961651.3980171295 1949301.0787011138),G0009,CCTV,서울특별시 광진구 동일로22길 28 (화양동),37.54224,127.0659,True,True
300,CCTV,POINT (962060.4789588241 1949119.4667300747),G0015,CCTV,서울특별시 광진구 아차산로 241 (화양동),37.54062,127.07054,True,True
301,CCTV,POINT (963233.3248180271 1952227.354620864),G0041,CCTV,서울특별시 광진구 답십리로84길 56 (중곡동),37.56868,127.08366,True,True
302,CCTV,POINT (962068.2386289375 1949464.4750945577),G0015,CCTV,서울특별시 광진구 군자로3길 25-16 (화양동),37.54373,127.07061,True,True
303,CCTV,POINT (961974.6554272749 1949670.1542529387),G0016,CCTV,서울특별시 광진구 군자로5길 18-12 (화양동),37.54558,127.06954,True,True
304,CCTV,POINT (962386.295608929 1949666.060862244),G0025,CCTV,서울특별시 광진구 긴고랑로46길 11 (화양동),37.54556,127.0742,True,True
305,CCTV,POINT (961896.8527273872 1949656.0877659488),G0016,CCTV,서울특별시 광진구 능동로13길 88 (화양동),37.54545,127.06866,True,True
306,CCTV,POINT (961912.2923343437 1949748.1026710619),G0016,CCTV,서울특별시 광진구 동일로28길 38 (화양동),37.54628,127.06883,True,True
307,CCTV,POINT (961796.0009548392 1949432.4388339515),G0015,CCTV,서울특별시 광진구 아차산로25길 48 (화양동),37.54343,127.06753,True,True
308,CCTV,POINT (961863.9074170595 1949214.6714370735),G0015,CCTV,서울특별시 광진구 동일로22길 71 (화양동),37.54147,127.06831,True,True
309,CCTV,POINT (962553.3575346542 1949688.6047189636),G0025,CCTV,서울특별시 광진구 광나루로24길 12 (화양동),37.54577,127.07609,True,True
310,CCTV,POINT (962477.6536093444 1949747.7480753565),G0025,CCTV,서울특별시 광진구 광나루로22길 7,37.5463,127.07523,True,True
311,CCTV,POINT (962481.5191188246 1949625.6893961674),G0025,CCTV,서울특별시 광진구 광나루로20가길 21 (화양동),37.5452,127.07528,True,True
312,CCTV,POINT (962659.1820301911 1949648.1875050121),G0025,CCTV,서울특별시 광진구 광나루로26길 24 (화양동),37.54541,127.07729,True,True
313,CCTV,POINT (961971.786018088 1949236.366172053),G0015,CCTV,서울특별시 광진구 아차산로31길 14 (화양동),37.54167,127.06953,True,True
314,CCTV,POINT (962794.6728655788 1951693.4361722018),G0040,CCTV,서울특별시 광진구 긴고랑로 19 (중곡동),37.56385,127.07872,True,True
315,CCTV,POINT (963057.6488742657 1951249.583895675),G0039,CCTV,서울특별시 광진구 긴고랑로16길 50 (중곡동),37.55986,127.08172,True,True
316,CCTV,POINT (963111.7383449622 1952489.7289242714),G0041,CCTV,서울특별시 광진구 답십리로78길 9-16 (중곡동),37.57104,127.08227,True,True
317,CCTV,POINT (963749.3626884795 1950880.4106217956),G0049,CCTV,서울특별시 광진구 용마산로4길 26 (중곡동),37.55656,127.08957,True,True
318,CCTV,POINT (962702.3720848798 1950413.5248575716),G0026,CCTV,서울특별시 광진구 천호대로110길 122 (능동),37.55231,127.07774,True,True
319,CCTV,POINT (963462.0886926855 1949024.4264168756),G0045,CCTV,서울특별시 광진구 자양로22길 58(구의동),37.53982,127.08641,True,True
320,CCTV,POINT (963953.9551834271 1950399.1215047091),G0058,CCTV,서울특별시 광진구 자양로47길 11 (구의동),37.55223,127.09191,True,True
321,CCTV,POINT (963982.4715963909 1949031.029558643),G0055,CCTV,서울특별시 광진구 광나루로52길 66 (구의동),37.5399,127.0923,True,True
322,CCTV,POINT (965167.5105366474 1949952.3760146548),G0075,CCTV,서울특별시 광진구 광장로7길 7 (광장동),37.54825,127.10567,True,True
323,CCTV,POINT (962712.0020013747 1948426.4302016804),G0022,CCTV,서울특별시 광진구 자양로15길 108 (자양동),37.5344,127.07795,True,True
324,CCTV,POINT (963338.2378966083 1947985.405994433),G0043,CCTV,서울특별시 광진구 자양로3길 7 (자양동),37.53045,127.08506,True,True
325,CCTV,POINT (962233.9884490499 1948225.5573398268),G0013,CCTV,서울특별시 광진구 뚝섬로40길 31 (자양동),37.53257,127.07255,True,True
326,CCTV,POINT (961363.629015302 1948400.41638446),G0007,CCTV,서울특별시 광진구 뚝섬로22길 89 (자양동),37.53411,127.06269,True,True
327,CCTV,POINT (962042.2580140992 1949771.9159215314),G0016,CCTV,서울특별시 광진구 군자로 38 (화양동),37.5465,127.0703,True,True
328,CCTV,POINT (962745.0345699344 1950865.995785606),G0027,CCTV,서울특별시 광진구 능동로31길 12-15 (군자동),37.55639,127.0782,True,True
329,CCTV,POINT (963467.4620168819 1949442.670429117),G0046,CCTV,서울특별시 광진구 자양로30길 29 (구의동),37.54359,127.08645,True,True
330,CCTV,POINT (963482.9952096667 1950765.084054237),G0049,CCTV,서울특별시 광진구 천호대로121길 6 (중곡동),37.55551,127.08656,True,True
331,CCTV,POINT (962464.6039585748 1948814.747033532),G0023,CCTV,서울특별시 광진구 자양번영로13길 32 (자양동),37.53789,127.07513,True,True
332,CCTV,POINT (961957.3458757475 1948976.8173744213),G0014,CCTV,서울특별시 광진구 동일로20길 106 (자양동),37.53933,127.06938,True,True
333,CCTV,POINT (962599.2092498079 1951434.699010878),G0028,CCTV,서울특별시 광진구 동일로66길 28 (중곡동),37.56151,127.07652,True,True
334,CCTV,POINT (963422.5688894348 1951484.2843719716),G0050,CCTV,서울특별시 광진구 능동로48길 59 (중곡동),37.56199,127.08584,True,True
335,CCTV,POINT (963301.8727274596 1952151.6073374592),G0052,CCTV,서울특별시 광진구 능동로55길 20 (중곡동),37.568,127.08444,True,True
336,CCTV,POINT (963465.3936009203 1952184.1698767801),G0052,CCTV,서울특별시 광진구 용마산로30길 6 (중곡동),37.5683,127.08629,True,True
337,CCTV,POINT (961756.7543056658 1949734.394362157),G0010,CCTV,서울특별시 광진구 아차산로21길 97(화양동),37.54615,127.06707,True,True
338,CCTV,POINT (962258.099081197 1950031.6568270295),G0016,CCTV,서울특별시 광진구 광나루로17길 14-14 (군자동),37.54885,127.07273,True,True
339,CCTV,POINT (963440.4409433529 1950328.1419143402),G0048,CCTV,서울특별시 광진구 천호대로124길 62 (능동),37.55157,127.0861,True,True
340,CCTV,POINT (962594.5113061084 1948430.2866999053),G0022,CCTV,서울특별시 광진구 자양번영로8길 7 (자양동),37.53443,127.07662,True,True
341,CCTV,POINT (962743.6021378615 1948183.316088546),G0022,CCTV,서울특별시 광진구 뚝섬로50길 6 (자양동),37.53221,127.07832,True,True
342,CCTV,POINT (962600.1973444733 1948712.0648335682),G0023,CCTV,서울특별시 광진구 자양번영로 81 (자양동),37.53697,127.07667,True,True
343,CCTV,POINT (963589.1951164409 1949402.1952141006),G0046,CCTV,서울특별시 광진구 자양로22길 61 (구의동),37.54323,127.08783,True,True
344,CCTV,POINT (964101.318351698 1948933.9919373435),G0055,CCTV,서울특별시 광진구 아차산로62길 14-2 (구의동),37.53903,127.09365,True,True
345,CCTV,POINT (965043.4557367224 1949860.811931053),G0075,CCTV,서울특별시 광진구 광장로 64 (광장동),37.54742,127.10427,True,True
346,CCTV,POINT (961488.1425499934 1948577.352751239),G0007,CCTV,서울특별시 광진구 동일로4길 60 (자양동),37.53571,127.06409,True,True
347,CCTV,POINT (963382.8282346975 1951284.755522764),G0050,CCTV,서울특별시 광진구 긴고랑로26길 7-1 (중곡동),37.56019,127.0854,True,True
348,CCTV,POINT (963187.0740507512 1952153.225261053),G0041,CCTV,서울특별시 광진구 능동로55길 43 (중곡동),37.56801,127.08314,True,True
349,CCTV,POINT (964180.3619368665 1951078.2435892755),G0059,CCTV,서울특별시 광진구 긴고랑로44길 42 (중곡동),37.55836,127.09444,True,True
350,CCTV,POINT (963061.180286539 1950455.1900568418),G0037,CCTV,서울특별시 광진구 능동로32길 82-53 (능동),37.5527,127.0818,True,True
351,CCTV,POINT (963655.8963419044 1949100.1291567069),G0045,CCTV,서울특별시 광진구 아차산로57길 41 (구의동),37.54051,127.0886,True,True
352,CCTV,POINT (963855.7154026888 1949136.9790382101),G0056,CCTV,서울특별시 광진구 아차산로59길 56,37.54085,127.09086,True,True
353,CCTV,POINT (963846.7678761942 1950328.5817780572),G0058,CCTV,서울특별시 광진구 자양로43길 18 (구의동),37.55159,127.0907,True,True
354,CCTV,POINT (963758.4206399083 1948502.7906419632),G0044,CCTV,서울특별시 광진구 아차산로58길 77 (구의동),37.53513,127.08979,True,True
355,CCTV,POINT (964877.2639488063 1949205.8213347786),G0074,CCTV,서울특별시 광진구 아차산로70길 17-16 (과장동),37.54151,127.10242,True,True
356,CCTV,POINT (962931.1796178602 1948440.9819401586),G0033,CCTV,서울특별시 광진구 뚝섬로49길 59 (자양동),37.53454,127.08043,True,True
357,CCTV,POINT (962710.7247856692 1947944.929135445),G0021,CCTV,서울특별시 광진구 자양번영로2길 55 (자양동),37.53006,127.07796,True,True
358,CCTV,POINT (962053.9371975571 1948267.427796225),G0013,CCTV,서울특별시 광진구 뚝섬로36길 38 (자양동),37.53294,127.07051,True,True
359,CCTV,POINT (961566.7522999684 1948572.5508788144),G0007,CCTV,서울특별시 광진구 동일로4길 74 (자양동),37.53567,127.06498,True,True
360,CCTV,POINT (961378.9012967446 1948454.709179371),G0007,CCTV,서울특별시 광진구 뚝섬로24길 48 (자양동),37.5346,127.06286,True,True
361,CCTV,POINT (961838.2394246544 1948434.8352982774),G0013,CCTV,서울특별시 광진구 능동로 49 (자양동),37.53444,127.06806,True,True
362,CCTV,POINT (961813.1648632184 1948361.725846853),G0013,CCTV,서울특별시 광진구 능동로 25-1 (자양동),37.53378,127.06778,True,True
363,CCTV,POINT (961860.5957775658 1949455.4407667485),G0015,CCTV,서울특별시 광진구 아차산로27길 45-6 (화양동),37.54364,127.06826,True,True
364,CCTV,POINT (962731.4442458677 1949609.0316524785),G0025,CCTV,서울특별시 광진구 광나루로24길 53 (화양동),37.54506,127.07811,True,True
365,CCTV,POINT (962061.7789306325 1950370.938872517),G0017,CCTV,서울특별시 광진구 군자로13길 35 (군자동),37.5519,127.07049,True,True
366,CCTV,POINT (963544.4604423174 1949273.6936920236),G0046,CCTV,서울특별시 광진구 광나루로38길 67 (구의동),37.54207,127.08733,True,True
367,CCTV,POINT (964939.2629491483 1949871.2363102885),G0075,CCTV,서울특별시 광진구 광장로3길 18-21 (광장동),37.54751,127.10309,True,True
368,CCTV,POINT (965113.6129904019 1949949.2738703834),G0075,CCTV,서울특별시 광진구 광장로5길 12 (광장동),37.54822,127.10506,True,True
369,CCTV,POINT (965141.2479294594 1950009.068770368),G0075,CCTV,서울특별시 광진구 광장로7길 24 (광장동),37.54876,127.10537,True,True
370,CCTV,POINT (964840.4785093885 1949907.1567326179),G0075,CCTV,서울특별시 광진구 광장로1길 19 (광장동),37.54783,127.10197,True,True
371,CCTV,POINT (964549.7551152892 1949470.1550303202),G0065,CCTV,서울특별시 광진구 아차산로69길 36 (광장동),37.54388,127.0987,True,True
372,CCTV,POINT (964430.169530275 1949187.7535062972),G0065,CCTV,서울특별시 광진구 아차산로66길 8 (광장동),37.54133,127.09736,True,True
373,CCTV,POINT (963513.0732411541 1949167.3230420882),G0046,CCTV,서울특별시 광진구 아차산로55길 81 (구의동),37.54111,127.08698,True,True
374,CCTV,POINT (963220.8333403536 1949407.1465406425),G0035,CCTV,서울특별시 광진구 자양로23길 65 (구의동),37.54326,127.08366,True,True
375,CCTV,POINT (964248.4908706836 1949054.2885766444),G0055,CCTV,서울특별시 광진구 광나루로54길 20 (구의동),37.54012,127.09531,True,True
376,CCTV,POINT (963988.0864245362 1949307.2613341738),G0056,CCTV,서울특별시 광진구 아차산로65길 57 (구의동),37.54239,127.09235,True,True
377,CCTV,POINT (963918.6652001676 1948578.6460353239),G0054,CCTV,서울특별시 광진구 구의강변로3가길 3 (구의동),37.53582,127.0916,True,True
378,CCTV,POINT (963804.1844320821 1948664.57254186),G0055,CCTV,서울특별시 광진구 구의강변로3길 39 (구의동),37.53659,127.0903,True,True
379,CCTV,POINT (962234.4249624142 1950653.0660419336),G0018,CCTV,서울특별시 광진구 동일로52길 24 (군자동),37.55445,127.07243,True,True
380,CCTV,POINT (962182.7408094138 1950553.4492047112),G0017,CCTV,서울특별시 광진구 동일로46길 26 (군자동),37.55355,127.07185,True,True
381,CCTV,POINT (962304.1054415416 1950825.826344475),G0027,CCTV,서울특별시 광진구 면목로5길 59 (군자동),37.55601,127.07321,True,True
382,CCTV,POINT (962326.4081191722 1950874.5416948048),G0027,CCTV,서울특별시 광진구 면목로5길 49 (군자동),37.55645,127.07346,True,True
383,CCTV,POINT (961990.9728198333 1950147.150275479),G0017,CCTV,서울특별시 광진구 동일로34길 19 (군자동),37.54988,127.0697,True,True
384,CCTV,POINT (961913.9408925895 1950107.5623984581),G0016,CCTV,서울특별시 광진구 광나루로13길 30 (군자동),37.54952,127.06883,True,True
385,CCTV,POINT (962729.788873173 1948649.3525072832),G0023,CCTV,서울특별시 광진구 아차산로40길 28 (자양동),37.53641,127.07814,True,True
386,CCTV,POINT (962870.3262659681 1948663.1462656718),G0034,CCTV,서울특별시 광진구 아차산로44길 26 (자양동),37.53654,127.07973,True,True
387,CCTV,POINT (962646.0525185679 1948889.3727453577),G0023,CCTV,서울특별시 광진구 아차산로39길 11 (자양동),37.53857,127.07718,True,True
388,CCTV,POINT (962603.7504587399 1948323.73664656),G0022,CCTV,서울특별시 광진구 뚝섬로43길 7 (자양동),37.53347,127.07673,True,True
389,CCTV,POINT (963240.5320921307 1948268.7503686144),G0033,CCTV,서울특별시 광진구 뚝섬로59길 18 (자양동),37.533,127.08394,True,True
390,CCTV,POINT (962798.8947045932 1948889.7963695768),G0034,CCTV,서울특별시 광진구 아차산로41길 16 (자양동),37.53858,127.07891,True,True
391,CCTV,POINT (963131.2612999136 1947935.2864820894),G0032,CCTV,서울특별시 광진구 뚝섬로56길 35 (자양동),37.52999,127.08272,True,True
392,CCTV,POINT (962586.8381919119 1948099.7012724073),G0021,CCTV,서울특별시 광진구 자양번영로4길 17 (자양동),37.53145,127.07655,True,True
393,CCTV,POINT (963144.7978810496 1947799.8721413335),G0032,CCTV,서울특별시 광진구 뚝섬로56길 59 (자양동),37.52877,127.08288,True,True
394,CCTV,POINT (963675.2664010957 1948276.8236337875),G0044,CCTV,서울특별시 광진구 뚝섬로64길 14 (자양동),37.53309,127.08886,True,True
395,CCTV,POINT (963698.7689603881 1947993.808363258),G0043,CCTV,서울특별시 광진구 뚝섬로64길 70 (자양동),37.53054,127.08914,True,True
396,CCTV,POINT (961988.2772729889 1948399.75413816),G0013,CCTV,서울특별시 광진구 뚝섬로34길 13 (자양동),37.53413,127.06976,True,True
397,CCTV,POINT (961880.9914600815 1948317.0358277431),G0013,CCTV,서울특별시 광진구 능동로4길 13 (자양동),37.53338,127.06855,True,True
398,CCTV,POINT (962502.2544239064 1948543.8678289503),G0022,CCTV,서울특별시 광진구 뚝섬로37길 28 (자양동),37.53545,127.07557,True,True
399,CCTV,POINT (961271.2289944828 1948669.3372466015),G0004,CCTV,서울특별시 광진구 뚝섬로22길 8 (자양동),37.53653,127.06163,True,True
400,CCTV,POINT (961541.845039205 1948726.8818209541),G0008,CCTV,서울특별시 광진구 뚝섬로25길 23 (자양동),37.53706,127.06469,True,True
401,CCTV,POINT (961840.4681896064 1948727.723758972),G0014,CCTV,서울특별시 광진구 능동로5길 7 (자양동),37.53708,127.06807,True,True
402,CCTV,POINT (961675.632904204 1948809.4734810484),G0008,CCTV,서울특별시 광진구 뚝섬로27길 43 (자양동),37.53781,127.0662,True,True
403,CCTV,POINT (963178.2806576113 1950967.2433303904),G0038,CCTV,서울특별시 광진구 용마산로3길 98 (중곡동),37.55732,127.0831,True,True
404,CCTV,POINT (962969.0234060256 1951973.3519775341),G0040,CCTV,서울특별시 광진구 긴고랑로7길 69 (중곡동),37.56638,127.08068,True,True
405,CCTV,POINT (963076.35976286 1951881.8973193676),G0040,CCTV,서울특별시 광진구 긴고랑로9길 46 (중곡동),37.56556,127.0819,True,True
406,CCTV,POINT (963529.6698188388 1952140.6178903787),G0052,CCTV,서울특별시 광진구 용마산로28길 24 (중곡동),37.56791,127.08702,True,True
407,CCTV,POINT (962203.2462037832 1949624.7321754254),G0016,CCTV,서울특별시 광진구 능동로15길 11 (화양동),37.54518,127.07213,True,True
408,CCTV,POINT (961992.4598813439 1949506.9812200945),G0015,CCTV,서울특별시 광진구 능동로13길 39 (화양동),37.54411,127.06975,True,True
409,CCTV,POINT (962158.6478356144 1949530.630649891),G0015,CCTV,서울특별시 광진구 군자로2길 4 (화양동),37.54433,127.07163,True,True
410,CCTV,POINT (962974.5964852443 1951836.8624759705),G0040,CCTV,서울특별시 광진구 면목로 127 (중곡동),37.56515,127.08075,True,True
411,CCTV,POINT (962758.3420857874 1951863.3478231514),G0029,CCTV,서울특별시 광진구 긴고랑로3길 19-2 (중곡동),37.56538,127.0783,True,True
412,CCTV,POINT (963315.5974158411 1951260.6440894352),G0050,CCTV,서울특별시 광진구 용마산로7길 59 (중곡동),37.55997,127.08464,True,True
413,CCTV,POINT (963268.5041423393 1951595.9114661457),G0039,CCTV,서울특별시 광진구 긴고랑로17길11 (중곡동),37.56299,127.08409,True,True
414,CCTV,POINT (962956.3033813051 1952487.0929704115),G0041,CCTV,서울특별시 광진구 답십리로74길 15 (중곡동),37.57101,127.08051,True,True
415,CCTV,POINT (963820.0427745612 1951087.5723828585),G0059,CCTV,서울특별시 광진구 긴고랑로38길 14 (중곡동),37.55843,127.09036,True,True
416,CCTV,POINT (963699.5956690017 1950810.7317417772),G0049,CCTV,서울특별시 광진구 자양로43길 123 (중곡동),37.55593,127.08901,True,True
417,CCTV,POINT (963703.1078928132 1952219.7391800354),G0052,CCTV,서울특별시 광진구 용마산로30길 49 (중곡동),37.56863,127.08898,True,True
418,CCTV,POINT (962042.1500307104 1949168.3669405438),G0015,CCTV,서울특별시 광진구 아차산로33길 16-8 (화양동),37.54106,127.07033,True,True
419,CCTV,POINT (961851.3370741179 1949555.3352550806),G0015,CCTV,서울특별시 광진구 아차산로25길 76 (화양동),37.54454,127.06815,True,True
420,CCTV,POINT (962468.670143395 1950887.2109629395),G0027,CCTV,서울특별시 광진구 면목로5길 15 (군자동),37.55657,127.07507,True,True
421,CCTV,POINT (962909.4573299449 1950698.8395656107),G0038,CCTV,서울특별시 광진구 능동로32길 29 (능동),37.55489,127.08007,True,True
422,CCTV,POINT (963390.065675943 1950522.5203086517),G0048,CCTV,서울특별시 광진구 능동로32길 82-26,37.55332,127.08552,True,True
423,CCTV,POINT (962894.1390346942 1948851.6486470748),G0034,CCTV,서울특별시 광진구 아차산로45길 31 (자양동),37.53824,127.07999,True,True
424,CCTV,POINT (963021.5871523934 1947910.2561728486),G0032,CCTV,서울특별시 광진구 뚝섬로52다길 45 (자양동),37.52976,127.08148,True,True
425,CCTV,POINT (962505.4055787558 1948654.799978198),G0023,CCTV,서울특별시 광진구 자양번영로9길 16-4 (자양동),37.53645,127.0756,True,True
426,CCTV,POINT (962143.2625611477 1948092.8345642008),G0012,CCTV,서울특별시 광진구 뚝섬로40길 65 (자양동),37.53137,127.07153,True,True
427,CCTV,POINT (961642.4940668801 1948711.993466115),G0008,CCTV,서울특별시 광진구 뚝섬로27길 19 (자양동),37.53693,127.06583,True,True
428,CCTV,POINT (963716.4527247532 1949412.7329686526),G0046,CCTV,서울특별시 광진구 광나루로40길 34 (구의동),37.54333,127.08927,True,True
429,CCTV,POINT (963758.5681196935 1949953.9673170166),G0047,CCTV,서울특별시 광진구 천호대로134길 31 (구의동),37.54821,127.08972,True,True
430,CCTV,POINT (963554.7458661885 1950007.00413169),G0047,CCTV,서울특별시 광진구 자양로37길 22-10 (구의동),37.54868,127.08741,True,True
431,CCTV,POINT (963992.4394613822 1949088.6783769506),G0055,CCTV,서울특별시 광진구 아차산로 63길 17 (구의동),37.54042,127.09241,True,True
432,CCTV,POINT (963908.3657356111 1950681.1235948713),G0059,CCTV,서울특별시 광진구 자양로51길 46,37.55477,127.09138,True,True
433,CCTV,POINT (965477.67714655 1949978.817386589),G0083,CCTV,서울특별시 광진구 아차산로 78길 153 (광장동),37.5485,127.10918,True,True
434,CCTV,POINT (965208.1300995771 1949948.8773548852),G0075,CCTV,서울특별시 광진구 광장로9길 6 (광장동),37.54822,127.10613,True,True
435,CCTV,POINT (961569.419011452 1948385.0389523578),G0007,CCTV,서울특별시 광진구 능동로3다길 4 (자양동),37.53398,127.06502,True,True
436,CCTV,POINT (962894.9212731814 1951398.978353724),G0039,CCTV,서울특별시 광진구 긴고랑로 12길 40 (중곡동),37.5612,127.07987,True,True
437,CCTV,POINT (963120.608441602 1951107.292154383),G0038,CCTV,서울특별시 광진구 긴고랑로 26길 23 (중곡동),37.55858,127.08244,True,True
438,CCTV,POINT (964111.4908540235 1950878.8373026652),G0059,CCTV,서울특별시 광진구 영화사로9가길 39-15 (중곡동),37.55656,127.09367,True,True
439,CCTV,POINT (962136.5828142508 1950503.7335256918),G0017,CCTV,서울특별시 광진구 동일로 44길 17 (군자동),37.5531,127.07133,True,True
440,CCTV,POINT (962974.7443170435 1950681.906164134),G0038,CCTV,서울특별시 광진구 능동로 32길 35 (능동),37.55474,127.08081,True,True
441,CCTV,POINT (962869.0134146655 1948171.6601085165),G0033,CCTV,서울특별시 광진구 뚝섬로 631 (자양동),37.53211,127.07974,True,True
442,CCTV,POINT (963505.5971252309 1948269.8008751445),G0044,CCTV,서울특별시 광진구 뚝섬로 700 (자양동),37.53302,127.08694,True,True
443,CCTV,POINT (962310.6234753407 1948174.174068878),G0022,CCTV,서울특별시 광진구 자양번영로 3길 27 (자양동),37.53211,127.07342,True,True
444,CCTV,POINT (961707.0670918572 1948345.5721707416),G0007,CCTV,서울특별시 광진구 능동로 3길 20 (자양동),37.53363,127.06658,True,True
445,CCTV,POINT (963344.9516285622 1949306.7461439297),G0046,CCTV,서울특별시 광진구 자양로28길 14 (구의동),37.54236,127.08507,True,True
446,CCTV,POINT (964167.9532492987 1950249.5270903767),G0058,CCTV,서울특별시 광진구 자양로44가길 18 (구의동),37.55089,127.09434,True,True
447,CCTV,POINT (963861.6434285142 1949281.183382788),G0056,CCTV,서울특별시 광진구 구의로10길 12 (구의동),37.54215,127.09092,True,True
448,CCTV,POINT (964657.0785669164 1949986.707062725),G0066,CCTV,서울특별시 광진구 광장로1가길 49 (광장동),37.54854,127.09989,True,True
449,CCTV,POINT (963699.7646342173 1952061.0999030229),G0051,CCTV,서울특별시 광진구 용마산로22길 82 (중곡동),37.5672,127.08895,True,True
450,CCTV,POINT (963649.4562989904 1952067.9769164193),G0051,CCTV,서울특별시 광진구 용마산로22길 82 (중곡동),37.56726,127.08838,True,True
451,CCTV,POINT (963611.4775662024 1952067.0338892143),G0051,CCTV,서울특별시 광진구 용마산로22길 82 (중곡동),37.56725,127.08795,True,True
452,CCTV,POINT (963604.2229020523 1952023.7964570862),G0051,CCTV,서울특별시 광진구 용마산로22길 82 (중곡동),37.56686,127.08787,True,True
453,CCTV,POINT (962543.9864225818 1951331.767457513),G0028,CCTV,서울특별시 광진구 동일로 64길 20 (중곡동),37.56058,127.0759,True,True
454,CCTV,POINT (963262.9884360571 1951347.4151823574),G0039,CCTV,서울특별시 광진구 능동로46길 28 (중곡동),37.56075,127.08404,True,True
455,CCTV,POINT (963006.240397544 1952199.5176419427),G0041,CCTV,서울특별시 광진구 동일로78길 46-33 (중곡동),37.56842,127.08109,True,True
456,CCTV,POINT (963898.8762031653 1950936.3418604562),G0059,CCTV,서울특별시 광진구 긴고랑로 36길57 (중곡동),37.55707,127.09126,True,True
457,CCTV,POINT (963761.758363883 1951291.9683709363),G0050,CCTV,서울특별시 광진구 용마산로8가길 20-15 (중곡동),37.56027,127.08969,True,True
458,CCTV,POINT (963700.0464890487 1951115.8328741342),G0050,CCTV,서울특별시 광진구 긴고랑로 36길 5 (중곡동),37.55868,127.089,True,True
459,CCTV,POINT (964873.3394254786 1950157.7561843758),G0076,CCTV,서울특별시 광진구 광장로1다길31 (광장동),37.55009,127.10233,True,True
460,CCTV,POINT (963147.5779620318 1948426.7057554147),G0033,CCTV,서울특별시 광진구 자양로 13길 31-8 (자양동),37.53442,127.08288,True,True
461,CCTV,POINT (963135.3690065185 1947865.3721839853),G0032,CCTV,서울특별시 광진구 뚝섬로56길47 (자양동),37.52936,127.08277,True,True
462,CCTV,POINT (962310.8146980961 1948216.3328081886),G0022,CCTV,서울특별시 광진구 자양번영로3길38-10 (자양동),37.53249,127.07342,True,True
463,CCTV,POINT (961466.7002354861 1948906.9634711815),G0008,CCTV,서울특별시 광진구 동일로10가길23 (자양동),37.53868,127.06383,True,True
464,CCTV,POINT (963735.9038193211 1949214.0541523066),G0046,CCTV,서울특별시 광진구 자양로28길 98 (구의동),37.54154,127.0895,True,True
465,CCTV,POINT (964064.8176684246 1950298.789196563),G0058,CCTV,서울특별시 광진구 자양로48길 20 (구의동),37.55133,127.09317,True,True
466,CCTV,POINT (964026.549598519 1950640.6699549828),G0059,CCTV,서울특별시 광진구 자양로53길21,37.55441,127.09272,True,True
467,CCTV,POINT (961782.9698334264 1949288.2681776774),G0009,CCTV,서울특별시 광진구 아차산로25길 20-9 (화양동),37.54213,127.06739,True,True
468,CCTV,POINT (961910.3037399705 1949892.3424698121),G0016,CCTV,서울특별시 광진구 동일로 30길 28 (화양동),37.54758,127.0688,True,True
469,CCTV,POINT (962420.2219265568 1950721.009984872),G0027,CCTV,서울특별시 광진구 면목로1길 19 (군자동),37.55507,127.07453,True,True
470,CCTV,POINT (963300.8133002479 1951512.5584877797),G0050,CCTV,서울특별시 광진구 능동로 48길 36 (중곡동),37.56224,127.08446,True,True
471,CCTV,POINT (964712.2018724771 1950278.2613762282),G0067,CCTV,서울특별시 광진구 아차산 순환도로 (광장동),37.55117,127.1005,True,True
472,CCTV,POINT (962299.1687086303 1950905.7304501655),G0027,CCTV,서울특별시 광진구  천호대로102길 58 (군자동),37.55673,127.07315,True,True
473,CCTV,POINT (963552.3574529353 1948858.7199389695),G0045,CCTV,서울특별시 광진구 자양로18길 72 (구의동),37.53833,127.08744,True,True
474,CCTV,POINT (963159.1250030238 1952223.245823461),G0041,CCTV,서울특별시 광진구 면목로 172 (중곡동),37.56864,127.08282,True,True
475,CCTV,POINT (961940.6072186435 1949179.9262218168),G0015,CCTV,서울특별시 광진구 동일로22길 89 (화양동),37.54116,127.06918,True,True
476,CCTV,POINT (962945.6965989618 1948526.3458213524),G0033,CCTV,서울특별시 광진구 자양로15길 56 (자양동),37.53531,127.08059,True,True
477,CCTV,POINT (964211.2762335934 1951283.3613570768),G0060,CCTV,서울특별시 광진구 긴고랑로 185-2 (중곡동),37.56021,127.09478,True,True
478,CCTV,POINT (964059.0856877494 1950198.962239792),G0058,CCTV,서울특별시 광진구 자양로44길 30-1 (구의동),37.55043,127.09311,True,True
479,CCTV,POINT (963527.4388372536 1948012.3099535226),G0043,CCTV,서울특별시 광진구 자양로2길 6 (자양동),37.5307,127.0872,True,True
480,CCTV,POINT (962289.1470725085 1950643.9415731903),G0027,CCTV,서울특별시 광진구 동일로56가길 19-16,37.55437,127.07305,True,True
481,CCTV,POINT (963789.655828041 1948371.7380096323),G0054,CCTV,서울특별시 광진구 동일로56가길 19-16,37.53395,127.09015,True,True
482,CCTV,POINT (962935.4721231477 1951579.6404595638),G0039,CCTV,서울특별시 광진구 긴고랑로38,37.56283,127.08032,True,True
483,CCTV,POINT (963522.3107476921 1951068.9049154096),G0049,CCTV,서울특별시 광진구 긴고랑로30길34,37.55825,127.08699,True,True
484,CCTV,POINT (962980.7832823074 1951045.7843465572),G0038,CCTV,서울특별시 광진구 능동로40길13,37.55802,127.08086,True,True
485,CCTV,POINT (963347.9622877671 1951189.4952467915),G0050,CCTV,서울특별시 광진구 긴고랑로26길23,37.55933,127.08501,True,True
486,CCTV,POINT (963097.3674109409 1952236.8338527146),G0041,CCTV,서울특별시 광진구 동일로78길47,37.56876,127.08212,True,True
487,CCTV,POINT (963189.9421365211 1952003.4342859876),G0040,CCTV,서울특별시 광진구 능동로53길24-1,37.56666,127.08318,True,True
488,CCTV,POINT (963371.411368396 1951699.746644375),G0051,CCTV,서울특별시 광진구 능동로50길 31-9,37.56393,127.08525,True,True
489,CCTV,POINT (963190.4123395771 1952308.5360846918),G0041,CCTV,서울특별시 광진구 면목로182,37.56941,127.08317,True,True
490,CCTV,POINT (963122.3208870471 1952287.7584955236),G0041,CCTV,서울특별시 광진구 면목로13길 17,37.56922,127.0824,True,True
491,CCTV,POINT (963248.2159807433 1952399.256329313),G0041,CCTV,서울특별시 광진구 용마산로33길 41,37.57023,127.08382,True,True
492,CCTV,POINT (963614.613341622 1952177.9669343478),G0052,CCTV,서울특별시 광진구 용마산로28나길15,37.56825,127.08798,True,True
493,CCTV,POINT (963770.9229924213 1950558.57156947),G0048,CCTV,서울특별시 광진구  천호대로127길19,37.55366,127.08983,True,True
494,CCTV,POINT (963588.941688294 1951560.1061070785),G0050,CCTV,서울특별시 광진구 용마산로20길9-1,37.56268,127.08772,True,True
495,CCTV,POINT (963835.8887998546 1951278.3314879527),G0060,CCTV,서울특별시 광진구 용마산로8나길 36,37.56015,127.09053,True,True
496,CCTV,POINT (964037.7419989331 1951185.368890706),G0060,CCTV,서울특별시 광진구 긴고랑로 39길 54,37.55932,127.09282,True,True
497,CCTV,POINT (962917.6061306603 1950545.6967902898),G0037,CCTV,서울특별시 광진구 천호대로112길 60,37.55351,127.08017,True,True
498,CCTV,POINT (964179.703817934 1950720.9987071606),G0059,CCTV,서울특별시 광진구 영화사로13길21,37.55514,127.09445,True,True
499,CCTV,POINT (963420.0041655466 1949699.1654617714),G0047,CCTV,서울특별시 광진구 자양로209,37.5459,127.0859,True,True
500,CCTV,POINT (965104.0967413076 1949997.02071754),G0075,CCTV,서울특별시 광진구 광장로5길 25-1,37.54865,127.10495,True,True
501,CCTV,POINT (964185.1530689662 1949321.941764028),G0056,CCTV,서울특별시 광진구 광나루로595,37.54253,127.09458,True,True
502,CCTV,POINT (964838.5571217549 1949661.973751443),G0075,CCTV,서울특별시 광진구 천호대로 798,37.54562,127.10196,True,True
503,CCTV,POINT (965612.2918714901 1950275.594553206),G0084,CCTV,서울특별시 광진구 아차산로 78길 90,37.55118,127.11069,True,True
504,CCTV,POINT (962746.1069922514 1950908.1507275526),G0027,CCTV,서울특별시 광진구 군자로 183,37.55677,127.07821,True,True
505,CCTV,POINT (962270.7992129477 1950882.560501318),G0018,CCTV,서울특별시 광진구 천호대로102길60,37.55652,127.07283,True,True
506,CCTV,POINT (962607.7585360892 1950979.778619253),G0027,CCTV,서울특별시 광진구 면목로38,37.55741,127.07664,True,True
507,CCTV,POINT (962618.5102964446 1950621.3722689704),G0027,CCTV,서울특별시 광진구 능동로 267-14,37.55418,127.07678,True,True
508,CCTV,POINT (963236.4829793905 1948751.3844184268),G0034,CCTV,서울특별시 광진구 자양로18길6,37.53735,127.08387,True,True
509,CCTV,POINT (963162.630249479 1949230.999711177),G0035,CCTV,서울특별시 광진구 자양로25길 14-1,37.54167,127.08301,True,True
510,CCTV,POINT (963606.5338355631 1949528.5980558111),G0046,CCTV,서울특별시 광진구 광나루로 38길 8,37.54437,127.08802,True,True
511,CCTV,POINT (963439.3390560708 1949074.452344187),G0045,CCTV,서울특별시 광진구 아차산로53길 62-14,37.54027,127.08615,True,True
512,CCTV,POINT (963514.1057864341 1948798.9768744744),G0045,CCTV,서울특별시 광진구 아차산로 401-9,37.53779,127.08701,True,True
513,CCTV,POINT (963887.1224262447 1949248.8981544836),G0056,CCTV,서울특별시 광진구 광나루로44길55,37.54186,127.09121,True,True
514,CCTV,POINT (963809.151821692 1948587.998046193),G0054,CCTV,서울특별시 광진구 아차산로58가길15,37.5359,127.09036,True,True
515,CCTV,POINT (962775.2611949195 1948347.374679862),G0022,CCTV,서울특별시 광진구 뚝섬로47길29,37.53369,127.07867,True,True
516,CCTV,POINT (962828.668896482 1948238.4082390186),G0033,CCTV,서울특별시 광진구 자양로13다길10,37.53271,127.07928,True,True
517,CCTV,POINT (963335.5946367815 1948187.3396496708),G0044,CCTV,서울특별시 광진구 뚝섬로681,37.53227,127.08502,True,True
518,CCTV,POINT (963108.2605397778 1948923.9196012567),G0034,CCTV,서울특별시 광진구 자양로 117,37.5389,127.08241,True,True
519,CCTV,POINT (963182.9868251528 1948442.0812510164),G0033,CCTV,서울특별시 광진구 자양로11길 11-1,37.53456,127.08328,True,True
520,CCTV,POINT (963154.1757517573 1948519.871339885),G0033,CCTV,서울특별시 광진구 자양로13길 20,37.53526,127.08295,True,True
521,CCTV,POINT (963534.2760538141 1948160.9477463118),G0044,CCTV,서울특별시 광진구 자양로4가길6-10,37.53204,127.08727,True,True
522,CCTV,POINT (962746.532666811 1947851.5737145797),G0021,CCTV,서울특별시 광진구 뚝섬로52길 71,37.52922,127.07837,True,True
523,CCTV,POINT (963561.336562839 1948287.3076330477),G0044,CCTV,서울특별시 광진구 뚝섬로703-1,37.53318,127.08757,True,True
524,CCTV,POINT (962870.9811325711 1947821.061295953),G0032,CCTV,서울특별시 광진구 뚝섬로 54길 61,37.52895,127.07978,True,True
525,CCTV,POINT (962371.7018252172 1948004.1494095598),G0021,CCTV,서울특별시 광진구 자양번영로1길15,37.53058,127.07412,True,True
526,CCTV,POINT (962572.0800419976 1948550.209763574),G0022,CCTV,서울특별시 광진구 자양번영로 7길 3,37.53551,127.07636,True,True
527,CCTV,POINT (961512.3966598966 1948282.1226580415),G0007,CCTV,서울특별시 광진구 자양동 84-27,37.53305,127.06438,True,True
528,CCTV,POINT (961651.7872212083 1948619.864951988),G0008,CCTV,서울특별시 광진구 뚝섬로27길3,37.5361,127.06594,True,True
529,CCTV,POINT (961557.5772453838 1949071.852864952),G0008,CCTV,서울특별시 광진구 아차산로24길 17,37.54017,127.06485,True,True
530,CCTV,POINT (961527.2325684491 1949196.2535644793),G0009,CCTV,서울특별시 광진구 아차산로192,37.54129,127.0645,True,True
531,CCTV,POINT (961576.4368563654 1948183.083921951),G0007,CCTV,서울특별시 광진구 자양강변길 119,37.53216,127.06511,True,True
532,CCTV,POINT (961892.018457972 1949565.133698408),G0015,CCTV,서울특별시 광진구 동일로26길 47,37.54463,127.06861,True,True
533,CCTV,POINT (961969.5279368337 1949707.899589218),G0016,CCTV,서울특별시 광진구 동일로28길54,37.54592,127.06948,True,True
534,CCTV,POINT (961737.947306084 1949487.0699138436),G0009,CCTV,서울특별시 광진구 아차산로 23길 45,37.54392,127.06687,True,True
535,CCTV,POINT (961785.2261201136 1949778.6419796676),G0010,CCTV,서울특별시 광진구 아차산로 21길 109,37.54655,127.06739,True,True
536,CCTV,POINT (961871.0544913624 1949809.3125633898),G0016,CCTV,서울특별시 광진구 광나루로 14길 26,37.54683,127.06836,True,True
537,CCTV,POINT (962356.7773369482 1949585.2036026306),G0024,CCTV,서울특별시 광진구 능동로 16길 14,37.54483,127.07387,True,True
538,CCTV,POINT (963030.5174293544 1952098.4477823474),G0040,CCTV,서울특별시 광진구 긴고랑로7길 101,37.56751,127.08137,True,True
539,CCTV,POINT (963448.4800018426 1950749.7034145899),G0049,CCTV,서울특별시 광진구 천호대로119길 16,37.55537,127.08617,True,True
540,CCTV,POINT (963386.624296913 1952345.3899734998),G0052,CCTV,서울특별시 광진구 용마산로 33길 9-7,37.56975,127.08539,True,True
541,CCTV,POINT (963726.9656163922 1951010.315941575),G0049,CCTV,서울특별시 광진구 영화사로 16,37.55773,127.08931,True,True
542,CCTV,POINT (964185.7617589941 1951101.5190628427),G0059,CCTV,서울특별시 광진구 긴고랑로 44길 26-12,37.55857,127.0945,True,True
543,CCTV,POINT (963045.5428536835 1950514.061339053),G0037,CCTV,서울특별시 광진구 천호대로 114길 58,37.55323,127.08162,True,True
544,CCTV,POINT (963611.7444147769 1949911.3402543196),G0047,CCTV,서울특별시 광진구 자양로 237-1,37.54782,127.08806,True,True
545,CCTV,POINT (964239.3120618885 1950820.5935669937),G0059,CCTV,서울특별시 광진구 영화사로 11길 39,37.55604,127.09512,True,True
546,CCTV,POINT (965158.1336255883 1950033.4060714843),G0075,CCTV,서울특별시 광진구 광장로 7길 27,37.54898,127.10556,True,True
547,CCTV,POINT (962427.4335890003 1950753.1519025795),G0027,CCTV,서울특별시 광진구 동일로56길 48,37.55536,127.07461,True,True
548,CCTV,POINT (962054.3779553731 1950297.7478422713),G0017,CCTV,서울특별시 광진구 동일로38길 17,37.55124,127.07041,True,True
549,CCTV,POINT (961949.7872704581 1950219.454265981),G0017,CCTV,서울특별시 광진구 동일로 212,37.55053,127.06923,True,True
550,CCTV,POINT (962183.9093822752 1950034.213270964),G0016,CCTV,서울특별시 광진구 군자로10길22,37.54887,127.07189,True,True
551,CCTV,POINT (962493.892057711 1950995.8248162637),G0027,CCTV,서울특별시 광진구 천호대로 104길22,37.55755,127.07535,True,True
552,CCTV,POINT (962251.4913666999 1950132.6483254363),G0017,CCTV,서울특별시 광진구 광나루로 19길51,37.54976,127.07265,True,True
553,CCTV,POINT (962308.509372537 1950044.7414718438),G0025,CCTV,서울특별시 광진구 광나루로19길 31,37.54897,127.0733,True,True
554,CCTV,POINT (961944.3576997009 1949805.647944563),G0016,CCTV,서울특별시 광진구 광나루로 16길 18,37.5468,127.06919,True,True
555,CCTV,POINT (962039.8919147993 1949834.056860917),G0016,CCTV,서울특별시 광진구 군자로 43,37.54706,127.07027,True,True
556,CCTV,POINT (962277.9182737673 1949727.5730211232),G0016,CCTV,서울특별시 광진구 능동로 17길 6,37.54611,127.07297,True,True
557,CCTV,POINT (961971.6090936611 1949583.629827226),G0015,CCTV,서울특별시 광진구 군자로 5길 29,37.5448,127.06951,True,True
558,CCTV,POINT (962049.4846438526 1949420.1821268138),G0015,CCTV,서울특별시 광진구 능동로 13길 39,37.54333,127.0704,True,True
559,CCTV,POINT (961850.4876112073 1949755.0431405744),G0016,CCTV,서울특별시 광진구 광나루로 14길 31,37.54634,127.06813,True,True
560,CCTV,POINT (962514.603371698 1948931.015014611),G0023,CCTV,서울특별시 광진구 아차산로39길 36,37.53894,127.07569,True,True
561,CCTV,POINT (965529.7855247605 1950189.3986235177),G0084,CCTV,서울특별시 광진구 아차산로 78길 18,37.5504,127.10976,True,True
562,CCTV,POINT (965079.1411566486 1949734.183164875),G0075,CCTV,서울특별시 광진구 아차산로 75길 9,37.54628,127.10468,True,True
563,CCTV,POINT (962435.1317280045 1950502.3774633326),G0026,CCTV,서울특별시 광진구 능동로 25길 48,37.5531,127.07471,True,True
564,CCTV,POINT (962532.500057652 1950352.1595054513),G0026,CCTV,서울특별시 광진구 능동로 21길 14-10,37.55175,127.07582,True,True
565,CCTV,POINT (962615.441812126 1950724.5665216376),G0027,CCTV,서울특별시 광진구 군자로 160-1,37.55511,127.07674,True,True
566,CCTV,POINT (961721.8736339792 1949641.3598371935),G0010,CCTV,서울특별시 광진구 동일로 26길 9,37.54531,127.06668,True,True
567,CCTV,POINT (962607.6812280052 1951354.7791240418),G0028,CCTV,서울특별시 광진구 면목로9길31,37.56079,127.07662,True,True
568,CCTV,POINT (963427.3531526423 1951166.9557634462),G0050,CCTV,서울특별시 광진구 천호대로123길83-13,37.55913,127.08591,True,True
569,CCTV,POINT (963025.1068084254 1952271.5490487614),G0041,CCTV,서울특별시 광진구 면목로15길30,37.56907,127.0813,True,True
570,CCTV,POINT (963589.3797101759 1951659.9562252716),G0051,CCTV,서울특별시 광진구 용마산로22길9,37.56358,127.08772,True,True
571,CCTV,POINT (962914.4756441346 1950438.0925436076),G0037,CCTV,서울특별시 광진구 능동로24길60-84길,37.55254,127.08014,True,True
572,CCTV,POINT (962034.7119599357 1950246.8022372709),G0017,CCTV,서울특별시 광진구 군자로11길11,37.55078,127.07019,True,True
573,CCTV,POINT (962329.8024681762 1950649.304353741),G0027,CCTV,서울특별시 광진구 군자로15길21,37.55442,127.07351,True,True
574,CCTV,POINT (964800.9296412906 1949746.4522466608),G0075,CCTV,서울특별시 광진구 광장로1-20,37.54638,127.10153,True,True
575,CCTV,POINT (965172.5593144727 1949892.4439028972),G0075,CCTV,서울특별시 광진구 광장로77,37.54771,127.10573,True,True
576,CCTV,POINT (965277.8117072427 1949924.1775609846),G0075,CCTV,서울특별시 광진구 광장로89,37.548,127.10692,True,True
577,CCTV,POINT (964113.5115069803 1950937.6302178248),G0059,CCTV,서울특별시 광진구 영화사로3나길 28,37.55709,127.09369,True,True
578,CCTV,POINT (963623.6388869486 1952222.3060888082),G0052,CCTV,서울특별시 광진구 용마사로30길 37,37.56865,127.08808,True,True
579,CCTV,POINT (963411.9378863071 1949873.3868847825),G0047,CCTV,서울특별시 광진구 자양로37길 85,37.54747,127.0858,True,True
580,CCTV,POINT (964840.642906412 1949945.987217184),G0075,CCTV,서울특별시 광진구 광장로1나길 8,37.54818,127.10197,True,True
581,CCTV,POINT (963103.9645670581 1948553.3780444127),G0033,CCTV,서울특별시 광진구 자양로15길 27,37.53556,127.08238,True,True
582,CCTV,POINT (962871.6519620442 1948564.3981216417),G0033,CCTV,서울특별시 광진구 아차산로44가길 16,37.53565,127.07975,True,True
583,CCTV,POINT (963351.9489938184 1947888.8223885978),G0043,CCTV,서울특별시 광진구 뚝섬로58길 58,37.52958,127.08522,True,True
584,CCTV,POINT (962003.5346608057 1948644.8759821588),G0014,CCTV,서울특별시 광진구 뚝섬로33길 34,37.53634,127.06992,True,True
585,CCTV,POINT (961680.8033983274 1949547.2445496172),G0009,CCTV,서울특별시 광진구 아차산로21길 62,37.54446,127.06622,True,True
586,CCTV,POINT (962919.103365701 1951671.79943101),G0040,CCTV,서울특별시 광진구 면목로114,37.56366,127.08013,True,True
587,CCTV,POINT (962560.4103891365 1950273.2614896968),G0026,CCTV,서울특별시 광진구 능동로 237,37.55104,127.07614,True,True
588,CCTV,POINT (962474.6605484047 1950062.8499374376),G0025,CCTV,서울특별시 광진구 군자로 114,37.54914,127.07518,True,True
589,CCTV,POINT (962471.4597743864 1948963.3842707486),G0023,CCTV,서울특별시 광진구 아차산로39길 38-7,37.53923,127.0752,True,True
590,CCTV,POINT (962608.353707036 1948953.8912584542),G0023,CCTV,서울특별시 광진구 아차산로39가길 8,37.53915,127.07675,True,True
591,CCTV,POINT (964565.3549173404 1949606.5522969728),G0065,CCTV,서울특별시 광진구 광장로1다길 23,37.54511,127.09887,True,True
592,CCTV,POINT (964842.1601182073 1950304.3372259906),G0076,CCTV,서울특별시 광진구 광장동 5-119,37.55141,127.10197,True,True
593,CCTV,POINT (964977.4641020425 1950341.4871803834),G0076,CCTV,서울특별시 광진구 광장동 5-116,37.55175,127.1035,True,True
594,CCTV,POINT (963639.0615419886 1951912.6969789641),G0051,CCTV,서울특별시 광진구 용마산로22길 76,37.56586,127.08827,True,True
595,CCTV,POINT (962306.2432461639 1950518.494122965),G0026,CCTV,서울특별시 광진구 군자동 111-2,37.55324,127.07325,True,True
596,CCTV,POINT (963425.9112378857 1950037.526087316),G0047,CCTV,서울특별시 광진구 자양로37길 43,37.54895,127.08595,True,True
597,CCTV,POINT (963485.9239769458 1950025.0578850957),G0047,CCTV,서울특별시 광진구 자양로37길 38-6,37.54884,127.08663,True,True
598,CCTV,POINT (964523.2398110755 1950500.959264651),G0067,CCTV,서울특별시 광진구 구의동 4-20,37.55317,127.09835,True,True
599,CCTV,POINT (964452.1025576852 1949564.876681548),G0065,CCTV,서울특별시 광진구 워커힐로 32,37.54473,127.09759,True,True
600,CCTV,POINT (963924.881428496 1948789.4167445605),G0055,CCTV,서울특별시 광진구 강변역로 18,37.53772,127.09166,True,True
601,CCTV,POINT (962477.1563208902 1947877.1938243245),G0021,CCTV,서울특별시 광진구 자양강변길 301,37.52944,127.07532,True,True
602,CCTV,POINT (962502.3315363632 1947973.6034320942),G0021,CCTV,서울특별시 광진구 뚝섬로44길 56,37.53031,127.0756,True,True
603,CCTV,POINT (962232.9273933823 1948380.8870726011),G0013,CCTV,서울특별시 광진구 뚝섬로 561,37.53397,127.07253,True,True
604,CCTV,POINT (963968.4078553956 1949862.0782042812),G0057,CCTV,서울특별시 광진구 천호대로138길 40,37.54739,127.0921,True,True
605,CCTV,POINT (964774.0678460818 1949869.7164410441),G0066,CCTV,서울특별시 광진구 광장로1가길 13,37.54749,127.10122,True,True
606,CCTV,POINT (963446.255209245 1948035.965358281),G0043,CCTV,서울특별시 광진구 자양로 35,37.53091,127.08628,True,True
607,CCTV,POINT (963386.9112314505 1948002.9427790483),G0043,CCTV,서울특별시 광진구 자양로3길 16,37.53061,127.08561,True,True
608,CCTV,POINT (963803.3174086413 1948059.919946069),G0053,CCTV,서울특별시 광진구 뚝섬로64길 45,37.53114,127.09032,True,True
609,CCTV,POINT (962398.1533519436 1948577.622228815),G0022,CCTV,서울특별시 광진구 자양동 783-2,37.53575,127.07439,True,True
610,CCTV,POINT (961464.1993873696 1948367.7748478313),G0007,CCTV,서울특별시 광진구 능동로3길 61-8,37.53382,127.06383,True,True
611,CCTV,POINT (961382.3545606356 1948247.2231491453),G0007,CCTV,서울특별시 광진구 자양동 57-2,37.53273,127.06291,True,True
612,CCTV,POINT (962930.1017588379 1949387.359164306),G0035,CCTV,서울특별시 광진구 광나루로30길 80,37.54307,127.08037,True,True
613,CCTV,POINT (963291.7102292643 1947853.5855034308),G0043,CCTV,서울특별시 광진구 뚝섬로58길 68,37.52926,127.08454,True,True
614,CCTV,POINT (964905.9808001041 1949102.5200985214),G0073,CCTV,서울특별시 광진구 아차산로70 17-16,37.54058,127.10275,True,True
615,CCTV,POINT (962087.3160022527 1949192.568913669),G0015,CCTV,서울특별시 광진구 동일로22길 117-20,37.54128,127.07084,True,True
616,CCTV,POINT (961925.2970391087 1949501.7414999385),G0015,CCTV,서울특별시 광진구 아차산로27길 60,37.54406,127.06899,True,True
617,CCTV,POINT (962061.1343731437 1949069.537799314),G0014,CCTV,서울특별시 광진구 능동로103,37.54017,127.07055,True,True
618,CCTV,POINT (961838.8693492566 1949341.2655449766),G0015,CCTV,서울특별시 광진구 아차산로27길 20,37.54261,127.06802,True,True
619,CCTV,POINT (962503.9891463646 1949711.0167680026),G0025,CCTV,서울특별시 광진구 광나루로22가길 12,37.54597,127.07553,True,True
620,CCTV,POINT (961673.1271239766 1949415.253446331),G0009,CCTV,서울특별시 광진구 아차산로23길 23-5,37.54327,127.06614,True,True
621,CCTV,POINT (962169.1736203353 1949708.0972592246),G0016,CCTV,서울특별시 광진구 군자로6길 20,37.54593,127.07174,True,True
622,CCTV,POINT (962218.5815225383 1949694.558757936),G0016,CCTV,서울특별시 광진구 군자로6길 51,37.54581,127.0723,True,True
623,CCTV,POINT (963095.9527943694 1950925.4491562543),G0038,CCTV,서울특별시 광진구 천호대로111길 9,37.55694,127.08217,True,True
624,CCTV,POINT (963188.2005621931 1950814.092958676),G0038,CCTV,서울특별시 광진구 천호대로 585,37.55594,127.08322,True,True
625,CCTV,POINT (963252.363996483 1950942.5068104982),G0038,CCTV,서울특별시 광진구 천호대로 115길 29,37.5571,127.08394,True,True
626,CCTV,POINT (963189.3294207996 1951267.8598625776),G0039,CCTV,서울특별시 광진구 긴고랑로20길 28,37.56003,127.08321,True,True
627,CCTV,POINT (962466.3959180237 1951360.964112036),G0028,CCTV,서울특별시 광진구 동일로 338,37.56084,127.07502,True,True
628,CCTV,POINT (962535.4781361922 1951599.1877730398),G0028,CCTV,서울특별시 광진구 동일로 360,37.56299,127.07579,True,True
629,CCTV,POINT (962760.6771504031 1951399.5795276556),G0028,CCTV,서울특별시 광진구 동일로68길 49,37.5612,127.07835,True,True
630,CCTV,POINT (963448.6063237098 1952382.838657745),G0052,CCTV,서울특별시 광진구 용마산로 183,37.57009,127.08609,True,True
631,CCTV,POINT (963546.7165930729 1951397.1998036064),G0050,CCTV,서울특별시 광진구 용마산로22길 5-8,37.56121,127.08725,True,True
632,CCTV,POINT (963614.6041953885 1951773.011267274),G0051,CCTV,서울특별시 광진구 용마산로22길 19-19,37.5646,127.088,True,True
633,CCTV,POINT (963831.102039808 1951395.9557672006),G0060,CCTV,서울특별시 광진구 용마산로8라길 30,37.56121,127.09047,True,True
634,CCTV,POINT (963990.1432728932 1950596.4491820873),G0058,CCTV,서울특별시 광진구 자양로51길 28,37.55401,127.09231,True,True
636,CCTV,POINT (963645.7596337107 1950417.1071176133),G0048,CCTV,서울특별시 광진구 능동로36길 186,37.55238,127.08842,True,True
637,CCTV,POINT (963774.6399341435 1950195.7603900738),G0048,CCTV,서울특별시 광진구 자양로41길 26-9,37.55039,127.08989,True,True
638,CCTV,POINT (963921.5252490991 1950253.9225145031),G0058,CCTV,서울특별시 광진구 자양로 282,37.55092,127.09155,True,True
639,CCTV,POINT (963464.6654682554 1950011.8378101513),G0047,CCTV,서울특별시 광진구 자양로37길 38,37.54872,127.08639,True,True
640,CCTV,POINT (963030.9409589666 1948026.708042774),G0032,CCTV,서울특별시 광진구 뚝섬로52가길 42,37.53081,127.08158,True,True
641,CCTV,POINT (962888.9084493908 1948076.1574743914),G0032,CCTV,서울특별시 광진구 뚝섬로52가길 10,37.53125,127.07997,True,True
642,CCTV,POINT (961324.1867346597 1948278.5587145744),G0007,CCTV,서울특별시 광진구 뚝섬로24길 74,37.53301,127.06225,True,True
643,CCTV,POINT (963454.6693589997 1952155.370922334),G0052,CCTV,서울특별시 광진구 용마산로 160,37.56804,127.08617,True,True
644,CCTV,POINT (961774.6013740276 1948621.5179144703),G0008,CCTV,서울특별시 광진구 뚝섬로31가길 12,37.53612,127.06733,True,True
645,CCTV,POINT (962870.4561237765 1948494.507296825),G0033,CCTV,서울특별시 광진구 자양로15길 72,37.53502,127.07974,True,True
646,CCTV,POINT (962178.0858304275 1950307.168653868),G0017,CCTV,서울특별시 광진구 군자로 96-14,37.55133,127.07181,True,True
648,CCTV,POINT (963863.828167444 1951406.9078959953),G0060,CCTV,서울특별시 광진구 용마산로8마길 26,37.56131,127.09084,True,True
649,CCTV,POINT (963007.4506262529 1951876.6568375453),G0040,CCTV,서울특별시 광진구 면목로 136-1,37.56551,127.08112,True,True
650,CCTV,POINT (963265.9193998923 1948015.680825104),G0032,CCTV,서울특별시 광진구 뚝섬로58가길 9,37.53072,127.08424,True,True
651,CCTV,POINT (964117.3389277172 1948552.268002601),G0054,CCTV,서울특별시 광진구 강변역로 53,37.53559,127.09385,True,True
652,CCTV,POINT (963238.5737470876 1948624.896421065),G0034,CCTV,서울특별시 광진구 자양로 96,37.53621,127.0839,True,True
653,CCTV,POINT (963597.4636256616 1949071.538983447),G0045,CCTV,서울특별시 광진구 구의로3길 11,37.54025,127.08794,True,True
654,CCTV,POINT (963725.2899656984 1949008.8499087484),G0045,CCTV,서울특별시 광진구 구의로 19,37.53969,127.08939,True,True
655,CCTV,POINT (962831.3209619824 1951199.5586978202),G0039,CCTV,서울특별시 광진구 천호대로107길 40,37.5594,127.07916,True,True
656,CCTV,POINT (961919.9003057961 1950058.7185120129),G0016,CCTV,서울특별시 광진구 동일로32길 14-6,37.54908,127.0689,True,True
657,CCTV,POINT (962381.2344297539 1950888.7161640725),G0027,CCTV,서울특별시 광진구 면목로 5길 36,37.55658,127.07408,True,True
658,CCTV,POINT (962031.1584865446 1949082.9883401901),G0014,CCTV,서울특별시 광진구 아차산로 241,37.54029,127.07021,True,True
659,CCTV,POINT (964022.2081941117 1951065.6139147968),G0059,CCTV,서울특별시 광진구 영화사로3길 53,37.55824,127.09265,True,True
660,CCTV,POINT (962698.6389129581 1948008.2227297977),G0021,CCTV,서울특별시 광진구 뚝섬로50길 39,37.53063,127.07782,True,True
661,CCTV,POINT (964069.7547585177 1948785.46053047),G0055,CCTV,서울특별시 광진구 구의강변로 77,37.53769,127.0933,True,True
662,CCTV,POINT (963193.3664908163 1948990.1098868973),G0034,CCTV,서울특별시 광진구 자양로 130,37.5395,127.08337,True,True
663,CCTV,POINT (961649.5695172506 1948905.0077928444),G0008,CCTV,서울특별시 광진구 뚝섬로23가길 35,37.53867,127.0659,True,True
664,CCTV,POINT (961793.7930751604 1948568.175323485),G0013,CCTV,서울특별시 광진구 뚝섬로 515,37.53564,127.06755,True,True
665,CCTV,POINT (961893.3597263858 1950049.9645211352),G0016,CCTV,서울특별시 광진구 광나루로13길 16,37.549,127.0686,True,True
666,CCTV,POINT (962291.4274838722 1949589.9379068117),G0024,CCTV,서울특별시 광진구 능동로 160,37.54487,127.07313,True,True
667,CCTV,POINT (962305.77587072 1949831.7363469366),G0025,CCTV,서울특별시 광진구 능동로19길 10,37.54705,127.07328,True,True
668,CCTV,POINT (962575.5916938428 1949721.7884643853),G0025,CCTV,서울특별시 광진구 광나루로 424,37.54607,127.07634,True,True
669,CCTV,POINT (962560.9506370655 1950393.0814436467),G0026,CCTV,서울특별시 광진구 능동로23길 12,37.55212,127.07614,True,True
670,CCTV,POINT (962632.5162906632 1948826.1941765815),G0023,CCTV,서울특별시 광진구 아차산로 306,37.538,127.07703,True,True
671,CCTV,POINT (963129.3313176546 1949292.1679611574),G0035,CCTV,서울특별시 광진구 자양로23나길 7,37.54222,127.08263,True,True
672,CCTV,POINT (963544.0460936815 1948776.6561885995),G0045,CCTV,서울특별시 광진구 아차산로 401,37.53759,127.08735,True,True
673,CCTV,POINT (963690.3019242404 1948078.1643804673),G0043,CCTV,서울특별시 광진구 뚝섬로64길 50,37.5313,127.08904,True,True
674,CCTV,POINT (964399.3794831297 1950248.531675694),G0067,CCTV,서울특별시 광진구 자양로44길 113,37.55089,127.09696,True,True
675,CCTV,POINT (965317.8198742641 1949774.2330852207),G0083,CCTV,서울특별시 광진구 아차산로76길 34,37.54665,127.10738,True,True
676,CCTV,POINT (965489.6261541178 1950090.8233348315),G0083,CCTV,서울특별시 광진구 아차산로78가길 3,37.54951,127.10931,True,True
677,CCTV,POINT (963474.6031566442 1949057.6552698857),G0045,CCTV,서울특별시 광진구 아차산로55길 61,37.54012,127.08655,True,True
678,CCTV,POINT (963109.3509796768 1948373.6212004137),G0033,CCTV,서울특별시 광진구 뚝섬로57길 50,37.53394,127.08245,True,True
679,CCTV,POINT (963168.8951402114 1947854.1289138044),G0032,CCTV,서울특별시 광진구 자양로3길 65-9,37.52926,127.08315,True,True
680,CCTV,POINT (962101.9424352287 1950461.7317956795),G0017,CCTV,서울특별시 광진구 군자로13길 18-7,37.55272,127.07094,True,True
681,CCTV,POINT (962379.539963511 1951099.5227610883),G0027,CCTV,서울특별시 광진구 동일로60길 14,37.55848,127.07405,True,True
682,CCTV,POINT (963951.1252736744 1950561.1156239356),G0058,CCTV,서울특별시 광진구 천호대로129길 49,37.55369,127.09187,True,True
683,CCTV,POINT (961528.125476708 1948625.9839864834),G0008,CCTV,서울특별시 광진구 뚝섬로26길 5,37.53615,127.06454,True,True
684,CCTV,POINT (964293.0464148693 1950992.3293333799),G0068,CCTV,서울특별시 광진구 영화사로9나길 32,37.55759,127.09572,True,True
685,CCTV,POINT (963691.2132819833 1949297.4590986439),G0046,CCTV,서울특별시 광진구 광나루로40길 56,37.54229,127.08899,True,True
686,CCTV,POINT (964110.9842889793 1950352.9532733036),G0058,CCTV,서울특별시 광진구 자양로50길 22-8,37.55182,127.09369,True,True
687,CCTV,POINT (963611.3398457057 1951431.309724367),G0050,CCTV,서울특별시 광진구 용마산로14길 9-5,37.56152,127.08798,True,True
688,CCTV,POINT (963421.2815219152 1950991.6868132383),G0049,CCTV,서울특별시 광진구 천호대로119길 61,37.55755,127.08585,True,True
689,CCTV,POINT (963974.1555327774 1949965.2333851934),G0057,CCTV,서울특별시 광진구 자양로42길 44 (구의동),37.54832,127.09216,True,True
690,CCTV,POINT (964161.5718473643 1949180.0323139376),G0056,CCTV,서울특별시 광진구 광나루로52길 12 (구의동),37.54125,127.09432,True,True
691,CCTV,POINT (963987.7611082762 1948824.6467106699),G0055,CCTV,서울특별시 광진구 아차산로60길 13-8,37.53804,127.09237,True,True
692,CCTV,POINT (963837.9261624394 1949109.3198995022),G0056,CCTV,서울특별시 광진구 아차산로59길 49 (구의동),37.5406,127.09066,True,True
693,CCTV,POINT (963880.547207776 1949362.0919409085),G0056,CCTV,서울특별시 광진구 광나루로44길 32 (구의동),37.54288,127.09113,True,True
694,CCTV,POINT (964202.7081720813 1948680.5972244104),G0055,CCTV,서울특별시 광진구 광나루로56길 86 (구의동),37.53675,127.09481,True,True
695,CCTV,POINT (964177.3744783452 1948747.2740952582),G0055,CCTV,서울특별시 광진구 광나루로56길 86 (구의동),37.53735,127.09452,True,True
696,CCTV,POINT (962350.9175033431 1950825.613928309),G0027,CCTV,서울특별시 광진구 동일로56길 29 (군자동),37.55601,127.07374,True,True
697,CCTV,POINT (963165.2701395918 1950423.662599371),G0037,CCTV,서울특별시 광진구 천호대로116길 66 (능동),37.55242,127.08298,True,True
698,CCTV,POINT (962839.01941422 1950551.595475189),G0037,CCTV,서울특별시 광진구 능동로30길 23 (능동),37.55356,127.07928,True,True
699,CCTV,POINT (962852.3578887292 1950571.5061846888),G0037,CCTV,서울특별시 광진구 능동로30길 23 (능동),37.55374,127.07943,True,True
700,CCTV,POINT (963088.34889689 1948419.2024340006),G0033,CCTV,서울특별시 광진구 자양로13길 41 (자양동),37.53435,127.08221,True,True
701,CCTV,POINT (962691.5053975539 1948584.0659928757),G0022,CCTV,서울특별시 광진구 아차산로40길 46 (자양동),37.53582,127.07771,True,True
702,CCTV,POINT (963583.7974310336 1948170.7157213609),G0044,CCTV,서울특별시 광진구 뚝섬로62길 24 (자양동),37.53213,127.08783,True,True
703,CCTV,POINT (961995.9903152891 1948347.5740403016),G0013,CCTV,서울특별시 광진구 뚝섬로34길 25-19 (자양동),37.53366,127.06985,True,True
704,CCTV,POINT (961855.7142211422 1948969.517157356),G0014,CCTV,서울특별시 광진구 아차산로32길 17 (자양동),37.53926,127.06823,True,True
705,CCTV,POINT (961884.8017080748 1948954.9605980911),G0014,CCTV,서울특별시 광진구 아차산로32길 17 (자양동),37.53913,127.06856,True,True
706,CCTV,POINT (963048.0330869762 1948889.7939167286),G0034,CCTV,서울특별시 광진구 자양1동 859-1,37.53859,127.08173,True,True
707,CCTV,POINT (961816.4731104826 1948504.8315699333),G0013,CCTV,서울특별시 광진구 자양4동 553-22,37.53507,127.06781,True,True
708,CCTV,POINT (961688.1603990095 1948269.1062729002),G0007,CCTV,서울특별시 광진구 자양4동 74-21,37.53294,127.06637,True,True
709,CCTV,POINT (962850.7386142432 1951788.5993308313),G0040,CCTV,서울특별시 광진구 긴고랑로5길 10 (중곡동),37.56471,127.07935,True,True
710,CCTV,POINT (963267.7426430907 1951224.2432989387),G0039,CCTV,서울특별시 광진구 긴고랑로5길 10 (중곡동),37.55964,127.0841,True,True
711,CCTV,POINT (963307.2644844837 1952372.3677602098),G0052,CCTV,서울특별시 광진구 용마산로33길 25 (중곡동),37.56999,127.08449,True,True
712,CCTV,POINT (963976.538160164 1950921.5814591341),G0059,CCTV,서울특별시 광진구 영화사로7길 25 (중곡동),37.55694,127.09214,True,True
713,CCTV,POINT (963868.919114099 1951156.1463939215),G0060,CCTV,서울특별시 광진구 영화사로7길 25 (중곡동),37.55905,127.09091,True,True
714,CCTV,POINT (961811.7268684265 1949778.520081736),G0016,CCTV,서울특별시 광진구 동일로28길 16 (화양동),37.54655,127.06769,True,True
715,CCTV,POINT (961732.115378725 1949371.7122772522),G0009,CCTV,서울특별시 광진구 아차산로25길 27 (화양동),37.54288,127.06681,True,True
716,CCTV,POINT (962177.4422200051 1949777.955969367),G0016,CCTV,서울특별시 광진구 화양동 110-34,37.54656,127.07183,True,True
717,CCTV,POINT (962072.1876255132 1949555.433270126),G0015,CCTV,서울특별시 광진구 군자로3길 15 (화양동),37.54455,127.07065,True,True
718,CCTV,POINT (961993.8003462686 1949220.7328984607),G0015,CCTV,서울특별시 광진구 아차산로31길 14 (화양동),37.54153,127.06978,True,True
719,CCTV,POINT (963097.7700314359 1947954.2959867113),G0032,CCTV,서울특별시 광진구 뚝섬로56길 28 (자양동),37.53016,127.08234,True,True
720,CCTV,POINT (964199.8607413116 1950069.6563495102),G0057,CCTV,서울특별시 광진구 천호대로 717-18 (구의동),37.54927,127.09471,True,True
721,CCTV,POINT (964352.123590434 1949940.3036021618),G0066,CCTV,서울특별시 광진구 천호대로 717-18 (구의동),37.54811,127.09644,True,True
722,CCTV,POINT (964403.271654696 1949920.1138708154),G0066,CCTV,서울특별시 광진구 천호대로 717-18 (구의동),37.54793,127.09702,True,True
723,CCTV,POINT (964507.4774568927 1949913.011084665),G0066,CCTV,서울특별시 광진구 천호대로 717-18 (구의동),37.54787,127.0982,True,True
724,CCTV,POINT (964519.6736070896 1949873.0183112766),G0066,CCTV,서울특별시 광진구 천호대로 717-18 (구의동),37.54751,127.09834,True,True
725,CCTV,POINT (964509.4068354688 1949744.36451769),G0066,CCTV,서울특별시 광진구 천호대로 760,37.54635,127.09823,True,True
726,CCTV,POINT (962282.9440521251 1950639.5318793654),G0018,CCTV,서울특별시 광진구 동일로52길 27,37.55433,127.07298,True,True
727,CCTV,POINT (964242.4962305621 1950739.588931069),G0059,CCTV,서울특별시 광진구  구의동 560-5,37.55531,127.09516,True,True
728,CCTV,POINT (963804.1844320821 1948664.57254186),G0055,CCTV,서울특별시 광진구 구의강변로3길 39,37.53659,127.0903,True,True
729,CCTV,POINT (962726.4292725106 1948294.3393771255),G0022,CCTV,서울특별시 광진구 자양로13다길 34,37.53321,127.07812,True,True
730,CCTV,POINT (963651.203034425 1948027.3001149995),G0043,CCTV,서울특별시 광진구  자양동 689-6,37.53084,127.0886,True,True
731,CCTV,POINT (962397.1891824797 1948169.344025911),G0022,CCTV,서울특별시 광진구 자양번영로3길 16 (자양동),37.53207,127.0744,True,True
732,CCTV,POINT (965010.0801268455 1949696.7521369555),G0075,CCTV,서울특별시 광진구 아차산로73길 15 (광장동),37.54594,127.1039,True,True
733,CCTV,POINT (964718.7186872492 1949940.9569935205),G0066,CCTV,서울특별시 광진구 광장로1가길 31 (광장동),37.54813,127.10059,True,True
734,CCTV,POINT (964553.5227360199 1949731.9720263588),G0066,CCTV,서울특별시 광진구 천호대로 760,37.54624,127.09873,True,True
735,CCTV,POINT (964575.7581910216 1949767.3799520768),G0066,CCTV,서울특별시 광진구 천호대로 760,37.54656,127.09898,True,True
736,CCTV,POINT (962727.2855160146 1952224.0647367912),G0030,CCTV,서울특별시 광진구 도로명주소 없음,37.56863,127.07793,True,True
737,CCTV,POINT (964792.5673052649 1950066.012846474),G0075,CCTV,서울특별시 광진구 도로명주소 없음,37.54926,127.10142,True,True
738,CCTV,POINT (964783.9692966723 1950121.522437404),G0067,CCTV,서울특별시 광진구 도로명주소 없음,37.54976,127.10132,True,True
739,CCTV,POINT (964595.809563432 1949497.6951413334),G0065,CCTV,서울특별시 광진구 천호대로140길 60,37.54413,127.09922,True,True
740,CCTV,POINT (964641.8400897845 1949519.6882976152),G0065,CCTV,서울특별시 광진구 천호대로140길 60,37.54433,127.09974,True,True
741,CCTV,POINT (964604.8845474587 1949554.2390242955),G0065,CCTV,서울특별시 광진구 천호대로140길 60,37.54464,127.09932,True,True
742,CCTV,POINT (964729.9687848099 1949677.966648017),G0066,CCTV,서울특별시 광진구 천호대로140길 60,37.54576,127.10073,True,True
743,CCTV,POINT (961283.4787557685 1948643.7624384658),G0004,CCTV,서울특별시 광진구 자양4동 199-4,37.5363,127.06177,True,True
744,CCTV,POINT (963645.2380523288 1949692.6291687668),G0047,CCTV,서울특별시 광진구 구의1동 668-5,37.54585,127.08845,True,True
745,CCTV,POINT (965320.6938635728 1950039.3823927988),G0083,CCTV,서울특별시 광진구 광장동 344-10,37.54904,127.1074,True,True
746,CCTV,POINT (961807.1473814618 1948590.3032200893),G0013,CCTV,서울특별시 광진구 자양3동 784-2,37.53584,127.0677,True,True
747,CCTV,POINT (964587.7493714096 1950093.5108459736),G0066,CCTV,서울특별시 광진구 광장동 381-44,37.5495,127.0991,True,True
748,CCTV,POINT (964341.2047046283 1951511.352110333),G0069,CCTV,서울특별시 광진구 용마도시자연공원-사무실,37.56227,127.09624,True,True
749,CCTV,POINT (964332.358683437 1951508.0617206723),G0069,CCTV,서울특별시 광진구 용마도시자연공원-입구,37.56224,127.09614,True,True
750,CCTV,POINT (964281.115595383 1951503.8442127584),G0060,CCTV,서울특별시 광진구 용마도시자연공원-화장실 뒤,37.5622,127.09556,True,True
751,CCTV,POINT (964335.3943353822 1951597.9154103543),G0069,CCTV,서울특별시 광진구 용마도시자연공원-체험장,37.56305,127.09617,True,True
752,CCTV,POINT (964371.589718436 1951594.4315647453),G0069,CCTV,서울특별시 광진구 용마도시자연공원-사방댐,37.56302,127.09658,True,True
753,CCTV,POINT (964351.4532750389 1951635.568264353),G0070,CCTV,서울특별시 광진구 용마도시자연공원-산불장비,37.56339,127.09635,True,True
754,CCTV,POINT (964355.3527859992 1951720.980401259),G0070,CCTV,서울특별시 광진구 용마도시자연공원-쌍용골,37.56416,127.09639,True,True
755,CCTV,POINT (964445.007160449 1951827.104593604),G0070,CCTV,서울특별시 광진구 용마도시자연공원-유화교,37.56512,127.0974,True,True
756,CCTV,POINT (964533.7619023487 1951929.9051912068),G0070,CCTV,서울특별시 광진구 용마도시자연공원-청용골,37.56605,127.0984,True,True
757,CCTV,POINT (964562.2304180332 1951978.6000937494),G0070,CCTV,서울특별시 광진구 용마도시자연공원-마지막골,37.56649,127.09872,True,True
758,CCTV,POINT (964649.4826126838 1950484.8883347767),G0067,CCTV,서울특별시 광진구 아차산생태공원-사무실,37.55303,127.09978,True,True
759,CCTV,POINT (964641.3204831519 1950434.9972308113),G0067,CCTV,서울특별시 광진구 아차산생태공원-공원입구,37.55258,127.09969,True,True
760,CCTV,POINT (964726.8248602969 1950393.583416474),G0067,CCTV,서울특별시 광진구 아차산생태공원-소각장,37.55221,127.10066,True,True
761,CCTV,POINT (964725.1808230059 1950422.4364463466),G0067,CCTV,서울특별시 광진구 아차산생태공원-다목적,37.55247,127.10064,True,True
762,CCTV,POINT (964759.308848796 1950346.8480327635),G0067,CCTV,서울특별시 광진구 아차산생태공원-생태자료,37.55179,127.10103,True,True
763,CCTV,POINT (964767.7981676538 1950265.8212044232),G0067,CCTV,서울특별시 광진구 아차산생태공원-습지,37.55106,127.10113,True,True
764,CCTV,POINT (964786.9134214962 1950607.4548034773),G0067,CCTV,서울특별시 광진구 아차산생태공원-토요,37.55414,127.10133,True,True
765,CCTV,POINT (964812.99837539 1950718.2905752177),G0077,CCTV,서울특별시 광진구 아차산생태공원-상록천,37.55514,127.10162,True,True
766,CCTV,POINT (964879.776713497 1951053.065920034),G0077,CCTV,서울특별시 광진구 아차산생태공원-고구려정1,37.55816,127.10236,True,True
767,CCTV,POINT (964901.77278888 1951033.0025399488),G0077,CCTV,서울특별시 광진구 아차산생태공원-고구려정2,37.55798,127.10261,True,True
768,CCTV,POINT (964687.7100161396 1950334.9481165367),G0067,CCTV,서울특별시 광진구 아차산생태공원-공영주차,37.55168,127.10022,True,True
769,CCTV,POINT (964810.8488477976 1951253.0614069235),G0078,CCTV,서울특별시 광진구 아차산생태공원-해맞이공원,37.55996,127.10157,True,True
770,CCTV,POINT (963348.5902356415 1951931.7261672632),G0051,CCTV,서울특별시 광진구 중곡 4동 30-75,37.56602,127.08498,True,True
771,CCTV,POINT (961922.4986923217 1948698.5012980672),G0014,CCTV,서울특별시 광진구 자양4동 547-16,37.53682,127.069,True,True
772,CCTV,POINT (964649.9974772866 1950398.3479920726),G0067,CCTV,서울특별시 광진구 공원방범(아차산어울림광장1),37.55225,127.09979,True,True
773,CCTV,POINT (964742.5262349481 1950346.9192763749),G0067,CCTV,서울특별시 광진구 공원방범(아차산어울림광장2),37.55179,127.10084,True,True
774,CCTV,POINT (964536.6387798836 1950742.7651667846),G0068,CCTV,서울특별시 광진구 영화사로107,37.55535,127.09849,True,True
775,CCTV,POINT (964770.5626975233 1950501.0156708458),G0067,CCTV,서울특별시 광진구 구의동3-11,37.55318,127.10115,True,True
776,CCTV,POINT (964208.7274669942 1950077.3843739196),G0057,CCTV,서울특별시 광진구 천호대로 717-18,37.54934,127.09481,True,True
777,CCTV,POINT (964999.7709695485 1950394.6473395964),G0076,CCTV,서울특별시 광진구 광장동 5-113,37.55223,127.10375,True,True
778,CCTV,POINT (962745.7472289939 1948267.6256346442),G0022,CCTV,서울특별시 광진구 자양로13다길 34,37.53297,127.07834,True,True
779,CCTV,POINT (961852.7218222826 1948510.2123830959),G0013,CCTV,서울특별시 광진구 자양동 553-22,37.53512,127.06822,True,True
780,CCTV,POINT (962675.7913548877 1951966.8992850338),G0029,CCTV,서울특별시 광진구 동일로 399,37.56631,127.07736,True,True
781,CCTV,POINT (963967.6046913104 1950898.3214558694),G0059,CCTV,서울특별시 광진구 영화사로 7길 25,37.55673,127.09204,True,True
782,CCTV,POINT (963875.8544428421 1951126.1606329796),G0060,CCTV,서울특별시 광진구 긴고랑로 143,37.55878,127.09099,True,True
783,CCTV,POINT (963677.2134577575 1950338.1974579964),G0048,CCTV,서울특별시 광진구 능동로 216,37.55167,127.08878,True,True
784,CCTV,POINT (964501.08540145 1949864.2220442253),G0066,CCTV,서울특별시 광진구 구의동 38-17,37.54743,127.09813,True,True
785,CCTV,POINT (964183.3291586086 1948693.9942810999),G0055,CCTV,서울특별시 광진구 광나루로 56길 86,37.53687,127.09459,True,True
786,CCTV,POINT (963873.4269217205 1949349.918815579),G0056,CCTV,서울특별시 광진구 광나루로 44길 32,37.54277,127.09105,True,True
787,CCTV,POINT (962687.9017051591 1948568.549688915),G0022,CCTV,서울특별시 광진구 아차산로40길 46,37.53568,127.07767,True,True
788,CCTV,POINT (963584.5788561718 1948147.4136109),G0044,CCTV,서울특별시 광진구 뚝섬로 62길24,37.53192,127.08784,True,True
789,CCTV,POINT (961839.8414036427 1949745.10684989),G0016,CCTV,서울특별시 광진구 동일로28길 16,37.54625,127.06801,True,True
790,CCTV,POINT (961982.2752976608 1949211.9099137804),G0015,CCTV,서울특별시 광진구 아차산로 31길 14,37.54145,127.06965,True,True
791,CCTV,POINT (964784.2246273739 1950390.0113882334),G0067,CCTV,서울특별시 광진구 영화사로 139,37.55218,127.10131,True,True
792,CCTV,POINT (964423.1069299126 1950632.3044636848),G0068,CCTV,서울특별시 광진구 영화사로 139,37.55435,127.09721,True,True
793,CCTV,POINT (962322.7860615983 1949881.5851352722),G0025,CCTV,서울특별시 광진구 광나루로 389,37.5475,127.07347,True,True
794,CCTV,POINT (963968.2618985254 1948198.9951242562),G0054,CCTV,서울특별시 광진구 구의동 624-1,37.5324,127.09218,True,True
795,CCTV,POINT (964175.7544150196 1949191.0657570574),G0056,CCTV,서울특별시 광진구 광나루로52길 12,37.54135,127.09448,True,True
796,CCTV,POINT (964221.3423309707 1948699.3777944504),G0055,CCTV,서울특별시 광진구 광나루로56길 86,37.53692,127.09502,True,True
797,CCTV,POINT (963876.8583491223 1951153.8929108568),G0060,CCTV,서울특별시 광진구 중곡동 68-19,37.55903,127.091,True,True
798,CCTV,POINT (964772.7167617074 1950175.9338411202),G0067,CCTV,서울특별시 광진구 광장동 378-76,37.55025,127.10119,True,True
799,CCTV,POINT (963974.1555327774 1949965.2333851934),G0057,CCTV,서울특별시 광진구 자양로42길 44,37.54832,127.09216,True,True
800,CCTV,POINT (963987.7611082762 1948824.6467106699),G0055,CCTV,서울특별시 광진구 구의강변로 69,37.53804,127.09237,True,True
801,CCTV,POINT (961811.7268684265 1949778.520081736),G0016,CCTV,서울특별시 광진구 동일로28길 16,37.54655,127.06769,True,True
802,CCTV,POINT (962630.7249807059 1951568.802749679),G0028,CCTV,서울특별시 광진구 중곡1동 248-29,37.56272,127.07687,True,True
803,CCTV,POINT (963220.5710667284 1950744.0531172073),G0038,CCTV,서울특별시 광진구 능동 237-3,37.55531,127.08359,True,True
804,CCTV,POINT (963399.9132961384 1949951.1023855545),G0047,CCTV,서울특별시 광진구 구의2동 612-35,37.54817,127.08566,True,True
805,CCTV,POINT (962568.9131407151 1949611.9814846711),G0025,CCTV,서울특별시 광진구 화양동 523-2,37.54508,127.07627,True,True
806,CCTV,POINT (964277.9074555023 1951374.0505270844),G0060,CCTV,서울특별시 광진구 중곡4동 72-122,37.56103,127.09553,True,True
807,CCTV,POINT (964852.3819086346 1949380.1119898781),G0074,CCTV,서울특별시 광진구 광장동 236-1,37.54308,127.10213,True,True
808,CCTV,POINT (963693.1816959641 1947928.3745901042),G0043,CCTV,서울특별시 광진구 자양2동 813-1,37.52995,127.08908,True,True
809,CCTV,POINT (962038.3458887402 1950462.0223108262),G0017,CCTV,서울특별시 광진구 군자동 340-10,37.55272,127.07022,True,True
810,CCTV,POINT (962881.7172774945 1948642.0155651425),G0034,CCTV,서울특별시 광진구 자양1동 231-63,37.53635,127.07986,True,True
811,CCTV,POINT (963949.0484648853 1948047.082359644),G0053,CCTV,서울특별시 광진구 구의3동 624-5,37.53103,127.09197,True,True
812,CCTV,POINT (964189.1595876227 1948611.8690238078),G0055,CCTV,서울특별시 광진구 강변역로 40-2,37.53613,127.09466,True,True
813,CCTV,POINT (964323.418779699 1949221.495165326),G0065,CCTV,서울특별시 광진구 광장동 516-2,37.54163,127.09615,True,True
814,CCTV,POINT (964130.8942716835 1950054.4214636954),G0057,CCTV,서울특별시 광진구 천호대로 717-18,37.54913,127.09393,True,True
815,CCTV,POINT (964177.7249626836 1950057.5477085814),G0057,CCTV,서울특별시 광진구 천호대로 717-18,37.54916,127.09446,True,True
816,CCTV,POINT (963022.3438494237 1948874.3757365467),G0034,CCTV,서울특별시 광진구 자양1동 859-1,37.53845,127.08144,True,True
817,CCTV,POINT (964904.3381129765 1950386.1744508022),G0076,CCTV,서울특별시 광진구 영화사로 139,37.55215,127.10267,True,True
818,CCTV,POINT (964939.7212892849 1950398.2290658571),G0076,CCTV,서울특별시 광진구 광장동 5-112,37.55226,127.10307,True,True
819,CCTV,POINT (965050.8617110954 1950361.1482574937),G0076,CCTV,서울특별시 광진구 광장동 5-143,37.55193,127.10433,True,True
820,CCTV,POINT (964998.1821060316 1950436.8136271741),G0076,CCTV,서울특별시 광진구 광장동 5-112,37.55261,127.10373,True,True
821,CCTV,POINT (964979.8904669072 1950497.9112201347),G0076,CCTV,서울특별시 광진구 광장동 5-112,37.55316,127.10352,True,True
822,CCTV,POINT (965027.0173629669 1950572.0466107593),G0076,CCTV,서울특별시 광진구 광장동 5-112,37.55383,127.10405,True,True
823,CCTV,POINT (965029.026897693 1950629.7302311712),G0077,CCTV,서울특별시 광진구 광장동 5-112,37.55435,127.10407,True,True
824,CCTV,POINT (964717.5376675499 1950494.5840409368),G0067,CCTV,서울특별시 광진구 구의동 3,37.55312,127.10055,True,True
825,CCTV,POINT (964752.7511176722 1950466.6978983018),G0067,CCTV,서울특별시 광진구 광장동 5-127,37.55287,127.10095,True,True
826,CCTV,POINT (964767.7951695438 1950473.2908295314),G0067,CCTV,서울특별시 광진구 광장동 5-124,37.55293,127.10112,True,True
827,CCTV,POINT (964496.6361843321 1950683.0250667592),G0068,CCTV,서울특별시 광진구 영화사로 107,37.55481,127.09804,True,True
828,CCTV,POINT (964514.0345828407 1950827.181034068),G0068,CCTV,서울특별시 광진구 구의동 3-3,37.55611,127.09823,True,True
829,CCTV,POINT (964460.1709124292 1950830.7398304336),G0068,CCTV,서울특별시 광진구 구의동 3-3,37.55614,127.09762,True,True
830,CCTV,POINT (964386.068822158 1950852.137201871),G0068,CCTV,서울특별시 광진구 구의동 3-3,37.55633,127.09678,True,True
831,CCTV,POINT (964346.3848709292 1950866.7305704716),G0068,CCTV,서울특별시 광진구 구의동 3-3,37.55646,127.09633,True,True
832,CCTV,POINT (964321.7351910186 1950885.697365949),G0068,CCTV,서울특별시 광진구 중곡동 143-141,37.55663,127.09605,True,True
833,CCTV,POINT (964384.4927169848 1950896.5225476895),G0068,CCTV,서울특별시 광진구 구의동 3-3,37.55673,127.09676,True,True
834,CCTV,POINT (964290.8504761573 1950892.4869398759),G0068,CCTV,서울특별시 광진구 중곡동 143-141,37.55669,127.0957,True,True
835,CCTV,POINT (963861.4394513351 1951466.8294802294),G0060,CCTV,서울특별시 광진구 중곡동 143-119,37.56185,127.09081,True,True
836,CCTV,POINT (963903.4505493677 1951582.03119193),G0060,CCTV,서울특별시 광진구 용마산로22길 26,37.56289,127.09128,True,True
837,CCTV,POINT (963803.8087626151 1952164.9354118528),G0062,CCTV,서울특별시 광진구 중곡동 176-122,37.56814,127.090123,True,True
838,CCTV,POINT (963831.7886141143 1952161.4850157315),G0062,CCTV,서울특별시 광진구 중곡동 176-122,37.56811,127.09044,True,True
839,CCTV,POINT (963834.321883881 1952134.8467518834),G0062,CCTV,서울특별시 광진구 중곡동 176-122,37.56787,127.09047,True,True
840,CCTV,POINT (963782.0830589244 1952104.009478278),G0051,CCTV,서울특별시 광진구 중곡동 176-112,37.56759,127.08988,True,True
841,CCTV,POINT (964591.409960549 1950744.7503238271),G0068,CCTV,서울특별시 광진구 구의동 3-17,37.55537,127.09911,True,True
842,CCTV,POINT (964643.3990622108 1950715.6826978566),G0068,CCTV,서울특별시 광진구 구의동 3-17,37.55511,127.0997,True,True
843,CCTV,POINT (964702.4781840876 1950692.1325764898),G0068,CCTV,서울특별시 광진구 구의동 3-17,37.5549,127.10037,True,True
844,CCTV,POINT (964733.4016661448 1950694.2200936864),G0068,CCTV,서울특별시 광진구 구의동 3-17,37.55492,127.10072,True,True
845,CCTV,POINT (961754.1289007005 1949356.0783589787),G0009,CCTV,서울특별시 광진구 아차산로25길 27,37.54274,127.06706,True,True
846,CCTV,POINT (963838.790271879 1949104.8782880367),G0055,CCTV,서울특별시 광진구 아차산로59길 49,37.54056,127.09067,True,True
847,CCTV,POINT (963796.5310623639 1952197.1417232535),G0062,CCTV,서울특별시 광진구 중곡동 176-133,37.56843,127.090039,True,True
848,CCTV,POINT (964355.5689091135 1951565.6542372038),G0069,CCTV,서울특별시 광진구 중곡동 143-146,37.56276,127.0964,True,True
849,CCTV,POINT (964408.1371849675 1951673.0468419648),G0070,CCTV,서울특별시 광진구 중곡동 143-146,37.56373,127.09699,True,True
850,CCTV,POINT (964834.9518286206 1950354.293584159),G0076,CCTV,서울특별시 광진구 광장동 5-117,37.55186,127.101886,True,True
851,CCTV,POINT (964913.9324296522 1950357.2878677272),G0076,CCTV,서울특별시 광진구 광장동 5-117,37.55189,127.10278,True,True
852,CCTV,POINT (964946.6471009866 1950364.9159375795),G0076,CCTV,서울특별시 광진구 광장동 5-115,37.55196,127.10315,True,True
853,CCTV,POINT (964850.494922742 1950395.2779069827),G0076,CCTV,서울특별시 광진구 광장동 5-125,37.55223,127.10206,True,True
854,CCTV,POINT (964894.8048888778 1950429.4949031856),G0076,CCTV,서울특별시 광진구 광장동 5-123,37.5525401,127.10256,True,True
855,CCTV,POINT (964818.3367152864 1950456.4345753484),G0076,CCTV,서울특별시 광진구 광장동 5-124,37.55278,127.101693,True,True
856,CCTV,POINT (964865.1580588338 1950520.5851867895),G0076,CCTV,서울특별시 광진구 구의동 3-10,37.55336,127.10222,True,True
857,CCTV,POINT (964947.541679716 1950576.8196070127),G0076,CCTV,서울특별시 광진구 구의동 3-12,37.55387,127.10315,True,True
858,CCTV,POINT (965022.2458861097 1950697.4360556754),G0077,CCTV,서울특별시 광진구 구의동 3-10,37.55496,127.10399,True,True
859,CCTV,POINT (965058.965601733 1950817.5472719772),G0077,CCTV,서울특별시 광진구 구의동 3-10,37.556044,127.1044,True,True
860,CCTV,POINT (965054.173293345 1950938.0551893413),G0077,CCTV,서울특별시 광진구 구의동 3-8,37.55713,127.10434,True,True
861,CCTV,POINT (962932.9530308073 1952202.0636099337),G0041,CCTV,서울특별시 광진구 동일로76나길 20,37.56844,127.08026,True,True
862,CCTV,POINT (962943.5452707411 1952200.9068350696),G0041,CCTV,서울특별시 광진구 동일로76나길 20,37.56843,127.08038,True,True
863,CCTV,POINT (964910.5644681274 1950814.400987246),G0077,CCTV,서울특별시 광진구 구의동 3-8,37.55601,127.10272,True,True
864,CCTV,POINT (964937.4975946266 1950917.4673273575),G0077,CCTV,서울특별시 광진구 구의동 3-8,37.55694,127.10302,True,True
867,CCTV,POINT (962566.4964703014 1951818.7226668373),G0029,CCTV,서울특별시 광진구 동일로 381-1,37.56497,127.07613,True,True
868,CCTV,POINT (962726.0635616899 1952148.6263016565),G0030,CCTV,서울특별시 광진구 동일로 419-1,37.56795,127.07792,True,True
869,CCTV,POINT (963304.7084585613 1952393.4589716038),G0052,CCTV,서울특별시 광진구 용마산로 33길 25,37.57018,127.08446,True,True
870,CCTV,POINT (962938.2020792018 1952190.9454741878),G0041,CCTV,서울특별시 광진구 동일로 76나길 20,37.56834,127.08032,True,True
871,CCTV,POINT (962830.6901425014 1949677.3737358272),G0036,CCTV,서울특별시 광진구 광나루로 447,37.54568,127.07923,True,True
872,CCTV,POINT (964754.3502570107 1950635.329561697),G0068,CCTV,서울특별시 광진구 영화사로 135-2,37.55439,127.10096,True,True
873,CCTV,POINT (964615.3608967484 1950561.5866705086),G0067,CCTV,서울특별시 광진구 영화사로 135-1,37.55372,127.09939,True,True
874,CCTV,POINT (964220.9936299161 1950054.0327825197),G0057,CCTV,서울특별시 광진구 천호대로 717-17,37.54913,127.09495,True,True
875,CCTV,POINT (964166.9537278498 1949198.8699513269),G0056,CCTV,서울특별시 광진구 광나루로 52길 12,37.54142,127.09438,True,True
876,CCTV,POINT (963840.5281523303 1949098.2139483024),G0055,CCTV,서울특별시 광진구 아차산로 59길 49,37.5405,127.09069,True,True
877,CCTV,POINT (965021.517139097 1949685.6093446203),G0075,CCTV,서울특별시 광진구 아차산로 73길15길,37.54584,127.10403,True,True
878,CCTV,POINT (964740.7032356057 1949917.564911802),G0066,CCTV,서울특별시 광진구 광장로1가길 31,37.54792,127.10084,True,True
879,CCTV,POINT (964718.0155258897 1950399.1681600905),G0067,CCTV,서울특별시 광진구 영화사로 145,37.55226,127.10056,True,True
880,CCTV,POINT (965545.9194139489 1950032.897586911),G0083,CCTV,서울특별시 광진구 아차산로 78길 133,37.54899,127.10995,True,True
881,CCTV,POINT (964514.8065406055 1949767.6401573957),G0066,CCTV,서울특별시 광진구 천호대로 760,37.54656,127.09829,True,True
882,CCTV,POINT (962723.7588176775 1948289.9135056206),G0022,CCTV,서울특별시 광진구 자양로 13다길 34,37.53317,127.07809,True,True
883,CCTV,POINT (963087.3914627746 1948402.564750742),G0033,CCTV,서울특별시 광진구 자양로 13길 41,37.5342,127.0822,True,True
884,CCTV,POINT (963110.1545236422 1947957.5693848499),G0032,CCTV,서울특별시 광진구 뚝섬로 56길 28,37.53019,127.08248,True,True
885,CCTV,POINT (962741.3208269447 1947871.5673972184),G0021,CCTV,서울특별시 광진구 뚝섬로 52길 62,37.5294,127.07831,True,True
886,CCTV,POINT (961754.0624912332 1949341.6556039879),G0009,CCTV,서울특별시 광진구 아차산로 25길 27,37.54261,127.06706,True,True
887,CCTV,POINT (962065.0445630548 1949538.8239014298),G0015,CCTV,서울특별시 광진구 군자로 3길 15,37.5444,127.07057,True,True
888,CCTV,POINT (962300.8232605658 1949908.3119953948),G0025,CCTV,서울특별시 광진구 광나루로 389,37.54774,127.07322,True,True
889,CCTV,POINT (962276.7309436764 1950632.903300863),G0018,CCTV,서울특별시 광진구 동일로 52길 27,37.55427,127.07291,True,True
890,CCTV,POINT (963527.671313367 1948669.110218883),G0045,CCTV,서울특별시 광진구 아차산로 400,37.53662,127.08717,True,True
891,CCTV,POINT (963518.1138580464 1948705.7644354724),G0045,CCTV,서울특별시 광진구 아차산로 400,37.53695,127.08706,True,True
892,CCTV,POINT (963624.3781135126 1948761.8810564664),G0045,CCTV,서울특별시 광진구 아차산로 400,37.53746,127.08826,True,True
893,CCTV,POINT (963690.6476797442 1948763.8100839916),G0045,CCTV,서울특별시 광진구 아차산로 400,37.53748,127.08901,True,True
894,CCTV,POINT (963545.5949887072 1949532.1936881493),G0046,CCTV,서울특별시 광진구 광나루로36길 9-9,37.5444,127.08733,True,True
895,CCTV,POINT (963617.041032832 1949305.5498943115),G0046,CCTV,서울특별시 광진구 구의로9길 15,37.54236,127.08815,True,True
896,CCTV,POINT (963711.31489688 1949854.3219054365),G0047,CCTV,서울특별시 광진구 자양로38길 17-7,37.54731,127.08919,True,True
897,CCTV,POINT (962213.6456963177 1950745.2464085484),G0018,CCTV,서울특별시 광진구 동일로52길 11-13,37.55528,127.07219,True,True
898,CCTV,POINT (963019.6312902963 1950447.6087389584),G0037,CCTV,서울특별시 광진구 천호대로116길 97,37.55263,127.08133,True,True
899,CCTV,POINT (962911.9524007085 1950861.920034686),G0038,CCTV,서울특별시 광진구 천호대로110길 8,37.55636,127.08009,True,True
900,CCTV,POINT (962973.3290892793 1950760.6846019058),G0038,CCTV,서울특별시 광진구 능동로34길 11-19,37.55545,127.08079,True,True
901,CCTV,POINT (962929.2719926911 1950586.6949528467),G0037,CCTV,서울특별시 광진구 천호대로112길 53,37.55388,127.0803,True,True
902,CCTV,POINT (963242.3626305797 1950678.4981088783),G0038,CCTV,서울특별시 광진구 능동로36길 87,37.55472,127.08384,True,True
903,CCTV,POINT (963201.2212245441 1950563.2958857797),G0037,CCTV,서울특별시 광진구 천호대로116길 36,37.55368,127.08338,True,True
904,CCTV,POINT (963228.1408509514 1950458.8868353076),G0037,CCTV,서울특별시 광진구 능동로32길 106-13,37.55274,127.08369,True,True
905,CCTV,POINT (963478.5349790117 1950554.3051974287),G0048,CCTV,서울특별시 광진구 능동로36길 141,37.55361,127.08652,True,True
906,CCTV,POINT (963392.5394187154 1950482.5686426614),G0048,CCTV,서울특별시 광진구 천호대로118길 33-17,37.55296,127.08555,True,True
907,CCTV,POINT (963410.0877241531 1950455.8641223854),G0048,CCTV,서울특별시 광진구 능동로32길 139,37.55272,127.08575,True,True
908,CCTV,POINT (963577.6052617121 1950385.231309148),G0048,CCTV,서울특별시 광진구 천호대로122길 33,37.55209,127.08765,True,True
909,CCTV,POINT (962775.6921948543 1950611.7903449202),G0027,CCTV,서울특별시 광진구 능동로30길 8,37.5541,127.07856,True,True
910,CCTV,POINT (962741.0775392504 1950377.848162937),G0026,CCTV,서울특별시 광진구 능동로24길 23,37.55199,127.07818,True,True
911,CCTV,POINT (962829.2495962265 1950736.9201408993),G0038,CCTV,서울특별시 광진구 능동로32길 12,37.55523,127.07916,True,True
912,CCTV,POINT (962851.211534315 1950512.7095912143),G0037,CCTV,서울특별시 광진구 능동로30길 38,37.55321,127.07942,True,True
913,CCTV,POINT (962850.8762244404 1951424.693120286),G0039,CCTV,서울특별시 광진구 능동로43길 37-16,37.56143,127.07937,True,True
914,CCTV,POINT (963549.994109455 1950936.7568488405),G0049,CCTV,서울특별시 광진구 천호대로125길 58,37.55706,127.08731,True,True
915,CCTV,POINT (963385.5291433627 1951096.1342676291),G0049,CCTV,서울특별시 광진구 용마산로5길 40-22,37.55849,127.08544,True,True
916,CCTV,POINT (963186.3699131153 1951596.2753498093),G0039,CCTV,서울특별시 광진구 능동로 386-16,37.56299,127.08316,True,True
917,CCTV,POINT (963427.8206973183 1951673.9801405317),G0051,CCTV,서울특별시 광진구 용마산로21길 23,37.5637,127.08589,True,True
918,CCTV,POINT (962895.019575922 1952013.6233942097),G0040,CCTV,서울특별시 광진구 동일로74길 31,37.56674,127.07984,True,True
919,CCTV,POINT (963079.2707483243 1951940.6861957835),G0040,CCTV,서울특별시 광진구 능동로51길 37-10,37.56609,127.08193,True,True
920,CCTV,POINT (963178.1219251974 1951926.9334053218),G0040,CCTV,서울특별시 광진구 능동로51길 19-8,37.56597,127.08305,True,True
921,CCTV,POINT (963122.3467894974 1951896.1159401655),G0040,CCTV,서울특별시 광진구 능동로51길 25-12,37.56569,127.08242,True,True
922,CCTV,POINT (963388.6246509068 1951998.1175440461),G0051,CCTV,서울특별시 광진구 용마산로27길 28,37.56662,127.08543,True,True
923,CCTV,POINT (963909.7445354922 1951201.4569045005),G0060,CCTV,서울특별시 광진구 용마산로8길 66,37.55946,127.09137,True,True
924,CCTV,POINT (964175.3355325524 1951141.504803198),G0060,CCTV,서울특별시 광진구 긴고랑로42길 3-28,37.55893,127.09438,True,True
925,CCTV,POINT (963606.8381856165 1952418.7556394893),G0052,CCTV,서울특별시 광진구 용마산로36길 28-10,37.57042,127.08788,True,True
926,CCTV,POINT (963573.4761144392 1952463.2807684692),G0052,CCTV,서울특별시 광진구 용마산로36길 22,37.57082,127.0875,True,True
927,CCTV,POINT (964280.9723682601 1951470.5608545206),G0060,CCTV,서울특별시 광진구 긴고랑로47길 19,37.5619,127.09556,True,True
928,CCTV,POINT (964232.8697214753 1951375.3539341816),G0060,CCTV,서울특별시 광진구 긴고랑로49길 27,37.56104,127.09502,True,True
929,CCTV,POINT (964088.6752301088 1951117.4709982497),G0060,CCTV,서울특별시 광진구 긴고랑로42길 3-8,37.55871,127.0934,True,True
930,CCTV,POINT (964150.5385382345 1951126.0793361817),G0060,CCTV,서울특별시 광진구 긴고랑로42길 3-15,37.55879,127.0941,True,True
931,CCTV,POINT (961956.3266094985 1949332.9604834649),G0015,CCTV,서울특별시 광진구 동일로24길 80-5,37.54254,127.06935,True,True
932,CCTV,POINT (963164.9776318338 1949361.9060339786),G0035,CCTV,서울특별시 광진구 광나루로30다길 30,37.54285,127.08303,True,True
933,CCTV,POINT (963806.9534706412 1949908.2682826035),G0057,CCTV,서울특별시 광진구 천호대로136길 43,37.5478,127.09027,True,True
934,CCTV,POINT (963908.1319038558 1950017.664865026),G0057,CCTV,서울특별시 광진구 천호대로136길 13,37.54879,127.09141,True,True
935,CCTV,POINT (963740.4072760207 1949840.8812684554),G0047,CCTV,서울특별시 광진구 천호대로136길 64,37.54719,127.08952,True,True
936,CCTV,POINT (962800.7253937419 1948706.7266831063),G0034,CCTV,서울특별시 광진구 아차산로42길 16,37.53693,127.07894,True,True
937,CCTV,POINT (963398.3029219208 1950988.4596927722),G0049,CCTV,서울특별시 광진구 용마산로5길 40,37.55752,127.08559,True,True
938,CCTV,POINT (962813.9067951265 1952043.9421110796),G0040,CCTV,서울특별시 광진구 동일로74길 15,37.56701,127.07892,True,True
939,CCTV,POINT (962828.3821857378 1950937.7375514985),G0038,CCTV,서울특별시 광진구 천호대로 548,37.55704,127.07914,True,True
940,CCTV,POINT (963776.375062009 1950391.0185850372),G0048,CCTV,서울특별시 광진구 천호대로 661,37.55215,127.0899,True,True
941,CCTV,POINT (963459.483950366 1948030.35987087),G0043,CCTV,서울특별시 광진구 자양로3길 7,37.53086,127.08643,True,True
942,CCTV,POINT (961762.8510765234 1948180.0050814673),G0007,CCTV,서울특별시 광진구 능동로 10,37.53214,127.06722,True,True
943,CCTV,POINT (962097.2994620763 1949057.1685911901),G0014,CCTV,서울특별시 광진구 능동로 110,37.54006,127.07096,True,True
944,CCTV,POINT (963372.434076892 1948727.4852104913),G0045,CCTV,서울특별시 광진구 아차산로 383,37.53714,127.08541,True,True
945,CCTV,POINT (962398.9246819443 1949918.9619048187),G0025,CCTV,서울특별시 광진구 광나루로 377-2,37.54784,127.07433,True,True
946,CCTV,POINT (962856.8293363913 1950978.6605138623),G0038,CCTV,서울특별시 광진구 천호대로 549,37.55741,127.07946,True,True
947,CCTV,POINT (963293.1543632778 1951977.4593651765),G0051,CCTV,서울특별시 광진구 능동로 419,37.56643,127.08435,True,True
948,CCTV,POINT (962758.9226757234 1952189.5291450752),G0030,CCTV,서울특별시 광진구 동일로 419,37.56832,127.07829,True,True
949,CCTV,POINT (962667.0998491048 1951998.0035163483),G0029,CCTV,서울특별시 광진구 동일로 403,37.56659,127.07726,True,True
950,CCTV,POINT (962648.8938437279 1952073.5293497771),G0029,CCTV,서울특별시 광진구 중곡3동 485-7,37.56727,127.07705,True,True
951,CCTV,POINT (963490.0865659697 1948761.3606743712),G0045,CCTV,서울특별시 광진구 아차산로 397,37.53745,127.08674,True,True
952,CCTV,POINT (961963.0783360093 1949071.0956765271),G0014,CCTV,서울특별시 광진구 아차산로 236,37.54018,127.06944,True,True
953,CCTV,POINT (962366.9684879353 1949884.7132037084),G0025,CCTV,서울특별시 광진구 광나루로 389,37.54753,127.07397,True,True
954,CCTV,POINT (963234.274178157 1948651.5425490981),G0034,CCTV,서울특별시 광진구 아차산로 370,37.53645,127.08385,True,True
955,CCTV,POINT (962178.4138192863 1949021.2960037508),G0014,CCTV,서울특별시 광진구 능동로 120-1,37.53974,127.07188,True,True
956,CCTV,POINT (962051.7020073738 1948938.6639973703),G0014,CCTV,서울특별시 광진구 능동로 90,37.53899,127.07045,True,True
957,CCTV,POINT (961680.5703844918 1948155.9759039772),G0007,CCTV,서울특별시 광진구 자양4동 72-1,37.53192,127.06629,True,True
958,CCTV,POINT (962868.0483259959 1950919.8085687412),G0038,CCTV,서울특별시 광진구 천호대로 556,37.55688,127.07959,True,True
959,CCTV,POINT (964160.7589973634 1948582.0360384032),G0054,CCTV,서울특별시 광진구 강변역로 53,37.53586,127.09434,True,True
960,CCTV,POINT (962149.887189637 1949158.9996073823),G0015,CCTV,서울특별시 광진구 화양동 4-14,37.54098,127.07155,True,True
961,CCTV,POINT (964241.1607813893 1948582.7990607503),G0054,CCTV,서울특별시 광진구 광나루로56길 85,37.53587,127.09525,True,True
962,CCTV,POINT (964936.6325810761 1949457.4181978393),G0074,CCTV,서울특별시 광진구 아차산로 563,37.54378,127.10308,True,True
963,CCTV,POINT (962042.9739862356 1948962.0026382555),G0014,CCTV,서울특별시 광진구  능동로 90,37.5392,127.07035,True,True
964,CCTV,POINT (963190.2330482153 1948681.6930541608),G0034,CCTV,서울특별시 광진구 아차산로 361,37.53672,127.08335,True,True
965,CCTV,POINT (963183.961741234 1948861.4538338238),G0034,CCTV,서울특별시 광진구 자양로 117,37.53834,127.08327,True,True
966,CCTV,POINT (964789.464784871 1949750.9386936284),G0075,CCTV,서울특별시 광진구 광장동 401-33,37.54642,127.1014,True,True
967,CCTV,POINT (963309.7031771856 1951925.2411843564),G0051,CCTV,서울특별시 광진구 중곡동 30-51,37.56596,127.08454,True,True
968,CCTV,POINT (963085.2475517468 1948715.4427583462),G0034,CCTV,서울특별시 광진구 아차산로 355,37.53702,127.08216,True,True
969,CCTV,POINT (963319.1553682098 1948266.1839884985),G0044,CCTV,서울특별시 광진구 자양로 59-2,37.53298,127.08483,True,True
970,CCTV,POINT (962442.295287916 1947983.8597209991),G0021,CCTV,서울특별시 광진구 뚝섬로46길 64,37.5304,127.07492,True,True
971,CCTV,POINT (962342.3635506568 1949718.4048343266),G0025,CCTV,서울특별시 광진구 능동로 172,37.54603,127.0737,True,True
972,CCTV,POINT (962797.9893072795 1950856.8825883237),G0038,CCTV,서울특별시 광진구 능동로 295-2,37.55631,127.0788,True,True
973,CCTV,POINT (962860.2044642372 1951535.59818181),G0039,CCTV,서울특별시 광진구 면목로 98,37.56243,127.07947,True,True
974,CCTV,POINT (964757.5008416703 1949920.8219980733),G0066,CCTV,서울특별시 광진구 광장로1길 27 (광장동),37.54795,127.10103,True,True
975,CCTV,POINT (964746.5606452224 1949216.3601669227),G0065,CCTV,서울특별시 광진구 아차산로70길 62 (광장동),37.5416,127.10094,True,True
976,CCTV,POINT (964820.0955926994 1949265.974158913),G0074,CCTV,서울특별시 광진구 아차산로70길 35 (광장동),37.54205,127.10177,True,True
977,CCTV,POINT (964357.8550088325 1949423.2694192189),G0065,CCTV,"서울특별시 광진구 아차산로 503-23 (광장동, 청구아파트)",37.54345,127.09653,True,True
978,CCTV,POINT (964267.6772263864 1949407.0149388837),G0056,CCTV,"서울특별시 광진구 아차산로 503-23 (광장동 ), 워커힐로 13 건너편",37.5433,127.09551,True,True
979,CCTV,POINT (964863.8593680302 1949796.111564246),G0075,CCTV,서울특별시 광진구 아차산로73길 48 (광장동),37.54683,127.10224,True,True
980,CCTV,POINT (964911.1693202526 1949912.4050610957),G0075,CCTV,서울특별시 광진구 광장로3길 19 (광장동),37.54788,127.10277,True,True
981,CCTV,POINT (964424.3661636462 1949482.8952324733),G0065,CCTV,서울특별시 광진구 아차산로69길 29 (광장동),37.54399,127.09728,True,True
982,CCTV,POINT (964505.6488861443 1949278.4064930163),G0065,CCTV,서울특별시 광진구 아차산로 511 (광장동),37.54215,127.09821,True,True
983,CCTV,POINT (964856.3211026445 1949058.351610882),G0073,CCTV,"서울특별시 광진구 아차산로70길 61 (광장동), 아차산로70길 17-62 광남중",37.54018,127.10219,True,True
984,CCTV,POINT (964663.0617690317 1949109.0972166427),G0065,CCTV,"서울특별시 광진구 아차산로70길 61 (광장동, 광장현대아파트)",37.54063,127.1,True,True
985,CCTV,POINT (963536.349030302 1949237.1170108765),G0046,CCTV,서울특별시 광진구 광나루로38길 73 (구의동),37.54174,127.08724,True,True
986,CCTV,POINT (963030.0887965584 1949423.5258467474),G0035,CCTV,서울특별시 광진구 광나루로30다길 3 (구의동),37.5434,127.0815,True,True
987,CCTV,POINT (963043.5912897778 1949281.4543504575),G0035,CCTV,서울특별시 광진구 자양로23가길 16 (구의동),37.54212,127.08166,True,True
988,CCTV,POINT (963111.4118633829 1949235.664865101),G0035,CCTV,서울특별시 광진구 자양로23길 21 (구의동),37.54171,127.08243,True,True
989,CCTV,POINT (964476.8009947172 1950588.8054634924),G0067,CCTV,서울특별시 광진구 영화사로 105 (구의동),37.55396,127.09782,True,True
990,CCTV,POINT (964361.9949372982 1950182.1242263615),G0067,CCTV,서울특별시 광진구 워커힐로 93 (구의동),37.55029,127.09654,True,True
991,CCTV,POINT (963677.6114599307 1950227.2492464085),G0048,CCTV,서울특별시 광진구 천호대로130길 26 (구의동),37.55067,127.08879,True,True
992,CCTV,POINT (963695.1811879335 1950003.0606047048),G0047,CCTV,서울특별시 광진구 자양로 247 (구의동),37.54865,127.089,True,True
993,CCTV,POINT (964201.5795253143 1950673.1973778387),G0059,CCTV,서울특별시 광진구 영화사로 77-1 (구의동),37.55471,127.0947,True,True
994,CCTV,POINT (964392.2211906473 1950639.0936504633),G0068,CCTV,서울특별시 광진구 영화사로 98-1 (구의동),37.55441,127.09686,True,True
995,CCTV,POINT (964257.1339520736 1950446.6273176095),G0058,CCTV,"서울특별시 광진구 자양로50길 53 (구의동, 남광하이츠빌라)",37.55267,127.09534,True,True
996,CCTV,POINT (964383.5579527069 1950472.7111978328),G0067,CCTV,"서울특별시 광진구 자양로50길 79 (구의동, 유진아트빌라)",37.55291,127.09677,True,True
997,CCTV,POINT (964225.7515526426 1950543.2858549897),G0058,CCTV,서울특별시 광진구 자양로52길 21-19 (구의동),37.55354,127.09498,True,True
998,CCTV,POINT (964133.9676323619 1950561.4332541795),G0058,CCTV,서울특별시 광진구 자양로52길 3-9 (구의동),37.5537,127.09394,True,True
999,CCTV,POINT (964061.6782108817 1950389.7788489067),G0058,CCTV,서울특별시 광진구 자양로50길 13 (구의동),37.55215,127.09313,True,True
1000,CCTV,POINT (963532.8281978733 1950044.8221425083),G0047,CCTV,서울특별시 광진구 구의2동 613-38,37.54902,127.08716,True,True
1001,CCTV,POINT (963870.1797110235 1948603.2648937346),G0054,CCTV,서울특별시 광진구 구의강변로3길 19 (구의동),37.53604,127.09105,True,True
1002,CCTV,POINT (964113.6355305987 1948717.5937191977),G0055,CCTV,"서울특별시 광진구 구의강변로 84 (구의동, 세양아파트)",37.53708,127.0938,True,True
1003,CCTV,POINT (964103.4988928967 1948825.255273142),G0055,CCTV,서울특별시 광진구 구의강변로 86 세양아파트 입구,37.53805,127.09368,True,True
1004,CCTV,POINT (964078.3639184339 1948733.278611277),G0055,CCTV,서울특별시 광진구 구의3동 215-10 교통섬,37.53722,127.0934,True,True
1005,CCTV,POINT (963890.1922708747 1949345.4080630194),G0056,CCTV,서울특별시 광진구 광나루로44길 32 (구의동),37.54273,127.09124,True,True
1006,CCTV,POINT (963736.8009219291 1948812.4248293303),G0045,CCTV,서울특별시 광진구 아차산로 426 (구의동),37.53792,127.08953,True,True
1007,CCTV,POINT (963883.1561545278 1948743.000640091),G0055,CCTV,서울특별시 광진구 강변역로2길 18 (구의동),37.5373,127.09119,True,True
1008,CCTV,POINT (963935.8559349915 1948671.7661609643),G0055,CCTV,"서울특별시 광진구 구의강변로3가길 24 (구의동, 동서울빌라)",37.53666,127.09179,True,True
1009,CCTV,POINT (964036.788112424 1948721.2544047837),G0055,CCTV,서울특별시 광진구 구의강변로 69 구남초교 정문 앞,37.53711,127.09293,True,True
1010,CCTV,POINT (963909.827136548 1948374.5435495463),G0054,CCTV,서울특별시 광진구 구의강변로 35 (구의동),37.53398,127.09151,True,True
1011,CCTV,POINT (964489.9303414507 1948907.913562011),G0064,CCTV,서울특별시 광진구 광나루로56길 5 (구의동),37.53881,127.09805,True,True
1012,CCTV,POINT (964619.6685274196 1950536.0506486802),G0067,CCTV,서울특별시 광진구 영화사로 111 (구의동),37.55349,127.09944,True,True
1013,CCTV,POINT (963834.1509433687 1949053.8632142984),G0055,CCTV,서울특별시 광진구 구의로4길 15 (구의동),37.5401,127.09062,True,True
1014,CCTV,POINT (963637.6756844715 1949579.496981071),G0046,CCTV,서울특별시 광진구 광나루로 532 (구의동),37.54483,127.08837,True,True
1015,CCTV,POINT (963838.5436339584 1948845.2652011134),G0055,CCTV,서울특별시 광진구 아차산로 435 강변SK뷰 교통섬,37.53822,127.09068,True,True
1016,CCTV,POINT (964302.3667004801 1950694.9527141007),G0068,CCTV,"서울특별시 광진구 영화사로 87-1 (구의동, 동성주택)",37.55491,127.09584,True,True
1017,CCTV,POINT (963855.3348474818 1950064.4919835934),G0057,CCTV,서울특별시 광진구 천호대로134길 2 (구의동),37.54921,127.09081,True,True
1018,CCTV,POINT (962226.5765166453 1950481.1342802665),G0017,CCTV,서울특별시 광진구 능동로 209 (군자동),37.5529,127.07235,True,True
1019,CCTV,POINT (962533.6694032823 1950807.0357141148),G0027,CCTV,서울특별시 광진구 면목로 20 (군자동),37.55585,127.07581,True,True
1020,CCTV,POINT (962241.2442166796 1950404.5143234422),G0017,CCTV,서울특별시 광진구 군자로12길 45 (군자동),37.55221,127.07252,True,True
1021,CCTV,POINT (962282.9440521251 1950639.5318793654),G0018,CCTV,서울특별시 광진구 동일로52길 27 (군자동),37.55433,127.07298,True,True
1022,CCTV,POINT (962158.6108213237 1950685.5858020533),G0018,CCTV,"서울특별시 광진구 동일로52길 10 (군자동, 파인하우스)",37.55474,127.07157,True,True
1023,CCTV,POINT (962325.8968844806 1950567.221485398),G0026,CCTV,서울특별시 광진구 군자로 127 세종대 기숙사 코너,37.55368,127.07347,True,True
1024,CCTV,POINT (961972.423863403 1950340.2825218374),G0017,CCTV,서울특별시 광진구 동일로 222 (군자동),37.55162,127.06948,True,True
1025,CCTV,POINT (962099.5349630046 1950127.7931397213),G0017,CCTV,서울특별시 광진구 군자로 70 화양슈퍼 코너,37.54971,127.07093,True,True
1026,CCTV,POINT (962161.1615406562 1950276.1806787602),G0017,CCTV,서울특별시 광진구 군자로 74 (군자동),37.55105,127.07162,True,True
1027,CCTV,POINT (962327.8401134514 1950995.467206244),G0027,CCTV,서울특별시 광진구 천호대로102길 36 (군자동),37.55754,127.07347,True,True
1028,CCTV,POINT (963570.1275442346 1950090.1464767666),G0047,CCTV,서울특별시 광진구 천호대로 664 (능동),37.54943,127.08758,True,True
1029,CCTV,POINT (963115.9872506638 1950663.5260365526),G0038,CCTV,서울특별시 광진구 천호대로114길 25 (능동),37.55458,127.08241,True,True
1030,CCTV,POINT (963176.5927592299 1949192.1065741586),G0035,CCTV,서울특별시 광진구 자양로23길 7 (자양동),37.54132,127.08317,True,True
1031,CCTV,POINT (962957.1789831166 1948723.7790375655),G0034,CCTV,서울특별시 광진구 아차산로 344 (자양동),37.53709,127.08071,True,True
1032,CCTV,POINT (962800.4869510292 1948653.473509123),G0034,CCTV,서울특별시 광진구 아차산로44길 36 (자양동),37.53645,127.07894,True,True
1033,CCTV,POINT (963308.6854287852 1948296.1856855263),G0044,CCTV,서울특별시 광진구 자양로 61,37.53325,127.08471,True,True
1034,CCTV,POINT (962501.7059415234 1948226.5637872536),G0022,CCTV,서울특별시 광진구 자양번영로 32,37.53259,127.07558,True,True
1035,CCTV,POINT (962610.2144951752 1948189.4625391965),G0022,CCTV,서울특별시 광진구 자양번영로6길 20 (자양동),37.53226,127.07681,True,True
1036,CCTV,POINT (963684.6553649993 1948201.3392311821),G0044,CCTV,"서울특별시 광진구 자양로6길 40 (자양동, 대양샤인빌)",37.53241,127.08897,True,True
1037,CCTV,POINT (963651.203034425 1948027.3001149995),G0043,CCTV,"서울특별시 광진구 뚝섬로62길 47 (자양동, 효성맨션)",37.53084,127.0886,True,True
1038,CCTV,POINT (962428.7410988398 1947917.3532285937),G0021,CCTV,"서울특별시 광진구 자양강변길 297 (자양동, 신호빌라트)",37.5298,127.07477,True,True
1039,CCTV,POINT (962653.3188009266 1947950.7342420262),G0021,CCTV,서울특별시 광진구 자양번영로4길 42-22 (자양동),37.53011,127.07731,True,True
1040,CCTV,POINT (963119.605525797 1948096.2101529238),G0032,CCTV,서울특별시 광진구 뚝섬로 656 성자초교앞 사거리,37.53144,127.08258,True,True
1041,CCTV,POINT (963283.0106796451 1948084.3919038996),G0032,CCTV,서울특별시 광진구 뚝섬로58길 13 노인보호센터 앞,37.53134,127.08443,True,True
1042,CCTV,POINT (963239.6093797092 1948060.1756348559),G0032,CCTV,서울특별시 광진구 자양로5길 33 (자양동,37.53112,127.08394,True,True
1043,CCTV,POINT (963232.2907093533 1948003.6254742201),G0032,CCTV,서울특별시 광진구 자양로5길 33 (자양동,37.53061,127.08386,True,True
1044,CCTV,POINT (963456.4962348965 1948154.632677172),G0044,CCTV,서울특별시 광진구 자양로6길 8 (자양동),37.53198,127.08639,True,True
1045,CCTV,POINT (963634.0128536476 1948137.2119677654),G0044,CCTV,"서울특별시 광진구 뚝섬로62길 33-8 (자양동, 목화맨션)",37.53183,127.0884,True,True
1046,CCTV,POINT (963794.748992434 1948324.0089823),G0054,CCTV,서울특별시 광진구 자양로4길 63,37.53352,127.09021,True,True
1047,CCTV,POINT (962276.0076578562 1948334.0938925997),G0013,CCTV,서울특별시 광진구 뚝섬로40길 12 (자양동),37.53355,127.07302,True,True
1048,CCTV,POINT (961859.4892877262 1948444.7229052857),G0013,CCTV,서울특별시 광진구 능동로 42 (자양동),37.53453,127.0683,True,True
1049,CCTV,POINT (962439.4572807692 1948333.3534125374),G0022,CCTV,서울특별시 광진구 뚝섬로 585 (자양동),37.53355,127.07487,True,True
1050,CCTV,POINT (962132.0017096938 1948530.0146199956),G0013,CCTV,서울특별시 광진구 뚝섬로35길 16-20 (자양동),37.53531,127.07138,True,True
1051,CCTV,POINT (962167.8206950322 1948441.094317158),G0013,CCTV,서울특별시 광진구 뚝섬로 561 (자양동),37.53451,127.07179,True,True
1052,CCTV,POINT (962137.6984752306 1948035.1678184522),G0012,CCTV,서울특별시 광진구 능동로4길 88 (자양동),37.53085,127.07147,True,True
1053,CCTV,POINT (962017.777806411 1948475.0627961801),G0013,CCTV,서울특별시 광진구 능동로 42 신양초교 후문입구,37.53481,127.07009,True,True
1054,CCTV,POINT (961442.3299824471 1948605.3018706979),G0007,CCTV,서울특별시 광진구 동일로4길 51 (자양동),37.53596,127.06357,True,True
1055,CCTV,POINT (961324.0929845311 1948638.0259435333),G0008,CCTV,서울특별시 광진구 동일로4가길 2 (자양동),37.53625,127.06223,True,True
1056,CCTV,POINT (961411.7687735499 1948683.1063491346),G0008,CCTV,서울특별시 광진구 뚝섬로 476 (자양동),37.53666,127.06322,True,True
1057,CCTV,POINT (961647.9075723836 1948736.3767109981),G0008,CCTV,서울특별시 광진구 뚝섬로23길 44 (자양동),37.53715,127.06589,True,True
1058,CCTV,POINT (961723.7121383093 1948698.3052995678),G0008,CCTV,서울특별시 광진구 능동로5길 17 (자양동),37.53681,127.06675,True,True
1059,CCTV,POINT (963703.0461612381 1947961.6153182515),G0043,CCTV,서울특별시 광진구 뚝섬로64길 71 (자양동),37.53025,127.08919,True,True
1060,CCTV,POINT (962530.1348990613 1947869.1885429327),G0021,CCTV,서울특별시 광진구 뚝섬로46길 74 (자양동),37.52937,127.07592,True,True
1061,CCTV,POINT (962823.9687014485 1948767.6431309048),G0034,CCTV,서울특별시 광진구 아차산로 326 (자양동),37.53748,127.0792,True,True
1062,CCTV,POINT (963389.3137654542 1948147.1621754465),G0044,CCTV,서울특별시 광진구 자양로 43 (자양동),37.53191,127.08563,True,True
1063,CCTV,POINT (963082.2256717028 1951612.2704649162),G0040,CCTV,서울특별시 광진구 긴고랑로13길 10 (중곡동),37.56313,127.08198,True,True
1064,CCTV,POINT (963089.0294828634 1951553.438408951),G0039,CCTV,서울특별시 광진구 긴고랑로 51 (중곡동),37.5626,127.08206,True,True
1065,CCTV,POINT (963149.1130500638 1951758.4229951303),G0040,CCTV,서울특별시 광진구 능동로49길 9 (중곡동),37.56445,127.08273,True,True
1066,CCTV,POINT (962868.8630997608 1951891.6988091427),G0040,CCTV,서울특별시 광진구 동일로72길 34 (중곡동),37.56564,127.07955,True,True
1067,CCTV,POINT (963242.2280013842 1951246.5455798479),G0039,CCTV,서울특별시 광진구 긴고랑로22길 29,37.55984,127.08381,True,True
1068,CCTV,POINT (963273.7385466668 1951182.0570267693),G0039,CCTV,서울특별시 광진구 천호대로113길 50-4 (중곡동),37.55926,127.08417,True,True
1069,CCTV,POINT (963508.0756392163 1951648.1091509173),G0051,CCTV,서울특별시 광진구 용마산로 111 (중곡동),37.56347,127.0868,True,True
1070,CCTV,POINT (963482.2437677622 1950995.8562941612),G0049,CCTV,서울특별시 광진구 용마산로5길 27 (중곡동),37.55759,127.08654,True,True
1071,CCTV,POINT (963590.9975149416 1951022.0058068107),G0049,CCTV,서울특별시 광진구 용마산로 47 (중곡동),37.55783,127.08777,True,True
1072,CCTV,POINT (963333.0579642432 1950814.56139764),G0049,CCTV,서울특별시 광진구 용마산로1길 65 (중곡동),37.55595,127.08486,True,True
1073,CCTV,POINT (963352.7342592763 1950869.94782908),G0049,CCTV,서울특별시 광진구 용마산로3길 57 (중곡동),37.55645,127.08508,True,True
1074,CCTV,POINT (963243.4196527218 1951116.732673076),G0039,CCTV,서울특별시 광진구 용마산로3길 57 (중곡동),37.55867,127.08383,True,True
1075,CCTV,POINT (963197.9330531557 1951017.0821883343),G0038,CCTV,서울특별시 광진구 용마산로3길 57 (중곡동),37.55777,127.08332,True,True
1076,CCTV,POINT (963153.0510597202 1951053.8936798724),G0038,CCTV,서울특별시 광진구 천호대로111길 41 (중곡동),37.5581,127.08281,True,True
1077,CCTV,POINT (962963.0658662127 1952419.3851413927),G0041,CCTV,서울특별시 광진구 동일로80길 13 (중곡동),37.5704,127.08059,True,True
1078,CCTV,POINT (963249.0719014598 1951994.2964825912),G0040,CCTV,"서울특별시 광진구 능동로53길 13 (중곡동, 정인주택)",37.56658,127.08385,True,True
1079,CCTV,POINT (963014.1853935655 1952396.9677444254),G0041,CCTV,서울특별시 광진구 동일로80길 24 (중곡동),37.5702,127.08117,True,True
1080,CCTV,POINT (962834.6196594669 1951936.2308374296),G0040,CCTV,서울특별시 광진구 동일로72길 23-5 (중곡동),37.56604,127.07916,True,True
1081,CCTV,POINT (962765.7456391237 1951938.7584910286),G0029,CCTV,"서울특별시 광진구 동일로72길 17 (중곡동, 중곡아파트)",37.56606,127.07838,True,True
1082,CCTV,POINT (962952.958792445 1951935.7017379308),G0040,CCTV,"서울특별시 광진구 긴고랑로7길 60 (중곡동, 주원그린빌)",37.56604,127.0805,True,True
1083,CCTV,POINT (962687.2919286992 1951971.285447457),G0029,CCTV,서울특별시 광진구 동일로 399 (중곡동),37.56635,127.07749,True,True
1084,CCTV,POINT (963033.1600528203 1952493.4070311834),G0041,CCTV,서울특별시 광진구 답십리로78길 11 (중곡동),37.57107,127.08138,True,True
1085,CCTV,POINT (962932.7628385889 1952554.875748073),G0041,CCTV,서울특별시 광진구 동일로 462 (중곡동),37.57162,127.08024,True,True
1086,CCTV,POINT (962910.165587201 1952438.4824079548),G0041,CCTV,서울특별시 광진구 동일로 452-1 (중곡동),37.57057,127.07999,True,True
1088,CCTV,POINT (963798.2816616531 1951160.8920042699),G0060,CCTV,서울특별시 광진구 긴고랑로 136 (중곡동),37.55909,127.09011,True,True
1089,CCTV,POINT (963657.6295737573 1951514.3169328787),G0050,CCTV,서울특별시 광진구 용마산로8가길 80 (중곡동),37.56227,127.0885,True,True
1090,CCTV,POINT (963762.4172757496 1952049.731414052),G0051,CCTV,서울특별시 광진구 용마산로28길 62 (중곡동),37.5671,127.08966,True,True
1091,CCTV,POINT (963653.8463892099 1951860.487245127),G0051,CCTV,서울특별시 광진구 용마산로22길 76 (중곡동),37.56539,127.08844,True,True
1092,CCTV,POINT (963526.5968951337 1951843.29400974),G0051,CCTV,서울특별시 광진구 용마산로 128 (중곡동) 원방빌딩,37.56523,127.087,True,True
1093,CCTV,POINT (963656.567628316 1951675.1942940634),G0051,CCTV,서울특별시 광진구 용마산로22길 24 (중곡동),37.56372,127.08848,True,True
1094,CCTV,POINT (963512.4223471433 1952234.998504282),G0052,CCTV,서울특별시 광진구 용마산로30길 17 (중곡동),37.56876,127.08682,True,True
1095,CCTV,POINT (963935.8502852978 1951111.4767192802),G0060,CCTV,서울특별시 광진구 긴고랑로 152 (중곡동),37.55865,127.09167,True,True
1096,CCTV,POINT (963676.4809786258 1950978.3621679028),G0049,CCTV,서울특별시 광진구 용마산로6길 13 (중곡동),37.55744,127.08874,True,True
1097,CCTV,POINT (963067.1108598703 1952383.4183823469),G0041,CCTV,서울특별시 광진구 동일로80길 34 (중곡동),37.57008,127.08177,True,True
1098,CCTV,POINT (963668.9576442756 1952084.5335365618),G0051,CCTV,서울특별시 광진구 용마산로28길 43 (중곡동),37.56741,127.0886,True,True
1099,CCTV,POINT (961652.3148842125 1949499.668966249),G0009,CCTV,서울특별시 광진구 아차산로21길 47 (화양동),37.54403,127.0659,True,True
1100,CCTV,POINT (962124.5398799477 1949606.2298042942),G0015,CCTV,서울특별시 광진구 군자로 18 (화양동),37.54501,127.07124,True,True
1101,CCTV,POINT (963016.6946149516 1949391.4110112847),G0035,CCTV,서울특별시 광진구 광나루로30길 49 (화양동),37.54311,127.08135,True,True
1102,CCTV,POINT (962101.3569758564 1949365.581462073),G0015,CCTV,서울특별시 광진구 능동로13길 15 (화양동),37.54284,127.07099,True,True
1103,CCTV,POINT (962072.755055685 1949679.6908874374),G0016,CCTV,서울특별시 광진구 군자로 27 (화양동),37.54567,127.07065,True,True
1104,CCTV,POINT (962814.6454642907 1949645.2710715341),G0036,CCTV,서울특별시 광진구 광나루로 448 (화양동),37.54539,127.07905,True,True
1105,CCTV,POINT (962210.4091263616 1949451.6229186119),G0015,CCTV,서울특별시 광진구 능동로 145 (화양동),37.54362,127.07222,True,True
1106,CCTV,POINT (961628.2225113419 1949447.6353031786),G0009,CCTV,서울특별시 광진구 아차산로21길 15 (화양동),37.54356,127.06563,True,True
1107,CCTV,POINT (961582.6152502506 1949328.0237356578),G0009,CCTV,서울특별시 광진구 아차산로 191 (화양동),37.54248,127.06512,True,True
1108,CCTV,POINT (963936.3471849419 1949802.3063349884),G0057,CCTV,서울특별시 광진구 자양로40길 53 (구의동),37.54685,127.09174,True,True
1109,CCTV,POINT (963253.2010057687 1948136.668373362),G0033,CCTV,서울특별시 광진구 뚝섬로 52길,37.53181,127.08409,True,True
1110,CCTV,POINT (963713.6338721517 1948565.115975709),G0044,CCTV,서울특별시 광진구 아차산로58길 47 (구의동),37.53569,127.08928,True,True
1111,CCTV,POINT (963875.5826441126 1948423.5086562901),G0054,CCTV,서울특별시 광진구 뚝섬로 741 (구의동),37.53442,127.09112,True,True
1112,CCTV,POINT (962867.551873917 1948635.422085035),G0034,CCTV,서울특별시 광진구 아차산로 44가길 5,37.53629,127.0797,True,True
1113,CCTV,POINT (963520.3166466807 1949810.7801169823),G0047,CCTV,서울특별시 광진구 자양로 219,37.54691,127.08703,True,True
1114,CCTV,POINT (963232.5777848609 1949465.896134787),G0035,CCTV,서울특별시 광진구 자양로23길 79,37.54379,127.08379,True,True
1115,CCTV,POINT (963818.8491688641 1947974.423836863),G0053,CCTV,서울특별시 광진구 자양로23길 79,37.53037,127.0905,True,True
1116,CCTV,POINT (963701.1390343328 1950759.6895796063),G0049,CCTV,서울특별시 광진구 자양로43길 115,37.55547,127.08903,True,True
1117,CCTV,POINT (963746.1753513014 1950150.3965730746),G0048,CCTV,서울특별시 광진구 자양로41길 20,37.54998,127.08957,True,True
1118,CCTV,POINT (961976.4333214014 1950058.4594672448),G0016,CCTV,서울특별시 광진구 광나루로15길 23,37.54908,127.06954,True,True
1119,CCTV,POINT (962476.3191946183 1950625.3420735514),G0027,CCTV,서울특별시 광진구 군자로 142,37.55421,127.07517,True,True
1120,CCTV,POINT (964137.5731735576 1948941.6015792985),G0055,CCTV,서울특별시 광진구 구의강변로 96,37.5391,127.09406,True,True
1121,CCTV,POINT (965042.7085740191 1949683.3011988322),G0075,CCTV,서울특별시 광진구 아차산로73길 7-4 (광장동),37.54582,127.10427,True,True
1122,CCTV,POINT (964847.6015999716 1949920.4401259262),G0075,CCTV,서울특별시 광진구 광장로1길 23 (광장동),37.54795,127.10205,True,True
1123,CCTV,POINT (963419.2370035612 1949524.9829974866),G0046,CCTV,서울특별시 광진구 자양로32길 14 (구의동),37.54433,127.0859,True,True
1124,CCTV,POINT (963535.1100860983 1949156.1316449149),G0046,CCTV,"서울특별시 광진구 자양로26길 59 (구의동, 한일익스프레스)",37.54101,127.08723,True,True
1125,CCTV,POINT (963395.6416820734 1949182.2627093624),G0046,CCTV,서울특별시 광진구 아차산로51길 86-12 (구의동),37.54124,127.08565,True,True
1126,CCTV,POINT (963528.3301027379 1949221.6197319592),G0046,CCTV,"서울특별시 광진구 광나루로38길 74 (구의동, 삼영)",37.5416,127.08715,True,True
1127,CCTV,POINT (963291.2411830978 1949147.2205906538),G0046,CCTV,서울특별시 광진구 아차산로49길 89 (구의동),37.54092,127.08447,True,True
1128,CCTV,POINT (963463.1382871346 1948861.330774752),G0045,CCTV,"서울특별시 광진구 아차산로55길 23 (구의동, 신일아트빌라)",37.53835,127.08643,True,True
1129,CCTV,POINT (964310.1655555915 1950248.9146402734),G0067,CCTV,서울특별시 광진구 자양로44다길 28 (구의동),37.55089,127.09595,True,True
1130,CCTV,POINT (963870.8594983462 1948962.7275759606),G0055,CCTV,서울특별시 광진구 광나루로52길 94 (구의동),37.53928,127.09104,True,True
1131,CCTV,POINT (963958.6358742159 1948831.4297858102),G0055,CCTV,서울특별시 광진구 강변역로 17 (구의동),37.5381,127.09204,True,True
1132,CCTV,POINT (962358.5720145844 1950955.38695858),G0027,CCTV,서울특별시 광진구 동일로58길 20 (군자동),37.55718,127.07382,True,True
1133,CCTV,POINT (962348.9676579538 1950590.4156489898),G0026,CCTV,서울특별시 광진구 군자로 129-5 (군자동),37.55389,127.07373,True,True
1134,CCTV,POINT (962288.6000906763 1950912.4352587566),G0018,CCTV,서울특별시 광진구 천호대로102길 55 (군자동),37.55679,127.07303,True,True
1135,CCTV,POINT (963119.776950103 1951715.284045312),G0040,CCTV,서울특별시 광진구 긴고랑로13길 33 (중곡동),37.56406,127.0824,True,True
1136,CCTV,POINT (963512.9708089749 1951154.3748721748),G0050,CCTV,서울특별시 광진구 긴고랑로30길 16 (중곡동),37.55902,127.08688,True,True
1137,CCTV,POINT (963979.404500861 1949138.6606900743),G0056,CCTV,서울특별시 광진구 아차산로63길 31,37.54087,127.09226,True,True
1138,CCTV,POINT (962578.6082878141 1948430.358310055),G0022,CCTV,서울특별시 광진구 자양번영로8길 7 (자양동),37.53443,127.07644,True,True
1139,CCTV,POINT (963034.1838447091 1948159.8290553424),G0033,CCTV,서울특별시 광진구 뚝섬로57가길 38 (자양동),37.53201,127.08161,True,True
1140,CCTV,POINT (962709.0356605195 1948552.9223182644),G0022,CCTV,서울특별시 광진구 아차산로40길 49 (자양동),37.53554,127.07791,True,True
1141,CCTV,POINT (963679.34451919 1948199.1435213226),G0044,CCTV,서울특별시 광진구 뚝섬로64길 45 (자양동),37.53239,127.08891,True,True
1142,CCTV,POINT (963205.8917581749 1947828.4474170613),G0032,CCTV,서울특별시 광진구 뚝섬로58길 90 (자양동),37.52903,127.08357,True,True
1143,CCTV,POINT (963051.5885926338 1947901.2470328768),G0032,CCTV,서울특별시 광진구 뚝섬로52라길 61-12 (자양동),37.52968,127.08182,True,True
1144,CCTV,POINT (963270.601927644 1948075.571049866),G0032,CCTV,서울특별시 광진구 뚝섬로58길 13 (자양동),37.53126,127.08429,True,True
1145,CCTV,POINT (963628.9958186264 1952235.5962255679),G0052,CCTV,서울특별시 광진구 용마산로30길 37 (중곡동),37.56877,127.08814,True,True
1146,CCTV,POINT (962260.0238242756 1948316.4150589695),G0013,CCTV,서울특별시 광진구 뚝섬로40길 14 (자양동),37.53339,127.07284,True,True
1147,CCTV,POINT (962055.2748155568 1948560.3202162227),G0013,CCTV,"서울특별시 광진구 뚝섬로35길 18 (자양동, 무지개빌라)",37.53558,127.07051,True,True
1148,CCTV,POINT (962173.4341376424 1948121.5432124755),G0013,CCTV,서울특별시 광진구 뚝섬로36가길 26 (자양동),37.53163,127.07187,True,True
1149,CCTV,POINT (961654.4042252159 1948804.024111548),G0008,CCTV,서울특별시 광진구 뚝섬로27길 39 (자양동),37.53776,127.06596,True,True
1150,CCTV,POINT (961849.4027354883 1948941.8095055176),G0014,CCTV,서울특별시 광진구 아차산로32길 21 (자양동),37.53901,127.06816,True,True
1151,CCTV,POINT (961181.1425555383 1948486.6958157078),G0003,CCTV,서울특별시 광진구 동일로2길 2-8 (자양동),37.53488,127.06062,True,True
1152,CCTV,POINT (962162.9599034578 1950476.9860642226),G0017,CCTV,서울특별시 광진구 군자로13길 6 (군자동),37.55286,127.07163,True,True
1153,CCTV,POINT (961600.0530313915 1948513.59525041),G0007,CCTV,서울특별시 광진구 뚝섬로30가길 18 (자양동),37.53514,127.06536,True,True
1154,CCTV,POINT (961541.8349314224 1948533.83489862),G0007,CCTV,서울특별시 광진구 동일로4길 68-8 (자양동),37.53532,127.0647,True,True
1155,CCTV,POINT (961851.0239797798 1948717.6900963064),G0014,CCTV,서울특별시 광진구 능동로7길 14 (자양동),37.53699,127.06819,True,True
1156,CCTV,POINT (961659.4541131709 1948749.6370001072),G0008,CCTV,서울특별시 광진구 뚝섬로23길 48  (자양동),37.53727,127.06602,True,True
1157,CCTV,POINT (961608.2950093851 1948767.6247034129),G0008,CCTV,서울특별시 광진구 뚝섬로23길 8 (자양동),37.53743,127.06544,True,True
1158,CCTV,POINT (962695.6200237002 1951662.8156587065),G0029,CCTV,서울특별시 광진구 긴고랑로4길 5 (중곡동),37.56357,127.0776,True,True
1159,CCTV,POINT (963613.4335059657 1952110.294560667),G0052,CCTV,서울특별시 광진구 용마산로28길 30 (중곡동),37.56764,127.08797,True,True
1160,CCTV,POINT (962430.5611969517 1951249.069910563),G0028,CCTV,서울특별시 광진구 천호대로101길 11 (중곡동),37.55983,127.07462,True,True
1161,CCTV,POINT (962650.284010089 1951401.1849868335),G0028,CCTV,"서울특별시 광진구 동일로66길 36 (중곡동, 건일)",37.56121,127.0771,True,True
1162,CCTV,POINT (962709.538171423 1951222.2942300925),G0028,CCTV,서울특별시 광진구 면목로 63-2,37.5596,127.07778,True,True
1163,CCTV,POINT (963550.3253450566 1951012.1990883476),G0049,CCTV,서울특별시 광진구 용마산로 47 (중곡동),37.55774,127.08731,True,True
1164,CCTV,POINT (963324.2254960008 1950814.600410992),G0049,CCTV,서울특별시 광진구 용마산로1길 69 (중곡동),37.55595,127.08476,True,True
1165,CCTV,POINT (962625.4009995693 1951563.2793781832),G0028,CCTV,서울특별시 광진구 긴고랑로2길 25 (중곡동 마을마당),37.56267,127.07681,True,True
1166,CCTV,POINT (963248.4479831065 1950855.9857633854),G0038,CCTV,서울특별시 광진구 용마산로1길 89 (중곡동),37.55632,127.0839,True,True
1167,CCTV,POINT (963481.1213667113 1950539.8707702586),G0048,CCTV,서울특별시 광진구 광진구천호대로120길16,37.55348,127.08655,True,True
1168,CCTV,POINT (963259.6359748814 1952186.1877496827),G0041,CCTV,서울특별시 광진구 능동로57길 30-5 (중곡동),37.56831,127.08396,True,True
1169,CCTV,POINT (962960.3621623493 1952407.1930453016),G0041,CCTV,서울특별시 광진구 동일로80길 12 (중곡동),37.57029,127.08056,True,True
1170,CCTV,POINT (962058.9364102512 1950328.792098486),G0017,CCTV,서울특별시 광진구 동일로38길 17-5 (군자동),37.55152,127.07046,True,True
1171,CCTV,POINT (963411.316774954 1951936.9967286375),G0051,CCTV,서울특별시 광진구 용마산로25길 22 (중곡동),37.56607,127.08569,True,True
1172,CCTV,POINT (963247.9296467872 1952135.204030654),G0041,CCTV,서울특별시 광진구 면목로12길 37 (중곡동),37.56785,127.08383,True,True
1173,CCTV,POINT (963662.3521243929 1949162.2308289288),G0046,CCTV,서울특별시 광진구 광나루로40길 84 (구의동),37.54107,127.08867,True,True
1174,CCTV,POINT (963766.4775746422 1950551.9341776283),G0048,CCTV,서울특별시 광진구 천호대로127길 16 (중곡동),37.5536,127.08978,True,True
1175,CCTV,POINT (963628.4288008622 1952307.7141420778),G0052,CCTV,서울특별시 광진구 용마산로32길 33 (중곡동),37.56942,127.08813,True,True
1176,CCTV,POINT (963772.7066803867 1950764.9243144474),G0049,CCTV,서울특별시 광진구 자양로45길 103 (중곡동),37.55552,127.08984,True,True
1177,CCTV,POINT (964236.7658278532 1950434.510915903),G0058,CCTV,서울특별시 광진구 자양로50길 48 (구의동),37.55256,127.09511,True,True
1178,CCTV,POINT (962136.7655331019 1949575.109013037),G0015,CCTV,서울특별시 광진구 군자로 15 (화양동),37.54473,127.07138,True,True
1179,CCTV,POINT (962070.7281701972 1949816.1645075371),G0016,CCTV,서울특별시 광진구 능동로17길 53 (화양동),37.5469,127.07062,True,True
1180,CCTV,POINT (961762.0286621437 1949536.8850060543),G0009,CCTV,서울특별시 광진구 광진구아차산로21길 64-43 (화양동),37.54437,127.06714,True,True
1181,CCTV,POINT (961709.3924323856 1949425.0713827258),G0009,CCTV,서울특별시 광진구 아차산로23길 31 (화양동),37.54336,127.06655,True,True
1182,CCTV,POINT (962455.9062885272 1949626.9146026843),G0025,CCTV,서울특별시 광진구 광나루로20가길 14 (화양동),37.54521,127.07499,True,True
1183,CCTV,POINT (963884.7230221847 1949306.6006451421),G0056,CCTV,서울특별시 광진구 광나루로44길 44 (구의동),37.54238,127.09118,True,True
1184,CCTV,POINT (964969.8153650984 1950622.2135969764),G0077,CCTV,"서울특별시 광진구 아차산성, 구의지구쪽",37.55428,127.1034,True,True
1185,CCTV,POINT (964742.5700064702 1951605.0515385577),G0069,CCTV,"서울특별시 광진구 아차산 능선, 긴골지구쪽",37.56313,127.10078,True,True
1186,CCTV,POINT (963722.3420260324 1952175.2763575239),G0052,CCTV,"서울특별시 광진구 뻥튀기골, 길목",37.56823,127.0892,True,True
1187,CCTV,POINT (964953.5073841338 1952198.8316998866),G0080,CCTV,"서울특별시 광진구 아차산 능선, 긴골지구쪽",37.56849,127.10314,True,True
1188,CCTV,POINT (964349.0134781939 1951684.3952480182),G0070,CCTV,서울특별시 광진구 긴고랑계곡,37.56383,127.09632,True,True
1189,CCTV,POINT (964582.9645588441 1951249.592702994),G0069,CCTV,서울특별시 광진구 아차산 해맞이공원 서쪽,37.55992,127.09899,True,True
1190,CCTV,POINT (964908.0725894301 1951060.712510389),G0077,CCTV,서울특별시 광진구 아차산 해맞이공원 남동쪽,37.55823,127.10268,True,True
1191,CCTV,POINT (963311.7787543903 1951795.424255825),G0051,CCTV,서울특별시 광진구 용마산로 127,37.56479,127.08457,True,True
1192,CCTV,POINT (962090.1939858514 1948855.2783863703),G0014,CCTV,서울특별시 광진구 능동로 90,37.53824,127.07089,True,True
1193,CCTV,POINT (964282.6701963723 1948579.2921251385),G0054,CCTV,서울특별시 광진구 광나루로56길 85,37.53584,127.09572,True,True
1194,CCTV,POINT (965270.5733230836 1949883.1577485283),G0075,CCTV,서울특별시 광진구 아차산로 612,37.54763,127.10684,True,True
1195,CCTV,POINT (964879.0902645838 1949428.815315038),G0074,CCTV,서울특별시 광진구 아차산로 553 (광장동),37.54352,127.10243,True,True
1196,CCTV,POINT (963735.5982902522 1950357.9126310856),G0048,CCTV,서울특별시 광진구 천호대로 665-2,37.55185,127.08944,True,True
1197,CCTV,POINT (963603.3649366507 1949611.8217122848),G0047,CCTV,서울특별시 광진구 광나루로 529 (구의동),37.54512,127.08798,True,True
1198,CCTV,POINT (963453.5866966567 1949702.3460097308),G0047,CCTV,서울특별시 광진구 자양로 216 (구의동),37.54593,127.08628,True,True
1199,CCTV,POINT (964051.4619950164 1948233.0280379993),G0054,CCTV,서울특별시 광진구 강변역로 50 (구의동),37.53271,127.09312,True,True
1200,CCTV,POINT (964053.4638760778 1948491.5237543962),G0054,CCTV,서울특별시 광진구 강변역로4길 10 (구의동),37.53504,127.09313,True,True
1201,CCTV,POINT (964341.8943949926 1948792.0542336134),G0064,CCTV,서울특별시 광진구 광나루로56길 86 (구의동),37.53776,127.09638,True,True
1202,CCTV,POINT (964179.2117045578 1948558.6577787017),G0054,CCTV,서울특별시 광진구 강변역로 53 (구의동),37.53565,127.09455,True,True
1203,CCTV,POINT (964157.9506049267 1948545.4359395027),G0054,CCTV,서울특별시 광진구 강변역로 53 (구의동),37.53553,127.09431,True,True
1204,CCTV,POINT (963978.6588293955 1948355.3840216028),G0054,CCTV,서울특별시 광진구 강변역로4길 56 (구의동),37.53381,127.09229,True,True
1205,CCTV,POINT (964395.8616003969 1948809.5741493658),G0064,CCTV,서울특별시 광진구 구의동 611 (구의),37.53792,127.09699,True,True
1206,CCTV,POINT (963921.6692051191 1948456.5922453527),G0054,CCTV,서울특별시 광진구 구의강변로 45 (구의동),37.53472,127.09164,True,True
1207,CCTV,POINT (962123.2350906504 1950288.5577300685),G0017,CCTV,서울특별시 광진구 군자로 88 (군자동),37.55116,127.07119,True,True
1208,CCTV,POINT (962774.8309907225 1950813.7171771473),G0027,CCTV,서울특별시 광진구 능동로 295 (군자동),37.55592,127.07854,True,True
1209,CCTV,POINT (962504.1136854524 1951107.834899657),G0027,CCTV,서울특별시 광진구 천호대로 512 (군자동),37.55856,127.07546,True,True
1210,CCTV,POINT (962498.4903496946 1950058.304424854),G0025,CCTV,서울특별시 광진구 능동로 216 (능동),37.5491,127.07545,True,True
1211,CCTV,POINT (963405.692630247 1950661.1346283217),G0049,CCTV,서울특별시 광진구 천호대로 616 (능동),37.55457,127.08569,True,True
1212,CCTV,POINT (962650.3028888963 1950423.744108829),G0026,CCTV,서울특별시 광진구 능동로 248 (능동),37.5524,127.07715,True,True
1213,CCTV,POINT (962547.8489679939 1950230.0489441087),G0026,CCTV,서울특별시 광진구 능동로 209(군자동),37.55065,127.076,True,True
1214,CCTV,POINT (962806.3027691351 1948176.378421307),G0033,CCTV,서울특별시 광진구 뚝섬로 626 (자양동),37.53215,127.07903,True,True
1215,CCTV,POINT (961782.3470976424 1949152.916197219),G0009,CCTV,서울특별시 광진구 아차산로 218 (자양동),37.54091,127.06739,True,True
1216,CCTV,POINT (961424.1065168211 1948676.3922594688),G0008,CCTV,서울특별시 광진구 뚝섬로 472 (자양동),37.5366,127.06336,True,True
1217,CCTV,POINT (963159.2873013674 1951662.963582866),G0040,CCTV,서울특별시 광진구 능동로 385 (중곡동),37.56359,127.08285,True,True
1218,CCTV,POINT (962753.0551061165 1951669.2145253625),G0029,CCTV,서울특별시 광진구 긴고랑로 18 (중곡동),37.56363,127.07825,True,True
1219,CCTV,POINT (962442.8811113301 1951434.2953983522),G0028,CCTV,서울특별시 광진구 동일로 341 (중곡동),37.5615,127.07475,True,True
1220,CCTV,POINT (962943.9702183293 1951109.1882194495),G0039,CCTV,서울특별시 광진구 능동로 324-1 (중곡동),37.55859,127.08044,True,True
1221,CCTV,POINT (963615.6645907316 1951007.4746015556),G0049,CCTV,서울특별시 광진구 용마산로 44 (중곡동),37.5577,127.08805,True,True
1222,CCTV,POINT (963758.005110774 1950432.1489420317),G0048,CCTV,서울특별시 광진구 천호대로 655 (중곡동),37.55252,127.08969,True,True
1223,CCTV,POINT (961816.9026605916 1949174.9466018039),G0015,CCTV,서울특별시 광진구 아차산로 219,37.54111,127.06778,True,True
1224,CCTV,POINT (962126.0246278087 1949156.8894423565),G0015,CCTV,서울특별시 광진구 능동로 110 (화양동),37.54096,127.07128,True,True
1225,CCTV,POINT (962139.8221153098 1949276.6488033095),G0015,CCTV,서울특별시 광진구 능동로 125 (화양동),37.54204,127.07143,True,True
1226,CCTV,POINT (962093.2873070062 1949145.9441172646),G0015,CCTV,서울특별시 광진구 능동로 109 (화양동),37.54086,127.07091,True,True
1227,CCTV,POINT (962969.2333036057 1951822.4633136687),G0040,CCTV,서울특별시 광진구 면목로 127,37.56502,127.08069,True,True
1228,CCTV,POINT (963200.9841972259 1948116.9291423282),G0033,CCTV,서울특별시 광진구 뚝섬로 666,37.53163,127.0835,True,True
1229,CCTV,POINT (963375.245737568 1948162.7566315737),G0044,CCTV,서울특별시 광진구 자양로 45 (자양동),37.53205,127.08547,True,True
1230,CCTV,POINT (963350.2229944348 1952101.467588079),G0051,CCTV,서울특별시 광진구 능동로 433 (중곡동),37.56755,127.08499,True,True
1231,CCTV,POINT (964627.6113370926 1949290.0903029768),G0065,CCTV,서울특별시 광진구 아차산로 537-17 (광장동),37.54226,127.09959,True,True
1232,CCTV,POINT (963320.2196094367 1949507.6682646177),G0046,CCTV,서울특별시 광진구 자양로 185,37.54417,127.08478,True,True
1233,CCTV,POINT (963205.8515609837 1948816.9783350304),G0034,CCTV,서울특별시 광진구 자양로 116,37.53794,127.08352,True,True
1234,CCTV,POINT (964378.198435194 1950664.6714791965),G0068,CCTV,서울특별시 광진구 영화사로 97,37.55464,127.0967,True,True
1235,CCTV,POINT (961880.9914600815 1948317.0358277431),G0013,CCTV,서울특별시 광진구 능동로4길 17,37.53338,127.06855,True,True
1236,CCTV,POINT (962175.5349402424 1949941.0562151743),G0016,CCTV,서울특별시 광진구 광나루로 375-1,37.54803,127.0718,True,True
1237,CCTV,POINT (963235.4520165287 1948518.4018357042),G0033,CCTV,서울특별시 광진구 자양로 81,37.53525,127.08387,True,True
1238,CCTV,POINT (963487.6412409525 1951821.2759452607),G0051,CCTV,서울특별시 광진구 용마산로 134,37.56503,127.08656,True,True
1239,CCTV,POINT (961881.3776035525 1948786.3376006205),G0014,CCTV,서울특별시 광진구 뚝섬로31길51,37.53761,127.06853,True,True
1240,CCTV,POINT (961942.1078964517 1948736.1332514293),G0014,CCTV,서울특별시 광진구 능동로69,37.53716,127.06922,True,True
1241,CCTV,POINT (963047.0411223344 1949461.1721947375),G0035,CCTV,서울특별시 광진구 광나루로30길,37.54374,127.08169,True,True
1242,CCTV,POINT (961968.9979555813 1948820.3294443896),G0014,CCTV,서울특별시 광진구 능동로 81,37.53792,127.06952,True,True
1243,CCTV,POINT (964321.3803293775 1949158.2645957542),G0065,CCTV,서울특별시 광진구 광나루로619,37.54106,127.09613,True,True
1244,CCTV,POINT (963176.9100201781 1952250.903606887),G0041,CCTV,서울특별시 광진구 면목로178,37.56889,127.08302,True,True
1245,CCTV,POINT (962997.9272889569 1948748.0056402655),G0034,CCTV,서울특별시 광진구 아차산로 343,37.53731,127.08117,True,True
1246,CCTV,POINT (963812.2390245697 1949904.9168575245),G0057,CCTV,서울특별시 광진구 자양로 40길 41,37.54777,127.09033,True,True
1247,CCTV,POINT (963196.0928252068 1951000.4483458323),G0038,CCTV,서울특별시 광진구 천호대로 113길 7,37.55762,127.0833,True,True
1248,CCTV,POINT (962152.679903647 1948414.5361364349),G0013,CCTV,서울특별시 광진구 뚝섬로 558,37.53427,127.07162,True,True
1249,CCTV,POINT (961956.3760593456 1948957.960906825),G0014,CCTV,서울특별시 광진구 능동로 87,37.53916,127.06937,True,True
1250,CCTV,POINT (964600.8122962011 1950464.0158824315),G0067,CCTV,서울특별시 광진구 영화사로 111,37.55284,127.09923,True,True
1251,CCTV,POINT (963093.2578687115 1951511.259831601),G0039,CCTV,서울특별시 광진구 능동로 368,37.56222,127.08211,True,True
1252,CCTV,POINT (961337.9177181252 1948950.8309988847),G0008,CCTV,서울특별시 광진구 뚝섬로 467,37.53907,127.06237,True,True
1253,CCTV,POINT (964016.2520916795 1948671.4175601734),G0055,CCTV,서울특별시 광진구 구의강변로 69 구남초교 정문 앞,37.53666,127.0927,True,True
1254,CCTV,POINT (964840.4785093885 1949907.1567326179),G0075,CCTV,서울특별시 광진구 광장로1길 19,37.54783,127.10197,True,True
1255,CCTV,POINT (962782.7922215235 1951013.3855815371),G0027,CCTV,서울특별시 광진구 천호대로 541,37.55772,127.07862,True,True
1256,CCTV,POINT (963568.3919378972 1948485.870329866),G0044,CCTV,서울특별시 광진구 자양2동 680-63,37.53497,127.08764,True,True
1257,CCTV,POINT (963712.9199819679 1948603.950255084),G0044,CCTV,서울특별시 광진구 자양2동 680-63,37.53604,127.08927,True,True
1258,CCTV,POINT (963774.6700802387 1948379.5695608843),G0044,CCTV,서울특별시 광진구 자양2동 680-63,37.53402,127.08998,True,True
1259,CCTV,POINT (961298.3896695299 1948810.1128523196),G0008,CCTV,서울특별시 광진구 자양4동 41-9,37.5378,127.06193,True,True
1260,CCTV,POINT (963919.7643975569 1948221.394781855),G0054,CCTV,서울특별시 광진구 구의강변로 11,37.5326,127.09163,True,True
1261,CCTV,POINT (962556.2230653268 1947972.2509644188),G0021,CCTV,서울특별시 광진구 뚝섬로46길 64 (자양동),37.5303,127.07621,True,True
1262,CCTV,POINT (964685.9856809013 1949513.953174624),G0065,CCTV,서울특별시 광진구 천호대로140길 40 (광장동),37.54428,127.10024,True,True
1263,CCTV,POINT (962479.0231784701 1948486.2806021858),G0022,CCTV,서울특별시 광진구 뚝섬로 41길 33,37.53493,127.07531,True,True
1264,CCTV,POINT (963189.356556956 1951871.4101557413),G0040,CCTV,서울특별시 광진구 긴고랑로13길 69 (중곡동),37.56547,127.08318,True,True
1265,CCTV,POINT (963060.3399103847 1951854.231896977),G0040,CCTV,서울특별시 광진구 긴고랑로9길 40 (중곡동),37.56531,127.08172,True,True
1266,CCTV,POINT (963831.1749052564 1949790.559602436),G0057,CCTV,서울특별시 광진구 자양로38길 55 (구의동),37.54674,127.09055,True,True
1267,CCTV,POINT (964954.7939917461 1949155.5681377396),G0074,CCTV,서울특별시 광진구 아차산로70길 17-21,37.54106,127.1033,True,True
1268,CCTV,POINT (963669.5262538336 1949186.6076310847),G0046,CCTV,서울특별시 광진구 광나루로40길 80-4 (구의동),37.54129,127.08875,True,True
1269,CCTV,POINT (963134.4180440094 1949443.0324881803),G0035,CCTV,서울특별시 광진구 광나루로30나길 17 (구의동),37.54358,127.08268,True,True
1270,CCTV,POINT (964096.7262570236 1949302.3531886872),G0056,CCTV,서울특별시 광진구 구의로16길 68 (구의동),37.54235,127.09358,True,True
1271,CCTV,POINT (963090.1556123008 1950614.8243173626),G0038,CCTV,서울특별시 광진구 능동로32길 67 (능동),37.55414,127.08212,True,True
1272,CCTV,POINT (963138.339352722 1948335.7708274918),G0033,CCTV,서울특별시 광진구 자양로9길 32 (자양동),37.5336,127.08278,True,True
1273,CCTV,POINT (962831.6471749453 1948114.1351208696),G0033,CCTV,서울특별시 광진구 자양번영로6길 67 (자양동),37.53159,127.07932,True,True
1274,CCTV,POINT (962017.3275030779 1948183.2758119586),G0013,CCTV,서울특별시 광진구 능동로4길 51 (자양동),37.53218,127.0701,True,True
1275,CCTV,POINT (962646.5121472625 1951544.3233802167),G0028,CCTV,서울특별시 광진구 긴고랑로4길 30 (중곡동) 도로명 주소 X,37.5625,127.07705,True,True
1276,CCTV,POINT (962666.7901286837 1951143.7141556558),G0028,CCTV,서울특별시 광진구 면목로 53 (중곡동),37.55889,127.0773,True,True
1277,CCTV,POINT (962996.4241388815 1950988.022328525),G0038,CCTV,서울특별시 광진구 천호대로109길 13 (중곡동),37.5575,127.08104,True,True
1278,CCTV,POINT (963089.1726517389 1951982.8019540743),G0040,CCTV,서울특별시 광진구 능동로51길 37-1 (중곡동),37.56647,127.08204,True,True
1279,CCTV,POINT (962195.2053349961 1949798.9549507918),G0016,CCTV,서울특별시 광진구 광나루로 18길 21 (화양동),37.54675,127.07203,True,True
1280,CCTV,POINT (963592.6900626502 1948788.6469573549),G0045,CCTV,서울특별시 광진구 아차산로 384-1,37.5377,127.0879,True,True
1281,CCTV,POINT (963636.2505082426 1950061.010589085),G0047,CCTV,서울특별시 광진구 자양로39길 19 (구의동),37.54917,127.08833,True,True
1282,CCTV,POINT (964242.7557045758 1948953.3522517777),G0055,CCTV,서울특별시 광진구 광나루로56길 34 (구의동),37.53921,127.09525,True,True
1283,CCTV,POINT (963432.0623542108 1950431.3590774683),G0048,CCTV,서울특별시 광진구 능동로 32길 145,37.5525,127.086,True,True
1284,CCTV,POINT (962756.5700723426 1947922.5342981392),G0021,CCTV,서울특별시 광진구 뚝섬로52길 74 (자양동),37.52986,127.07848,True,True
1285,CCTV,POINT (963125.5195046556 1948035.1635080813),G0032,CCTV,서울특별시 광진구 뚝섬로56길 7 (자양동),37.53089,127.08265,True,True
1286,CCTV,POINT (961888.9959303514 1948521.1405602393),G0013,CCTV,서울특별시 광진구 능동로 42 (자양동),37.53522,127.06863,True,True
1287,CCTV,POINT (963130.674888505 1950987.4250176395),G0038,CCTV,서울특별시 광진구 용마산로3길 104 (중곡동),37.5575,127.08256,True,True
1288,CCTV,POINT (963354.410862912 1951049.6739802929),G0049,CCTV,서울특별시 광진구 천호대로113길 10,37.55807,127.08509,True,True
1289,CCTV,POINT (962919.9856536867 1951869.2808725096),G0040,CCTV,서울특별시 광진구 동일로72길 43 (중곡동),37.56544,127.08013,True,True
1290,CCTV,POINT (963609.660437372 1951854.0240638326),G0051,CCTV,"서울특별시 광진구 용마산로22길 19-34 (중곡동, 삼보드림빌)",37.56533,127.08794,True,True
1291,CCTV,POINT (962325.0001368822 1948616.7848690099),G0023,CCTV,서울특별시 광진구 뚝섬로 561,37.5361,127.07356,True,True
1292,CCTV,POINT (964050.0648524706 1949951.5908677853),G0057,CCTV,"서울특별시 광진구 자양로42길 53 (구의동, 광진로얄빌라)",37.5482,127.09302,True,True
1293,CCTV,POINT (961917.7036767622 1948423.3760554297),G0013,CCTV,서울특별시 광진구 능동로6길 16 학교 정문 앞,37.53434,127.06896,True,True
1294,CCTV,POINT (962450.3324499703 1948002.684266799),G0021,CCTV,서울특별시 광진구 자양번영로 12 (자양동),37.53057,127.07501,True,True
1295,CCTV,POINT (962085.8394043263 1950030.2225700787),G0016,CCTV,서울특별시 광진구 군자로 70 두산위브 앞,37.54883,127.07078,True,True
1296,CCTV,POINT (965368.5505264917 1949864.997215666),G0083,CCTV,서울특별시 광진구 아차산로76길 19 (광장동),37.54747,127.10795,True,True
1297,CCTV,POINT (964514.7673580595 1949344.9352386303),G0065,CCTV,서울특별시 광진구 아차산로69길,37.54275,127.09831,True,True
1298,CCTV,POINT (961664.8669519287 1949156.7859285346),G0009,CCTV,서울특별시 광진구 아차산로 200 (자양동),37.54094,127.06606,True,True
1299,CCTV,POINT (963619.8866030241 1948341.4146842146),G0044,CCTV,서울특별시 광진구 뚝섬로 716 (자양동),37.53367,127.08823,True,True
1300,CCTV,POINT (963793.3288742931 1948200.864990434),G0054,CCTV,서울특별시 광진구 구의강변로 11,37.53241,127.0902,True,True
1301,CCTV,POINT (963852.7472590022 1949875.8943837804),G0057,CCTV,서울특별시 광진구 자양로40길 41 (구의동),37.54751,127.09079,True,True
1302,CCTV,POINT (963710.7042300946 1948905.7336103814),G0045,CCTV,서울특별시 광진구 구의로 7,37.53876,127.08923,True,True
1303,비상벨,POINT (964931.776641229 1949981.1046731207),G0075,비상벨,서울특별시 광진구 광장로3길 22 (광장동),37.5485,127.103,True,True
1304,비상벨,POINT (964793.7766722635 1949309.3546583077),G0074,비상벨,서울특별시 광진구 아차산로 540 (광장동),37.54244,127.10147,True,True
1305,비상벨,POINT (965536.4475852489 1950304.7549988097),G0084,비상벨,서울특별시 광진구 아차산로78길 53 (광장동),37.55144,127.10983,True,True
1306,비상벨,POINT (965461.0829850007 1950024.3743074767),G0083,비상벨,서울특별시 광진구 아차산로 636 (광장동),37.54891,127.10899,True,True
1307,비상벨,POINT (964982.6630856211 1949689.101457929),G0075,비상벨,서울특별시 광진구 천호대로 809 (광장동),37.54587,127.10359,True,True
1308,비상벨,POINT (964970.6188506174 1949765.705110276),G0075,비상벨,서울특별시 광진구 천호대로 143길 23,37.54656,127.10345,True,True
1309,비상벨,POINT (965378.5217191088 1949925.9760203601),G0083,비상벨,서울특별시 광진구 아차산로78길 176 (광장동),37.54802,127.10806,True,True
1310,비상벨,POINT (964785.3372161423 1950235.7913064766),G0067,비상벨,서울특별시 광진구 광장로1다길 60 (광장동),37.55079,127.10133,True,True
1311,비상벨,POINT (964828.5487018867 1950010.387249241),G0075,비상벨,서울특별시 광진구 광장로1나길 16 (광장동),37.54876,127.10183,True,True
1312,비상벨,POINT (964470.102360047 1949642.4620244596),G0066,비상벨,서울특별시 광진구 광장로 1 (광장동),37.54543,127.09779,True,True
1313,비상벨,POINT (964567.0710777598 1949180.5116399268),G0065,비상벨,서울특별시 광진구 아차산로70길 62,37.54127,127.09891,True,True
1314,비상벨,POINT (963686.2683249479 1948974.6270589347),G0045,비상벨,서울특별시 광진구 구의로 13-6 (구의동),37.53938,127.08895,True,True
1315,비상벨,POINT (963629.6114452584 1948948.2478183885),G0045,비상벨,서울특별시 광진구 아차산로57길 14 (구의동),37.53914,127.08831,True,True
1316,비상벨,POINT (963691.4662659809 1949153.2278181906),G0046,비상벨,서울특별시 광진구 자양로26길 91-14 (구의동),37.54099,127.089,True,True
1317,비상벨,POINT (963731.8095619215 1949490.3283232825),G0046,비상벨,서울특별시 광진구 광나루로40길 17 (구의동),37.54403,127.08944,True,True
1318,비상벨,POINT (963729.5340972937 1949373.8446263277),G0046,비상벨,서울특별시 광진구 자양로30길 79 (구의동),37.54298,127.08942,True,True
1319,비상벨,POINT (963819.2407460352 1949484.3996909913),G0056,비상벨,서울특별시 광진구 구의로 65 (구의동),37.54398,127.09043,True,True
1320,비상벨,POINT (963747.4442061872 1949429.239592153),G0046,비상벨,서울특별시 광진구 자양로30길 87-10 (구의동),37.54348,127.08962,True,True
1321,비상벨,POINT (963610.6299493016 1949455.3555201697),G0046,비상벨,서울특별시 광진구 광나루로38길 27 (구의동),37.54371,127.08807,True,True
1322,비상벨,POINT (963671.5742353956 1949452.8698118522),G0046,비상벨,서울특별시 광진구 구의로11길 28 (구의동),37.54369,127.08876,True,True
1323,비상벨,POINT (963536.2741028653 1949421.2882480414),G0046,비상벨,서울특별시 광진구 자양로30길 43 (구의동),37.5434,127.08723,True,True
1324,비상벨,POINT (963481.0689999915 1949523.601438512),G0046,비상벨,서울특별시 광진구 자양로32길 31 (구의동),37.54432,127.0866,True,True
1325,비상벨,POINT (963396.8101608265 1949447.4193365118),G0046,비상벨,서울특별시 광진구 자양로30길 14,37.54363,127.08565,True,True
1326,비상벨,POINT (963623.802201357 1949235.6241090202),G0046,비상벨,서울특별시 광진구 자양로28길 73 (구의동),37.54173,127.08823,True,True
1327,비상벨,POINT (963704.329812482 1949064.414588874),G0045,비상벨,서울특별시 광진구 자양로26길 95,37.54019,127.08915,True,True
1328,비상벨,POINT (963565.1296838538 1948950.749303444),G0045,비상벨,서울특별시 광진구 구의로1길 12 (구의동),37.53916,127.08758,True,True
1329,비상벨,POINT (963496.1771059786 1948941.066844038),G0045,비상벨,서울특별시 광진구 구의로1길 26 (구의동),37.53907,127.0868,True,True
1330,비상벨,POINT (963433.3796853911 1949125.5138762167),G0046,비상벨,서울특별시 광진구 아차산로53길 77 (구의동),37.54073,127.08608,True,True
1331,비상벨,POINT (963486.8192988766 1949224.0210240828),G0046,비상벨,서울특별시 광진구 자양로26길 45-7,37.54162,127.08668,True,True
1332,비상벨,POINT (963411.9977241255 1949285.3707407136),G0046,비상벨,서울특별시 광진구 광나루로36길 68 (구의동),37.54217,127.08583,True,True
1333,비상벨,POINT (963327.8974973324 1949245.8009249896),G0046,비상벨,서울특별시 광진구 자양로26길 14 (구의동),37.54181,127.08488,True,True
1334,비상벨,POINT (963266.0686675186 1949048.589632957),G0034,비상벨,서울특별시 광진구 아차산로49길 70 (구의동),37.54003,127.08419,True,True
1335,비상벨,POINT (963338.5075549702 1948847.4568247686),G0045,비상벨,서울특별시 광진구 아차산로51길 23 (구의동),37.53822,127.08502,True,True
1336,비상벨,POINT (963282.0938596162 1948876.5520071066),G0034,비상벨,서울특별시 광진구 아차산로49길 32 (구의동),37.53848,127.08438,True,True
1337,비상벨,POINT (963274.4763004488 1948952.029163784),G0034,비상벨,서울특별시 광진구 아차산로49길 50 (구의동),37.53916,127.08429,True,True
1338,비상벨,POINT (963251.3547817399 1949516.848381856),G0035,비상벨,서울특별시 광진구 자양로23길 86 (구의동),37.54425,127.084,True,True
1339,비상벨,POINT (963469.4151610547 1948882.3829610895),G0045,비상벨,서울특별시 광진구 아차산로55길 23 (구의동),37.53854,127.0865,True,True
1340,비상벨,POINT (963394.898582383 1949013.6275879433),G0045,비상벨,서울특별시 광진구 아차산로53길 53 (구의동),37.53972,127.08565,True,True
1341,비상벨,POINT (963407.5735040165 1948882.6551288194),G0045,비상벨,서울특별시 광진구 아차산로53길 29 (구의동),37.53854,127.0858,True,True
1342,비상벨,POINT (963433.4915090457 1948950.2182349826),G0045,비상벨,서울특별시 광진구 아차산로53길 38-12 (구의동),37.53915,127.08609,True,True
1343,비상벨,POINT (963116.1870304834 1949515.2286002513),G0035,비상벨,서울특별시 광진구 광나루로30가길 9 (구의동),37.54423,127.08247,True,True
1344,비상벨,POINT (964274.3079972379 1950332.278618706),G0058,비상벨,서울특별시 광진구 자양로44길 141-7 (구의동),37.55164,127.09554,True,True
1345,비상벨,POINT (964223.9590717279 1950127.2445992515),G0058,비상벨,서울특별시 광진구 자양로44길 69 (구의동),37.54979,127.09498,True,True
1346,비상벨,POINT (963907.8070695718 1950349.3960655716),G0058,비상벨,서울특별시 광진구 자양로45길 13 (구의동),37.55178,127.09139,True,True
1347,비상벨,POINT (963535.5983851018 1949669.8110771542),G0047,비상벨,서울특별시 광진구 광나루로 517-10 (구의동),37.54564,127.08721,True,True
1348,비상벨,POINT (963541.0234222424 1949899.4463232404),G0047,비상벨,서울특별시 광진구 자양로37가길 10 (구의동),37.54771,127.08726,True,True
1349,비상벨,POINT (964038.5453026646 1950555.1892091664),G0058,비상벨,서울특별시 광진구 자양로51길 11 (구의동),37.55364,127.09286,True,True
1350,비상벨,POINT (964278.7862354527 1950551.9332326693),G0058,비상벨,서울특별시 광진구 영화사로16가길 21 (구의동),37.55362,127.09558,True,True
1351,비상벨,POINT (964082.0800913147 1950613.8023900301),G0059,비상벨,서울특별시 광진구 자양로53길 10 (구의동),37.55417,127.09335,True,True
1352,비상벨,POINT (964190.5784547575 1950580.0498010572),G0058,비상벨,서울특별시 광진구 자양로54길 11 (구의동),37.55387,127.09458,True,True
1353,비상벨,POINT (964088.9974784986 1950579.3790656915),G0058,비상벨,서울특별시 광진구 자양로51길 10-9 (구의동),37.55386,127.09343,True,True
1354,비상벨,POINT (964311.0228370598 1950653.8653184404),G0068,비상벨,서울특별시 광진구 영화사로16길 19 (구의동),37.55454,127.09594,True,True
1355,비상벨,POINT (964321.0022269406 1950509.592080286),G0067,비상벨,서울특별시 광진구 영화사로16나길 21 (구의동),37.55324,127.09606,True,True
1356,비상벨,POINT (964143.3770054127 1950490.3868927944),G0058,비상벨,서울특별시 광진구 자양로52길 11 (구의동),37.55306,127.09405,True,True
1357,비상벨,POINT (964363.363905768 1950295.283634841),G0067,비상벨,서울특별시 광진구 자양로44길 125 (구의동),37.55131,127.09655,True,True
1358,비상벨,POINT (964310.1655555915 1950248.9146402734),G0067,비상벨,서울특별시 광진구 자양로44나길 26-14 (구의동),37.55089,127.09595,True,True
1359,비상벨,POINT (964187.7113576138 1950324.8854010482),G0058,비상벨,서울특별시 광진구 자양로44나길 39 (구의동),37.55157,127.09456,True,True
1360,비상벨,POINT (964109.5926970604 1950235.3560986817),G0058,비상벨,서울특별시 광진구 천호대로137길 38 (구의동),37.55076,127.09368,True,True
1361,비상벨,POINT (963952.5064924847 1950472.3524532223),G0058,비상벨,서울특별시 광진구 자양로49길 15-2 (구의동),37.55289,127.09189,True,True
1362,비상벨,POINT (963878.3928654572 1950288.5034251777),G0058,비상벨,서울특별시 광진구 자양로43길 8 (구의동),37.55123,127.09106,True,True
1363,비상벨,POINT (964161.3326356886 1950762.1281832508),G0059,비상벨,서울특별시 광진구 영화사로11길 22 (구의동),37.55551,127.09424,True,True
1364,비상벨,POINT (964235.3346147701 1950717.4304863177),G0059,비상벨,서울특별시 광진구 영화사로15길 25,37.55511,127.09508,True,True
1365,비상벨,POINT (963982.0883893938 1950164.9024701098),G0058,비상벨,서울특별시 광진구 천호대로135길 16 (구의동),37.55012,127.09224,True,True
1366,비상벨,POINT (964062.3068452541 1950126.8331450757),G0058,비상벨,서울특별시 광진구 천호대로137길 10 (구의동),37.54978,127.09315,True,True
1367,비상벨,POINT (963928.9222457379 1949923.2701125166),G0057,비상벨,서울특별시 광진구 자양로42길 42-24 (구의동),37.54794,127.09165,True,True
1368,비상벨,POINT (963425.5007992912 1949944.3328681118),G0047,비상벨,서울특별시 광진구 자양로35길 35,37.54811,127.08595,True,True
1369,비상벨,POINT (963515.7232612416 1949971.672617298),G0047,비상벨,서울특별시 광진구 자양로37길 21 (구의동),37.54836,127.08697,True,True
1370,비상벨,POINT (963459.8192318936 1949914.226256274),G0047,비상벨,서울특별시 광진구 자양로33길 44 (구의동),37.54784,127.08634,True,True
1371,비상벨,POINT (963657.3917875144 1949845.6819899767),G0047,비상벨,서울특별시 광진구 천호대로134길 55 (구의동),37.54723,127.08858,True,True
1372,비상벨,POINT (963631.4151285067 1949763.6953727948),G0047,비상벨,서울특별시 광진구 자양로36길 17-12 (구의동),37.54649,127.08829,True,True
1373,비상벨,POINT (963565.0561720097 1949739.5780211934),G0047,비상벨,서울특별시 광진구 자양로36길 11 (구의동),37.54627,127.08754,True,True
1374,비상벨,POINT (963702.6066982346 1950085.128500877),G0047,비상벨,서울특별시 광진구 천호대로132길 27-7 (구의동),37.54939,127.08908,True,True
1375,비상벨,POINT (963918.1078988406 1949467.3276635404),G0056,비상벨,서울특별시 광진구 광나루로44길 9 (구의동),37.54383,127.09155,True,True
1376,비상벨,POINT (964010.6763334085 1949423.6570019447),G0056,비상벨,서울특별시 광진구 구의로16길 36 (구의동),37.54344,127.0926,True,True
1377,비상벨,POINT (964196.0347924455 1949182.102621794),G0056,비상벨,서울특별시 광진구 광나루로52길 12 (구의동),37.54127,127.09471,True,True
1378,비상벨,POINT (964145.5362029324 1949149.0365759865),G0056,비상벨,서울특별시 광진구 아차산로65길 14 (구의동),37.54097,127.09414,True,True
1379,비상벨,POINT (963977.5606742646 1949120.9172893043),G0056,비상벨,서울특별시 광진구 구의로4길 51 (구의동),37.54071,127.09224,True,True
1380,비상벨,POINT (963871.9306939653 1949209.0235615193),G0056,비상벨,서울특별시 광진구 구의로6길 21 (구의동),37.5415,127.09104,True,True
1381,비상벨,POINT (963970.7819860541 1949187.5144272149),G0056,비상벨,서울특별시 광진구 아차산로63길 37 (구의동),37.54131,127.09216,True,True
1382,비상벨,POINT (963924.4298140757 1949092.3018404795),G0055,비상벨,서울특별시 광진구 구의로4길 40 (구의동),37.54045,127.09164,True,True
1383,비상벨,POINT (964022.7980167916 1949162.8808056237),G0056,비상벨,서울특별시 광진구 구의로4길 60 (구의동),37.54109,127.09275,True,True
1384,비상벨,POINT (964066.6523695326 1949089.4664832838),G0055,비상벨,서울특별시 광진구 광나루로52길 43 (구의동),37.54043,127.09325,True,True
1385,비상벨,POINT (963987.8861492478 1948853.4921743982),G0055,비상벨,서울특별시 광진구 아차산로60길 13-13 (구의동),37.5383,127.09237,True,True
1386,비상벨,POINT (963911.5219914189 1948968.0981402516),G0055,비상벨,서울특별시 광진구 광나루로52길 83 (구의동),37.53933,127.0915,True,True
1387,비상벨,POINT (963785.3831348532 1949013.0255667777),G0045,비상벨,서울특별시 광진구 아차산로59길 21-13 (구의동),37.53973,127.09007,True,True
1388,비상벨,POINT (963792.0991408676 1949135.037162514),G0056,비상벨,서울특별시 광진구 구의로4길 7-16 (구의동),37.54083,127.09014,True,True
1389,비상벨,POINT (963808.1276701621 1949366.8450254183),G0056,비상벨,서울특별시 광진구 구의로 56 (구의동),37.54292,127.09031,True,True
1390,비상벨,POINT (963840.9190056669 1948985.0470888296),G0055,비상벨,서울특별시 광진구 아차산로59길 13 (구의동),37.53948,127.0907,True,True
1391,비상벨,POINT (963831.9098824236 1948539.0826355817),G0054,비상벨,서울특별시 광진구 뚝섬로67길 23 (구의동),37.53546,127.09062,True,True
1392,비상벨,POINT (962465.4431604483 1950954.9030833659),G0027,비상벨,서울특별시 광진구 천호대로104나길 8 (군자동),37.55718,127.07503,True,True
1393,비상벨,POINT (962558.8306491015 1950902.3364070707),G0027,비상벨,서울특별시 광진구 면목로 27 (군자동),37.55671,127.07609,True,True
1394,비상벨,POINT (962601.809456803 1950835.574643538),G0027,비상벨,서울특별시 광진구 면목로6길 18 (군자동),37.55611,127.07658,True,True
1395,비상벨,POINT (962600.2315370349 1950681.3658061076),G0027,비상벨,서울특별시 광진구 능동로27길 33 (군자동),37.55472,127.07657,True,True
1396,비상벨,POINT (962532.8333038003 1950621.758453579),G0027,비상벨,서울특별시 광진구 능동로27나길 17 (군자동),37.55418,127.07581,True,True
1397,비상벨,POINT (962537.5372319658 1950489.7106561752),G0026,비상벨,서울특별시 광진구 능동로25길 22 (군자동),37.55299,127.07587,True,True
1398,비상벨,POINT (962243.7167323487 1950753.9853450933),G0018,비상벨,서울특별시 광진구 동일로52길 15-14 (군자동),37.55536,127.07253,True,True
1399,비상벨,POINT (962109.6112061174 1950593.7234459163),G0017,비상벨,서울특별시 광진구 동일로48길 14-10 (군자동),37.55391,127.07102,True,True
1400,비상벨,POINT (962339.3372211521 1950609.3202713502),G0027,비상벨,서울특별시 광진구 군자로15길 10-6 (군자동),37.55406,127.07362,True,True
1401,비상벨,POINT (962719.0867685991 1950791.7779646385),G0027,비상벨,서울특별시 광진구 능동로29가길 24 (군자동),37.55572,127.07791,True,True
1402,비상벨,POINT (962621.8735536285 1950583.6352515812),G0026,비상벨,서울특별시 광진구 능동로27길 9 (군자동),37.55384,127.07682,True,True
1403,비상벨,POINT (962456.8776508886 1950427.9448222108),G0026,비상벨,서울특별시 광진구 능동로27길 9 (군자동),37.55243,127.07496,True,True
1404,비상벨,POINT (962064.5822524984 1950211.1627722164),G0017,비상벨,서울특별시 광진구 능동로27길 9 (군자동),37.55046,127.07053,True,True
1405,비상벨,POINT (962254.3287517044 1949979.5290373184),G0016,비상벨,서울특별시 광진구 광나루로17길 14 (군자동),37.54838,127.07269,True,True
1406,비상벨,POINT (962440.386582468 1951078.1673478873),G0027,비상벨,서울특별시 광진구 동일로60길 25 (군자동),37.55829,127.07474,True,True
1407,비상벨,POINT (962658.6615042017 1950907.4341182716),G0027,비상벨,서울특별시 광진구 군자로17길 34 (군자동),37.55676,127.07722,True,True
1408,비상벨,POINT (962428.1816990527 1950918.459196074),G0027,비상벨,서울특별시 광진구 면목로5길 30-6 (군자동),37.55685,127.07461,True,True
1409,비상벨,POINT (963064.5209576855 1950411.9060243424),G0037,비상벨,서울특별시 광진구 천호대로116길 88 (능동),37.55231,127.08184,True,True
1410,비상벨,POINT (962951.9103254401 1950513.3691312303),G0037,비상벨,서울특별시 광진구 능동로24길 76 (능동),37.55322,127.08056,True,True
1411,비상벨,POINT (962856.9183957784 1950801.1453883126),G0038,비상벨,서울특별시 광진구 천호대로110길 34 (능동),37.55581,127.07947,True,True
1412,비상벨,POINT (962886.2739037992 1950847.6117176584),G0038,비상벨,서울특별시 광진구 능동로36길 12 (능동),37.55623,127.0798,True,True
1413,비상벨,POINT (963002.6099202028 1950790.5096667935),G0038,비상벨,서울특별시 광진구 천호대로112길 10 (능동),37.55572,127.08112,True,True
1414,비상벨,POINT (963008.4812507727 1950720.5871105613),G0038,비상벨,서울특별시 광진구 천호대로112길 25 (능동),37.55509,127.08119,True,True
1415,비상벨,POINT (963223.5192888246 1950612.0135916683),G0038,비상벨,서울특별시 광진구 천호대로116길 26 (능동),37.55412,127.08363,True,True
1416,비상벨,POINT (963113.4616920582 1950492.6794768313),G0037,비상벨,서울특별시 광진구 능동로32길 82-34 (능동),37.55304,127.08239,True,True
1417,비상벨,POINT (963152.987796484 1950442.5780132632),G0037,비상벨,서울특별시 광진구 천호대로116길 57 (능동),37.55259,127.08284,True,True
1418,비상벨,POINT (963314.0351531542 1950507.3233727198),G0048,비상벨,서울특별시 광진구 천호대로118길 36 (능동),37.55318,127.08466,True,True
1419,비상벨,POINT (963364.8422384437 1950611.3888173872),G0049,비상벨,서울특별시 광진구 천호대로118길 16 (능동),37.55412,127.08523,True,True
1420,비상벨,POINT (963326.7747365736 1950391.8826779136),G0048,비상벨,서울특별시 광진구 천호대로124길 86 (능동),37.55214,127.08481,True,True
1421,비상벨,POINT (963464.1682586437 1950501.114061425),G0048,비상벨,서울특별시 광진구 천호대로120길 21 (능동),37.55313,127.08636,True,True
1422,비상벨,POINT (963603.7167787655 1950498.2822531092),G0048,비상벨,서울특별시 광진구 천호대로120길 21 (능동),37.55311,127.08794,True,True
1423,비상벨,POINT (963548.4663564105 1950387.57810649),G0048,비상벨,서울특별시 광진구 천호대로122길 33 (능동),37.55211,127.08732,True,True
1424,비상벨,POINT (962763.082624415 1950557.4830204758),G0026,비상벨,서울특별시 광진구 천호대로110길 87 (능동),37.55361,127.07842,True,True
1425,비상벨,POINT (962825.1891279458 1950421.849816222),G0037,비상벨,서울특별시 광진구 능동로24길 41 (능동),37.55239,127.07913,True,True
1426,비상벨,POINT (962774.1075837744 1950455.3626630805),G0026,비상벨,서울특별시 광진구 능동로26길 23 (능동),37.55269,127.07855,True,True
1427,비상벨,POINT (962829.8199361758 1950667.0211811175),G0038,비상벨,서울특별시 광진구 능동로32길 16-16 (능동),37.5546,127.07917,True,True
1428,비상벨,POINT (962832.1369704222 1950592.6765433736),G0037,비상벨,서울특별시 광진구 능동로32길 16-16 (능동),37.55393,127.0792,True,True
1429,비상벨,POINT (963065.3877137406 1948421.523396246),G0033,비상벨,서울특별시 광진구 자양로13길 41 (자양동),37.53437,127.08195,True,True
1430,비상벨,POINT (963013.1544006546 1948993.1292350884),G0034,비상벨,서울특별시 광진구 자양로21길 35 (자양동),37.53952,127.08133,True,True
1431,비상벨,POINT (962967.2860925826 1948612.7876707034),G0034,비상벨,서울특별시 광진구 아차산로46길 23 (자양동),37.53609,127.08083,True,True
1432,비상벨,POINT (963067.2575706203 1948643.4076220626),G0034,비상벨,서울특별시 광진구 아차산로46가길 19 (자양동),37.53637,127.08196,True,True
1433,비상벨,POINT (963169.5787128656 1948606.3411270282),G0033,비상벨,서울특별시 광진구 자양로15길 6 (자양동),37.53604,127.08312,True,True
1434,비상벨,POINT (962847.2521151487 1948442.4662667657),G0033,비상벨,서울특별시 광진구 뚝섬로47길 49 (자양동),37.53455,127.07948,True,True
1435,비상벨,POINT (962796.1283700455 1948469.3221393048),G0033,비상벨,서울특별시 광진구 자양로15길84,37.53479,127.0789,True,True
1436,비상벨,POINT (962875.4409959067 1948225.995047874),G0033,비상벨,서울특별시 광진구 자양로13길 100 (자양동),37.5326,127.07981,True,True
1437,비상벨,POINT (962900.7146133232 1948345.7041209252),G0033,비상벨,서울특별시 광진구 뚝섬로51길 24 (자양동),37.53368,127.08009,True,True
1438,비상벨,POINT (962726.4292725106 1948294.3393771255),G0022,비상벨,서울특별시 광진구 자양로13다길 34 (자양동),37.53321,127.07812,True,True
1439,비상벨,POINT (962927.3189083573 1948367.774627703),G0033,비상벨,서울특별시 광진구 자양로13나길 14 (자양동),37.53388,127.08039,True,True
1440,비상벨,POINT (963152.5985234071 1948363.4441365926),G0033,비상벨,서울특별시 광진구 자양로9길 24-3 (자양동),37.53385,127.08294,True,True
1441,비상벨,POINT (962977.4959239257 1948326.500785031),G0033,비상벨,서울특별시 광진구 자양로13길 73 (자양동),37.53351,127.08096,True,True
1442,비상벨,POINT (963086.1284348624 1948317.1417599565),G0033,비상벨,서울특별시 광진구 자양로11길 45-8 (자양동),37.53343,127.08219,True,True
1443,비상벨,POINT (962940.7177509438 1948202.404947352),G0033,비상벨,서울특별시 광진구 뚝섬로57가길 55 (자양동),37.53239,127.08055,True,True
1444,비상벨,POINT (963100.6308379808 1948200.5838159556),G0033,비상벨,서울특별시 광진구 뚝섬로55길 19 (자양동),37.53238,127.08236,True,True
1445,비상벨,POINT (963094.6281087697 1949037.1454197248),G0034,비상벨,서울특별시 광진구 자양로21길 14 (자양동),37.53992,127.08225,True,True
1446,비상벨,POINT (962980.8264811055 1948875.6701026028),G0034,비상벨,서울특별시 광진구 자양로19길 48-4 (자양동),37.53846,127.08097,True,True
1447,비상벨,POINT (962935.6317658527 1948844.8066418902),G0034,비상벨,서울특별시 광진구 자양로19길 54 (자양동),37.53818,127.08046,True,True
1448,비상벨,POINT (962988.3866470215 1947796.129424788),G0032,비상벨,서울특별시 광진구 뚝섬로52마길 60 (자양동),37.52873,127.08111,True,True
1449,비상벨,POINT (963278.6393464444 1947694.9903193195),G0032,비상벨,서울특별시 광진구 뚝섬로52마길 60 (자양동),37.52783,127.0844,True,True
1450,비상벨,POINT (963339.7039017761 1948117.4254375857),G0044,비상벨,서울특별시 광진구 자양로5길 13 (자양동),37.53164,127.08507,True,True
1451,비상벨,POINT (963588.53107467 1948242.8099623015),G0044,비상벨,서울특별시 광진구 자양로6길 40 (자양동),37.53278,127.08788,True,True
1452,비상벨,POINT (962611.5722301546 1947902.1056189986),G0021,비상벨,서울특별시 광진구 뚝섬로48길 52 (자양동),37.52967,127.07684,True,True
1453,비상벨,POINT (962706.86965202 1948070.3156833642),G0021,비상벨,서울특별시 광진구 뚝섬로50길 28 (자양동),37.53119,127.07791,True,True
1454,비상벨,POINT (962934.5505816358 1948008.2765748955),G0032,비상벨,서울특별시 광진구 뚝섬로54길 24 (자양동),37.53064,127.08049,True,True
1455,비상벨,POINT (962889.8976756595 1947901.9675153773),G0032,비상벨,서울특별시 광진구 뚝섬로54길 46 (자양동),37.52968,127.07999,True,True
1456,비상벨,POINT (962911.1399223554 1947712.1547311065),G0032,비상벨,서울특별시 광진구 뚝섬로52마길 42-15 (자양동),37.52797,127.08024,True,True
1457,비상벨,POINT (963235.9869401541 1947840.5182979726),G0032,비상벨,서울특별시 광진구 자양로3길 49 (자양동),37.52914,127.08391,True,True
1458,비상벨,POINT (963292.8927257264 1947921.2574151703),G0043,비상벨,서울특별시 광진구 자양로3길 39-3 (자양동),37.52987,127.08455,True,True
1459,비상벨,POINT (963341.7796160692 1947786.7968238916),G0043,비상벨,서울특별시 광진구 자양로3가길 36 (자양동),37.52866,127.08511,True,True
1460,비상벨,POINT (963304.9376342804 1948647.9017556715),G0045,비상벨,서울특별시 광진구 자양로3가길 37 (자양동),37.53642,127.08465,True,True
1461,비상벨,POINT (963470.0369457145 1948220.0313645836),G0044,비상벨,서울특별시 광진구 뚝섬로60길 6 (자양동),37.53257,127.08654,True,True
1462,비상벨,POINT (963491.5888262182 1948097.8958924282),G0043,비상벨,서울특별시 광진구 자양로4길 12-1 (자양동),37.53147,127.08679,True,True
1463,비상벨,POINT (963613.5458896707 1948104.0177319178),G0043,비상벨,서울특별시 광진구 자양로2길 29 (자양동),37.53153,127.08817,True,True
1464,비상벨,POINT (963594.4667227886 1947984.279508633),G0043,비상벨,서울특별시 광진구 자양로4나길 31 (자양동),37.53045,127.08796,True,True
1465,비상벨,POINT (962600.4770310271 1948774.1935471436),G0023,비상벨,서울특별시 광진구 자양번영로11길 4-9 (자양동),37.53753,127.07667,True,True
1466,비상벨,POINT (962459.0475176016 1948758.1894712406),G0023,비상벨,서울특별시 광진구 자양번영로11길 29 (자양동),37.53738,127.07507,True,True
1467,비상벨,POINT (962454.3183238812 1948884.689757728),G0023,비상벨,서울특별시 광진구 아차산로 288 (자양동),37.53852,127.07501,True,True
1468,비상벨,POINT (962402.2897813284 1948710.7391830457),G0023,비상벨,서울특별시 광진구 자양번영로11길 37-14 (자양동),37.53695,127.07443,True,True
1469,비상벨,POINT (962556.7022576384 1948666.772734389),G0023,비상벨,서울특별시 광진구 자양번영로9길 6-7 (자양동),37.53656,127.07618,True,True
1470,비상벨,POINT (962521.1830485868 1948626.9921952956),G0023,비상벨,서울특별시 광진구 자양번영로7길 12-7 (자양동),37.5362,127.07578,True,True
1471,비상벨,POINT (962319.081440142 1948090.9259689492),G0021,비상벨,서울특별시 광진구 자양번영로3다길 11-5,37.53136,127.07352,True,True
1472,비상벨,POINT (962485.9522892504 1948846.8250653874),G0023,비상벨,서울특별시 광진구 아차산로38길 5-16 (자양동),37.53818,127.07537,True,True
1473,비상벨,POINT (962248.3026872702 1948070.167423563),G0012,비상벨,서울특별시 광진구 뚝섬로36가길 43 (자양동),37.53117,127.07272,True,True
1474,비상벨,POINT (962082.637679669 1948167.4450398549),G0013,비상벨,서울특별시 광진구 뚝섬로36길 49-8 (자양동),37.53204,127.07084,True,True
1475,비상벨,POINT (962074.9394376426 1948610.1563271645),G0014,비상벨,서울특별시 광진구 능동로8길 28 (자양동),37.53603,127.07073,True,True
1476,비상벨,POINT (962132.9445205507 1948349.1676844365),G0013,비상벨,서울특별시 광진구 뚝섬로36길 15 (자양동),37.53368,127.0714,True,True
1477,비상벨,POINT (962404.5887130034 1948242.5351149524),G0022,비상벨,서울특별시 광진구 자양번영로5길 16 (자양동),37.53273,127.07448,True,True
1478,비상벨,POINT (962401.496387356 1948144.9163468336),G0022,비상벨,서울특별시 광진구 자양번영로3길 16 (자양동),37.53185,127.07445,True,True
1479,비상벨,POINT (962309.1008573704 1948033.279151438),G0021,비상벨,서울특별시 광진구 자양번영로1길 27 (자양동),37.53084,127.07341,True,True
1480,비상벨,POINT (962305.224469422 1947957.853250512),G0021,비상벨,서울특별시 광진구 자양번영로3나길 40 (자양동),37.53016,127.07337,True,True
1481,비상벨,POINT (961480.2953235138 1948790.4065119906),G0008,비상벨,서울특별시 광진구 동일로10길 42 (자양동),37.53763,127.06399,True,True
1482,비상벨,POINT (961585.7518065535 1948668.9864879095),G0008,비상벨,서울특별시 광진구 뚝섬로 491 (자양동),37.53654,127.06519,True,True
1483,비상벨,POINT (961628.6805642252 1948399.1881049238),G0007,비상벨,서울특별시 광진구 능동로3나길 10,37.53411,127.06569,True,True
1484,비상벨,POINT (961418.1359025012 1948532.189469232),G0007,비상벨,서울특별시 광진구 뚝섬로24길 27 (자양동),37.5353,127.0633,True,True
1485,비상벨,POINT (961452.1579037161 1948248.0084904882),G0007,비상벨,서울특별시 광진구 자양강변길 73 (자양동),37.53274,127.0637,True,True
1486,비상벨,POINT (961560.105930482 1948472.7297654538),G0007,비상벨,서울특별시 광진구 능동로3라길 16 (자양동),37.53477,127.06491,True,True
1487,비상벨,POINT (961622.9644698598 1948309.347861275),G0007,비상벨,서울특별시 광진구 능동로3가길 12 (자양동),37.5333,127.06563,True,True
1488,비상벨,POINT (961786.2334401645 1949037.513882174),G0008,비상벨,서울특별시 광진구 아차산로30길 18,37.53987,127.06744,True,True
1489,비상벨,POINT (961842.3351576335 1948941.8419657452),G0014,비상벨,서울특별시 광진구 아차산로32길 21 (자양동),37.53901,127.06808,True,True
1490,비상벨,POINT (961735.407378852 1948935.677007921),G0008,비상벨,서울특별시 광진구 아차산로30길 39 (자양동),37.53895,127.06687,True,True
1491,비상벨,POINT (961593.3928082305 1948984.0393886208),G0008,비상벨,서울특별시 광진구 동일로18길 44 (자양동),37.53938,127.06526,True,True
1492,비상벨,POINT (961487.1545928529 1949126.5429060967),G0009,비상벨,서울특별시 광진구 아차산로22길 27 (자양동),37.54066,127.06405,True,True
1493,비상벨,POINT (961223.229349345 1948417.712420895),G0003,비상벨,서울특별시 광진구 자양강변길 19 (자양동),37.53426,127.0611,True,True
1494,비상벨,POINT (961336.9631338327 1948555.8655844033),G0007,비상벨,서울특별시 광진구 뚝섬로22가길 22 (자양동),37.53551,127.06238,True,True
1495,비상벨,POINT (961376.0532569297 1948602.2813222418),G0007,비상벨,서울특별시 광진구 동일로4가길 9-2 (자양동),37.53593,127.06282,True,True
1496,비상벨,POINT (961237.2479599199 1948581.8479205377),G0003,비상벨,서울특별시 광진구 동일로 34-11 (자양동),37.53574,127.06125,True,True
1497,비상벨,POINT (962314.1957718568 1950713.7242964508),G0027,비상벨,서울특별시 광진구 군자로15길36,37.555,127.07333,True,True
1498,비상벨,POINT (961358.154422302 1948932.9853832137),G0008,비상벨,서울특별시 광진구 동일로10길 5 (자양동),37.53891,127.0626,True,True
1499,비상벨,POINT (961831.9342163415 1948793.2214011224),G0014,비상벨,서울특별시 광진구 능동로9길 23,37.53767,127.06797,True,True
1500,비상벨,POINT (961756.2116956897 1948465.168002644),G0007,비상벨,서울특별시 광진구 뚝섬로32길 17 (자양동),37.53471,127.06713,True,True
1501,비상벨,POINT (961785.3613454554 1948655.86182897),G0008,비상벨,서울특별시 광진구 능동로5길 7,37.53643,127.06745,True,True
1502,비상벨,POINT (961705.2296018264 1948521.9855319443),G0007,비상벨,서울특별시 광진구 뚝섬로30길 15 (자양동),37.53522,127.06655,True,True
1503,비상벨,POINT (961466.9939774794 1948398.826908437),G0007,비상벨,서울특별시 광진구 능동로3길 61-8 (자양동),37.5341,127.06386,True,True
1504,비상벨,POINT (961424.7324759699 1949001.46285892),G0008,비상벨,서울특별시 광진구 동일로12길 20 (자양동),37.53953,127.06335,True,True
1505,비상벨,POINT (961429.3943936052 1948863.8674227886),G0008,비상벨,서울특별시 광진구 동일로10길 25 (자양동),37.53829,127.06341,True,True
1506,비상벨,POINT (961529.620506826 1948948.8315614436),G0008,비상벨,서울특별시 광진구 동일로18가길 13 (자양동),37.53906,127.06454,True,True
1507,비상벨,POINT (961508.9002803244 1948862.3892034874),G0008,비상벨,서울특별시 광진구 동일로10나길 18 (자양동),37.53828,127.06431,True,True
1508,비상벨,POINT (961595.6738578997 1948904.147306427),G0008,비상벨,서울특별시 광진구 동일로18나길 24 (자양동),37.53866,127.06529,True,True
1509,비상벨,POINT (961605.0277715934 1948825.3320094682),G0008,비상벨,서울특별시 광진구 뚝섬로23가길 11 (자양동),37.53795,127.0654,True,True
1510,비상벨,POINT (963209.2700289364 1948192.3358560393),G0033,비상벨,서울특별시 광진구 뚝섬로57길 13 (자양동),37.53231,127.08359,True,True
1511,비상벨,POINT (962991.2032754966 1951401.8769224072),G0039,비상벨,서울특별시 광진구 긴고랑로14길 33 (중곡동),37.56123,127.08096,True,True
1512,비상벨,POINT (962837.6007496486 1951813.0664563668),G0040,비상벨,서울특별시 광진구 긴고랑로5길 11 (중곡동),37.56493,127.0792,True,True
1513,비상벨,POINT (962687.3520602476 1951788.2227912466),G0029,비상벨,서울특별시 광진구 긴고랑로1길 11 (중곡동),37.5647,127.0775,True,True
1514,비상벨,POINT (962852.1771699945 1951715.3679695067),G0040,비상벨,서울특별시 광진구 긴고랑로7길 11 (중곡동),37.56405,127.07937,True,True
1515,비상벨,POINT (962731.4345197771 1951771.3826952628),G0029,비상벨,서울특별시 광진구 동일로70길 22 (중곡동),37.56455,127.078,True,True
1516,비상벨,POINT (963035.8615117117 1951513.7341726432),G0039,비상벨,서울특별시 광진구 긴고랑로14길 8 (중곡동),37.56224,127.08146,True,True
1517,비상벨,POINT (962966.9789923143 1951515.1506819406),G0039,비상벨,서울특별시 광진구 긴고랑로12길 12 (중곡동),37.56225,127.08068,True,True
1518,비상벨,POINT (962880.1899281727 1951462.283889745),G0039,비상벨,서울특별시 광진구 능동로43길 38 (중곡동),37.56177,127.0797,True,True
1519,비상벨,POINT (962822.0094848373 1951486.9525744107),G0039,비상벨,서울특별시 광진구 면목로 93 (중곡동),37.56199,127.07904,True,True
1520,비상벨,POINT (962750.1666406654 1951615.9730002005),G0029,비상벨,서울특별시 광진구 긴고랑로6길 9 (중곡동),37.56315,127.07822,True,True
1521,비상벨,POINT (962579.4184403241 1951746.5489089254),G0029,비상벨,서울특별시 광진구 동일로 374 (중곡동),37.56432,127.07628,True,True
1522,비상벨,POINT (962536.5834845592 1951452.7329226558),G0028,비상벨,서울특별시 광진구 동일로66길 9 (중곡동),37.56167,127.07581,True,True
1523,비상벨,POINT (963809.2792867643 1950441.910482694),G0058,비상벨,서울특별시 광진구 자양로43길 47 (중곡동),37.55261,127.09027,True,True
1524,비상벨,POINT (962443.7991779487 1951246.7910713824),G0028,비상벨,서울특별시 광진구 천호대로101길 11 (중곡동),37.55981,127.07477,True,True
1525,비상벨,POINT (962704.9567364962 1951382.078202925),G0028,비상벨,서울특별시 광진구 긴고랑로8길 60 (중곡동),37.56104,127.07772,True,True
1526,비상벨,POINT (962640.6782212055 1951229.2606563468),G0028,비상벨,서울특별시 광진구 긴고랑로8길 90 (중곡동),37.55966,127.077,True,True
1527,비상벨,POINT (962561.0448200412 1951197.444854944),G0028,비상벨,서울특별시 광진구 동일로62길 37 (중곡동),37.55937,127.0761,True,True
1528,비상벨,POINT (962865.2798478908 1951288.1641271426),G0039,비상벨,서울특별시 광진구 면목로 74 (중곡동),37.5602,127.07954,True,True
1529,비상벨,POINT (962927.8530424644 1951257.9288147113),G0039,비상벨,서울특별시 광진구 긴고랑로14길 63 (중곡동),37.55993,127.08025,True,True
1530,비상벨,POINT (962807.210945725 1951140.8649024945),G0039,비상벨,서울특별시 광진구 천호대로107길 22 (중곡동),37.55887,127.07889,True,True
1531,비상벨,POINT (962776.0696674491 1951089.9689760269),G0027,비상벨,서울특별시 광진구 천호대로107길 8 (중곡동),37.55841,127.07854,True,True
1532,비상벨,POINT (963005.0711457524 1951739.0933657046),G0040,비상벨,서울특별시 광진구 능동로47길 35 (중곡동),37.56427,127.0811,True,True
1533,비상벨,POINT (962972.965979206 1951669.3400322287),G0040,비상벨,서울특별시 광진구 능동로47길 35 (중곡동),37.56364,127.08074,True,True
1534,비상벨,POINT (963025.8268495566 1951640.258211986),G0040,비상벨,서울특별시 광진구 능동로47길 35 (중곡동),37.56338,127.08134,True,True
1535,비상벨,POINT (963257.523970336 1951709.1257710166),G0040,비상벨,서울특별시 광진구 능동로50길 8 (중곡동),37.56401,127.08396,True,True
1536,비상벨,POINT (963420.6185486724 1951642.9467898735),G0051,비상벨,서울특별시 광진구 능동로48가길 36 (중곡동),37.56342,127.08581,True,True
1537,비상벨,POINT (963472.0511286118 1951489.6138022721),G0050,비상벨,서울특별시 광진구 긴고랑로29길 47 (중곡동),37.56204,127.0864,True,True
1538,비상벨,POINT (963326.0723731928 1951432.565201109),G0050,비상벨,서울특별시 광진구 용마산로21길 77 (중곡동),37.56152,127.08475,True,True
1539,비상벨,POINT (963546.979054536 1950853.5601404835),G0049,비상벨,서울특별시 광진구 용마산로3길 13 (중곡동),37.55631,127.08728,True,True
1540,비상벨,POINT (963542.1048850776 1950749.291757881),G0049,비상벨,서울특별시 광진구 천호대로125길 35-17 (중곡동),37.55537,127.08723,True,True
1541,비상벨,POINT (963556.0713652788 1950711.5086070963),G0049,비상벨,서울특별시 광진구 용마산로1길 22 (중곡동),37.55503,127.08739,True,True
1542,비상벨,POINT (963472.1523924058 1950910.4717949268),G0049,비상벨,서울특별시 광진구 천호대로121길 39 (중곡동),37.55682,127.08643,True,True
1543,비상벨,POINT (963515.73258917 1951179.8804624937),G0050,비상벨,서울특별시 광진구 긴고랑로 110 (중곡동),37.55925,127.08691,True,True
1544,비상벨,POINT (963400.8079611771 1951155.9780884008),G0050,비상벨,서울특별시 광진구 천호대로119길 89 (중곡동),37.55903,127.08561,True,True
1545,비상벨,POINT (963443.5615173255 1950836.2634134002),G0049,비상벨,서울특별시 광진구 용마산로3길 38 (중곡동),37.55615,127.08611,True,True
1546,비상벨,POINT (963218.491467461 1950872.7604239944),G0038,비상벨,서울특별시 광진구 용마산로1길 91 (중곡동),37.55647,127.08356,True,True
1547,비상벨,POINT (963447.9122749721 1951423.1520418401),G0050,비상벨,서울특별시 광진구 긴고랑로27길 26 (중곡동),37.56144,127.08613,True,True
1548,비상벨,POINT (963524.632101202 1951396.1873524738),G0050,비상벨,서울특별시 광진구 긴고랑로31길 28 (중곡동),37.5612,127.087,True,True
1549,비상벨,POINT (963082.9952645324 1951189.5599039379),G0039,비상벨,서울특별시 광진구 천호대로109길 53 (중곡동),37.55932,127.08201,True,True
1550,비상벨,POINT (963197.7379009608 1951570.7071804528),G0039,비상벨,서울특별시 광진구 긴고랑로15길 15 (중곡동),37.56276,127.08329,True,True
1551,비상벨,POINT (963348.8426476165 1951588.8995197557),G0050,비상벨,서울특별시 광진구 긴고랑로19길 34-4 (중곡동),37.56293,127.085,True,True
1552,비상벨,POINT (963355.4867345142 1951493.4559910945),G0050,비상벨,서울특별시 광진구 용마산로21길 65 (중곡동),37.56207,127.08508,True,True
1553,비상벨,POINT (963108.4794564748 1951359.1951070507),G0039,비상벨,서울특별시 광진구 능동로44길 13 (중곡동),37.56085,127.08229,True,True
1554,비상벨,POINT (963189.1251819936 1951420.967254045),G0039,비상벨,서울특별시 광진구 긴고랑로16길 9-9 (중곡동),37.56141,127.0832,True,True
1555,비상벨,POINT (963501.137572465 1951275.3587479373),G0050,비상벨,서울특별시 광진구 긴고랑로 103,37.56011,127.08674,True,True
1556,비상벨,POINT (962918.8928432937 1952217.6589933897),G0041,비상벨,서울특별시 광진구 동일로76나길 20 (중곡동),37.56858,127.0801,True,True
1557,비상벨,POINT (963253.1141695826 1951909.9589981965),G0040,비상벨,서울특별시 광진구 능동로 411 (중곡동),37.56582,127.0839,True,True
1558,비상벨,POINT (963285.6385819854 1952274.8301601247),G0041,비상벨,서울특별시 광진구 용마산로31길 31 (중곡동),37.56911,127.08425,True,True
1559,비상벨,POINT (963218.4822684461 1952066.54744639),G0040,비상벨,서울특별시 광진구 능동로53길 24-9 (중곡동),37.56723,127.0835,True,True
1560,비상벨,POINT (963124.8771441752 1952068.0723111285),G0040,비상벨,서울특별시 광진구 능동로53길 30-12 (중곡동),37.56724,127.08244,True,True
1561,비상벨,POINT (963025.4923948776 1952358.0859286212),G0041,비상벨,서울특별시 광진구 답십리로 78길 (중곡동),37.56985,127.0813,True,True
1562,비상벨,POINT (962851.3453274146 1952121.4372760577),G0041,비상벨,서울특별시 광진구 동일로76길 12 (중곡동),37.56771,127.07934,True,True
1563,비상벨,POINT (962956.9914618087 1952047.7400824453),G0040,비상벨,서울특별시 광진구 면목로11길 20 (중곡동),37.56705,127.08054,True,True
1564,비상벨,POINT (963350.6726584679 1952403.241055948),G0052,비상벨,서울특별시 광진구 답십리로88길 19 (중곡동),37.57027,127.08498,True,True
1565,비상벨,POINT (963375.8265315776 1952299.9494079018),G0052,비상벨,서울특별시 광진구 용마산로31길 16 (중곡동),37.56934,127.08527,True,True
1566,비상벨,POINT (963242.5735018776 1952321.6184963048),G0041,비상벨,서울특별시 광진구 면목로16길 10 (중곡동),37.56953,127.08376,True,True
1567,비상벨,POINT (963423.4086475899 1952075.626933775),G0051,비상벨,서울특별시 광진구 용마산로27길 10 (중곡동),37.56732,127.08582,True,True
1568,비상벨,POINT (963389.7867439231 1952061.3521014196),G0051,비상벨,서울특별시 광진구 용마산로29길 25 (중곡동),37.56719,127.08544,True,True
1569,비상벨,POINT (963259.1813480034 1952482.4179493554),G0041,비상벨,서울특별시 광진구 답십리로84길 6 (중곡동),37.57098,127.08394,True,True
1571,비상벨,POINT (963148.5858017296 1952435.2012039437),G0041,비상벨,서울특별시 광진구 답십리로82길 18 (중곡동),37.57055,127.08269,True,True
1572,비상벨,POINT (962965.1407229464 1952290.677433919),G0041,비상벨,서울특별시 광진구 동일로78길 20 (중곡동),37.56924,127.08062,True,True
1573,비상벨,POINT (962958.4292086661 1952171.99418878),G0041,비상벨,서울특별시 광진구 동일로76길 51-22 (중곡동),37.56817,127.08055,True,True
1574,비상벨,POINT (963018.4109736022 1952156.194105652),G0041,비상벨,서울특별시 광진구 동일로76길 49 (중곡동),37.56803,127.08123,True,True
1575,비상벨,POINT (963981.1083660283 1950957.0645207928),G0059,비상벨,서울특별시 광진구 영화사로5길 25 (중곡동),37.55726,127.09219,True,True
1576,비상벨,POINT (963768.9993796543 1950724.9997393945),G0049,비상벨,서울특별시 광진구 자양로45길 89 (중곡동),37.55516,127.0898,True,True
1577,비상벨,POINT (963584.7302856902 1951606.722199429),G0050,비상벨,서울특별시 광진구 용마산로22길 10-10 (중곡동),37.5631,127.08767,True,True
1578,비상벨,POINT (964056.4952399165 1951028.8530317792),G0059,비상벨,서울특별시 광진구 영화사로3가길 9 (중곡동),37.55791,127.09304,True,True
1579,비상벨,POINT (964094.2723139331 1950982.0920133125),G0059,비상벨,서울특별시 광진구 영화사로3가길 25 (중곡동),37.55749,127.09347,True,True
1580,비상벨,POINT (964249.7921722326 1950998.0628132238),G0059,비상벨,서울특별시 광진구 영화사로9가길 61 (중곡동),37.55764,127.09523,True,True
1581,비상벨,POINT (964077.4381193711 1950765.8191467752),G0059,비상벨,서울특별시 광진구 영화사로9길 10 (중곡동),37.55554,127.09329,True,True
1582,비상벨,POINT (964198.1344299066 1950898.4335774246),G0059,비상벨,서울특별시 광진구 영화사로9길 70-12 (중곡동),37.55674,127.09465,True,True
1583,비상벨,POINT (963974.6946618967 1950903.8380135156),G0059,비상벨,서울특별시 광진구 영화사로7길 24 (중곡동),37.55678,127.09212,True,True
1584,비상벨,POINT (963993.5917832055 1950780.6054004307),G0059,비상벨,서울특별시 광진구 영화사로 51 (중곡동),37.55567,127.09234,True,True
1585,비상벨,POINT (963683.4694484583 1951364.4258353265),G0050,비상벨,서울특별시 광진구 용마산로8가길 26 (중곡동),37.56092,127.0888,True,True
1586,비상벨,POINT (963742.1669369072 1951457.3644248443),G0050,비상벨,서울특별시 광진구 용마산로8다길 23 (중곡동),37.56176,127.08946,True,True
1587,비상벨,POINT (963680.5552543162 1952313.033173394),G0052,비상벨,서울특별시 광진구 용마산로36길 66 (중곡동),37.56947,127.08872,True,True
1588,비상벨,POINT (963644.889856064 1951227.020869811),G0050,비상벨,서울특별시 광진구 용마산로8길 10 (중곡동),37.55968,127.08837,True,True
1590,비상벨,POINT (963543.1446099435 1952393.517455925),G0052,비상벨,서울특별시 광진구 용마산로34길 15 (중곡동),37.57019,127.08716,True,True
1591,비상벨,POINT (964252.0363723751 1951108.9996617269),G0060,비상벨,서울특별시 광진구 긴고랑로46가길 36 (중곡동),37.55864,127.09525,True,True
1592,비상벨,POINT (964284.5958419857 1951286.3739682469),G0060,비상벨,서울특별시 광진구 긴고랑로46길 11,37.56024,127.09561,True,True
1593,비상벨,POINT (963854.1783696244 1950813.3856868313),G0059,비상벨,서울특별시 광진구 용마산로2길 45 (중곡동),37.55596,127.09076,True,True
1594,비상벨,POINT (963813.4796951698 1950594.998331256),G0058,비상벨,서울특별시 광진구 자양로45길 65 (중곡동),37.55399,127.09031,True,True
1595,비상벨,POINT (963742.1528613068 1950645.235436631),G0049,비상벨,서울특별시 광진구 자양로43길 86 (중곡동),37.55444,127.0895,True,True
1596,비상벨,POINT (961602.9374720722 1949519.8674884508),G0009,비상벨,서울특별시 광진구 아차산로21길 47 (화양동),37.54421,127.06534,True,True
1597,비상벨,POINT (961832.7541149323 1949740.7015502932),G0016,비상벨,서울특별시 광진구 동일로28길 16 (화양동),37.54621,127.06793,True,True
1598,비상벨,POINT (961792.4720152058 1949625.502229847),G0016,비상벨,서울특별시 광진구 아차산로23길 68 (화양동),37.54517,127.06748,True,True
1599,비상벨,POINT (961763.0088984811 1949366.0226717559),G0009,비상벨,서울특별시 광진구 아차산로25길 27 (화양동),37.54283,127.06716,True,True
1600,비상벨,POINT (961857.6806755492 1949397.761911817),G0015,비상벨,서울특별시 광진구 동일로24길 56 (화양동),37.54312,127.06823,True,True
1601,비상벨,POINT (961651.3980171295 1949301.0787011138),G0009,비상벨,서울특별시 광진구 동일로22길 28 (화양동),37.54224,127.0659,True,True
1602,비상벨,POINT (962060.4789588241 1949119.4667300747),G0015,비상벨,서울특별시 광진구 아차산로 241 (화양동),37.54062,127.07054,True,True
1603,비상벨,POINT (963233.3248180271 1952227.354620864),G0041,비상벨,서울특별시 광진구 답십리로84길 56 (중곡동),37.56868,127.08366,True,True
1604,비상벨,POINT (962068.2386289375 1949464.4750945577),G0015,비상벨,서울특별시 광진구 군자로3길 25-16 (화양동),37.54373,127.07061,True,True
1605,비상벨,POINT (961974.6554272749 1949670.1542529387),G0016,비상벨,서울특별시 광진구 군자로5길 18-12 (화양동),37.54558,127.06954,True,True
1606,비상벨,POINT (962386.295608929 1949666.060862244),G0025,비상벨,서울특별시 광진구 긴고랑로46길 11 (화양동),37.54556,127.0742,True,True
1607,비상벨,POINT (961896.8527273872 1949656.0877659488),G0016,비상벨,서울특별시 광진구 능동로13길 88 (화양동),37.54545,127.06866,True,True
1608,비상벨,POINT (961912.2923343437 1949748.1026710619),G0016,비상벨,서울특별시 광진구 동일로28길 38 (화양동),37.54628,127.06883,True,True
1609,비상벨,POINT (961796.0009548392 1949432.4388339515),G0015,비상벨,서울특별시 광진구 아차산로25길 48 (화양동),37.54343,127.06753,True,True
1610,비상벨,POINT (961863.9074170595 1949214.6714370735),G0015,비상벨,서울특별시 광진구 동일로22길 71 (화양동),37.54147,127.06831,True,True
1611,비상벨,POINT (962553.3575346542 1949688.6047189636),G0025,비상벨,서울특별시 광진구 광나루로24길 12 (화양동),37.54577,127.07609,True,True
1612,비상벨,POINT (962477.6536093444 1949747.7480753565),G0025,비상벨,서울특별시 광진구 광나루로22길 7,37.5463,127.07523,True,True
1613,비상벨,POINT (962481.5191188246 1949625.6893961674),G0025,비상벨,서울특별시 광진구 광나루로20가길 21 (화양동),37.5452,127.07528,True,True
1614,비상벨,POINT (962659.1820301911 1949648.1875050121),G0025,비상벨,서울특별시 광진구 광나루로26길 24 (화양동),37.54541,127.07729,True,True
1615,비상벨,POINT (961971.786018088 1949236.366172053),G0015,비상벨,서울특별시 광진구 아차산로31길 14 (화양동),37.54167,127.06953,True,True
1616,비상벨,POINT (962794.6728655788 1951693.4361722018),G0040,비상벨,서울특별시 광진구 긴고랑로 19 (중곡동),37.56385,127.07872,True,True
1617,비상벨,POINT (963057.6488742657 1951249.583895675),G0039,비상벨,서울특별시 광진구 긴고랑로16길 50 (중곡동),37.55986,127.08172,True,True
1618,비상벨,POINT (963111.7383449622 1952489.7289242714),G0041,비상벨,서울특별시 광진구 답십리로78길 9-16 (중곡동),37.57104,127.08227,True,True
1619,비상벨,POINT (963749.3626884795 1950880.4106217956),G0049,비상벨,서울특별시 광진구 용마산로4길 26 (중곡동),37.55656,127.08957,True,True
1620,비상벨,POINT (962702.3720848798 1950413.5248575716),G0026,비상벨,서울특별시 광진구 천호대로110길 122 (능동),37.55231,127.07774,True,True
1621,비상벨,POINT (963462.0886926855 1949024.4264168756),G0045,비상벨,서울특별시 광진구 자양로22길 58(구의동),37.53982,127.08641,True,True
1622,비상벨,POINT (963953.9551834271 1950399.1215047091),G0058,비상벨,서울특별시 광진구 자양로47길 11 (구의동),37.55223,127.09191,True,True
1623,비상벨,POINT (963982.4715963909 1949031.029558643),G0055,비상벨,서울특별시 광진구 광나루로52길 66 (구의동),37.5399,127.0923,True,True
1624,비상벨,POINT (965167.5105366474 1949952.3760146548),G0075,비상벨,서울특별시 광진구 광장로7길 7 (광장동),37.54825,127.10567,True,True
1625,비상벨,POINT (962712.0020013747 1948426.4302016804),G0022,비상벨,서울특별시 광진구 자양로15길 108 (자양동),37.5344,127.07795,True,True
1626,비상벨,POINT (963338.2378966083 1947985.405994433),G0043,비상벨,서울특별시 광진구 자양로3길 7 (자양동),37.53045,127.08506,True,True
1627,비상벨,POINT (962233.9884490499 1948225.5573398268),G0013,비상벨,서울특별시 광진구 뚝섬로40길 31 (자양동),37.53257,127.07255,True,True
1628,비상벨,POINT (961363.629015302 1948400.41638446),G0007,비상벨,서울특별시 광진구 뚝섬로22길 89 (자양동),37.53411,127.06269,True,True
1629,비상벨,POINT (962042.2580140992 1949771.9159215314),G0016,비상벨,서울특별시 광진구 군자로 38 (화양동),37.5465,127.0703,True,True
1630,비상벨,POINT (962745.0345699344 1950865.995785606),G0027,비상벨,서울특별시 광진구 능동로31길 12-15 (군자동),37.55639,127.0782,True,True
1631,비상벨,POINT (963467.4620168819 1949442.670429117),G0046,비상벨,서울특별시 광진구 자양로30길 29 (구의동),37.54359,127.08645,True,True
1632,비상벨,POINT (963482.9952096667 1950765.084054237),G0049,비상벨,서울특별시 광진구 천호대로121길 6 (중곡동),37.55551,127.08656,True,True
1633,비상벨,POINT (962464.6039585748 1948814.747033532),G0023,비상벨,서울특별시 광진구 자양번영로13길 32 (자양동),37.53789,127.07513,True,True
1634,비상벨,POINT (961957.3458757475 1948976.8173744213),G0014,비상벨,서울특별시 광진구 동일로20길 106 (자양동),37.53933,127.06938,True,True
1635,비상벨,POINT (962599.2092498079 1951434.699010878),G0028,비상벨,서울특별시 광진구 동일로66길 28 (중곡동),37.56151,127.07652,True,True
1636,비상벨,POINT (963422.5688894348 1951484.2843719716),G0050,비상벨,서울특별시 광진구 능동로48길 59 (중곡동),37.56199,127.08584,True,True
1637,비상벨,POINT (963301.8727274596 1952151.6073374592),G0052,비상벨,서울특별시 광진구 능동로55길 20 (중곡동),37.568,127.08444,True,True
1638,비상벨,POINT (963465.3936009203 1952184.1698767801),G0052,비상벨,서울특별시 광진구 용마산로30길 6 (중곡동),37.5683,127.08629,True,True
1639,비상벨,POINT (961756.7543056658 1949734.394362157),G0010,비상벨,서울특별시 광진구 아차산로21길 97(화양동),37.54615,127.06707,True,True
1640,비상벨,POINT (962258.099081197 1950031.6568270295),G0016,비상벨,서울특별시 광진구 광나루로17길 14-14 (군자동),37.54885,127.07273,True,True
1641,비상벨,POINT (963440.4409433529 1950328.1419143402),G0048,비상벨,서울특별시 광진구 천호대로124길 62 (능동),37.55157,127.0861,True,True
1642,비상벨,POINT (962594.5113061084 1948430.2866999053),G0022,비상벨,서울특별시 광진구 자양번영로8길 7 (자양동),37.53443,127.07662,True,True
1643,비상벨,POINT (962743.6021378615 1948183.316088546),G0022,비상벨,서울특별시 광진구 뚝섬로50길 6 (자양동),37.53221,127.07832,True,True
1644,비상벨,POINT (962600.1973444733 1948712.0648335682),G0023,비상벨,서울특별시 광진구 자양번영로 81 (자양동),37.53697,127.07667,True,True
1645,비상벨,POINT (963589.1951164409 1949402.1952141006),G0046,비상벨,서울특별시 광진구 자양로22길 61 (구의동),37.54323,127.08783,True,True
1646,비상벨,POINT (964101.318351698 1948933.9919373435),G0055,비상벨,서울특별시 광진구 아차산로62길 14-2 (구의동),37.53903,127.09365,True,True
1647,비상벨,POINT (965043.4557367224 1949860.811931053),G0075,비상벨,서울특별시 광진구 광장로 64 (광장동),37.54742,127.10427,True,True
1648,비상벨,POINT (961488.1425499934 1948577.352751239),G0007,비상벨,서울특별시 광진구 동일로4길 60 (자양동),37.53571,127.06409,True,True
1649,비상벨,POINT (963382.8282346975 1951284.755522764),G0050,비상벨,서울특별시 광진구 긴고랑로26길 7-1 (중곡동),37.56019,127.0854,True,True
1650,비상벨,POINT (963187.0740507512 1952153.225261053),G0041,비상벨,서울특별시 광진구 능동로55길 43 (중곡동),37.56801,127.08314,True,True
1651,비상벨,POINT (964180.3619368665 1951078.2435892755),G0059,비상벨,서울특별시 광진구 긴고랑로44길 42 (중곡동),37.55836,127.09444,True,True
1652,비상벨,POINT (963061.180286539 1950455.1900568418),G0037,비상벨,서울특별시 광진구 능동로32길 82-53 (능동),37.5527,127.0818,True,True
1653,비상벨,POINT (963655.8963419044 1949100.1291567069),G0045,비상벨,서울특별시 광진구 아차산로57길 41 (구의동),37.54051,127.0886,True,True
1654,비상벨,POINT (963855.7154026888 1949136.9790382101),G0056,비상벨,서울특별시 광진구 아차산로59길 56,37.54085,127.09086,True,True
1655,비상벨,POINT (963846.7678761942 1950328.5817780572),G0058,비상벨,서울특별시 광진구 자양로43길 18 (구의동),37.55159,127.0907,True,True
1656,비상벨,POINT (963758.4206399083 1948502.7906419632),G0044,비상벨,서울특별시 광진구 아차산로58길 77 (구의동),37.53513,127.08979,True,True
1657,비상벨,POINT (964877.2639488063 1949205.8213347786),G0074,비상벨,서울특별시 광진구 아차산로70길 17-16 (과장동),37.54151,127.10242,True,True
1658,비상벨,POINT (962931.1796178602 1948440.9819401586),G0033,비상벨,서울특별시 광진구 뚝섬로49길 59 (자양동),37.53454,127.08043,True,True
1659,비상벨,POINT (962710.7247856692 1947944.929135445),G0021,비상벨,서울특별시 광진구 자양번영로2길 55 (자양동),37.53006,127.07796,True,True
1660,비상벨,POINT (962053.9371975571 1948267.427796225),G0013,비상벨,서울특별시 광진구 뚝섬로36길 38 (자양동),37.53294,127.07051,True,True
1661,비상벨,POINT (961566.7522999684 1948572.5508788144),G0007,비상벨,서울특별시 광진구 동일로4길 74 (자양동),37.53567,127.06498,True,True
1662,비상벨,POINT (961378.9012967446 1948454.709179371),G0007,비상벨,서울특별시 광진구 뚝섬로24길 48 (자양동),37.5346,127.06286,True,True
1663,비상벨,POINT (961838.2394246544 1948434.8352982774),G0013,비상벨,서울특별시 광진구 능동로 49 (자양동),37.53444,127.06806,True,True
1664,비상벨,POINT (961813.1648632184 1948361.725846853),G0013,비상벨,서울특별시 광진구 능동로 25-1 (자양동),37.53378,127.06778,True,True
1665,비상벨,POINT (961860.5957775658 1949455.4407667485),G0015,비상벨,서울특별시 광진구 아차산로27길 45-6 (화양동),37.54364,127.06826,True,True
1666,비상벨,POINT (962731.4442458677 1949609.0316524785),G0025,비상벨,서울특별시 광진구 광나루로24길 53 (화양동),37.54506,127.07811,True,True
1667,비상벨,POINT (962061.7789306325 1950370.938872517),G0017,비상벨,서울특별시 광진구 군자로13길 35 (군자동),37.5519,127.07049,True,True
1668,비상벨,POINT (963544.4604423174 1949273.6936920236),G0046,비상벨,서울특별시 광진구 광나루로38길 67 (구의동),37.54207,127.08733,True,True
1669,비상벨,POINT (964939.2629491483 1949871.2363102885),G0075,비상벨,서울특별시 광진구 광장로3길 18-21 (광장동),37.54751,127.10309,True,True
1670,비상벨,POINT (965113.6129904019 1949949.2738703834),G0075,비상벨,서울특별시 광진구 광장로5길 12 (광장동),37.54822,127.10506,True,True
1671,비상벨,POINT (965141.2479294594 1950009.068770368),G0075,비상벨,서울특별시 광진구 광장로7길 24 (광장동),37.54876,127.10537,True,True
1672,비상벨,POINT (964840.4785093885 1949907.1567326179),G0075,비상벨,서울특별시 광진구 광장로1길 19 (광장동),37.54783,127.10197,True,True
1673,비상벨,POINT (964549.7551152892 1949470.1550303202),G0065,비상벨,서울특별시 광진구 아차산로69길 36 (광장동),37.54388,127.0987,True,True
1674,비상벨,POINT (964430.169530275 1949187.7535062972),G0065,비상벨,서울특별시 광진구 아차산로66길 8 (광장동),37.54133,127.09736,True,True
1675,비상벨,POINT (963513.0732411541 1949167.3230420882),G0046,비상벨,서울특별시 광진구 아차산로55길 81 (구의동),37.54111,127.08698,True,True
1676,비상벨,POINT (963220.8333403536 1949407.1465406425),G0035,비상벨,서울특별시 광진구 자양로23길 65 (구의동),37.54326,127.08366,True,True
1677,비상벨,POINT (964248.4908706836 1949054.2885766444),G0055,비상벨,서울특별시 광진구 광나루로54길 20 (구의동),37.54012,127.09531,True,True
1678,비상벨,POINT (963988.0864245362 1949307.2613341738),G0056,비상벨,서울특별시 광진구 아차산로65길 57 (구의동),37.54239,127.09235,True,True
1679,비상벨,POINT (963918.6652001676 1948578.6460353239),G0054,비상벨,서울특별시 광진구 구의강변로3가길 3 (구의동),37.53582,127.0916,True,True
1680,비상벨,POINT (963804.1844320821 1948664.57254186),G0055,비상벨,서울특별시 광진구 구의강변로3길 39 (구의동),37.53659,127.0903,True,True
1681,비상벨,POINT (962234.4249624142 1950653.0660419336),G0018,비상벨,서울특별시 광진구 동일로52길 24 (군자동),37.55445,127.07243,True,True
1682,비상벨,POINT (962182.7408094138 1950553.4492047112),G0017,비상벨,서울특별시 광진구 동일로46길 26 (군자동),37.55355,127.07185,True,True
1683,비상벨,POINT (962304.1054415416 1950825.826344475),G0027,비상벨,서울특별시 광진구 면목로5길 59 (군자동),37.55601,127.07321,True,True
1684,비상벨,POINT (962326.4081191722 1950874.5416948048),G0027,비상벨,서울특별시 광진구 면목로5길 49 (군자동),37.55645,127.07346,True,True
1685,비상벨,POINT (961990.9728198333 1950147.150275479),G0017,비상벨,서울특별시 광진구 동일로34길 19 (군자동),37.54988,127.0697,True,True
1686,비상벨,POINT (961913.9408925895 1950107.5623984581),G0016,비상벨,서울특별시 광진구 광나루로13길 30 (군자동),37.54952,127.06883,True,True
1687,비상벨,POINT (962729.788873173 1948649.3525072832),G0023,비상벨,서울특별시 광진구 아차산로40길 28 (자양동),37.53641,127.07814,True,True
1688,비상벨,POINT (962870.3262659681 1948663.1462656718),G0034,비상벨,서울특별시 광진구 아차산로44길 26 (자양동),37.53654,127.07973,True,True
1689,비상벨,POINT (962646.0525185679 1948889.3727453577),G0023,비상벨,서울특별시 광진구 아차산로39길 11 (자양동),37.53857,127.07718,True,True
1690,비상벨,POINT (962603.7504587399 1948323.73664656),G0022,비상벨,서울특별시 광진구 뚝섬로43길 7 (자양동),37.53347,127.07673,True,True
1691,비상벨,POINT (963240.5320921307 1948268.7503686144),G0033,비상벨,서울특별시 광진구 뚝섬로59길 18 (자양동),37.533,127.08394,True,True
1692,비상벨,POINT (962798.8947045932 1948889.7963695768),G0034,비상벨,서울특별시 광진구 아차산로41길 16 (자양동),37.53858,127.07891,True,True
1693,비상벨,POINT (963131.2612999136 1947935.2864820894),G0032,비상벨,서울특별시 광진구 뚝섬로56길 35 (자양동),37.52999,127.08272,True,True
1694,비상벨,POINT (962586.8381919119 1948099.7012724073),G0021,비상벨,서울특별시 광진구 자양번영로4길 17 (자양동),37.53145,127.07655,True,True
1695,비상벨,POINT (963144.7978810496 1947799.8721413335),G0032,비상벨,서울특별시 광진구 뚝섬로56길 59 (자양동),37.52877,127.08288,True,True
1696,비상벨,POINT (963675.2664010957 1948276.8236337875),G0044,비상벨,서울특별시 광진구 뚝섬로64길 14 (자양동),37.53309,127.08886,True,True
1697,비상벨,POINT (963698.7689603881 1947993.808363258),G0043,비상벨,서울특별시 광진구 뚝섬로64길 70 (자양동),37.53054,127.08914,True,True
1698,비상벨,POINT (961988.2772729889 1948399.75413816),G0013,비상벨,서울특별시 광진구 뚝섬로34길 13 (자양동),37.53413,127.06976,True,True
1699,비상벨,POINT (961880.9914600815 1948317.0358277431),G0013,비상벨,서울특별시 광진구 능동로4길 13 (자양동),37.53338,127.06855,True,True
1700,비상벨,POINT (962502.2544239064 1948543.8678289503),G0022,비상벨,서울특별시 광진구 뚝섬로37길 28 (자양동),37.53545,127.07557,True,True
1701,비상벨,POINT (961271.2289944828 1948669.3372466015),G0004,비상벨,서울특별시 광진구 뚝섬로22길 8 (자양동),37.53653,127.06163,True,True
1702,비상벨,POINT (961541.845039205 1948726.8818209541),G0008,비상벨,서울특별시 광진구 뚝섬로25길 23 (자양동),37.53706,127.06469,True,True
1703,비상벨,POINT (961840.4681896064 1948727.723758972),G0014,비상벨,서울특별시 광진구 능동로5길 7 (자양동),37.53708,127.06807,True,True
1704,비상벨,POINT (961675.632904204 1948809.4734810484),G0008,비상벨,서울특별시 광진구 뚝섬로27길 43 (자양동),37.53781,127.0662,True,True
1705,비상벨,POINT (963178.2806576113 1950967.2433303904),G0038,비상벨,서울특별시 광진구 용마산로3길 98 (중곡동),37.55732,127.0831,True,True
1706,비상벨,POINT (962969.0234060256 1951973.3519775341),G0040,비상벨,서울특별시 광진구 긴고랑로7길 69 (중곡동),37.56638,127.08068,True,True
1707,비상벨,POINT (963076.35976286 1951881.8973193676),G0040,비상벨,서울특별시 광진구 긴고랑로9길 46 (중곡동),37.56556,127.0819,True,True
1708,비상벨,POINT (963529.6698188388 1952140.6178903787),G0052,비상벨,서울특별시 광진구 용마산로28길 24 (중곡동),37.56791,127.08702,True,True
1709,비상벨,POINT (962203.2462037832 1949624.7321754254),G0016,비상벨,서울특별시 광진구 능동로15길 11 (화양동),37.54518,127.07213,True,True
1710,비상벨,POINT (961992.4598813439 1949506.9812200945),G0015,비상벨,서울특별시 광진구 능동로13길 39 (화양동),37.54411,127.06975,True,True
1711,비상벨,POINT (962158.6478356144 1949530.630649891),G0015,비상벨,서울특별시 광진구 군자로2길 4 (화양동),37.54433,127.07163,True,True
1712,비상벨,POINT (962974.5964852443 1951836.8624759705),G0040,비상벨,서울특별시 광진구 면목로 127 (중곡동),37.56515,127.08075,True,True
1713,비상벨,POINT (962758.3420857874 1951863.3478231514),G0029,비상벨,서울특별시 광진구 긴고랑로3길 19-2 (중곡동),37.56538,127.0783,True,True
1714,비상벨,POINT (963315.5974158411 1951260.6440894352),G0050,비상벨,서울특별시 광진구 용마산로7길 59 (중곡동),37.55997,127.08464,True,True
1715,비상벨,POINT (963268.5041423393 1951595.9114661457),G0039,비상벨,서울특별시 광진구 긴고랑로17길11 (중곡동),37.56299,127.08409,True,True
1716,비상벨,POINT (962956.3033813051 1952487.0929704115),G0041,비상벨,서울특별시 광진구 답십리로74길 15 (중곡동),37.57101,127.08051,True,True
1717,비상벨,POINT (963820.0427745612 1951087.5723828585),G0059,비상벨,서울특별시 광진구 긴고랑로38길 14 (중곡동),37.55843,127.09036,True,True
1718,비상벨,POINT (963699.5956690017 1950810.7317417772),G0049,비상벨,서울특별시 광진구 자양로43길 123 (중곡동),37.55593,127.08901,True,True
1719,비상벨,POINT (963703.1078928132 1952219.7391800354),G0052,비상벨,서울특별시 광진구 용마산로30길 49 (중곡동),37.56863,127.08898,True,True
1720,비상벨,POINT (962042.1500307104 1949168.3669405438),G0015,비상벨,서울특별시 광진구 아차산로33길 16-8 (화양동),37.54106,127.07033,True,True
1721,비상벨,POINT (961851.3370741179 1949555.3352550806),G0015,비상벨,서울특별시 광진구 아차산로25길 76 (화양동),37.54454,127.06815,True,True
1722,비상벨,POINT (962468.670143395 1950887.2109629395),G0027,비상벨,서울특별시 광진구 면목로5길 15 (군자동),37.55657,127.07507,True,True
1723,비상벨,POINT (962909.4573299449 1950698.8395656107),G0038,비상벨,서울특별시 광진구 능동로32길 29 (능동),37.55489,127.08007,True,True
1724,비상벨,POINT (963390.065675943 1950522.5203086517),G0048,비상벨,서울특별시 광진구 능동로32길 82-26,37.55332,127.08552,True,True
1725,비상벨,POINT (962894.1390346942 1948851.6486470748),G0034,비상벨,서울특별시 광진구 아차산로45길 31 (자양동),37.53824,127.07999,True,True
1726,비상벨,POINT (963021.5871523934 1947910.2561728486),G0032,비상벨,서울특별시 광진구 뚝섬로52다길 45 (자양동),37.52976,127.08148,True,True
1727,비상벨,POINT (962505.4055787558 1948654.799978198),G0023,비상벨,서울특별시 광진구 자양번영로9길 16-4 (자양동),37.53645,127.0756,True,True
1728,비상벨,POINT (962143.2625611477 1948092.8345642008),G0012,비상벨,서울특별시 광진구 뚝섬로40길 65 (자양동),37.53137,127.07153,True,True
1729,비상벨,POINT (961642.4940668801 1948711.993466115),G0008,비상벨,서울특별시 광진구 뚝섬로27길 19 (자양동),37.53693,127.06583,True,True
1730,비상벨,POINT (963716.4527247532 1949412.7329686526),G0046,비상벨,서울특별시 광진구 광나루로40길 34 (구의동),37.54333,127.08927,True,True
1731,비상벨,POINT (963758.5681196935 1949953.9673170166),G0047,비상벨,서울특별시 광진구 천호대로134길 31 (구의동),37.54821,127.08972,True,True
1732,비상벨,POINT (963554.7458661885 1950007.00413169),G0047,비상벨,서울특별시 광진구 자양로37길 22-10 (구의동),37.54868,127.08741,True,True
1733,비상벨,POINT (963992.4394613822 1949088.6783769506),G0055,비상벨,서울특별시 광진구 아차산로 63길 17 (구의동),37.54042,127.09241,True,True
1734,비상벨,POINT (963908.3657356111 1950681.1235948713),G0059,비상벨,서울특별시 광진구 자양로51길 46,37.55477,127.09138,True,True
1735,비상벨,POINT (965477.67714655 1949978.817386589),G0083,비상벨,서울특별시 광진구 아차산로 78길 153 (광장동),37.5485,127.10918,True,True
1736,비상벨,POINT (965208.1300995771 1949948.8773548852),G0075,비상벨,서울특별시 광진구 광장로9길 6 (광장동),37.54822,127.10613,True,True
1737,비상벨,POINT (961569.419011452 1948385.0389523578),G0007,비상벨,서울특별시 광진구 능동로3다길 4 (자양동),37.53398,127.06502,True,True
1738,비상벨,POINT (962894.9212731814 1951398.978353724),G0039,비상벨,서울특별시 광진구 긴고랑로 12길 40 (중곡동),37.5612,127.07987,True,True
1739,비상벨,POINT (963120.608441602 1951107.292154383),G0038,비상벨,서울특별시 광진구 긴고랑로 26길 23 (중곡동),37.55858,127.08244,True,True
1740,비상벨,POINT (964111.4908540235 1950878.8373026652),G0059,비상벨,서울특별시 광진구 영화사로9가길 39-15 (중곡동),37.55656,127.09367,True,True
1741,비상벨,POINT (962136.5828142508 1950503.7335256918),G0017,비상벨,서울특별시 광진구 동일로 44길 17 (군자동),37.5531,127.07133,True,True
1742,비상벨,POINT (962974.7443170435 1950681.906164134),G0038,비상벨,서울특별시 광진구 능동로 32길 35 (능동),37.55474,127.08081,True,True
1743,비상벨,POINT (962869.0134146655 1948171.6601085165),G0033,비상벨,서울특별시 광진구 뚝섬로 631 (자양동),37.53211,127.07974,True,True
1744,비상벨,POINT (963505.5971252309 1948269.8008751445),G0044,비상벨,서울특별시 광진구 뚝섬로 700 (자양동),37.53302,127.08694,True,True
1745,비상벨,POINT (962310.6234753407 1948174.174068878),G0022,비상벨,서울특별시 광진구 자양번영로 3길 27 (자양동),37.53211,127.07342,True,True
1746,비상벨,POINT (961707.0670918572 1948345.5721707416),G0007,비상벨,서울특별시 광진구 능동로 3길 20 (자양동),37.53363,127.06658,True,True
1747,비상벨,POINT (963344.9516285622 1949306.7461439297),G0046,비상벨,서울특별시 광진구 자양로28길 14 (구의동),37.54236,127.08507,True,True
1748,비상벨,POINT (964167.9532492987 1950249.5270903767),G0058,비상벨,서울특별시 광진구 자양로44가길 18 (구의동),37.55089,127.09434,True,True
1749,비상벨,POINT (963861.6434285142 1949281.183382788),G0056,비상벨,서울특별시 광진구 구의로10길 12 (구의동),37.54215,127.09092,True,True
1750,비상벨,POINT (964657.0785669164 1949986.707062725),G0066,비상벨,서울특별시 광진구 광장로1가길 49 (광장동),37.54854,127.09989,True,True
1751,비상벨,POINT (963699.7646342173 1952061.0999030229),G0051,비상벨,서울특별시 광진구 용마산로22길 82 (중곡동),37.5672,127.08895,True,True
1752,비상벨,POINT (963649.4562989904 1952067.9769164193),G0051,비상벨,서울특별시 광진구 용마산로22길 82 (중곡동),37.56726,127.08838,True,True
1753,비상벨,POINT (963611.4775662024 1952067.0338892143),G0051,비상벨,서울특별시 광진구 용마산로22길 82 (중곡동),37.56725,127.08795,True,True
1754,비상벨,POINT (963604.2229020523 1952023.7964570862),G0051,비상벨,서울특별시 광진구 용마산로22길 82 (중곡동),37.56686,127.08787,True,True
1755,비상벨,POINT (962543.9864225818 1951331.767457513),G0028,비상벨,서울특별시 광진구 동일로 64길 20 (중곡동),37.56058,127.0759,True,True
1756,비상벨,POINT (963262.9884360571 1951347.4151823574),G0039,비상벨,서울특별시 광진구 능동로46길 28 (중곡동),37.56075,127.08404,True,True
1757,비상벨,POINT (963006.240397544 1952199.5176419427),G0041,비상벨,서울특별시 광진구 동일로78길 46-33 (중곡동),37.56842,127.08109,True,True
1758,비상벨,POINT (963898.8762031653 1950936.3418604562),G0059,비상벨,서울특별시 광진구 긴고랑로 36길57 (중곡동),37.55707,127.09126,True,True
1759,비상벨,POINT (963761.758363883 1951291.9683709363),G0050,비상벨,서울특별시 광진구 용마산로8가길 20-15 (중곡동),37.56027,127.08969,True,True
1760,비상벨,POINT (963700.0464890487 1951115.8328741342),G0050,비상벨,서울특별시 광진구 긴고랑로 36길 5 (중곡동),37.55868,127.089,True,True
1761,비상벨,POINT (964873.3394254786 1950157.7561843758),G0076,비상벨,서울특별시 광진구 광장로1다길31 (광장동),37.55009,127.10233,True,True
1762,비상벨,POINT (963147.5779620318 1948426.7057554147),G0033,비상벨,서울특별시 광진구 자양로 13길 31-8 (자양동),37.53442,127.08288,True,True
1763,비상벨,POINT (963135.3690065185 1947865.3721839853),G0032,비상벨,서울특별시 광진구 뚝섬로56길47 (자양동),37.52936,127.08277,True,True
1764,비상벨,POINT (962310.8146980961 1948216.3328081886),G0022,비상벨,서울특별시 광진구 자양번영로3길38-10 (자양동),37.53249,127.07342,True,True
1765,비상벨,POINT (961466.7002354861 1948906.9634711815),G0008,비상벨,서울특별시 광진구 동일로10가길23 (자양동),37.53868,127.06383,True,True
1766,비상벨,POINT (963735.9038193211 1949214.0541523066),G0046,비상벨,서울특별시 광진구 자양로28길 98 (구의동),37.54154,127.0895,True,True
1767,비상벨,POINT (964064.8176684246 1950298.789196563),G0058,비상벨,서울특별시 광진구 자양로48길 20 (구의동),37.55133,127.09317,True,True
1768,비상벨,POINT (964026.549598519 1950640.6699549828),G0059,비상벨,서울특별시 광진구 자양로53길21,37.55441,127.09272,True,True
1769,비상벨,POINT (961782.9698334264 1949288.2681776774),G0009,비상벨,서울특별시 광진구 아차산로25길 20-9 (화양동),37.54213,127.06739,True,True
1770,비상벨,POINT (961910.3037399705 1949892.3424698121),G0016,비상벨,서울특별시 광진구 동일로 30길 28 (화양동),37.54758,127.0688,True,True
1771,비상벨,POINT (962420.2219265568 1950721.009984872),G0027,비상벨,서울특별시 광진구 면목로1길 19 (군자동),37.55507,127.07453,True,True
1772,비상벨,POINT (963300.8133002479 1951512.5584877797),G0050,비상벨,서울특별시 광진구 능동로 48길 36 (중곡동),37.56224,127.08446,True,True
1773,비상벨,POINT (964712.2018724771 1950278.2613762282),G0067,비상벨,서울특별시 광진구 아차산 순환도로 (광장동),37.55117,127.1005,True,True
1774,비상벨,POINT (962299.1687086303 1950905.7304501655),G0027,비상벨,서울특별시 광진구 천호대로102길 58 (군자동),37.55673,127.07315,True,True
1775,비상벨,POINT (963552.3574529353 1948858.7199389695),G0045,비상벨,서울특별시 광진구 자양로18길 72 (구의동),37.53833,127.08744,True,True
1776,비상벨,POINT (963159.1250030238 1952223.245823461),G0041,비상벨,서울특별시 광진구 면목로 172 (중곡동),37.56864,127.08282,True,True
1777,비상벨,POINT (961940.6072186435 1949179.9262218168),G0015,비상벨,서울특별시 광진구 동일로22길 89 (화양동),37.54116,127.06918,True,True
1778,비상벨,POINT (962945.6965989618 1948526.3458213524),G0033,비상벨,서울특별시 광진구 자양로15길 56 (자양동),37.53531,127.08059,True,True
1779,비상벨,POINT (964211.2762335934 1951283.3613570768),G0060,비상벨,서울특별시 광진구 긴고랑로 185-2 (중곡동),37.56021,127.09478,True,True
1780,비상벨,POINT (964059.0856877494 1950198.962239792),G0058,비상벨,서울특별시 광진구 자양로44길 30-1 (구의동),37.55043,127.09311,True,True
1781,비상벨,POINT (963527.4388372536 1948012.3099535226),G0043,비상벨,서울특별시 광진구 자양로2길 6 (자양동),37.5307,127.0872,True,True
1782,비상벨,POINT (962289.1470725085 1950643.9415731903),G0027,비상벨,서울특별시 광진구 동일로56가길 19-16,37.55437,127.07305,True,True
1783,비상벨,POINT (963789.655828041 1948371.7380096323),G0054,비상벨,서울특별시 광진구 동일로56가길 19-16,37.53395,127.09015,True,True
1784,비상벨,POINT (962935.4721231477 1951579.6404595638),G0039,비상벨,서울특별시 광진구 긴고랑로38,37.56283,127.08032,True,True
1785,비상벨,POINT (963522.3107476921 1951068.9049154096),G0049,비상벨,서울특별시 광진구 긴고랑로30길34,37.55825,127.08699,True,True
1786,비상벨,POINT (962980.7832823074 1951045.7843465572),G0038,비상벨,서울특별시 광진구 능동로40길13,37.55802,127.08086,True,True
1787,비상벨,POINT (963347.9622877671 1951189.4952467915),G0050,비상벨,서울특별시 광진구 긴고랑로26길23,37.55933,127.08501,True,True
1788,비상벨,POINT (963097.3674109409 1952236.8338527146),G0041,비상벨,서울특별시 광진구 동일로78길47,37.56876,127.08212,True,True
1789,비상벨,POINT (963189.9421365211 1952003.4342859876),G0040,비상벨,서울특별시 광진구 능동로53길24-1,37.56666,127.08318,True,True
1790,비상벨,POINT (963371.411368396 1951699.746644375),G0051,비상벨,서울특별시 광진구 능동로50길 31-9,37.56393,127.08525,True,True
1791,비상벨,POINT (963190.4123395771 1952308.5360846918),G0041,비상벨,서울특별시 광진구 면목로182,37.56941,127.08317,True,True
1792,비상벨,POINT (963122.3208870471 1952287.7584955236),G0041,비상벨,서울특별시 광진구 면목로13길 17,37.56922,127.0824,True,True
1793,비상벨,POINT (963248.2159807433 1952399.256329313),G0041,비상벨,서울특별시 광진구 용마산로33길 41,37.57023,127.08382,True,True
1794,비상벨,POINT (963614.613341622 1952177.9669343478),G0052,비상벨,서울특별시 광진구 용마산로28나길15,37.56825,127.08798,True,True
1795,비상벨,POINT (963770.9229924213 1950558.57156947),G0048,비상벨,서울특별시 광진구 천호대로127길19,37.55366,127.08983,True,True
1796,비상벨,POINT (963588.941688294 1951560.1061070785),G0050,비상벨,서울특별시 광진구 용마산로20길9-1,37.56268,127.08772,True,True
1797,비상벨,POINT (963835.8887998546 1951278.3314879527),G0060,비상벨,서울특별시 광진구 용마산로8나길 36,37.56015,127.09053,True,True
1798,비상벨,POINT (964037.7419989331 1951185.368890706),G0060,비상벨,서울특별시 광진구 긴고랑로 39길 54,37.55932,127.09282,True,True
1799,비상벨,POINT (962917.6061306603 1950545.6967902898),G0037,비상벨,서울특별시 광진구 천호대로112길 60,37.55351,127.08017,True,True
1800,비상벨,POINT (964179.703817934 1950720.9987071606),G0059,비상벨,서울특별시 광진구 영화사로13길21,37.55514,127.09445,True,True
1801,비상벨,POINT (963420.0041655466 1949699.1654617714),G0047,비상벨,서울특별시 광진구 자양로209,37.5459,127.0859,True,True
1802,비상벨,POINT (965104.0967413076 1949997.02071754),G0075,비상벨,서울특별시 광진구 광장로5길 25-1,37.54865,127.10495,True,True
1803,비상벨,POINT (964185.1530689662 1949321.941764028),G0056,비상벨,서울특별시 광진구 광나루로595,37.54253,127.09458,True,True
1804,비상벨,POINT (964838.5571217549 1949661.973751443),G0075,비상벨,서울특별시 광진구 천호대로 798,37.54562,127.10196,True,True
1805,비상벨,POINT (965612.2918714901 1950275.594553206),G0084,비상벨,서울특별시 광진구 아차산로 78길 90,37.55118,127.11069,True,True
1806,비상벨,POINT (962746.1069922514 1950908.1507275526),G0027,비상벨,서울특별시 광진구 군자로 183,37.55677,127.07821,True,True
1807,비상벨,POINT (962270.7992129477 1950882.560501318),G0018,비상벨,서울특별시 광진구 천호대로102길60,37.55652,127.07283,True,True
1808,비상벨,POINT (962607.7585360892 1950979.778619253),G0027,비상벨,서울특별시 광진구 면목로38,37.55741,127.07664,True,True
1809,비상벨,POINT (962618.5102964446 1950621.3722689704),G0027,비상벨,서울특별시 광진구 능동로 267-14,37.55418,127.07678,True,True
1810,비상벨,POINT (963236.4829793905 1948751.3844184268),G0034,비상벨,서울특별시 광진구 자양로18길6,37.53735,127.08387,True,True
1811,비상벨,POINT (963162.630249479 1949230.999711177),G0035,비상벨,서울특별시 광진구 자양로25길 14-1,37.54167,127.08301,True,True
1812,비상벨,POINT (963606.5338355631 1949528.5980558111),G0046,비상벨,서울특별시 광진구 광나루로 38길 8,37.54437,127.08802,True,True
1813,비상벨,POINT (963439.3390560708 1949074.452344187),G0045,비상벨,서울특별시 광진구 아차산로53길 62-14,37.54027,127.08615,True,True
1814,비상벨,POINT (963514.1057864341 1948798.9768744744),G0045,비상벨,서울특별시 광진구 아차산로 401-9,37.53779,127.08701,True,True
1815,비상벨,POINT (963887.1224262447 1949248.8981544836),G0056,비상벨,서울특별시 광진구 광나루로44길55,37.54186,127.09121,True,True
1816,비상벨,POINT (963809.151821692 1948587.998046193),G0054,비상벨,서울특별시 광진구 아차산로58가길15,37.5359,127.09036,True,True
1817,비상벨,POINT (962775.2611949195 1948347.374679862),G0022,비상벨,서울특별시 광진구 뚝섬로47길29,37.53369,127.07867,True,True
1818,비상벨,POINT (962828.668896482 1948238.4082390186),G0033,비상벨,서울특별시 광진구 자양로13다길10,37.53271,127.07928,True,True
1819,비상벨,POINT (963335.5946367815 1948187.3396496708),G0044,비상벨,서울특별시 광진구 뚝섬로681,37.53227,127.08502,True,True
1820,비상벨,POINT (963108.2605397778 1948923.9196012567),G0034,비상벨,서울특별시 광진구 자양로 117,37.5389,127.08241,True,True
1821,비상벨,POINT (963182.9868251528 1948442.0812510164),G0033,비상벨,서울특별시 광진구 자양로11길 11-1,37.53456,127.08328,True,True
1822,비상벨,POINT (963154.1757517573 1948519.871339885),G0033,비상벨,서울특별시 광진구 자양로13길 20,37.53526,127.08295,True,True
1823,비상벨,POINT (963534.2760538141 1948160.9477463118),G0044,비상벨,서울특별시 광진구 자양로4가길6-10,37.53204,127.08727,True,True
1824,비상벨,POINT (962746.532666811 1947851.5737145797),G0021,비상벨,서울특별시 광진구 뚝섬로52길 71,37.52922,127.07837,True,True
1825,비상벨,POINT (963561.336562839 1948287.3076330477),G0044,비상벨,서울특별시 광진구 뚝섬로703-1,37.53318,127.08757,True,True
1826,비상벨,POINT (962870.9811325711 1947821.061295953),G0032,비상벨,서울특별시 광진구 뚝섬로 54길 61,37.52895,127.07978,True,True
1827,비상벨,POINT (962371.7018252172 1948004.1494095598),G0021,비상벨,서울특별시 광진구 자양번영로1길15,37.53058,127.07412,True,True
1828,비상벨,POINT (962572.0800419976 1948550.209763574),G0022,비상벨,서울특별시 광진구 자양번영로 7길 3,37.53551,127.07636,True,True
1829,비상벨,POINT (961512.3966598966 1948282.1226580415),G0007,비상벨,서울특별시 광진구 자양동 84-27,37.53305,127.06438,True,True
1830,비상벨,POINT (961651.7872212083 1948619.864951988),G0008,비상벨,서울특별시 광진구 뚝섬로27길3,37.5361,127.06594,True,True
1831,비상벨,POINT (961557.5772453838 1949071.852864952),G0008,비상벨,서울특별시 광진구 아차산로24길 17,37.54017,127.06485,True,True
1832,비상벨,POINT (961527.2325684491 1949196.2535644793),G0009,비상벨,서울특별시 광진구 아차산로192,37.54129,127.0645,True,True
1833,비상벨,POINT (961576.4368563654 1948183.083921951),G0007,비상벨,서울특별시 광진구 자양강변길 119,37.53216,127.06511,True,True
1834,비상벨,POINT (961892.018457972 1949565.133698408),G0015,비상벨,서울특별시 광진구 동일로26길 47,37.54463,127.06861,True,True
1835,비상벨,POINT (961969.5279368337 1949707.899589218),G0016,비상벨,서울특별시 광진구 동일로28길54,37.54592,127.06948,True,True
1836,비상벨,POINT (961737.947306084 1949487.0699138436),G0009,비상벨,서울특별시 광진구 아차산로 23길 45,37.54392,127.06687,True,True
1837,비상벨,POINT (961785.2261201136 1949778.6419796676),G0010,비상벨,서울특별시 광진구 아차산로 21길 109,37.54655,127.06739,True,True
1838,비상벨,POINT (961871.0544913624 1949809.3125633898),G0016,비상벨,서울특별시 광진구 광나루로 14길 26,37.54683,127.06836,True,True
1839,비상벨,POINT (962356.7773369482 1949585.2036026306),G0024,비상벨,서울특별시 광진구 능동로 16길 14,37.54483,127.07387,True,True
1840,비상벨,POINT (963030.5174293544 1952098.4477823474),G0040,비상벨,서울특별시 광진구 긴고랑로7길 101,37.56751,127.08137,True,True
1841,비상벨,POINT (963448.4800018426 1950749.7034145899),G0049,비상벨,서울특별시 광진구 천호대로119길 16,37.55537,127.08617,True,True
1842,비상벨,POINT (963386.624296913 1952345.3899734998),G0052,비상벨,서울특별시 광진구 용마산로 33길 9-7,37.56975,127.08539,True,True
1843,비상벨,POINT (963726.9656163922 1951010.315941575),G0049,비상벨,서울특별시 광진구 영화사로 16,37.55773,127.08931,True,True
1844,비상벨,POINT (964185.7617589941 1951101.5190628427),G0059,비상벨,서울특별시 광진구 긴고랑로 44길 26-12,37.55857,127.0945,True,True
1845,비상벨,POINT (963045.5428536835 1950514.061339053),G0037,비상벨,서울특별시 광진구 천호대로 114길 58,37.55323,127.08162,True,True
1846,비상벨,POINT (963611.7444147769 1949911.3402543196),G0047,비상벨,서울특별시 광진구 자양로 237-1,37.54782,127.08806,True,True
1847,비상벨,POINT (964239.3120618885 1950820.5935669937),G0059,비상벨,서울특별시 광진구 영화사로 11길 39,37.55604,127.09512,True,True
1848,비상벨,POINT (965158.1336255883 1950033.4060714843),G0075,비상벨,서울특별시 광진구 광장로 7길 27,37.54898,127.10556,True,True
1849,비상벨,POINT (962427.4335890003 1950753.1519025795),G0027,비상벨,서울특별시 광진구 동일로56길 48,37.55536,127.07461,True,True
1850,비상벨,POINT (962054.3779553731 1950297.7478422713),G0017,비상벨,서울특별시 광진구 동일로38길 17,37.55124,127.07041,True,True
1851,비상벨,POINT (961949.7872704581 1950219.454265981),G0017,비상벨,서울특별시 광진구 동일로 212,37.55053,127.06923,True,True
1852,비상벨,POINT (962183.9093822752 1950034.213270964),G0016,비상벨,서울특별시 광진구 군자로10길22,37.54887,127.07189,True,True
1853,비상벨,POINT (962493.892057711 1950995.8248162637),G0027,비상벨,서울특별시 광진구 천호대로 104길22,37.55755,127.07535,True,True
1854,비상벨,POINT (962251.4913666999 1950132.6483254363),G0017,비상벨,서울특별시 광진구 광나루로 19길51,37.54976,127.07265,True,True
1855,비상벨,POINT (962308.509372537 1950044.7414718438),G0025,비상벨,서울특별시 광진구 광나루로19길 31,37.54897,127.0733,True,True
1856,비상벨,POINT (961944.3576997009 1949805.647944563),G0016,비상벨,서울특별시 광진구 광나루로 16길 18,37.5468,127.06919,True,True
1857,비상벨,POINT (962039.8919147993 1949834.056860917),G0016,비상벨,서울특별시 광진구 군자로 43,37.54706,127.07027,True,True
1858,비상벨,POINT (962277.9182737673 1949727.5730211232),G0016,비상벨,서울특별시 광진구 능동로 17길 6,37.54611,127.07297,True,True
1859,비상벨,POINT (961971.6090936611 1949583.629827226),G0015,비상벨,서울특별시 광진구 군자로 5길 29,37.5448,127.06951,True,True
1860,비상벨,POINT (962049.4846438526 1949420.1821268138),G0015,비상벨,서울특별시 광진구 능동로 13길 39,37.54333,127.0704,True,True
1861,비상벨,POINT (961850.4876112073 1949755.0431405744),G0016,비상벨,서울특별시 광진구 광나루로 14길 31,37.54634,127.06813,True,True
1862,비상벨,POINT (962514.603371698 1948931.015014611),G0023,비상벨,서울특별시 광진구 아차산로39길 36,37.53894,127.07569,True,True
1863,비상벨,POINT (965529.7855247605 1950189.3986235177),G0084,비상벨,서울특별시 광진구 아차산로 78길 18,37.5504,127.10976,True,True
1864,비상벨,POINT (965079.1411566486 1949734.183164875),G0075,비상벨,서울특별시 광진구 아차산로 75길 9,37.54628,127.10468,True,True
1865,비상벨,POINT (962435.1317280045 1950502.3774633326),G0026,비상벨,서울특별시 광진구 능동로 25길 48,37.5531,127.07471,True,True
1866,비상벨,POINT (962532.500057652 1950352.1595054513),G0026,비상벨,서울특별시 광진구 능동로 21길 14-10,37.55175,127.07582,True,True
1867,비상벨,POINT (962615.441812126 1950724.5665216376),G0027,비상벨,서울특별시 광진구 군자로 160-1,37.55511,127.07674,True,True
1868,비상벨,POINT (961721.8736339792 1949641.3598371935),G0010,비상벨,서울특별시 광진구 동일로 26길 9,37.54531,127.06668,True,True
1869,비상벨,POINT (962607.6812280052 1951354.7791240418),G0028,비상벨,서울특별시 광진구 면목로9길31,37.56079,127.07662,True,True
1870,비상벨,POINT (963427.3531526423 1951166.9557634462),G0050,비상벨,서울특별시 광진구 천호대로123길83-13,37.55913,127.08591,True,True
1871,비상벨,POINT (963025.1068084254 1952271.5490487614),G0041,비상벨,서울특별시 광진구 면목로15길30,37.56907,127.0813,True,True
1872,비상벨,POINT (963589.3797101759 1951659.9562252716),G0051,비상벨,서울특별시 광진구 용마산로22길9,37.56358,127.08772,True,True
1873,비상벨,POINT (962914.4756441346 1950438.0925436076),G0037,비상벨,서울특별시 광진구 능동로24길60-84길,37.55254,127.08014,True,True
1874,비상벨,POINT (962034.7119599357 1950246.8022372709),G0017,비상벨,서울특별시 광진구 군자로11길11,37.55078,127.07019,True,True
1875,비상벨,POINT (962329.8024681762 1950649.304353741),G0027,비상벨,서울특별시 광진구 군자로15길21,37.55442,127.07351,True,True
1876,비상벨,POINT (964800.9296412906 1949746.4522466608),G0075,비상벨,서울특별시 광진구 광장로1-20,37.54638,127.10153,True,True
1877,비상벨,POINT (965172.5593144727 1949892.4439028972),G0075,비상벨,서울특별시 광진구 광장로77,37.54771,127.10573,True,True
1878,비상벨,POINT (965277.8117072427 1949924.1775609846),G0075,비상벨,서울특별시 광진구 광장로89,37.548,127.10692,True,True
1879,비상벨,POINT (964113.5115069803 1950937.6302178248),G0059,비상벨,서울특별시 광진구 영화사로3나길 28,37.55709,127.09369,True,True
1880,비상벨,POINT (963623.6388869486 1952222.3060888082),G0052,비상벨,서울특별시 광진구 용마사로30길 37,37.56865,127.08808,True,True
1881,비상벨,POINT (963411.9378863071 1949873.3868847825),G0047,비상벨,서울특별시 광진구 자양로37길 85,37.54747,127.0858,True,True
1882,비상벨,POINT (964840.642906412 1949945.987217184),G0075,비상벨,서울특별시 광진구 광장로1나길 8,37.54818,127.10197,True,True
1883,비상벨,POINT (963103.9645670581 1948553.3780444127),G0033,비상벨,서울특별시 광진구 자양로15길 27,37.53556,127.08238,True,True
1884,비상벨,POINT (962871.6519620442 1948564.3981216417),G0033,비상벨,서울특별시 광진구 아차산로44가길 16,37.53565,127.07975,True,True
1885,비상벨,POINT (963351.9489938184 1947888.8223885978),G0043,비상벨,서울특별시 광진구 뚝섬로58길 58,37.52958,127.08522,True,True
1886,비상벨,POINT (962003.5346608057 1948644.8759821588),G0014,비상벨,서울특별시 광진구 뚝섬로33길 34,37.53634,127.06992,True,True
1887,비상벨,POINT (961680.8033983274 1949547.2445496172),G0009,비상벨,서울특별시 광진구 아차산로21길 62,37.54446,127.06622,True,True
1888,비상벨,POINT (962919.103365701 1951671.79943101),G0040,비상벨,서울특별시 광진구 면목로114,37.56366,127.08013,True,True
1889,비상벨,POINT (962560.4103891365 1950273.2614896968),G0026,비상벨,서울특별시 광진구 능동로 237,37.55104,127.07614,True,True
1890,비상벨,POINT (962474.6605484047 1950062.8499374376),G0025,비상벨,서울특별시 광진구 군자로 114,37.54914,127.07518,True,True
1891,비상벨,POINT (962471.4597743864 1948963.3842707486),G0023,비상벨,서울특별시 광진구 아차산로39길 38-7,37.53923,127.0752,True,True
1892,비상벨,POINT (962608.353707036 1948953.8912584542),G0023,비상벨,서울특별시 광진구 아차산로39가길 8,37.53915,127.07675,True,True
1893,비상벨,POINT (964565.3549173404 1949606.5522969728),G0065,비상벨,서울특별시 광진구 광장로1다길 23,37.54511,127.09887,True,True
1894,비상벨,POINT (964842.1601182073 1950304.3372259906),G0076,비상벨,서울특별시 광진구 광장동 5-119,37.55141,127.10197,True,True
1895,비상벨,POINT (964977.4641020425 1950341.4871803834),G0076,비상벨,서울특별시 광진구 광장동 5-116,37.55175,127.1035,True,True
1896,비상벨,POINT (963639.0615419886 1951912.6969789641),G0051,비상벨,서울특별시 광진구 용마산로22길 76,37.56586,127.08827,True,True
1897,비상벨,POINT (962306.2432461639 1950518.494122965),G0026,비상벨,서울특별시 광진구 군자동 111-2,37.55324,127.07325,True,True
1898,비상벨,POINT (963425.9112378857 1950037.526087316),G0047,비상벨,서울특별시 광진구 자양로37길 43,37.54895,127.08595,True,True
1899,비상벨,POINT (963485.9239769458 1950025.0578850957),G0047,비상벨,서울특별시 광진구 자양로37길 38-6,37.54884,127.08663,True,True
1900,비상벨,POINT (964523.2398110755 1950500.959264651),G0067,비상벨,서울특별시 광진구 구의동 4-20,37.55317,127.09835,True,True
1901,비상벨,POINT (964452.1025576852 1949564.876681548),G0065,비상벨,서울특별시 광진구 워커힐로 32,37.54473,127.09759,True,True
1902,비상벨,POINT (963924.881428496 1948789.4167445605),G0055,비상벨,서울특별시 광진구 강변역로 18,37.53772,127.09166,True,True
1903,비상벨,POINT (962477.1563208902 1947877.1938243245),G0021,비상벨,서울특별시 광진구 자양강변길 301,37.52944,127.07532,True,True
1904,비상벨,POINT (962502.3315363632 1947973.6034320942),G0021,비상벨,서울특별시 광진구 뚝섬로44길 56,37.53031,127.0756,True,True
1905,비상벨,POINT (962232.9273933823 1948380.8870726011),G0013,비상벨,서울특별시 광진구 뚝섬로 561,37.53397,127.07253,True,True
1906,비상벨,POINT (963968.4078553956 1949862.0782042812),G0057,비상벨,서울특별시 광진구 천호대로138길 40,37.54739,127.0921,True,True
1907,비상벨,POINT (964774.0678460818 1949869.7164410441),G0066,비상벨,서울특별시 광진구 광장로1가길 13,37.54749,127.10122,True,True
1908,비상벨,POINT (963446.255209245 1948035.965358281),G0043,비상벨,서울특별시 광진구 자양로 35,37.53091,127.08628,True,True
1909,비상벨,POINT (963386.9112314505 1948002.9427790483),G0043,비상벨,서울특별시 광진구 자양로3길 16,37.53061,127.08561,True,True
1910,비상벨,POINT (963803.3174086413 1948059.919946069),G0053,비상벨,서울특별시 광진구 뚝섬로64길 45,37.53114,127.09032,True,True
1911,비상벨,POINT (962398.1533519436 1948577.622228815),G0022,비상벨,서울특별시 광진구 자양동 783-2,37.53575,127.07439,True,True
1912,비상벨,POINT (961464.1993873696 1948367.7748478313),G0007,비상벨,서울특별시 광진구 능동로3길 61-8,37.53382,127.06383,True,True
1913,비상벨,POINT (961382.3545606356 1948247.2231491453),G0007,비상벨,서울특별시 광진구 자양동 57-2,37.53273,127.06291,True,True
1914,비상벨,POINT (962930.1017588379 1949387.359164306),G0035,비상벨,서울특별시 광진구 광나루로30길 80,37.54307,127.08037,True,True
1915,비상벨,POINT (963291.7102292643 1947853.5855034308),G0043,비상벨,서울특별시 광진구 뚝섬로58길 68,37.52926,127.08454,True,True
1916,비상벨,POINT (964905.0973724029 1949102.523830786),G0073,비상벨,서울특별시 광진구 아차산로70 17-16,37.54058,127.10274,True,True
1917,비상벨,POINT (962087.3160022527 1949192.568913669),G0015,비상벨,서울특별시 광진구 동일로22길 117-20,37.54128,127.07084,True,True
1918,비상벨,POINT (961925.2970391087 1949501.7414999385),G0015,비상벨,서울특별시 광진구 아차산로27길 60,37.54406,127.06899,True,True
1919,비상벨,POINT (962061.1343731437 1949069.537799314),G0014,비상벨,서울특별시 광진구 능동로103,37.54017,127.07055,True,True
1920,비상벨,POINT (961838.8693492566 1949341.2655449766),G0015,비상벨,서울특별시 광진구 아차산로27길 20,37.54261,127.06802,True,True
1921,비상벨,POINT (962503.9891463646 1949711.0167680026),G0025,비상벨,서울특별시 광진구 광나루로22가길 12,37.54597,127.07553,True,True
1922,비상벨,POINT (961673.1271239766 1949415.253446331),G0009,비상벨,서울특별시 광진구 아차산로23길 23-5,37.54327,127.06614,True,True
1923,비상벨,POINT (962169.1736203353 1949708.0972592246),G0016,비상벨,서울특별시 광진구 군자로6길 20,37.54593,127.07174,True,True
1924,비상벨,POINT (962218.5815225383 1949694.558757936),G0016,비상벨,서울특별시 광진구 군자로6길 51,37.54581,127.0723,True,True
1925,비상벨,POINT (963095.9527943694 1950925.4491562543),G0038,비상벨,서울특별시 광진구 천호대로111길 9,37.55694,127.08217,True,True
1926,비상벨,POINT (963188.2005621931 1950814.092958676),G0038,비상벨,서울특별시 광진구 천호대로 585,37.55594,127.08322,True,True
1927,비상벨,POINT (963252.363996483 1950942.5068104982),G0038,비상벨,서울특별시 광진구 천호대로 115길 29,37.5571,127.08394,True,True
1928,비상벨,POINT (963189.3294207996 1951267.8598625776),G0039,비상벨,서울특별시 광진구 긴고랑로20길 28,37.56003,127.08321,True,True
1929,비상벨,POINT (962466.3959180237 1951360.964112036),G0028,비상벨,서울특별시 광진구 동일로 338,37.56084,127.07502,True,True
1930,비상벨,POINT (962535.4781361922 1951599.1877730398),G0028,비상벨,서울특별시 광진구 동일로 360,37.56299,127.07579,True,True
1931,비상벨,POINT (962760.6771504031 1951399.5795276556),G0028,비상벨,서울특별시 광진구 동일로68길 49,37.5612,127.07835,True,True
1932,비상벨,POINT (963448.6063237098 1952382.838657745),G0052,비상벨,서울특별시 광진구 용마산로 183,37.57009,127.08609,True,True
1933,비상벨,POINT (963546.7165930729 1951397.1998036064),G0050,비상벨,서울특별시 광진구 용마산로22길 5-8,37.56121,127.08725,True,True
1934,비상벨,POINT (963614.6041953885 1951773.011267274),G0051,비상벨,서울특별시 광진구 용마산로22길 19-19,37.5646,127.088,True,True
1935,비상벨,POINT (963831.102039808 1951395.9557672006),G0060,비상벨,서울특별시 광진구 용마산로8라길 30,37.56121,127.09047,True,True
1936,비상벨,POINT (963990.1432728932 1950596.4491820873),G0058,비상벨,서울특별시 광진구 자양로51길 28,37.55401,127.09231,True,True
1938,비상벨,POINT (963645.7596337107 1950417.1071176133),G0048,비상벨,서울특별시 광진구 능동로36길 186,37.55238,127.08842,True,True
1939,비상벨,POINT (963774.6399341435 1950195.7603900738),G0048,비상벨,서울특별시 광진구 자양로41길 26-9,37.55039,127.08989,True,True
1940,비상벨,POINT (963921.5252490991 1950253.9225145031),G0058,비상벨,서울특별시 광진구 자양로 282,37.55092,127.09155,True,True
1941,비상벨,POINT (963464.6654682554 1950011.8378101513),G0047,비상벨,서울특별시 광진구 자양로37길 38,37.54872,127.08639,True,True
1942,비상벨,POINT (963030.9409589666 1948026.708042774),G0032,비상벨,서울특별시 광진구 뚝섬로52가길 42,37.53081,127.08158,True,True
1943,비상벨,POINT (962888.9084493908 1948076.1574743914),G0032,비상벨,서울특별시 광진구 뚝섬로52가길 10,37.53125,127.07997,True,True
1944,비상벨,POINT (961324.1867346597 1948278.5587145744),G0007,비상벨,서울특별시 광진구 뚝섬로24길 74,37.53301,127.06225,True,True
1945,비상벨,POINT (963454.6693589997 1952155.370922334),G0052,비상벨,서울특별시 광진구 용마산로 160,37.56804,127.08617,True,True
1946,비상벨,POINT (961774.6013740276 1948621.5179144703),G0008,비상벨,서울특별시 광진구 뚝섬로31가길 12,37.53612,127.06733,True,True
1947,비상벨,POINT (962870.4561237765 1948494.507296825),G0033,비상벨,서울특별시 광진구 자양로15길 72,37.53502,127.07974,True,True
1948,비상벨,POINT (962178.0858304275 1950307.168653868),G0017,비상벨,서울특별시 광진구 군자로 96-14,37.55133,127.07181,True,True
1950,비상벨,POINT (963863.828167444 1951406.9078959953),G0060,비상벨,서울특별시 광진구 용마산로8마길 26,37.56131,127.09084,True,True
1951,비상벨,POINT (963007.4506262529 1951876.6568375453),G0040,비상벨,서울특별시 광진구 면목로 136-1,37.56551,127.08112,True,True
1952,비상벨,POINT (963265.9193998923 1948015.680825104),G0032,비상벨,서울특별시 광진구 뚝섬로58가길 9,37.53072,127.08424,True,True
1953,비상벨,POINT (964116.4554408883 1948552.2718183082),G0054,비상벨,서울특별시 광진구 강변역로 53,37.53559,127.09384,True,True
1954,비상벨,POINT (963238.5737470876 1948624.896421065),G0034,비상벨,서울특별시 광진구 자양로 96,37.53621,127.0839,True,True
1955,비상벨,POINT (963597.4636256616 1949071.538983447),G0045,비상벨,서울특별시 광진구 구의로3길 11,37.54025,127.08794,True,True
1956,비상벨,POINT (963725.2899656984 1949008.8499087484),G0045,비상벨,서울특별시 광진구 구의로 19,37.53969,127.08939,True,True
1957,비상벨,POINT (962831.3209619824 1951199.5586978202),G0039,비상벨,서울특별시 광진구 천호대로107길 40,37.5594,127.07916,True,True
1958,비상벨,POINT (961919.9003057961 1950058.7185120129),G0016,비상벨,서울특별시 광진구 동일로32길 14-6,37.54908,127.0689,True,True
1959,비상벨,POINT (962381.2344297539 1950888.7161640725),G0027,비상벨,서울특별시 광진구 면목로 5길 36,37.55658,127.07408,True,True
1960,비상벨,POINT (962031.1584865446 1949082.9883401901),G0014,비상벨,서울특별시 광진구 아차산로 241,37.54029,127.07021,True,True
1961,비상벨,POINT (964022.2081941117 1951065.6139147968),G0059,비상벨,서울특별시 광진구 영화사로3길 53,37.55824,127.09265,True,True
1962,비상벨,POINT (962698.6389129581 1948008.2227297977),G0021,비상벨,서울특별시 광진구 뚝섬로50길 39,37.53063,127.07782,True,True
1963,비상벨,POINT (964069.7547585177 1948785.46053047),G0055,비상벨,서울특별시 광진구 구의강변로 77,37.53769,127.0933,True,True
1964,비상벨,POINT (963193.3664908163 1948990.1098868973),G0034,비상벨,서울특별시 광진구 자양로 130,37.5395,127.08337,True,True
1965,비상벨,POINT (961649.5695172506 1948905.0077928444),G0008,비상벨,서울특별시 광진구 뚝섬로23가길 35,37.53867,127.0659,True,True
1966,비상벨,POINT (961793.7930751604 1948568.175323485),G0013,비상벨,서울특별시 광진구 뚝섬로 515,37.53564,127.06755,True,True
1967,비상벨,POINT (961893.3597263858 1950049.9645211352),G0016,비상벨,서울특별시 광진구 광나루로13길 16,37.549,127.0686,True,True
1968,비상벨,POINT (962291.4274838722 1949589.9379068117),G0024,비상벨,서울특별시 광진구 능동로 160,37.54487,127.07313,True,True
1969,비상벨,POINT (962305.77587072 1949831.7363469366),G0025,비상벨,서울특별시 광진구 능동로19길 10,37.54705,127.07328,True,True
1970,비상벨,POINT (962575.5916938428 1949721.7884643853),G0025,비상벨,서울특별시 광진구 광나루로 424,37.54607,127.07634,True,True
1971,비상벨,POINT (962560.0673447825 1950393.0854263585),G0026,비상벨,서울특별시 광진구 능동로23길 12,37.55212,127.07613,True,True
1972,비상벨,POINT (962632.5162906632 1948826.1941765815),G0023,비상벨,서울특별시 광진구 아차산로 306,37.538,127.07703,True,True
1973,비상벨,POINT (963129.3313176546 1949292.1679611574),G0035,비상벨,서울특별시 광진구 자양로23나길 7,37.54222,127.08263,True,True
1974,비상벨,POINT (963544.0460936815 1948776.6561885995),G0045,비상벨,서울특별시 광진구 아차산로 401,37.53759,127.08735,True,True
1975,비상벨,POINT (963690.3019242404 1948078.1643804673),G0043,비상벨,서울특별시 광진구 뚝섬로64길 50,37.5313,127.08904,True,True
1976,비상벨,POINT (964399.3794831297 1950248.531675694),G0067,비상벨,서울특별시 광진구 자양로44길 113,37.55089,127.09696,True,True
1977,비상벨,POINT (965317.8198742641 1949774.2330852207),G0083,비상벨,서울특별시 광진구 아차산로76길 34,37.54665,127.10738,True,True
1978,비상벨,POINT (965489.6261541178 1950090.8233348315),G0083,비상벨,서울특별시 광진구 아차산로78가길 3,37.54951,127.10931,True,True
1979,비상벨,POINT (963474.6031566442 1949057.6552698857),G0045,비상벨,서울특별시 광진구 아차산로55길 61,37.54012,127.08655,True,True
1980,비상벨,POINT (963109.3509796768 1948373.6212004137),G0033,비상벨,서울특별시 광진구 뚝섬로57길 50,37.53394,127.08245,True,True
1981,비상벨,POINT (963168.8951402114 1947854.1289138044),G0032,비상벨,서울특별시 광진구 자양로3길 65-9,37.52926,127.08315,True,True
1982,비상벨,POINT (962101.9424352287 1950461.7317956795),G0017,비상벨,서울특별시 광진구 군자로13길 18-7,37.55272,127.07094,True,True
1983,비상벨,POINT (962379.539963511 1951099.5227610883),G0027,비상벨,서울특별시 광진구 동일로60길 14,37.55848,127.07405,True,True
1984,비상벨,POINT (963951.1252736744 1950561.1156239356),G0058,비상벨,서울특별시 광진구 천호대로129길 49,37.55369,127.09187,True,True
1985,비상벨,POINT (961528.125476708 1948625.9839864834),G0008,비상벨,서울특별시 광진구 뚝섬로26길 5,37.53615,127.06454,True,True
1986,비상벨,POINT (964293.0464148693 1950992.3293333799),G0068,비상벨,서울특별시 광진구 영화사로9나길 32,37.55759,127.09572,True,True
1987,비상벨,POINT (963691.2132819833 1949297.4590986439),G0046,비상벨,서울특별시 광진구 광나루로40길 56,37.54229,127.08899,True,True
1988,비상벨,POINT (964110.9842889793 1950352.9532733036),G0058,비상벨,서울특별시 광진구 자양로50길 22-8,37.55182,127.09369,True,True
1989,비상벨,POINT (963610.4566647214 1951431.3135961625),G0050,비상벨,서울특별시 광진구 용마산로14길 9-5,37.56152,127.08797,True,True
1990,비상벨,POINT (963421.2815219152 1950991.6868132383),G0049,비상벨,서울특별시 광진구 천호대로119길 61,37.55755,127.08585,True,True
1991,비상벨,POINT (963974.1555327774 1949965.2333851934),G0057,비상벨,서울특별시 광진구 자양로42길 44 (구의동),37.54832,127.09216,True,True
1992,비상벨,POINT (964161.5718473643 1949180.0323139376),G0056,비상벨,서울특별시 광진구 광나루로52길 12 (구의동),37.54125,127.09432,True,True
1993,비상벨,POINT (963987.7611082762 1948824.6467106699),G0055,비상벨,서울특별시 광진구 아차산로60길 13-8,37.53804,127.09237,True,True
1994,비상벨,POINT (963837.9261624394 1949109.3198995022),G0056,비상벨,서울특별시 광진구 아차산로59길 49 (구의동),37.5406,127.09066,True,True
1995,비상벨,POINT (963880.547207776 1949362.0919409085),G0056,비상벨,서울특별시 광진구 광나루로44길 32 (구의동),37.54288,127.09113,True,True
1996,비상벨,POINT (964202.7081720813 1948680.5972244104),G0055,비상벨,서울특별시 광진구 광나루로56길 86 (구의동),37.53675,127.09481,True,True
1997,비상벨,POINT (964177.3744783452 1948747.2740952582),G0055,비상벨,서울특별시 광진구 광나루로56길 86 (구의동),37.53735,127.09452,True,True
1998,비상벨,POINT (962350.9175033431 1950825.613928309),G0027,비상벨,서울특별시 광진구 동일로56길 29 (군자동),37.55601,127.07374,True,True
1999,비상벨,POINT (963165.2701395918 1950423.662599371),G0037,비상벨,서울특별시 광진구 천호대로116길 66 (능동),37.55242,127.08298,True,True
2000,비상벨,POINT (962839.01941422 1950551.595475189),G0037,비상벨,서울특별시 광진구 능동로30길 23 (능동),37.55356,127.07928,True,True
2001,비상벨,POINT (962852.3578887292 1950571.5061846888),G0037,비상벨,서울특별시 광진구 능동로30길 23 (능동),37.55374,127.07943,True,True
2002,비상벨,POINT (963088.34889689 1948419.2024340006),G0033,비상벨,서울특별시 광진구 자양로13길 41 (자양동),37.53435,127.08221,True,True
2003,비상벨,POINT (962691.5053975539 1948584.0659928757),G0022,비상벨,서울특별시 광진구 아차산로40길 46 (자양동),37.53582,127.07771,True,True
2004,비상벨,POINT (963583.7974310336 1948170.7157213609),G0044,비상벨,서울특별시 광진구 뚝섬로62길 24 (자양동),37.53213,127.08783,True,True
2005,비상벨,POINT (961995.9903152891 1948347.5740403016),G0013,비상벨,서울특별시 광진구 뚝섬로34길 25-19 (자양동),37.53366,127.06985,True,True
2006,비상벨,POINT (961855.7142211422 1948969.517157356),G0014,비상벨,서울특별시 광진구 아차산로32길 17 (자양동),37.53926,127.06823,True,True
2007,비상벨,POINT (961884.8017080748 1948954.9605980911),G0014,비상벨,서울특별시 광진구 아차산로32길 17 (자양동),37.53913,127.06856,True,True
2008,비상벨,POINT (963048.0330869762 1948889.7939167286),G0034,비상벨,서울특별시 광진구 자양1동 859-1,37.53859,127.08173,True,True
2009,비상벨,POINT (961816.4731104826 1948504.8315699333),G0013,비상벨,서울특별시 광진구 자양4동 553-22,37.53507,127.06781,True,True
2010,비상벨,POINT (961688.1603990095 1948269.1062729002),G0007,비상벨,서울특별시 광진구 자양4동 74-21,37.53294,127.06637,True,True
2011,비상벨,POINT (962850.7386142432 1951788.5993308313),G0040,비상벨,서울특별시 광진구 긴고랑로5길 10 (중곡동),37.56471,127.07935,True,True
2012,비상벨,POINT (963267.7426430907 1951224.2432989387),G0039,비상벨,서울특별시 광진구 긴고랑로5길 10 (중곡동),37.55964,127.0841,True,True
2013,비상벨,POINT (963307.2644844837 1952372.3677602098),G0052,비상벨,서울특별시 광진구 용마산로33길 25 (중곡동),37.56999,127.08449,True,True
2014,비상벨,POINT (963976.538160164 1950921.5814591341),G0059,비상벨,서울특별시 광진구 영화사로7길 25 (중곡동),37.55694,127.09214,True,True
2015,비상벨,POINT (963868.919114099 1951156.1463939215),G0060,비상벨,서울특별시 광진구 영화사로7길 25 (중곡동),37.55905,127.09091,True,True
2016,비상벨,POINT (961811.7268684265 1949778.520081736),G0016,비상벨,서울특별시 광진구 동일로28길 16 (화양동),37.54655,127.06769,True,True
2017,비상벨,POINT (961732.115378725 1949371.7122772522),G0009,비상벨,서울특별시 광진구 아차산로25길 27 (화양동),37.54288,127.06681,True,True
2018,비상벨,POINT (962177.4422200051 1949777.955969367),G0016,비상벨,서울특별시 광진구 화양동 110-34,37.54656,127.07183,True,True
2019,비상벨,POINT (962072.1876255132 1949555.433270126),G0015,비상벨,서울특별시 광진구 군자로3길 15 (화양동),37.54455,127.07065,True,True
2020,비상벨,POINT (961993.8003462686 1949220.7328984607),G0015,비상벨,서울특별시 광진구 아차산로31길 14 (화양동),37.54153,127.06978,True,True
2021,비상벨,POINT (963097.7700314359 1947954.2959867113),G0032,비상벨,서울특별시 광진구 뚝섬로56길 28 (자양동),37.53016,127.08234,True,True
2022,비상벨,POINT (964199.8607413116 1950069.6563495102),G0057,비상벨,서울특별시 광진구 천호대로 717-18 (구의동),37.54927,127.09471,True,True
2023,비상벨,POINT (964352.123590434 1949940.3036021618),G0066,비상벨,서울특별시 광진구 천호대로 717-18 (구의동),37.54811,127.09644,True,True
2024,비상벨,POINT (964403.271654696 1949920.1138708154),G0066,비상벨,서울특별시 광진구 천호대로 717-18 (구의동),37.54793,127.09702,True,True
2025,비상벨,POINT (964507.4774568927 1949913.011084665),G0066,비상벨,서울특별시 광진구 천호대로 717-18 (구의동),37.54787,127.0982,True,True
2026,비상벨,POINT (964519.6736070896 1949873.0183112766),G0066,비상벨,서울특별시 광진구 천호대로 717-18 (구의동),37.54751,127.09834,True,True
2027,비상벨,POINT (964509.4068354688 1949744.36451769),G0066,비상벨,서울특별시 광진구 천호대로 760,37.54635,127.09823,True,True
2028,비상벨,POINT (962397.1891824797 1948169.344025911),G0022,비상벨,서울특별시 광진구 자양번영로3길 16 (자양동),37.53207,127.0744,True,True
2029,비상벨,POINT (965010.0801268455 1949696.7521369555),G0075,비상벨,서울특별시 광진구 아차산로73길 15 (광장동),37.54594,127.1039,True,True
2030,비상벨,POINT (964718.7186872492 1949940.9569935205),G0066,비상벨,서울특별시 광진구 광장로1가길 31 (광장동),37.54813,127.10059,True,True
2031,비상벨,POINT (964553.5227360199 1949731.9720263588),G0066,비상벨,서울특별시 광진구 천호대로 760,37.54624,127.09873,True,True
2032,비상벨,POINT (964575.7581910216 1949767.3799520768),G0066,비상벨,서울특별시 광진구 천호대로 760,37.54656,127.09898,True,True
2033,비상벨,POINT (962727.2855160146 1952224.0647367912),G0030,비상벨,서울특별시 광진구 도로명주소 없음,37.56863,127.07793,True,True
2034,비상벨,POINT (964792.5673052649 1950066.012846474),G0075,비상벨,서울특별시 광진구 도로명주소 없음,37.54926,127.10142,True,True
2035,비상벨,POINT (964783.9692966723 1950121.522437404),G0067,비상벨,서울특별시 광진구 도로명주소 없음,37.54976,127.10132,True,True
2036,비상벨,POINT (964595.809563432 1949497.6951413334),G0065,비상벨,서울특별시 광진구 천호대로140길 60,37.54413,127.09922,True,True
2037,비상벨,POINT (964641.8400897845 1949519.6882976152),G0065,비상벨,서울특별시 광진구 천호대로140길 60,37.54433,127.09974,True,True
2038,비상벨,POINT (964604.8845474587 1949554.2390242955),G0065,비상벨,서울특별시 광진구 천호대로140길 60,37.54464,127.09932,True,True
2039,비상벨,POINT (964729.9687848099 1949677.966648017),G0066,비상벨,서울특별시 광진구 천호대로140길 60,37.54576,127.10073,True,True
2040,비상벨,POINT (961283.4787557685 1948643.7624384658),G0004,비상벨,서울특별시 광진구 자양4동 199-4,37.5363,127.06177,True,True
2041,비상벨,POINT (963645.2380523288 1949692.6291687668),G0047,비상벨,서울특별시 광진구 구의1동 668-5,37.54585,127.08845,True,True
2042,비상벨,POINT (965320.6938635728 1950039.3823927988),G0083,비상벨,서울특별시 광진구 광장동 344-10,37.54904,127.1074,True,True
2043,비상벨,POINT (961807.1473814618 1948590.3032200893),G0013,비상벨,서울특별시 광진구 자양3동 784-2,37.53584,127.0677,True,True
2044,비상벨,POINT (964587.7493714096 1950093.5108459736),G0066,비상벨,서울특별시 광진구 광장동 381-44,37.5495,127.0991,True,True
2045,비상벨,POINT (964341.2047046283 1951511.352110333),G0069,비상벨,서울특별시 광진구 용마도시자연공원-사무실,37.56227,127.09624,True,True
2046,비상벨,POINT (964332.358683437 1951508.0617206723),G0069,비상벨,서울특별시 광진구 용마도시자연공원-입구,37.56224,127.09614,True,True
2047,비상벨,POINT (964281.115595383 1951503.8442127584),G0060,비상벨,서울특별시 광진구 용마도시자연공원-화장실 뒤,37.5622,127.09556,True,True
2048,비상벨,POINT (964335.3943353822 1951597.9154103543),G0069,비상벨,서울특별시 광진구 용마도시자연공원-체험장,37.56305,127.09617,True,True
2049,비상벨,POINT (964371.589718436 1951594.4315647453),G0069,비상벨,서울특별시 광진구 용마도시자연공원-사방댐,37.56302,127.09658,True,True
2050,비상벨,POINT (964351.4532750389 1951635.568264353),G0070,비상벨,서울특별시 광진구 용마도시자연공원-산불장비,37.56339,127.09635,True,True
2051,비상벨,POINT (964355.3527859992 1951720.980401259),G0070,비상벨,서울특별시 광진구 용마도시자연공원-쌍용골,37.56416,127.09639,True,True
2052,비상벨,POINT (964445.007160449 1951827.104593604),G0070,비상벨,서울특별시 광진구 용마도시자연공원-유화교,37.56512,127.0974,True,True
2053,비상벨,POINT (964533.7619023487 1951929.9051912068),G0070,비상벨,서울특별시 광진구 용마도시자연공원-청용골,37.56605,127.0984,True,True
2054,비상벨,POINT (964562.2304180332 1951978.6000937494),G0070,비상벨,서울특별시 광진구 용마도시자연공원-마지막골,37.56649,127.09872,True,True
2055,비상벨,POINT (964649.4826126838 1950484.8883347767),G0067,비상벨,서울특별시 광진구 아차산생태공원-사무실,37.55303,127.09978,True,True
2056,비상벨,POINT (964641.3204831519 1950434.9972308113),G0067,비상벨,서울특별시 광진구 아차산생태공원-공원입구,37.55258,127.09969,True,True
2057,비상벨,POINT (964726.8248602969 1950393.583416474),G0067,비상벨,서울특별시 광진구 아차산생태공원-소각장,37.55221,127.10066,True,True
2058,비상벨,POINT (964725.1808230059 1950422.4364463466),G0067,비상벨,서울특별시 광진구 아차산생태공원-다목적,37.55247,127.10064,True,True
2059,비상벨,POINT (964759.308848796 1950346.8480327635),G0067,비상벨,서울특별시 광진구 아차산생태공원-생태자료,37.55179,127.10103,True,True
2060,비상벨,POINT (964786.9134214962 1950607.4548034773),G0067,비상벨,서울특별시 광진구 아차산생태공원-토요,37.55414,127.10133,True,True
2061,비상벨,POINT (964879.776713497 1951053.065920034),G0077,비상벨,서울특별시 광진구 아차산생태공원-고구려정1,37.55816,127.10236,True,True
2062,비상벨,POINT (964901.77278888 1951033.0025399488),G0077,비상벨,서울특별시 광진구 아차산생태공원-고구려정2,37.55798,127.10261,True,True
2063,비상벨,POINT (964687.7100161396 1950334.9481165367),G0067,비상벨,서울특별시 광진구 아차산생태공원-공영주차,37.55168,127.10022,True,True
2064,비상벨,POINT (964810.8488477976 1951253.0614069235),G0078,비상벨,서울특별시 광진구 아차산생태공원-해맞이공원,37.55996,127.10157,True,True
2065,비상벨,POINT (963348.5902356415 1951931.7261672632),G0051,비상벨,서울특별시 광진구 중곡 4동 30-75,37.56602,127.08498,True,True
2066,비상벨,POINT (961922.4986923217 1948698.5012980672),G0014,비상벨,서울특별시 광진구 자양4동 547-16,37.53682,127.069,True,True
2067,비상벨,POINT (964649.9974772866 1950398.3479920726),G0067,비상벨,서울특별시 광진구 공원방범(아차산어울림광장1),37.55225,127.09979,True,True
2068,비상벨,POINT (964742.5262349481 1950346.9192763749),G0067,비상벨,서울특별시 광진구 공원방범(아차산어울림광장2),37.55179,127.10084,True,True
2069,비상벨,POINT (964536.6387798836 1950742.7651667846),G0068,비상벨,서울특별시 광진구 영화사로107,37.55535,127.09849,True,True
2070,비상벨,POINT (964770.5626975233 1950501.0156708458),G0067,비상벨,서울특별시 광진구 구의동3-11,37.55318,127.10115,True,True
2071,비상벨,POINT (964208.7274669942 1950077.3843739196),G0057,비상벨,서울특별시 광진구 천호대로 717-18,37.54934,127.09481,True,True
2072,비상벨,POINT (964999.7709695485 1950394.6473395964),G0076,비상벨,서울특별시 광진구 광장동 5-113,37.55223,127.10375,True,True
2073,비상벨,POINT (962745.7472289939 1948267.6256346442),G0022,비상벨,서울특별시 광진구 자양로13다길 34,37.53297,127.07834,True,True
2074,비상벨,POINT (961852.7218222826 1948510.2123830959),G0013,비상벨,서울특별시 광진구 자양동 553-22,37.53512,127.06822,True,True
2075,비상벨,POINT (964784.2246273739 1950390.0113882334),G0067,비상벨,서울특별시 광진구 영화사로 139,37.55218,127.10131,True,True
2076,비상벨,POINT (962322.7860615983 1949881.5851352722),G0025,비상벨,서울특별시 광진구 광나루로 389,37.5475,127.07347,True,True
2077,비상벨,POINT (963968.2618985254 1948198.9951242562),G0054,비상벨,서울특별시 광진구 구의동 624-1,37.5324,127.09218,True,True
2078,비상벨,POINT (964175.7544150196 1949191.0657570574),G0056,비상벨,서울특별시 광진구 광나루로52길 12,37.54135,127.09448,True,True
2079,비상벨,POINT (964221.3423309707 1948699.3777944504),G0055,비상벨,서울특별시 광진구 광나루로56길 86,37.53692,127.09502,True,True
2080,비상벨,POINT (963876.8583491223 1951153.8929108568),G0060,비상벨,서울특별시 광진구 중곡동 68-19,37.55903,127.091,True,True
2081,비상벨,POINT (964772.7167617074 1950175.9338411202),G0067,비상벨,서울특별시 광진구 광장동 378-76,37.55025,127.10119,True,True
2082,비상벨,POINT (963974.1555327774 1949965.2333851934),G0057,비상벨,서울특별시 광진구 자양로42길 44,37.54832,127.09216,True,True
2083,비상벨,POINT (963987.7611082762 1948824.6467106699),G0055,비상벨,서울특별시 광진구 구의강변로 69,37.53804,127.09237,True,True
2084,비상벨,POINT (961811.7268684265 1949778.520081736),G0016,비상벨,서울특별시 광진구 동일로28길 16,37.54655,127.06769,True,True
2085,비상벨,POINT (962630.7249807059 1951568.802749679),G0028,비상벨,서울특별시 광진구 중곡1동 248-29,37.56272,127.07687,True,True
2086,비상벨,POINT (963220.5710667284 1950744.0531172073),G0038,비상벨,서울특별시 광진구 능동 237-3,37.55531,127.08359,True,True
2087,비상벨,POINT (963399.9132961384 1949951.1023855545),G0047,비상벨,서울특별시 광진구 구의2동 612-35,37.54817,127.08566,True,True
2088,비상벨,POINT (962568.9131407151 1949611.9814846711),G0025,비상벨,서울특별시 광진구 화양동 523-2,37.54508,127.07627,True,True
2089,비상벨,POINT (964277.9074555023 1951374.0505270844),G0060,비상벨,서울특별시 광진구 중곡4동 72-122,37.56103,127.09553,True,True
2090,비상벨,POINT (964852.3819086346 1949380.1119898781),G0074,비상벨,서울특별시 광진구 광장동 236-1,37.54308,127.10213,True,True
2091,비상벨,POINT (963693.1816959641 1947928.3745901042),G0043,비상벨,서울특별시 광진구 자양2동 813-1,37.52995,127.08908,True,True
2092,비상벨,POINT (962038.3458887402 1950462.0223108262),G0017,비상벨,서울특별시 광진구 군자동 340-10,37.55272,127.07022,True,True
2093,비상벨,POINT (962881.7172774945 1948642.0155651425),G0034,비상벨,서울특별시 광진구 자양1동 231-63,37.53635,127.07986,True,True
2094,비상벨,POINT (963949.0484648853 1948047.082359644),G0053,비상벨,서울특별시 광진구 구의3동 624-5,37.53103,127.09197,True,True
2095,비상벨,POINT (964189.1595876227 1948611.8690238078),G0055,비상벨,서울특별시 광진구 강변역로 40-2,37.53613,127.09466,True,True
2096,비상벨,POINT (964323.418779699 1949221.495165326),G0065,비상벨,서울특별시 광진구 광장동 516-2,37.54163,127.09615,True,True
2097,비상벨,POINT (964130.8942716835 1950054.4214636954),G0057,비상벨,서울특별시 광진구 천호대로 717-18,37.54913,127.09393,True,True
2098,비상벨,POINT (964177.7249626836 1950057.5477085814),G0057,비상벨,서울특별시 광진구 천호대로 717-18,37.54916,127.09446,True,True
2099,비상벨,POINT (963022.3438494237 1948874.3757365467),G0034,비상벨,서울특별시 광진구 자양1동 859-1,37.53845,127.08144,True,True
2100,비상벨,POINT (964904.3381129765 1950386.1744508022),G0076,비상벨,서울특별시 광진구 영화사로 139,37.55215,127.10267,True,True
2101,비상벨,POINT (964939.7212892849 1950398.2290658571),G0076,비상벨,서울특별시 광진구 광장동 5-112,37.55226,127.10307,True,True
2102,비상벨,POINT (965049.9784173772 1950361.1519753088),G0076,비상벨,서울특별시 광진구 광장동 5-143,37.55193,127.10432,True,True
2103,비상벨,POINT (964998.1821060316 1950436.8136271741),G0076,비상벨,서울특별시 광진구 광장동 5-112,37.55261,127.10373,True,True
2104,비상벨,POINT (964979.8904669072 1950497.9112201347),G0076,비상벨,서울특별시 광진구 광장동 5-112,37.55316,127.10352,True,True
2105,비상벨,POINT (965027.0173629669 1950572.0466107593),G0076,비상벨,서울특별시 광진구 광장동 5-112,37.55383,127.10405,True,True
2106,비상벨,POINT (965029.026897693 1950629.7302311712),G0077,비상벨,서울특별시 광진구 광장동 5-112,37.55435,127.10407,True,True
2107,비상벨,POINT (964717.5376675499 1950494.5840409368),G0067,비상벨,서울특별시 광진구 구의동 3,37.55312,127.10055,True,True
2108,비상벨,POINT (964752.7511176722 1950466.6978983018),G0067,비상벨,서울특별시 광진구 광장동 5-127,37.55287,127.10095,True,True
2109,비상벨,POINT (964767.7951695438 1950473.2908295314),G0067,비상벨,서울특별시 광진구 광장동 5-124,37.55293,127.10112,True,True
2110,비상벨,POINT (964495.7529244305 1950683.0288437782),G0068,비상벨,서울특별시 광진구 영화사로 107,37.55481,127.09803,True,True
2111,비상벨,POINT (964514.0345828407 1950827.181034068),G0068,비상벨,서울특별시 광진구 구의동 3-3,37.55611,127.09823,True,True
2112,비상벨,POINT (964460.1709124292 1950830.7398304336),G0068,비상벨,서울특별시 광진구 구의동 3-3,37.55614,127.09762,True,True
2113,비상벨,POINT (964386.068822158 1950852.137201871),G0068,비상벨,서울특별시 광진구 구의동 3-3,37.55633,127.09678,True,True
2114,비상벨,POINT (964346.3848709292 1950866.7305704716),G0068,비상벨,서울특별시 광진구 구의동 3-3,37.55646,127.09633,True,True
2115,비상벨,POINT (964321.7351910186 1950885.697365949),G0068,비상벨,서울특별시 광진구 중곡동 143-141,37.55663,127.09605,True,True
2116,비상벨,POINT (964384.4927169848 1950896.5225476895),G0068,비상벨,서울특별시 광진구 구의동 3-3,37.55673,127.09676,True,True
2117,비상벨,POINT (964290.8504761573 1950892.4869398759),G0068,비상벨,서울특별시 광진구 중곡동 143-141,37.55669,127.0957,True,True
2118,비상벨,POINT (963861.4394513351 1951466.8294802294),G0060,비상벨,서울특별시 광진구 중곡동 143-119,37.56185,127.09081,True,True
2119,비상벨,POINT (963903.4505493677 1951582.03119193),G0060,비상벨,서울특별시 광진구 용마산로22길 26,37.56289,127.09128,True,True
2120,비상벨,POINT (963803.543831784 1952164.9365674108),G0062,비상벨,서울특별시 광진구 중곡동 176-122,37.56814,127.09012,True,True
2121,비상벨,POINT (963831.7886141143 1952161.4850157315),G0062,비상벨,서울특별시 광진구 중곡동 176-122,37.56811,127.09044,True,True
2122,비상벨,POINT (963834.321883881 1952134.8467518834),G0062,비상벨,서울특별시 광진구 중곡동 176-122,37.56787,127.09047,True,True
2123,비상벨,POINT (963782.0830589244 1952104.009478278),G0051,비상벨,서울특별시 광진구 중곡동 176-112,37.56759,127.08988,True,True
2124,비상벨,POINT (964591.409960549 1950744.7503238271),G0068,비상벨,서울특별시 광진구 구의동 3-17,37.55537,127.09911,True,True
2125,비상벨,POINT (964643.3990622108 1950715.6826978566),G0068,비상벨,서울특별시 광진구 구의동 3-17,37.55511,127.0997,True,True
2126,비상벨,POINT (964702.4781840876 1950692.1325764898),G0068,비상벨,서울특별시 광진구 구의동 3-17,37.5549,127.10037,True,True
2127,비상벨,POINT (964733.4016661448 1950694.2200936864),G0068,비상벨,서울특별시 광진구 구의동 3-17,37.55492,127.10072,True,True
2128,비상벨,POINT (961754.1289007005 1949356.0783589787),G0009,비상벨,서울특별시 광진구 아차산로25길 27,37.54274,127.06706,True,True
2129,비상벨,POINT (963838.790271879 1949104.8782880367),G0055,비상벨,서울특별시 광진구 아차산로59길 49,37.54056,127.09067,True,True
2130,비상벨,POINT (963795.7362729524 1952197.145190674),G0062,비상벨,서울특별시 광진구 중곡동 176-133,37.56843,127.09003,True,True
2131,비상벨,POINT (964355.5689091135 1951565.6542372038),G0069,비상벨,서울특별시 광진구 중곡동 143-146,37.56276,127.0964,True,True
2132,비상벨,POINT (964408.1371849675 1951673.0468419648),G0070,비상벨,서울특별시 광진구 중곡동 143-146,37.56373,127.09699,True,True
2133,비상벨,POINT (964834.421851853 1950354.2958286132),G0076,비상벨,서울특별시 광진구 광장동 5-117,37.55186,127.10188,True,True
2134,비상벨,POINT (964913.9324296522 1950357.2878677272),G0076,비상벨,서울특별시 광진구 광장동 5-117,37.55189,127.10278,True,True
2135,비상벨,POINT (964946.6471009866 1950364.9159375795),G0076,비상벨,서울특별시 광진구 광장동 5-115,37.55196,127.10315,True,True
2136,비상벨,POINT (964850.494922742 1950395.2779069827),G0076,비상벨,서울특별시 광진구 광장동 5-125,37.55223,127.10206,True,True
2137,비상벨,POINT (964894.804841972 1950429.4838087528),G0076,비상벨,서울특별시 광진구 광장동 5-123,37.55254,127.10256,True,True
2138,비상벨,POINT (964818.0717301572 1950456.4356981255),G0076,비상벨,서울특별시 광진구 광장동 5-124,37.55278,127.10169,True,True
2139,비상벨,POINT (964865.1580588338 1950520.5851867895),G0076,비상벨,서울특별시 광진구 구의동 3-10,37.55336,127.10222,True,True
2140,비상벨,POINT (964947.541679716 1950576.8196070127),G0076,비상벨,서울특별시 광진구 구의동 3-12,37.55387,127.10315,True,True
2141,비상벨,POINT (965022.2458861097 1950697.4360556754),G0077,비상벨,서울특별시 광진구 구의동 3-10,37.55496,127.10399,True,True
2142,비상벨,POINT (965058.9637340374 1950817.1034944423),G0077,비상벨,서울특별시 광진구 구의동 3-10,37.55604,127.1044,True,True
2143,비상벨,POINT (965053.290061003 1950938.0589072413),G0077,비상벨,서울특별시 광진구 구의동 3-8,37.55713,127.10433,True,True
2144,비상벨,POINT (962932.9530308073 1952202.0636099337),G0041,비상벨,서울특별시 광진구 동일로76나길 20,37.56844,127.08026,True,True
2145,비상벨,POINT (962943.5452707411 1952200.9068350696),G0041,비상벨,서울특별시 광진구 동일로76나길 20,37.56843,127.08038,True,True
2146,비상벨,POINT (964910.5644681274 1950814.400987246),G0077,비상벨,서울특별시 광진구 구의동 3-8,37.55601,127.10272,True,True
2147,비상벨,POINT (964937.4975946266 1950917.4673273575),G0077,비상벨,서울특별시 광진구 구의동 3-8,37.55694,127.10302,True,True
2150,비상벨,POINT (963527.671313367 1948669.110218883),G0045,비상벨,서울특별시 광진구 아차산로 400,37.53662,127.08717,True,True
2151,비상벨,POINT (963518.1138580464 1948705.7644354724),G0045,비상벨,서울특별시 광진구 아차산로 400,37.53695,127.08706,True,True
2152,비상벨,POINT (963624.3781135126 1948761.8810564664),G0045,비상벨,서울특별시 광진구 아차산로 400,37.53746,127.08826,True,True
2153,비상벨,POINT (963690.6476797442 1948763.8100839916),G0045,비상벨,서울특별시 광진구 아차산로 400,37.53748,127.08901,True,True
2154,비상벨,POINT (963545.5949887072 1949532.1936881493),G0046,비상벨,서울특별시 광진구 광나루로36길 9-9,37.5444,127.08733,True,True
2155,비상벨,POINT (963617.041032832 1949305.5498943115),G0046,비상벨,서울특별시 광진구 구의로9길 15,37.54236,127.08815,True,True
2156,비상벨,POINT (963711.31489688 1949854.3219054365),G0047,비상벨,서울특별시 광진구 자양로38길 17-7,37.54731,127.08919,True,True
2157,비상벨,POINT (962213.6456963177 1950745.2464085484),G0018,비상벨,서울특별시 광진구 동일로52길 11-13,37.55528,127.07219,True,True
2158,비상벨,POINT (963019.6312902963 1950447.6087389584),G0037,비상벨,서울특별시 광진구 천호대로116길 97,37.55263,127.08133,True,True
2159,비상벨,POINT (962911.9524007085 1950861.920034686),G0038,비상벨,서울특별시 광진구 천호대로110길 8,37.55636,127.08009,True,True
2160,비상벨,POINT (962973.3290892793 1950760.6846019058),G0038,비상벨,서울특별시 광진구 능동로34길 11-19,37.55545,127.08079,True,True
2161,비상벨,POINT (962929.2719926911 1950586.6949528467),G0037,비상벨,서울특별시 광진구 천호대로112길 53,37.55388,127.0803,True,True
2162,비상벨,POINT (963242.3626305797 1950678.4981088783),G0038,비상벨,서울특별시 광진구 능동로36길 87,37.55472,127.08384,True,True
2163,비상벨,POINT (963201.2212245441 1950563.2958857797),G0037,비상벨,서울특별시 광진구 천호대로116길 36,37.55368,127.08338,True,True
2164,비상벨,POINT (963228.1408509514 1950458.8868353076),G0037,비상벨,서울특별시 광진구 능동로32길 106-13,37.55274,127.08369,True,True
2165,비상벨,POINT (963478.5349790117 1950554.3051974287),G0048,비상벨,서울특별시 광진구 능동로36길 141,37.55361,127.08652,True,True
2166,비상벨,POINT (963392.5394187154 1950482.5686426614),G0048,비상벨,서울특별시 광진구 천호대로118길 33-17,37.55296,127.08555,True,True
2167,비상벨,POINT (963410.0877241531 1950455.8641223854),G0048,비상벨,서울특별시 광진구 능동로32길 139,37.55272,127.08575,True,True
2168,비상벨,POINT (963577.6052617121 1950385.231309148),G0048,비상벨,서울특별시 광진구 천호대로122길 33,37.55209,127.08765,True,True
2169,비상벨,POINT (962775.6921948543 1950611.7903449202),G0027,비상벨,서울특별시 광진구 능동로30길 8,37.5541,127.07856,True,True
2170,비상벨,POINT (962741.0775392504 1950377.848162937),G0026,비상벨,서울특별시 광진구 능동로24길 23,37.55199,127.07818,True,True
2171,비상벨,POINT (962829.2495962265 1950736.9201408993),G0038,비상벨,서울특별시 광진구 능동로32길 12,37.55523,127.07916,True,True
2172,비상벨,POINT (962851.211534315 1950512.7095912143),G0037,비상벨,서울특별시 광진구 능동로30길 38,37.55321,127.07942,True,True
2173,비상벨,POINT (962850.8762244404 1951424.693120286),G0039,비상벨,서울특별시 광진구 능동로43길 37-16,37.56143,127.07937,True,True
2174,비상벨,POINT (963549.994109455 1950936.7568488405),G0049,비상벨,서울특별시 광진구 천호대로125길 58,37.55706,127.08731,True,True
2175,비상벨,POINT (963385.5291433627 1951096.1342676291),G0049,비상벨,서울특별시 광진구 용마산로5길 40-22,37.55849,127.08544,True,True
2176,비상벨,POINT (963186.3699131153 1951596.2753498093),G0039,비상벨,서울특별시 광진구 능동로 386-16,37.56299,127.08316,True,True
2177,비상벨,POINT (963427.8206973183 1951673.9801405317),G0051,비상벨,서울특별시 광진구 용마산로21길 23,37.5637,127.08589,True,True
2178,비상벨,POINT (962895.019575922 1952013.6233942097),G0040,비상벨,서울특별시 광진구 동일로74길 31,37.56674,127.07984,True,True
2179,비상벨,POINT (963079.2707483243 1951940.6861957835),G0040,비상벨,서울특별시 광진구 능동로51길 37-10,37.56609,127.08193,True,True
2180,비상벨,POINT (963178.1219251974 1951926.9334053218),G0040,비상벨,서울특별시 광진구 능동로51길 19-8,37.56597,127.08305,True,True
2181,비상벨,POINT (963122.3467894974 1951896.1159401655),G0040,비상벨,서울특별시 광진구 능동로51길 25-12,37.56569,127.08242,True,True
2182,비상벨,POINT (963388.6246509068 1951998.1175440461),G0051,비상벨,서울특별시 광진구 용마산로27길 28,37.56662,127.08543,True,True
2183,비상벨,POINT (963909.7445354922 1951201.4569045005),G0060,비상벨,서울특별시 광진구 용마산로8길 66,37.55946,127.09137,True,True
2184,비상벨,POINT (964175.3355325524 1951141.504803198),G0060,비상벨,서울특별시 광진구 긴고랑로42길 3-28,37.55893,127.09438,True,True
2185,비상벨,POINT (963606.8381856165 1952418.7556394893),G0052,비상벨,서울특별시 광진구 용마산로36길 28-10,37.57042,127.08788,True,True
2186,비상벨,POINT (963573.4761144392 1952463.2807684692),G0052,비상벨,서울특별시 광진구 용마산로36길 22,37.57082,127.0875,True,True
2187,비상벨,POINT (964280.9723682601 1951470.5608545206),G0060,비상벨,서울특별시 광진구 긴고랑로47길 19,37.5619,127.09556,True,True
2188,비상벨,POINT (964232.8697214753 1951375.3539341816),G0060,비상벨,서울특별시 광진구 긴고랑로49길 27,37.56104,127.09502,True,True
2189,비상벨,POINT (964088.6752301088 1951117.4709982497),G0060,비상벨,서울특별시 광진구 긴고랑로42길 3-8,37.55871,127.0934,True,True
2190,비상벨,POINT (964150.5385382345 1951126.0793361817),G0060,비상벨,서울특별시 광진구 긴고랑로42길 3-15,37.55879,127.0941,True,True
2191,비상벨,POINT (961956.3266094985 1949332.9604834649),G0015,비상벨,서울특별시 광진구 동일로24길 80-5,37.54254,127.06935,True,True
2192,비상벨,POINT (963164.9776318338 1949361.9060339786),G0035,비상벨,서울특별시 광진구 광나루로30다길 30,37.54285,127.08303,True,True
2193,비상벨,POINT (963806.9534706412 1949908.2682826035),G0057,비상벨,서울특별시 광진구 천호대로136길 43,37.5478,127.09027,True,True
2194,비상벨,POINT (963908.1319038558 1950017.664865026),G0057,비상벨,서울특별시 광진구 천호대로136길 13,37.54879,127.09141,True,True
2195,비상벨,POINT (963740.4072760207 1949840.8812684554),G0047,비상벨,서울특별시 광진구 천호대로136길 64,37.54719,127.08952,True,True
2196,비상벨,POINT (962800.7253937419 1948706.7266831063),G0034,비상벨,서울특별시 광진구 아차산로42길 16,37.53693,127.07894,True,True
2197,비상벨,POINT (963398.3029219208 1950988.4596927722),G0049,비상벨,서울특별시 광진구 용마산로5길 40,37.55752,127.08559,True,True
2198,비상벨,POINT (962813.9067951265 1952043.9421110796),G0040,비상벨,서울특별시 광진구 동일로74길 15,37.56701,127.07892,True,True
2199,비상벨,POINT (962828.3821857378 1950937.7375514985),G0038,비상벨,서울특별시 광진구 천호대로 548,37.55704,127.07914,True,True
2200,비상벨,POINT (963776.375062009 1950391.0185850372),G0048,비상벨,서울특별시 광진구 천호대로 661,37.55215,127.0899,True,True
2201,비상벨,POINT (963459.483950366 1948030.35987087),G0043,비상벨,서울특별시 광진구 자양로3길 7,37.53086,127.08643,True,True
2202,비상벨,POINT (961762.8510765234 1948180.0050814673),G0007,비상벨,서울특별시 광진구 능동로 10,37.53214,127.06722,True,True
2203,비상벨,POINT (962097.2994620763 1949057.1685911901),G0014,비상벨,서울특별시 광진구 능동로 110,37.54006,127.07096,True,True
2204,비상벨,POINT (963372.434076892 1948727.4852104913),G0045,비상벨,서울특별시 광진구 아차산로 383,37.53714,127.08541,True,True
2205,비상벨,POINT (962398.9246819443 1949918.9619048187),G0025,비상벨,서울특별시 광진구 광나루로 377-2,37.54784,127.07433,True,True
2206,비상벨,POINT (962856.8293363913 1950978.6605138623),G0038,비상벨,서울특별시 광진구 천호대로 549,37.55741,127.07946,True,True
2207,비상벨,POINT (963293.1543632778 1951977.4593651765),G0051,비상벨,서울특별시 광진구 능동로 419,37.56643,127.08435,True,True
2208,비상벨,POINT (962758.9226757234 1952189.5291450752),G0030,비상벨,서울특별시 광진구 동일로 419,37.56832,127.07829,True,True
2209,비상벨,POINT (962667.0998491048 1951998.0035163483),G0029,비상벨,서울특별시 광진구 동일로 403,37.56659,127.07726,True,True
2210,비상벨,POINT (962648.8938437279 1952073.5293497771),G0029,비상벨,서울특별시 광진구 중곡3동 485-7,37.56727,127.07705,True,True
2211,비상벨,POINT (963490.0865659697 1948761.3606743712),G0045,비상벨,서울특별시 광진구 아차산로 397,37.53745,127.08674,True,True
2212,비상벨,POINT (961963.0783360093 1949071.0956765271),G0014,비상벨,서울특별시 광진구 아차산로 236,37.54018,127.06944,True,True
2213,비상벨,POINT (962366.9684879353 1949884.7132037084),G0025,비상벨,서울특별시 광진구 광나루로 389,37.54753,127.07397,True,True
2214,비상벨,POINT (963234.274178157 1948651.5425490981),G0034,비상벨,서울특별시 광진구 아차산로 370,37.53645,127.08385,True,True
2215,비상벨,POINT (962178.4138192863 1949021.2960037508),G0014,비상벨,서울특별시 광진구 능동로 120-1,37.53974,127.07188,True,True
2216,비상벨,POINT (962051.7020073738 1948938.6639973703),G0014,비상벨,서울특별시 광진구 능동로 90,37.53899,127.07045,True,True
2217,비상벨,POINT (961680.5703844918 1948155.9759039772),G0007,비상벨,서울특별시 광진구 자양4동 72-1,37.53192,127.06629,True,True
2218,비상벨,POINT (962868.0483259959 1950919.8085687412),G0038,비상벨,서울특별시 광진구 천호대로 556,37.55688,127.07959,True,True
2219,비상벨,POINT (964160.7589973634 1948582.0360384032),G0054,비상벨,서울특별시 광진구 강변역로 53,37.53586,127.09434,True,True
2220,비상벨,POINT (962149.887189637 1949158.9996073823),G0015,비상벨,서울특별시 광진구 화양동 4-14,37.54098,127.07155,True,True
2221,비상벨,POINT (964936.6325810761 1949457.4181978393),G0074,비상벨,서울특별시 광진구 아차산로 563,37.54378,127.10308,True,True
2222,비상벨,POINT (962042.9739862356 1948962.0026382555),G0014,비상벨,서울특별시 광진구 능동로 90,37.5392,127.07035,True,True
2223,비상벨,POINT (963190.2330482153 1948681.6930541608),G0034,비상벨,서울특별시 광진구 아차산로 361,37.53672,127.08335,True,True
2224,비상벨,POINT (963183.961741234 1948861.4538338238),G0034,비상벨,서울특별시 광진구 자양로 117,37.53834,127.08327,True,True
2225,비상벨,POINT (964788.5814260446 1949750.9424387817),G0066,비상벨,서울특별시 광진구 광장동 401-33,37.54642,127.10139,True,True
2226,비상벨,POINT (963309.7031771856 1951925.2411843564),G0051,비상벨,서울특별시 광진구 중곡동 30-51,37.56596,127.08454,True,True
2227,비상벨,POINT (963085.2475517468 1948715.4427583462),G0034,비상벨,서울특별시 광진구 아차산로 355,37.53702,127.08216,True,True
2228,비상벨,POINT (963319.1553682098 1948266.1839884985),G0044,비상벨,서울특별시 광진구 자양로 59-2,37.53298,127.08483,True,True
2229,비상벨,POINT (962442.295287916 1947983.8597209991),G0021,비상벨,서울특별시 광진구 뚝섬로46길 64,37.5304,127.07492,True,True
2230,비상벨,POINT (962342.3635506568 1949718.4048343266),G0025,비상벨,서울특별시 광진구 능동로 172,37.54603,127.0737,True,True
2231,비상벨,POINT (962797.9893072795 1950856.8825883237),G0038,비상벨,서울특별시 광진구 능동로 295-2,37.55631,127.0788,True,True
2232,비상벨,POINT (962860.2044642372 1951535.59818181),G0039,비상벨,서울특별시 광진구 면목로 98,37.56243,127.07947,True,True
2233,비상벨,POINT (964756.6175008893 1949920.825746758),G0066,비상벨,서울특별시 광진구 광장로1길 27 (광장동),37.54795,127.10102,True,True
2234,비상벨,POINT (964746.5606452224 1949216.3601669227),G0065,비상벨,서울특별시 광진구 아차산로70길 62 (광장동),37.5416,127.10094,True,True
2235,비상벨,POINT (964820.0955926994 1949265.974158913),G0074,비상벨,서울특별시 광진구 아차산로70길 35 (광장동),37.54205,127.10177,True,True
2236,비상벨,POINT (964357.8550088325 1949423.2694192189),G0065,비상벨,"서울특별시 광진구 아차산로 503-23 (광장동, 청구아파트)",37.54345,127.09653,True,True
2237,비상벨,POINT (964267.6772263864 1949407.0149388837),G0056,비상벨,"서울특별시 광진구 아차산로 503-23 (광장동 ), 워커힐로 13 건너편",37.5433,127.09551,True,True
2238,비상벨,POINT (964863.8593680302 1949796.111564246),G0075,비상벨,서울특별시 광진구 아차산로73길 48 (광장동),37.54683,127.10224,True,True
2239,비상벨,POINT (964911.1693202526 1949912.4050610957),G0075,비상벨,서울특별시 광진구 광장로3길 19 (광장동),37.54788,127.10277,True,True
2240,비상벨,POINT (964424.3661636462 1949482.8952324733),G0065,비상벨,서울특별시 광진구 아차산로69길 29 (광장동),37.54399,127.09728,True,True
2241,비상벨,POINT (964505.6488861443 1949278.4064930163),G0065,비상벨,서울특별시 광진구 아차산로 511 (광장동),37.54215,127.09821,True,True
2242,비상벨,POINT (964856.3211026445 1949058.351610882),G0073,비상벨,"서울특별시 광진구 아차산로70길 61 (광장동), 아차산로70길 17-62 광남중",37.54018,127.10219,True,True
2243,비상벨,POINT (964663.0617690317 1949109.0972166427),G0065,비상벨,"서울특별시 광진구 아차산로70길 61 (광장동, 광장현대아파트)",37.54063,127.1,True,True
2244,비상벨,POINT (963536.349030302 1949237.1170108765),G0046,비상벨,서울특별시 광진구 광나루로38길 73 (구의동),37.54174,127.08724,True,True
2245,비상벨,POINT (963030.0887965584 1949423.5258467474),G0035,비상벨,서울특별시 광진구 광나루로30다길 3 (구의동),37.5434,127.0815,True,True
2246,비상벨,POINT (963043.5912897778 1949281.4543504575),G0035,비상벨,서울특별시 광진구 자양로23가길 16 (구의동),37.54212,127.08166,True,True
2247,비상벨,POINT (963111.4118633829 1949235.664865101),G0035,비상벨,서울특별시 광진구 자양로23길 21 (구의동),37.54171,127.08243,True,True
2248,비상벨,POINT (964476.8009947172 1950588.8054634924),G0067,비상벨,서울특별시 광진구 영화사로 105 (구의동),37.55396,127.09782,True,True
2249,비상벨,POINT (964361.9949372982 1950182.1242263615),G0067,비상벨,서울특별시 광진구 워커힐로 93 (구의동),37.55029,127.09654,True,True
2250,비상벨,POINT (963677.6114599307 1950227.2492464085),G0048,비상벨,서울특별시 광진구 천호대로130길 26 (구의동),37.55067,127.08879,True,True
2251,비상벨,POINT (963695.1811879335 1950003.0606047048),G0047,비상벨,서울특별시 광진구 자양로 247 (구의동),37.54865,127.089,True,True
2252,비상벨,POINT (964201.5795253143 1950673.1973778387),G0059,비상벨,서울특별시 광진구 영화사로 77-1 (구의동),37.55471,127.0947,True,True
2253,비상벨,POINT (964392.2211906473 1950639.0936504633),G0068,비상벨,서울특별시 광진구 영화사로 98-1 (구의동),37.55441,127.09686,True,True
2254,비상벨,POINT (964257.1339520736 1950446.6273176095),G0058,비상벨,"서울특별시 광진구 자양로50길 53 (구의동, 남광하이츠빌라)",37.55267,127.09534,True,True
2255,비상벨,POINT (964383.5579527069 1950472.7111978328),G0067,비상벨,"서울특별시 광진구 자양로50길 79 (구의동, 유진아트빌라)",37.55291,127.09677,True,True
2256,비상벨,POINT (964225.7515526426 1950543.2858549897),G0058,비상벨,서울특별시 광진구 자양로52길 21-19 (구의동),37.55354,127.09498,True,True
2257,비상벨,POINT (964133.9676323619 1950561.4332541795),G0058,비상벨,서울특별시 광진구 자양로52길 3-9 (구의동),37.5537,127.09394,True,True
2258,비상벨,POINT (964061.6782108817 1950389.7788489067),G0058,비상벨,서울특별시 광진구 자양로50길 13 (구의동),37.55215,127.09313,True,True
2259,비상벨,POINT (963532.8281978733 1950044.8221425083),G0047,비상벨,서울특별시 광진구 구의2동 613-38,37.54902,127.08716,True,True
2260,비상벨,POINT (963870.1797110235 1948603.2648937346),G0054,비상벨,서울특별시 광진구 구의강변로3길 19 (구의동),37.53604,127.09105,True,True
2261,비상벨,POINT (964113.6355305987 1948717.5937191977),G0055,비상벨,"서울특별시 광진구 구의강변로 84 (구의동, 세양아파트)",37.53708,127.0938,True,True
2262,비상벨,POINT (964103.4988928967 1948825.255273142),G0055,비상벨,서울특별시 광진구 구의강변로 86 세양아파트 입구,37.53805,127.09368,True,True
2263,비상벨,POINT (964078.3639184339 1948733.278611277),G0055,비상벨,서울특별시 광진구 구의3동 215-10 교통섬,37.53722,127.0934,True,True
2264,비상벨,POINT (963890.1922708747 1949345.4080630194),G0056,비상벨,서울특별시 광진구 광나루로44길 32 (구의동),37.54273,127.09124,True,True
2265,비상벨,POINT (963736.8009219291 1948812.4248293303),G0045,비상벨,서울특별시 광진구 아차산로 426 (구의동),37.53792,127.08953,True,True
2266,비상벨,POINT (963883.1561545278 1948743.000640091),G0055,비상벨,서울특별시 광진구 강변역로2길 18 (구의동),37.5373,127.09119,True,True
2267,비상벨,POINT (963935.8559349915 1948671.7661609643),G0055,비상벨,"서울특별시 광진구 구의강변로3가길 24 (구의동, 동서울빌라)",37.53666,127.09179,True,True
2268,비상벨,POINT (964036.788112424 1948721.2544047837),G0055,비상벨,서울특별시 광진구 구의강변로 69 구남초교 정문 앞,37.53711,127.09293,True,True
2269,비상벨,POINT (963909.827136548 1948374.5435495463),G0054,비상벨,서울특별시 광진구 구의강변로 35 (구의동),37.53398,127.09151,True,True
2270,비상벨,POINT (964489.9303414507 1948907.913562011),G0064,비상벨,서울특별시 광진구 광나루로56길 5 (구의동),37.53881,127.09805,True,True
2271,비상벨,POINT (964619.6685274196 1950536.0506486802),G0067,비상벨,서울특별시 광진구 영화사로 111 (구의동),37.55349,127.09944,True,True
2272,비상벨,POINT (963834.1509433687 1949053.8632142984),G0055,비상벨,서울특별시 광진구 구의로4길 15 (구의동),37.5401,127.09062,True,True
2273,비상벨,POINT (963637.6756844715 1949579.496981071),G0046,비상벨,서울특별시 광진구 광나루로 532 (구의동),37.54483,127.08837,True,True
2274,비상벨,POINT (963838.5436339584 1948845.2652011134),G0055,비상벨,서울특별시 광진구 아차산로 435 강변SK뷰 교통섬,37.53822,127.09068,True,True
2275,비상벨,POINT (964302.3667004801 1950694.9527141007),G0068,비상벨,"서울특별시 광진구 영화사로 87-1 (구의동, 동성주택)",37.55491,127.09584,True,True
2276,비상벨,POINT (963855.3348474818 1950064.4919835934),G0057,비상벨,서울특별시 광진구 천호대로134길 2 (구의동),37.54921,127.09081,True,True
2277,비상벨,POINT (962226.5765166453 1950481.1342802665),G0017,비상벨,서울특별시 광진구 능동로 209 (군자동),37.5529,127.07235,True,True
2278,비상벨,POINT (962533.6694032823 1950807.0357141148),G0027,비상벨,서울특별시 광진구 면목로 20 (군자동),37.55585,127.07581,True,True
2279,비상벨,POINT (962241.2442166796 1950404.5143234422),G0017,비상벨,서울특별시 광진구 군자로12길 45 (군자동),37.55221,127.07252,True,True
2280,비상벨,POINT (962282.9440521251 1950639.5318793654),G0018,비상벨,서울특별시 광진구 동일로52길 27 (군자동),37.55433,127.07298,True,True
2281,비상벨,POINT (962158.6108213237 1950685.5858020533),G0018,비상벨,"서울특별시 광진구 동일로52길 10 (군자동, 파인하우스)",37.55474,127.07157,True,True
2282,비상벨,POINT (962325.8968844806 1950567.221485398),G0026,비상벨,서울특별시 광진구 군자로 127 세종대 기숙사 코너,37.55368,127.07347,True,True
2283,비상벨,POINT (961972.423863403 1950340.2825218374),G0017,비상벨,서울특별시 광진구 동일로 222 (군자동),37.55162,127.06948,True,True
2284,비상벨,POINT (962099.5349630046 1950127.7931397213),G0017,비상벨,서울특별시 광진구 군자로 70 화양슈퍼 코너,37.54971,127.07093,True,True
2285,비상벨,POINT (962161.1615406562 1950276.1806787602),G0017,비상벨,서울특별시 광진구 군자로 74 (군자동),37.55105,127.07162,True,True
2286,비상벨,POINT (962327.8401134514 1950995.467206244),G0027,비상벨,서울특별시 광진구 천호대로102길 36 (군자동),37.55754,127.07347,True,True
2287,비상벨,POINT (963570.1275442346 1950090.1464767666),G0047,비상벨,서울특별시 광진구 천호대로 664 (능동),37.54943,127.08758,True,True
2288,비상벨,POINT (963115.1039876002 1950663.5299604372),G0038,비상벨,서울특별시 광진구 천호대로114길 25 (능동),37.55458,127.0824,True,True
2289,비상벨,POINT (963176.5927592299 1949192.1065741586),G0035,비상벨,서울특별시 광진구 자양로23길 7 (자양동),37.54132,127.08317,True,True
2290,비상벨,POINT (962957.1789831166 1948723.7790375655),G0034,비상벨,서울특별시 광진구 아차산로 344 (자양동),37.53709,127.08071,True,True
2291,비상벨,POINT (962800.4869510292 1948653.473509123),G0034,비상벨,서울특별시 광진구 아차산로44길 36 (자양동),37.53645,127.07894,True,True
2292,비상벨,POINT (963308.6854287852 1948296.1856855263),G0044,비상벨,서울특별시 광진구 자양로 61,37.53325,127.08471,True,True
2293,비상벨,POINT (962501.7059415234 1948226.5637872536),G0022,비상벨,서울특별시 광진구 자양번영로 32,37.53259,127.07558,True,True
2294,비상벨,POINT (962610.2144951752 1948189.4625391965),G0022,비상벨,서울특별시 광진구 자양번영로6길 20 (자양동),37.53226,127.07681,True,True
2295,비상벨,POINT (963684.6553649993 1948201.3392311821),G0044,비상벨,"서울특별시 광진구 자양로6길 40 (자양동, 대양샤인빌)",37.53241,127.08897,True,True
2296,비상벨,POINT (963651.203034425 1948027.3001149995),G0043,비상벨,"서울특별시 광진구 뚝섬로62길 47 (자양동, 효성맨션)",37.53084,127.0886,True,True
2297,비상벨,POINT (962428.7410988398 1947917.3532285937),G0021,비상벨,"서울특별시 광진구 자양강변길 297 (자양동, 신호빌라트)",37.5298,127.07477,True,True
2298,비상벨,POINT (962653.3188009266 1947950.7342420262),G0021,비상벨,서울특별시 광진구 자양번영로4길 42-22 (자양동),37.53011,127.07731,True,True
2299,비상벨,POINT (963118.7219896858 1948096.214074363),G0032,비상벨,서울특별시 광진구 뚝섬로 656 성자초교앞 사거리,37.53144,127.08257,True,True
2300,비상벨,POINT (963283.0106796451 1948084.3919038996),G0032,비상벨,서울특별시 광진구 뚝섬로58길 13 노인보호센터 앞,37.53134,127.08443,True,True
2301,비상벨,POINT (963239.6093797092 1948060.1756348559),G0032,비상벨,서울특별시 광진구 자양로5길 33 (자양동,37.53112,127.08394,True,True
2302,비상벨,POINT (963231.4071634858 1948003.6293836038),G0032,비상벨,서울특별시 광진구 자양로5길 33 (자양동,37.53061,127.08385,True,True
2303,비상벨,POINT (963456.4962348965 1948154.632677172),G0044,비상벨,서울특별시 광진구 자양로6길 8 (자양동),37.53198,127.08639,True,True
2304,비상벨,POINT (963634.0128536476 1948137.2119677654),G0044,비상벨,"서울특별시 광진구 뚝섬로62길 33-8 (자양동, 목화맨션)",37.53183,127.0884,True,True
2305,비상벨,POINT (963794.748992434 1948324.0089823),G0054,비상벨,서울특별시 광진구 자양로4길 63,37.53352,127.09021,True,True
2306,비상벨,POINT (962276.0076578562 1948334.0938925997),G0013,비상벨,서울특별시 광진구 뚝섬로40길 12 (자양동),37.53355,127.07302,True,True
2307,비상벨,POINT (961859.4892877262 1948444.7229052857),G0013,비상벨,서울특별시 광진구 능동로 42 (자양동),37.53453,127.0683,True,True
2308,비상벨,POINT (962439.4572807692 1948333.3534125374),G0022,비상벨,서울특별시 광진구 뚝섬로 585 (자양동),37.53355,127.07487,True,True
2309,비상벨,POINT (962132.0017096938 1948530.0146199956),G0013,비상벨,서울특별시 광진구 뚝섬로35길 16-20 (자양동),37.53531,127.07138,True,True
2310,비상벨,POINT (962167.8206950322 1948441.094317158),G0013,비상벨,서울특별시 광진구 뚝섬로 561 (자양동),37.53451,127.07179,True,True
2311,비상벨,POINT (962137.6984752306 1948035.1678184522),G0012,비상벨,서울특별시 광진구 능동로4길 88 (자양동),37.53085,127.07147,True,True
2312,비상벨,POINT (962017.777806411 1948475.0627961801),G0013,비상벨,서울특별시 광진구 능동로 42 신양초교 후문입구,37.53481,127.07009,True,True
2313,비상벨,POINT (961442.3299824471 1948605.3018706979),G0007,비상벨,서울특별시 광진구 동일로4길 51 (자양동),37.53596,127.06357,True,True
2314,비상벨,POINT (961324.0929845311 1948638.0259435333),G0008,비상벨,서울특별시 광진구 동일로4가길 2 (자양동),37.53625,127.06223,True,True
2315,비상벨,POINT (961411.7687735499 1948683.1063491346),G0008,비상벨,서울특별시 광진구 뚝섬로 476 (자양동),37.53666,127.06322,True,True
2316,비상벨,POINT (961647.9075723836 1948736.3767109981),G0008,비상벨,서울특별시 광진구 뚝섬로23길 44 (자양동),37.53715,127.06589,True,True
2317,비상벨,POINT (961723.7121383093 1948698.3052995678),G0008,비상벨,서울특별시 광진구 능동로5길 17 (자양동),37.53681,127.06675,True,True
2318,비상벨,POINT (963703.0461612381 1947961.6153182515),G0043,비상벨,서울특별시 광진구 뚝섬로64길 71 (자양동),37.53025,127.08919,True,True
2319,비상벨,POINT (962530.1348990613 1947869.1885429327),G0021,비상벨,서울특별시 광진구 뚝섬로46길 74 (자양동),37.52937,127.07592,True,True
2320,비상벨,POINT (962823.9687014485 1948767.6431309048),G0034,비상벨,서울특별시 광진구 아차산로 326 (자양동),37.53748,127.0792,True,True
2321,비상벨,POINT (963389.3137654542 1948147.1621754465),G0044,비상벨,서울특별시 광진구 자양로 43 (자양동),37.53191,127.08563,True,True
2322,비상벨,POINT (963081.3425095533 1951612.2743931548),G0040,비상벨,서울특별시 광진구 긴고랑로13길 10 (중곡동),37.56313,127.08197,True,True
2323,비상벨,POINT (963089.0294828634 1951553.438408951),G0039,비상벨,서울특별시 광진구 긴고랑로 51 (중곡동),37.5626,127.08206,True,True
2324,비상벨,POINT (963149.1130500638 1951758.4229951303),G0040,비상벨,서울특별시 광진구 능동로49길 9 (중곡동),37.56445,127.08273,True,True
2325,비상벨,POINT (962868.8630997608 1951891.6988091427),G0040,비상벨,서울특별시 광진구 동일로72길 34 (중곡동),37.56564,127.07955,True,True
2326,비상벨,POINT (963242.2280013842 1951246.5455798479),G0039,비상벨,서울특별시 광진구 긴고랑로22길 29,37.55984,127.08381,True,True
2327,비상벨,POINT (963273.7385466668 1951182.0570267693),G0039,비상벨,서울특별시 광진구 천호대로113길 50-4 (중곡동),37.55926,127.08417,True,True
2328,비상벨,POINT (963507.1924812184 1951648.1130338726),G0051,비상벨,서울특별시 광진구 용마산로 111 (중곡동),37.56347,127.08679,True,True
2329,비상벨,POINT (963482.2437677622 1950995.8562941612),G0049,비상벨,서울특별시 광진구 용마산로5길 27 (중곡동),37.55759,127.08654,True,True
2330,비상벨,POINT (963590.9975149416 1951022.0058068107),G0049,비상벨,서울특별시 광진구 용마산로 47 (중곡동),37.55783,127.08777,True,True
2331,비상벨,POINT (963333.0579642432 1950814.56139764),G0049,비상벨,서울특별시 광진구 용마산로1길 65 (중곡동),37.55595,127.08486,True,True
2332,비상벨,POINT (963352.7342592763 1950869.94782908),G0049,비상벨,서울특별시 광진구 용마산로3길 57 (중곡동),37.55645,127.08508,True,True
2333,비상벨,POINT (963243.4196527218 1951116.732673076),G0039,비상벨,서울특별시 광진구 용마산로3길 57 (중곡동),37.55867,127.08383,True,True
2334,비상벨,POINT (963197.9330531557 1951017.0821883343),G0038,비상벨,서울특별시 광진구 용마산로3길 57 (중곡동),37.55777,127.08332,True,True
2335,비상벨,POINT (963153.0510597202 1951053.8936798724),G0038,비상벨,서울특별시 광진구 천호대로111길 41 (중곡동),37.5581,127.08281,True,True
2336,비상벨,POINT (962963.0658662127 1952419.3851413927),G0041,비상벨,서울특별시 광진구 동일로80길 13 (중곡동),37.5704,127.08059,True,True
2337,비상벨,POINT (963249.0719014598 1951994.2964825912),G0040,비상벨,"서울특별시 광진구 능동로53길 13 (중곡동, 정인주택)",37.56658,127.08385,True,True
2338,비상벨,POINT (963014.1853935655 1952396.9677444254),G0041,비상벨,서울특별시 광진구 동일로80길 24 (중곡동),37.5702,127.08117,True,True
2339,비상벨,POINT (962834.6196594669 1951936.2308374296),G0040,비상벨,서울특별시 광진구 동일로72길 23-5 (중곡동),37.56604,127.07916,True,True
2340,비상벨,POINT (962765.7456391237 1951938.7584910286),G0029,비상벨,"서울특별시 광진구 동일로72길 17 (중곡동, 중곡아파트)",37.56606,127.07838,True,True
2341,비상벨,POINT (962952.958792445 1951935.7017379308),G0040,비상벨,"서울특별시 광진구 긴고랑로7길 60 (중곡동, 주원그린빌)",37.56604,127.0805,True,True
2342,비상벨,POINT (962687.2919286992 1951971.285447457),G0029,비상벨,서울특별시 광진구 동일로 399 (중곡동),37.56635,127.07749,True,True
2343,비상벨,POINT (963033.1600528203 1952493.4070311834),G0041,비상벨,서울특별시 광진구 답십리로78길 11 (중곡동),37.57107,127.08138,True,True
2344,비상벨,POINT (962932.7628385889 1952554.875748073),G0041,비상벨,서울특별시 광진구 동일로 462 (중곡동),37.57162,127.08024,True,True
2345,비상벨,POINT (962910.165587201 1952438.4824079548),G0041,비상벨,서울특별시 광진구 동일로 452-1 (중곡동),37.57057,127.07999,True,True
2347,비상벨,POINT (963798.2816616531 1951160.8920042699),G0060,비상벨,서울특별시 광진구 긴고랑로 136 (중곡동),37.55909,127.09011,True,True
2348,비상벨,POINT (963657.6295737573 1951514.3169328787),G0050,비상벨,서울특별시 광진구 용마산로8가길 80 (중곡동),37.56227,127.0885,True,True
2349,비상벨,POINT (963762.4172757496 1952049.731414052),G0051,비상벨,서울특별시 광진구 용마산로28길 62 (중곡동),37.5671,127.08966,True,True
2350,비상벨,POINT (963653.8463892099 1951860.487245127),G0051,비상벨,서울특별시 광진구 용마산로22길 76 (중곡동),37.56539,127.08844,True,True
2351,비상벨,POINT (963526.5968951337 1951843.29400974),G0051,비상벨,서울특별시 광진구 용마산로 128 (중곡동) 원방빌딩,37.56523,127.087,True,True
2352,비상벨,POINT (963656.567628316 1951675.1942940634),G0051,비상벨,서울특별시 광진구 용마산로22길 24 (중곡동),37.56372,127.08848,True,True
2353,비상벨,POINT (963512.4223471433 1952234.998504282),G0052,비상벨,서울특별시 광진구 용마산로30길 17 (중곡동),37.56876,127.08682,True,True
2354,비상벨,POINT (963935.8502852978 1951111.4767192802),G0060,비상벨,서울특별시 광진구 긴고랑로 152 (중곡동),37.55865,127.09167,True,True
2355,비상벨,POINT (963676.4809786258 1950978.3621679028),G0049,비상벨,서울특별시 광진구 용마산로6길 13 (중곡동),37.55744,127.08874,True,True
2356,비상벨,POINT (963067.1108598703 1952383.4183823469),G0041,비상벨,서울특별시 광진구 동일로80길 34 (중곡동),37.57008,127.08177,True,True
2357,비상벨,POINT (963668.9576442756 1952084.5335365618),G0051,비상벨,서울특별시 광진구 용마산로28길 43 (중곡동),37.56741,127.0886,True,True
2358,비상벨,POINT (961652.3148842125 1949499.668966249),G0009,비상벨,서울특별시 광진구 아차산로21길 47 (화양동),37.54403,127.0659,True,True
2359,비상벨,POINT (962124.5398799477 1949606.2298042942),G0015,비상벨,서울특별시 광진구 군자로 18 (화양동),37.54501,127.07124,True,True
2360,비상벨,POINT (963016.6946149516 1949391.4110112847),G0035,비상벨,서울특별시 광진구 광나루로30길 49 (화양동),37.54311,127.08135,True,True
2361,비상벨,POINT (962101.3569758564 1949365.581462073),G0015,비상벨,서울특별시 광진구 능동로13길 15 (화양동),37.54284,127.07099,True,True
2362,비상벨,POINT (962072.755055685 1949679.6908874374),G0016,비상벨,서울특별시 광진구 군자로 27 (화양동),37.54567,127.07065,True,True
2363,비상벨,POINT (962814.6454642907 1949645.2710715341),G0036,비상벨,서울특별시 광진구 광나루로 448 (화양동),37.54539,127.07905,True,True
2364,비상벨,POINT (962210.4091263616 1949451.6229186119),G0015,비상벨,서울특별시 광진구 능동로 145 (화양동),37.54362,127.07222,True,True
2365,비상벨,POINT (961628.2225113419 1949447.6353031786),G0009,비상벨,서울특별시 광진구 아차산로21길 15 (화양동),37.54356,127.06563,True,True
2366,비상벨,POINT (961582.6152502506 1949328.0237356578),G0009,비상벨,서울특별시 광진구 아차산로 191 (화양동),37.54248,127.06512,True,True
2367,비상벨,POINT (963936.3471849419 1949802.3063349884),G0057,비상벨,서울특별시 광진구 자양로40길 53 (구의동),37.54685,127.09174,True,True
2368,비상벨,POINT (963253.2010057687 1948136.668373362),G0033,비상벨,서울특별시 광진구 뚝섬로 52길,37.53181,127.08409,True,True
2369,비상벨,POINT (963713.6338721517 1948565.115975709),G0044,비상벨,서울특별시 광진구 아차산로58길 47 (구의동),37.53569,127.08928,True,True
2370,비상벨,POINT (963874.6991434023 1948423.512497604),G0054,비상벨,서울특별시 광진구 뚝섬로 741 (구의동),37.53442,127.09111,True,True
2371,비상벨,POINT (962867.551873917 1948635.422085035),G0034,비상벨,서울특별시 광진구 아차산로 44가길 5,37.53629,127.0797,True,True
2372,비상벨,POINT (963520.3166466807 1949810.7801169823),G0047,비상벨,서울특별시 광진구 자양로 219,37.54691,127.08703,True,True
2373,비상벨,POINT (963232.5777848609 1949465.896134787),G0035,비상벨,서울특별시 광진구 자양로23길 79,37.54379,127.08379,True,True
2374,비상벨,POINT (963818.8491688641 1947974.423836863),G0053,비상벨,서울특별시 광진구 자양로23길 79,37.53037,127.0905,True,True
2375,비상벨,POINT (963701.1390343328 1950759.6895796063),G0049,비상벨,서울특별시 광진구 자양로43길 115,37.55547,127.08903,True,True
2376,비상벨,POINT (963746.1753513014 1950150.3965730746),G0048,비상벨,서울특별시 광진구 자양로41길 20,37.54998,127.08957,True,True
2377,비상벨,POINT (961976.4333214014 1950058.4594672448),G0016,비상벨,서울특별시 광진구 광나루로15길 23,37.54908,127.06954,True,True
2378,비상벨,POINT (962476.3191946183 1950625.3420735514),G0027,비상벨,서울특별시 광진구 군자로 142,37.55421,127.07517,True,True
2379,비상벨,POINT (964137.5731735576 1948941.6015792985),G0055,비상벨,서울특별시 광진구 구의강변로 96,37.5391,127.09406,True,True
2380,비상벨,POINT (962556.2230653268 1947972.2509644188),G0021,비상벨,서울특별시 광진구 뚝섬로46길 64 (자양동),37.5303,127.07621,True,True
2381,비상벨,POINT (964685.9856809013 1949513.953174624),G0065,비상벨,서울특별시 광진구 천호대로140길 40 (광장동),37.54428,127.10024,True,True
2382,비상벨,POINT (962479.0231784701 1948486.2806021858),G0022,비상벨,서울특별시 광진구 뚝섬로 41길 33,37.53493,127.07531,True,True
2383,비상벨,POINT (963189.356556956 1951871.4101557413),G0040,비상벨,서울특별시 광진구 긴고랑로13길 69 (중곡동),37.56547,127.08318,True,True
2384,비상벨,POINT (963060.3399103847 1951854.231896977),G0040,비상벨,서울특별시 광진구 긴고랑로9길 40 (중곡동),37.56531,127.08172,True,True
2385,비상벨,POINT (963831.1749052564 1949790.559602436),G0057,비상벨,서울특별시 광진구 자양로38길 55 (구의동),37.54674,127.09055,True,True
2386,비상벨,POINT (964954.7939917461 1949155.5681377396),G0074,비상벨,서울특별시 광진구 아차산로70길 17-21,37.54106,127.1033,True,True
2387,비상벨,POINT (963669.5262538336 1949186.6076310847),G0046,비상벨,서울특별시 광진구 광나루로40길 80-4 (구의동),37.54129,127.08875,True,True
2388,비상벨,POINT (963134.4180440094 1949443.0324881803),G0035,비상벨,서울특별시 광진구 광나루로30나길 17 (구의동),37.54358,127.08268,True,True
2389,비상벨,POINT (964096.7262570236 1949302.3531886872),G0056,비상벨,서울특별시 광진구 구의로16길 68 (구의동),37.54235,127.09358,True,True
2390,비상벨,POINT (963090.1556123008 1950614.8243173626),G0038,비상벨,서울특별시 광진구 능동로32길 67 (능동),37.55414,127.08212,True,True
2391,비상벨,POINT (963138.339352722 1948335.7708274918),G0033,비상벨,서울특별시 광진구 자양로9길 32 (자양동),37.5336,127.08278,True,True
2392,비상벨,POINT (962831.6471749453 1948114.1351208696),G0033,비상벨,서울특별시 광진구 자양번영로6길 67 (자양동),37.53159,127.07932,True,True
2393,비상벨,POINT (962017.3275030779 1948183.2758119586),G0013,비상벨,서울특별시 광진구 능동로4길 51 (자양동),37.53218,127.0701,True,True
2394,비상벨,POINT (962646.5121472625 1951544.3233802167),G0028,비상벨,서울특별시 광진구 긴고랑로4길 30 (중곡동) 도로명 주소 X,37.5625,127.07705,True,True
2395,비상벨,POINT (962666.7901286837 1951143.7141556558),G0028,비상벨,서울특별시 광진구 면목로 53 (중곡동),37.55889,127.0773,True,True
2396,비상벨,POINT (962996.4241388815 1950988.022328525),G0038,비상벨,서울특별시 광진구 천호대로109길 13 (중곡동),37.5575,127.08104,True,True
2397,비상벨,POINT (963089.1726517389 1951982.8019540743),G0040,비상벨,서울특별시 광진구 능동로51길 37-1 (중곡동),37.56647,127.08204,True,True
2398,비상벨,POINT (962195.2053349961 1949798.9549507918),G0016,비상벨,서울특별시 광진구 광나루로 18길 21 (화양동),37.54675,127.07203,True,True
2399,비상벨,POINT (963592.6900626502 1948788.6469573549),G0045,비상벨,서울특별시 광진구 아차산로 384-1,37.5377,127.0879,True,True
2400,비상벨,POINT (963636.2505082426 1950061.010589085),G0047,비상벨,서울특별시 광진구 자양로39길 19 (구의동),37.54917,127.08833,True,True
2401,비상벨,POINT (964242.7557045758 1948953.3522517777),G0055,비상벨,서울특별시 광진구 광나루로56길 34 (구의동),37.53921,127.09525,True,True
2402,비상벨,POINT (963432.0623542108 1950431.3590774683),G0048,비상벨,서울특별시 광진구 능동로 32길 145,37.5525,127.086,True,True
2403,비상벨,POINT (962756.5700723426 1947922.5342981392),G0021,비상벨,서울특별시 광진구 뚝섬로52길 74 (자양동),37.52986,127.07848,True,True
2404,비상벨,POINT (963125.5195046556 1948035.1635080813),G0032,비상벨,서울특별시 광진구 뚝섬로56길 7 (자양동),37.53089,127.08265,True,True
2405,비상벨,POINT (961888.9959303514 1948521.1405602393),G0013,비상벨,서울특별시 광진구 능동로 42 (자양동),37.53522,127.06863,True,True
2406,비상벨,POINT (963130.674888505 1950987.4250176395),G0038,비상벨,서울특별시 광진구 용마산로3길 104 (중곡동),37.5575,127.08256,True,True
2407,비상벨,POINT (963354.410862912 1951049.6739802929),G0049,비상벨,서울특별시 광진구 천호대로113길 10,37.55807,127.08509,True,True
2408,비상벨,POINT (962919.9856536867 1951869.2808725096),G0040,비상벨,서울특별시 광진구 동일로72길 43 (중곡동),37.56544,127.08013,True,True
2409,비상벨,POINT (963609.660437372 1951854.0240638326),G0051,비상벨,"서울특별시 광진구 용마산로22길 19-34 (중곡동, 삼보드림빌)",37.56533,127.08794,True,True
2410,비상벨,POINT (962325.0001368822 1948616.7848690099),G0023,비상벨,서울특별시 광진구 뚝섬로 561,37.5361,127.07356,True,True
2411,비상벨,POINT (964050.0648524706 1949951.5908677853),G0057,비상벨,"서울특별시 광진구 자양로42길 53 (구의동, 광진로얄빌라)",37.5482,127.09302,True,True
2412,비상벨,POINT (961917.7036767622 1948423.3760554297),G0013,비상벨,서울특별시 광진구 능동로6길 16 학교 정문 앞,37.53434,127.06896,True,True
2413,비상벨,POINT (962450.3324499703 1948002.684266799),G0021,비상벨,서울특별시 광진구 자양번영로 12 (자양동),37.53057,127.07501,True,True
2414,비상벨,POINT (962085.8394043263 1950030.2225700787),G0016,비상벨,서울특별시 광진구 군자로 70 두산위브 앞,37.54883,127.07078,True,True
2415,비상벨,POINT (965368.5505264917 1949864.997215666),G0083,비상벨,서울특별시 광진구 아차산로76길 19 (광장동),37.54747,127.10795,True,True
2416,비상벨,POINT (964514.7673580595 1949344.9352386303),G0065,비상벨,서울특별시 광진구 아차산로69길,37.54275,127.09831,True,True
2417,비상벨,POINT (961664.8669519287 1949156.7859285346),G0009,비상벨,서울특별시 광진구 아차산로 200 (자양동),37.54094,127.06606,True,True
2418,비상벨,POINT (963619.8866030241 1948341.4146842146),G0044,비상벨,서울특별시 광진구 뚝섬로 716 (자양동),37.53367,127.08823,True,True
2419,비상벨,POINT (963793.3288742931 1948200.864990434),G0054,비상벨,서울특별시 광진구 구의강변로 11,37.53241,127.0902,True,True
2420,비상벨,POINT (963852.7472590022 1949875.8943837804),G0057,비상벨,서울특별시 광진구 자양로40길 41 (구의동),37.54751,127.09079,True,True
2421,비상벨,POINT (963710.7042300946 1948905.7336103814),G0045,비상벨,서울특별시 광진구 구의로 7,37.53876,127.08923,True,True
2422,가로등,POINT (962012.9543507786 1948996.8772104848),G0014,가로등,,37.5395131,127.0700084,True,True
2423,가로등,POINT (961684.9201342697 1949146.996675609),G0009,가로등,,37.5408526,127.0662875,True,True
2424,가로등,POINT (962869.0342680778 1952563.5038974986),G0041,가로등,,37.5716952,127.0795179,True,True
2425,가로등,POINT (962836.0331039488 1952399.7385742257),G0041,가로등,,37.5702178,127.0791525,True,True
2426,가로등,POINT (962830.0346773787 1952381.5035710316),G0041,가로등,,37.5700532,127.0790855,True,True
2427,가로등,POINT (962832.7846532762 1952350.7478506865),G0041,가로등,,37.5697761,127.0791182,True,True
2428,가로등,POINT (962821.7803699326 1952354.5027745992),G0041,가로등,,37.5698095,127.0789934,True,True
2429,가로등,POINT (962816.5346410809 1952336.7414812995),G0041,가로등,,37.5696492,127.0789349,True,True
2430,가로등,POINT (962811.0352508212 1952321.4998242257),G0041,가로등,,37.5695116,127.0788734,True,True
2431,가로등,POINT (962804.5301641785 1952306.4956673218),G0041,가로등,,37.5693761,127.0788005,True,True
2432,가로등,POINT (962800.0420529388 1952294.2450526482),G0041,가로등,,37.5692655,127.0787503,True,True
2433,가로등,POINT (962794.7898709956 1952279.0022984394),G0041,가로등,,37.5691279,127.0786916,True,True
2434,가로등,POINT (962783.7913426528 1952254.5212464645),G0030,가로등,,37.5689068,127.0785683,True,True
2435,가로등,POINT (962772.5441893406 1952229.7528624947),G0030,가로등,,37.5686831,127.0784422,True,True
2436,가로등,POINT (962866.5329563547 1952545.25321708),G0041,가로등,,37.5715306,127.0794905,True,True
2437,가로등,POINT (962764.0396465347 1952212.0062234257),G0030,가로등,,37.5685228,127.0783468,True,True
2438,가로등,POINT (962757.7904909973 1952197.0009552566),G0030,가로등,,37.5683873,127.0782768,True,True
2439,가로등,POINT (962751.0323677858 1952180.7553706563),G0030,가로등,,37.5682406,127.0782011,True,True
2440,가로등,POINT (962744.5350697828 1952169.5012330182),G0030,가로등,,37.5681389,127.0781281,True,True
2441,가로등,POINT (962753.2828565142 1952160.7526309113),G0030,가로등,,37.5680604,127.0782276,True,True
2442,가로등,POINT (962740.0349009479 1952160.501450878),G0030,가로등,,37.5680576,127.0780776,True,True
2443,가로등,POINT (962729.2914837223 1952157.498653791),G0030,가로등,,37.5680301,127.0779561,True,True
2444,가로등,POINT (962729.2866174381 1952136.751597986),G0030,가로등,,37.5678431,127.0779571,True,True
2445,가로등,POINT (962720.8219680659 1952116.131298677),G0030,가로등,,37.5676569,127.0778623,True,True
2446,가로등,POINT (962713.0300129374 1952101.754298034),G0029,가로등,,37.567527,127.0777748,True,True
2447,가로등,POINT (962705.0375640545 1952086.0024637496),G0029,가로등,,37.5673847,127.0776851,True,True
2448,가로등,POINT (962697.8260197924 1952069.1265630845),G0029,가로등,,37.5672323,127.0776043,True,True
2449,가로등,POINT (962863.2852340653 1952523.9992151582),G0041,가로등,,37.5713389,127.0794548,True,True
2450,가로등,POINT (962688.7837585603 1952047.743359292),G0029,가로등,,37.5670392,127.077503,True,True
2451,가로등,POINT (962686.5335507183 1952055.996833224),G0029,가로등,,37.5671135,127.0774771,True,True
2452,가로등,POINT (962680.0368718959 1952027.2464126204),G0029,가로등,,37.5668541,127.077405,True,True
2453,가로등,POINT (962673.7830898896 1952013.2397515897),G0029,가로등,,37.5667276,127.0773349,True,True
2454,가로등,POINT (962665.0319444698 1951995.7384070246),G0029,가로등,,37.5665695,127.0772367,True,True
2455,가로등,POINT (962664.8301472788 1951978.365026796),G0029,가로등,,37.5664129,127.0772353,True,True
2456,가로등,POINT (962658.5339756787 1951978.5043006523),G0029,가로등,,37.5664139,127.077164,True,True
2457,가로등,POINT (962653.2792013969 1951964.748338249),G0029,가로등,,37.5662897,127.0771052,True,True
2458,가로등,POINT (962640.2803295259 1951937.5028071196),G0029,가로등,,37.5660436,127.0769594,True,True
2459,가로등,POINT (962633.2808694745 1951918.7510056503),G0029,가로등,,37.5658743,127.0768811,True,True
2460,가로등,POINT (962625.2802038345 1951901.2463243927),G0029,가로등,,37.5657162,127.0767914,True,True
2461,가로등,POINT (962615.5752285129 1951879.8661858444),G0029,가로등,,37.5655231,127.0766826,True,True
2462,가로등,POINT (962859.78265644 1952504.9985794013),G0041,가로등,,37.5711675,127.0794161,True,True
2463,가로등,POINT (962606.7904139411 1951864.7504133368),G0029,가로등,,37.5653865,127.0765839,True,True
2464,가로등,POINT (962598.0410567425 1951845.7513484682),G0029,가로등,,37.5652149,127.0764858,True,True
2465,가로등,POINT (962592.7849318504 1951829.7764928802),G0029,가로등,,37.5650707,127.0764271,True,True
2466,가로등,POINT (962584.8277758319 1951814.1244681631),G0029,가로등,,37.5649293,127.0763378,True,True
2467,가로등,POINT (962583.2794486578 1951801.7497737005),G0029,가로등,,37.5648177,127.0763209,True,True
2468,가로등,POINT (962574.7817472111 1951795.4973984002),G0029,가로등,,37.564761,127.076225,True,True
2469,가로등,POINT (962578.2811361117 1951782.2456539439),G0029,가로등,,37.5646417,127.0762653,True,True
2470,가로등,POINT (962558.7884086316 1951779.992586635),G0029,가로등,,37.5646206,127.0760447,True,True
2471,가로등,POINT (962553.577004835 1951766.1255454777),G0029,가로등,,37.5644954,127.0759864,True,True
2472,가로등,POINT (962547.5395208447 1951749.255574296),G0029,가로등,,37.5643431,127.0759189,True,True
2473,가로등,POINT (962856.2813143592 1952488.250163584),G0041,가로등,,37.5710164,127.0793773,True,True
2474,가로등,POINT (962853.7902551673 1952476.2457573004),G0041,가로등,,37.5709081,127.0793497,True,True
2475,가로등,POINT (962859.7870640073 1952468.4970044775),G0041,가로등,,37.5708385,127.079418,True,True
2476,가로등,POINT (962850.7901156447 1952460.992884708),G0041,가로등,,37.5707705,127.0793165,True,True
2477,가로등,POINT (962846.040337176 1952445.4926692834),G0041,가로등,,37.5706306,127.0792635,True,True
2478,가로등,POINT (962841.5318526535 1952422.7465391299),G0041,가로등,,37.5704254,127.0792136,True,True
2479,가로등,POINT (964078.2037786371 1948653.3315172822),G0055,가로등,,37.5364994,127.0934021,True,True
2480,가로등,POINT (964048.2044023497 1948490.9252128017),G0054,가로등,,37.5350344,127.0930705,True,True
2481,가로등,POINT (964037.0483237398 1948479.2908685799),G0054,가로등,,37.5349291,127.0929448,True,True
2482,가로등,POINT (964020.3150817485 1948461.0350169719),G0054,가로등,,37.5347639,127.0927563,True,True
2483,가로등,POINT (964006.6936204474 1948447.292318937),G0054,가로등,,37.5346395,127.0926028,True,True
2484,가로등,POINT (963987.9143333497 1948446.2309477502),G0054,가로등,,37.5346292,127.0923903,True,True
2485,가로등,POINT (963969.6889854926 1948448.6287354783),G0054,가로등,,37.5346501,127.0921839,True,True
2486,가로등,POINT (963948.4581894754 1948452.714889908),G0054,가로등,,37.5346861,127.0919434,True,True
2487,가로등,POINT (964134.2040859631 1948541.8217207014),G0054,가로등,,37.5354965,127.0940414,True,True
2488,가로등,POINT (964125.4258224823 1948522.2332540276),G0054,가로등,,37.5353196,127.093943,True,True
2489,가로등,POINT (964089.7042661377 1948622.0726551826),G0055,가로등,,37.5362181,127.0935338,True,True
2490,가로등,POINT (964135.780540119 1948520.191520588),G0054,가로등,,37.5353016,127.0940603,True,True
2491,가로등,POINT (964146.487885673 1948499.5426182654),G0054,가로등,,37.5351159,127.0941825,True,True
2492,가로등,POINT (964153.9981203079 1948487.3505212672),G0054,가로등,,37.5350063,127.0942681,True,True
2493,가로등,POINT (964162.7382357349 1948473.52221914),G0054,가로등,,37.534882,127.0943677,True,True
2494,가로등,POINT (964175.6377400275 1948453.085794433),G0054,가로등,,37.5346983,127.0945147,True,True
2495,가로등,POINT (964188.6166798454 1948432.6157649301),G0054,가로등,,37.5345143,127.0946626,True,True
2496,가로등,POINT (964199.384644091 1948413.6752445928),G0054,가로등,,37.534344,127.0947854,True,True
2497,가로등,POINT (964098.9580696838 1948596.3264468194),G0054,가로등,,37.5359864,127.0936398,True,True
2498,가로등,POINT (964108.9545852031 1948576.8344026874),G0054,가로등,,37.5358111,127.0937539,True,True
2499,가로등,POINT (964111.9767342524 1948558.5596180463),G0054,가로등,,37.5356465,127.093789,True,True
2500,가로등,POINT (964104.8222354668 1948550.8132028554),G0054,가로등,,37.5355764,127.0937084,True,True
2501,가로등,POINT (964090.8260153104 1948536.1511347352),G0054,가로등,,37.5354437,127.0935507,True,True
2502,가로등,POINT (964076.5397771428 1948521.8564660642),G0054,가로등,,37.5353143,127.0933897,True,True
2503,가로등,POINT (964059.7696396952 1948503.201289352),G0054,가로등,,37.5351455,127.0932008,True,True
2504,가로등,POINT (964126.7523836419 1948618.7062623282),G0055,가로등,,37.5361892,127.0939533,True,True
2505,가로등,POINT (964198.9540229406 1948469.571732909),G0054,가로등,,37.5348478,127.0947778,True,True
2506,가로등,POINT (964209.7042851757 1948448.578798474),G0054,가로등,,37.534659,127.0949005,True,True
2507,가로등,POINT (964218.457139921 1948433.574474096),G0054,가로등,,37.5345241,127.0950003,True,True
2508,가로등,POINT (964230.4642684802 1948413.0865080953),G0054,가로등,,37.5343399,127.0951372,True,True
2509,가로등,POINT (964248.9585012797 1948432.078538489),G0054,가로등,,37.5345118,127.0953456,True,True
2510,가로등,POINT (964232.7102853294 1948464.8331807537),G0054,가로등,,37.5348064,127.0951601,True,True
2511,가로등,POINT (964218.9566895717 1948490.0771592248),G0054,가로등,,37.5350334,127.0950032,True,True
2512,가로등,POINT (964210.956595805 1948509.582653527),G0054,가로등,,37.5352089,127.0949117,True,True
2513,가로등,POINT (964199.2084811555 1948526.5747349935),G0054,가로등,,37.5353616,127.0947779,True,True
2514,가로등,POINT (964186.4586569287 1948555.076262049),G0054,가로등,,37.535618,127.0946322,True,True
2515,가로등,POINT (964137.4533736744 1948594.5736630482),G0054,가로등,,37.5359721,127.0940756,True,True
2516,가로등,POINT (964178.4567284862 1948572.0744172228),G0054,가로등,,37.5357709,127.0945408,True,True
2517,가로등,POINT (964161.2020754868 1948602.8254275797),G0054,가로등,,37.5360474,127.094344,True,True
2518,가로등,POINT (964146.4538554267 1948628.828260725),G0055,가로등,,37.5362812,127.0941758,True,True
2519,가로등,POINT (964145.9569404157 1948575.0992035815),G0054,가로등,,37.5357969,127.0941728,True,True
2520,가로등,POINT (964155.7041375337 1948553.0787227126),G0054,가로등,,37.5355988,127.0942842,True,True
2521,가로등,POINT (964163.9532897023 1948538.0986984274),G0054,가로등,,37.5354641,127.0943783,True,True
2522,가로등,POINT (964171.7099183572 1948523.631158936),G0054,가로등,,37.535334,127.0944668,True,True
2523,가로등,POINT (964178.9599989563 1948512.5718562072),G0054,가로등,,37.5352346,127.0945494,True,True
2524,가로등,POINT (964186.7090266419 1948496.3292272454),G0054,가로등,,37.5350885,127.0946379,True,True
2525,가로등,POINT (964192.2078731691 1948484.8226068441),G0054,가로등,,37.534985,127.0947007,True,True
2526,가로등,POINT (964146.3192341151 1948654.956652421),G0055,가로등,,37.5365167,127.094173,True,True
2527,가로등,POINT (964137.202466746 1948673.5794766326),G0055,가로등,,37.5366842,127.0940689,True,True
2528,가로등,POINT (964123.9502581429 1948694.072969129),G0055,가로등,,37.5368684,127.0939179,True,True
2529,가로등,POINT (964106.7354265224 1948713.4852364673),G0055,가로등,,37.5370427,127.0937221,True,True
2530,가로등,POINT (964092.4844886967 1948737.9438742627),G0055,가로등,,37.5372626,127.0935596,True,True
2531,가로등,POINT (964072.2142939006 1948753.5750643464),G0055,가로등,,37.5374027,127.0933294,True,True
2532,가로등,POINT (964115.7156827733 1948732.8287333387),G0055,가로등,,37.5372174,127.0938228,True,True
2533,가로등,POINT (964099.7048009512 1948754.8208625303),G0055,가로등,,37.537415,127.0936405,True,True
2534,가로등,POINT (964089.156022297 1948775.258355307),G0055,가로등,,37.5375988,127.0935201,True,True
2535,가로등,POINT (963996.2392349406 1948418.1920723675),G0054,가로등,,37.5343768,127.0924859,True,True
2536,가로등,POINT (963983.4528174658 1948275.0715562548),G0054,가로등,,37.5330863,127.0923482,True,True
2537,가로등,POINT (964053.4567099989 1948197.8273183343),G0054,가로등,,37.5323928,127.0931443,True,True
2538,가로등,POINT (964205.7455237629 1948358.196996023),G0054,가로등,,37.5338442,127.0948601,True,True
2539,가로등,POINT (964160.5868943544 1948327.0715859483),G0054,가로등,,37.5335619,127.0943505,True,True
2540,가로등,POINT (964095.5839081873 1948255.070858529),G0054,가로등,,37.5329104,127.0936183,True,True
2541,가로등,POINT (964053.5808692903 1948228.569934197),G0054,가로등,,37.5326699,127.0931442,True,True
2542,가로등,POINT (964031.6158243438 1948250.9540507204),G0054,가로등,,37.5328708,127.0928945,True,True
2543,가로등,POINT (964007.5821310406 1948275.077946719),G0054,가로등,,37.5330873,127.0926213,True,True
2544,가로등,POINT (964004.5760627732 1948299.0775109534),G0054,가로등,,37.5333035,127.0925861,True,True
2545,가로등,POINT (964001.8715936412 1948341.7036187814),G0054,가로등,,37.5336876,127.0925534,True,True
2546,가로등,POINT (963997.4552143327 1948411.3192395868),G0054,가로등,,37.5343149,127.0925,True,True
2547,가로등,POINT (964003.4627754034 1948364.329727704),G0054,가로등,,37.5338916,127.0925703,True,True
2548,가로등,POINT (964007.2467871759 1948379.1912061858),G0054,가로등,,37.5340257,127.0926124,True,True
2549,가로등,POINT (964015.9594568438 1948399.8560099145),G0054,가로등,,37.5342123,127.09271,True,True
2550,가로등,POINT (964024.949804682 1948417.324372996),G0054,가로등,,37.5343701,127.0928109,True,True
2551,가로등,POINT (964040.2112322173 1948432.3247881702),G0054,가로등,,37.5345059,127.0929829,True,True
2552,가로등,POINT (964052.9569423988 1948445.8272479186),G0054,가로등,,37.5346281,127.0931265,True,True
2553,가로등,POINT (964073.2095193295 1948466.8194090794),G0054,가로등,,37.5348181,127.0933547,True,True
2554,가로등,POINT (964089.209488082 1948483.070410765),G0054,가로등,,37.5349652,127.093535,True,True
2555,가로등,POINT (964104.7058036897 1948499.3236188618),G0054,가로등,,37.5351123,127.0937096,True,True
2556,가로등,POINT (964118.9552349349 1948515.3270642546),G0054,가로등,,37.5352571,127.0938701,True,True
2557,가로등,POINT (963991.4562013001 1948397.0664728072),G0054,가로등,,37.5341862,127.0924328,True,True
2558,가로등,POINT (963983.2045394272 1948378.8183206809),G0054,가로등,,37.5340214,127.0923403,True,True
2559,가로등,POINT (963980.2082148113 1948366.3165897632),G0054,가로등,,37.5339086,127.092307,True,True
2560,가로등,POINT (963978.705768532 1948345.8313594),G0054,가로등,,37.5337239,127.092291,True,True
2561,가로등,POINT (963979.9537235199 1948332.0686338765),G0054,가로등,,37.5335999,127.0923058,True,True
2562,가로등,POINT (963981.705689725 1948314.3207594943),G0054,가로등,,37.53344,127.0923265,True,True
2563,가로등,POINT (963982.2064747517 1948295.3246187842),G0054,가로등,,37.5332688,127.0923331,True,True
2564,가로등,POINT (962365.226535606 1949884.332784401),G0025,가로등,,37.5475265,127.0739503,True,True
2565,가로등,POINT (962346.050448843 1949890.5661494965),G0025,가로등,,37.5475819,127.0737329,True,True
2566,가로등,POINT (962320.8278299763 1949899.7337921252),G0025,가로등,,37.5476635,127.0734469,True,True
2567,가로등,POINT (962296.573620086 1949908.164867776),G0025,가로등,,37.5477385,127.0731719,True,True
2568,가로등,POINT (962275.8474894871 1949915.4039535506),G0016,가로등,,37.5478029,127.0729369,True,True
2569,가로등,POINT (962253.3562308815 1949921.0423880655),G0016,가로등,,37.5478528,127.072682,True,True
2570,가로등,POINT (962224.6487440662 1949929.1943621233),G0016,가로등,,37.5479251,127.0723566,True,True
2571,가로등,POINT (964394.3192317992 1949053.6677904935),G0064,가로등,,37.54012005,127.0969607,True,True
2572,가로등,POINT (964416.1713094948 1949032.0017879452),G0064,가로등,,37.53992561,127.0972091,True,True
2573,가로등,POINT (964438.0235061541 1949010.3369538626),G0064,가로등,,37.53973118,127.0974575,True,True
2574,가로등,POINT (964459.8846466735 1948988.6710315656),G0064,가로등,,37.53953674,127.097706,True,True
2575,가로등,POINT (964481.7370670295 1948967.0052061086),G0064,가로등,,37.5393423,127.0979544,True,True
2576,가로등,POINT (964291.1860036176 1949150.4173093433),G0065,가로등,,37.5409881,127.0957886,True,True
2577,가로등,POINT (964306.894389922 1949140.331357405),G0065,가로등,,37.5408978,127.0959669,True,True
2578,가로등,POINT (964328.7460107115 1949118.6651187136),G0065,가로등,,37.54070336,127.0962153,True,True
2579,가로등,POINT (964350.6065847661 1949097.0000105747),G0064,가로등,,37.54050893,127.0964638,True,True
2580,가로등,POINT (964372.4584340085 1949075.3338899552),G0064,가로등,,37.54031449,127.0967122,True,True
2581,가로등,POINT (964295.8121164375 1949242.1832063058),G0065,가로등,,37.5418154,127.0958365,True,True
2582,가로등,POINT (964262.8771049693 1949256.381721707),G0056,가로등,,37.5419421,127.095463,True,True
2583,가로등,POINT (964237.8108646546 1949274.063482489),G0056,가로등,,37.5421005,127.0951784,True,True
2584,가로등,POINT (964217.6649620305 1949299.8453863824),G0056,가로등,,37.5423321,127.0949491,True,True
2585,가로등,POINT (964200.2792085727 1949322.3980044473),G0056,가로등,,37.5425347,127.0947512,True,True
2586,가로등,POINT (964185.1008286669 1949340.558766551),G0056,가로등,,37.5426978,127.0945785,True,True
2587,가로등,POINT (964352.1137638773 1949215.5805792313),G0065,가로등,,37.5415778,127.0964751,True,True
2588,가로등,POINT (964304.5602130325 1949205.6775950624),G0065,가로등,,37.5414867,127.0959373,True,True
2589,가로등,POINT (964276.2923652424 1949226.690285633),G0056,가로등,,37.541675,127.0956163,True,True
2590,가로등,POINT (961812.0416571652 1949968.0045052487),G0016,가로등,,37.5482579,127.0676837,True,True
2591,가로등,POINT (962097.0330677222 1949928.0006816308),G0016,가로등,,37.5479091,127.070912,True,True
2592,가로등,POINT (962125.2900269233 1949923.7445473818),G0016,가로등,,37.5478719,127.0712321,True,True
2593,가로등,POINT (962150.7887084254 1949919.0018203272),G0016,가로등,,37.5478302,127.071521,True,True
2594,가로등,POINT (962184.5319792398 1949910.9930786202),G0016,가로등,,37.5477594,127.0719034,True,True
2595,가로등,POINT (962211.7883335494 1949904.2454969196),G0016,가로등,,37.5476997,127.0722123,True,True
2596,가로등,POINT (962247.7917808036 1949893.996702582),G0016,가로등,,37.5476088,127.0726204,True,True
2597,가로등,POINT (962271.5432834618 1949885.745282941),G0016,가로등,,37.5475354,127.0728897,True,True
2598,가로등,POINT (962297.2900895355 1949877.240790663),G0025,가로등,,37.5474598,127.0731816,True,True
2599,가로등,POINT (962324.2825188779 1949868.7418226085),G0025,가로등,,37.5473843,127.0734876,True,True
2600,가로등,POINT (962352.5371356362 1949860.0042333384),G0025,가로등,,37.5473067,127.0738079,True,True
2601,가로등,POINT (961837.0391192877 1949965.748321932),G0016,가로등,,37.5482386,127.0679668,True,True
2602,가로등,POINT (961872.5382374959 1949961.2472479215),G0016,가로등,,37.5481995,127.0683689,True,True
2603,가로등,POINT (961909.0386996869 1949955.4991301456),G0016,가로등,,37.5481492,127.0687824,True,True
2604,가로등,POINT (961939.2842115083 1949951.4995118738),G0016,가로등,,37.5481144,127.069125,True,True
2605,가로등,POINT (961970.7903299169 1949944.9979308743),G0016,가로등,,37.5480571,127.069482,True,True
2606,가로등,POINT (962006.786557354 1949940.994416482),G0016,가로등,,37.5480225,127.0698897,True,True
2607,가로등,POINT (962041.5339088995 1949936.2534240577),G0016,가로등,,37.5479812,127.0702833,True,True
2608,가로등,POINT (962075.5315218095 1949931.7489892992),G0016,가로등,,37.547942,127.0706684,True,True
2609,가로등,POINT (963768.7822896542 1949604.253072609),G0046,가로등,,37.5450583,127.0898529,True,True
2610,가로등,POINT (963457.2022772961 1949624.623242155),G0047,가로등,,37.5452296,127.0863248,True,True
2611,가로등,POINT (963418.9145542164 1949628.2755076478),G0047,가로등,,37.545261,127.0858912,True,True
2612,가로등,POINT (963400.6972528946 1949627.8676009483),G0047,가로등,,37.5452566,127.085685,True,True
2613,가로등,POINT (963735.7897750067 1949604.752089967),G0046,가로등,,37.5450615,127.0894794,True,True
2614,가로등,POINT (963698.0466842912 1949607.7461046572),G0046,가로등,,37.545087,127.089052,True,True
2615,가로등,POINT (963661.7767186179 1949610.2456818584),G0047,가로등,,37.5451081,127.0886413,True,True
2616,가로등,POINT (963627.2923067578 1949612.9927745757),G0047,가로등,,37.5451315,127.0882508,True,True
2617,가로등,POINT (963587.0316705959 1949615.9983202787),G0047,가로등,,37.545157,127.0877949,True,True
2618,가로등,POINT (963547.7836787666 1949618.2562762625),G0047,가로등,,37.5451758,127.0873505,True,True
2619,가로등,POINT (963513.5422296606 1949622.0012932129),G0047,가로등,,37.5452082,127.0869627,True,True
2620,가로등,POINT (963485.2847196799 1949622.4916014257),G0047,가로등,,37.5452115,127.0866428,True,True
2621,가로등,POINT (963847.2793538696 1949553.252923644),G0056,가로등,,37.5446017,127.090744,True,True
2622,가로등,POINT (964094.0289687499 1949397.7453360884),G0056,가로등,,37.5432097,127.0935448,True,True
2623,가로등,POINT (964112.5375346509 1949375.4982860568),G0056,가로등,,37.5430099,127.0937554,True,True
2624,가로등,POINT (964140.7860797723 1949339.995527312),G0056,가로등,,37.542691,127.0940769,True,True
2625,가로등,POINT (964166.2838278877 1949307.7554604092),G0056,가로등,,37.5424014,127.0943671,True,True
2626,가로등,POINT (964190.2781558342 1949281.2467818453),G0056,가로등,,37.5421634,127.09464,True,True
2627,가로등,POINT (964215.0309137175 1949248.2445546763),G0056,가로등,,37.5418669,127.0949218,True,True
2628,가로등,POINT (964233.2841373106 1949223.9907601532),G0056,가로등,,37.541649,127.0951296,True,True
2629,가로등,POINT (964251.2834733116 1949200.2484530187),G0056,가로등,,37.5414357,127.0953345,True,True
2630,가로등,POINT (964264.7846716142 1949180.2533286873),G0056,가로등,,37.541256,127.0954883,True,True
2631,가로등,POINT (963869.7899741558 1949545.5107691193),G0056,가로등,,37.5445328,127.0909992,True,True
2632,가로등,POINT (963899.2830958939 1949532.501658033),G0056,가로등,,37.5444167,127.0913337,True,True
2633,가로등,POINT (963932.2821704331 1949521.2414738375),G0056,가로등,,37.5443165,127.0917078,True,True
2634,가로등,POINT (963959.2854349795 1949508.498567458),G0056,가로등,,37.5442027,127.0920141,True,True
2635,가로등,POINT (963988.533817351 1949493.993064279),G0056,가로등,,37.5440731,127.0923459,True,True
2636,가로등,POINT (964019.7782505641 1949473.2438377277),G0056,가로등,,37.5438873,127.0927006,True,True
2637,가로등,POINT (964051.034215444 1949448.9998737504),G0056,가로등,,37.54367,127.0930556,True,True
2638,가로등,POINT (964069.286123512 1949428.7397718877),G0056,가로등,,37.5434881,127.0932632,True,True
2639,가로등,POINT (964195.1065407307 1949384.8497445507),G0056,가로등,,37.5430974,127.0946896,True,True
2640,가로등,POINT (963925.3624881606 1949557.2403175905),G0056,가로등,,37.5446407,127.0916277,True,True
2641,가로등,POINT (963891.0370851903 1949572.245188676),G0056,가로등,,37.5447746,127.0912384,True,True
2642,가로등,POINT (963865.322560495 1949580.622524403),G0056,가로등,,37.5448491,127.0909469,True,True
2643,가로등,POINT (963833.6052381411 1949591.9994389515),G0056,가로등,,37.5449504,127.0905873,True,True
2644,가로등,POINT (963799.5422059448 1949600.2469182261),G0056,가로등,,37.5450234,127.0902013,True,True
2645,가로등,POINT (964135.285051108 1949401.993849664),G0056,가로등,,37.5432496,127.0940116,True,True
2646,가로등,POINT (964117.540772267 1949423.2501264152),G0056,가로등,,37.5434405,127.0938097,True,True
2647,가로등,POINT (964094.5353867358 1949449.4995767844),G0056,가로등,,37.5436762,127.093548,True,True
2648,가로등,POINT (964073.7839399658 1949476.0056151606),G0056,가로등,,37.5439143,127.0933118,True,True
2649,가로등,POINT (964054.7824479534 1949494.5049078364),G0056,가로등,,37.5440803,127.0930958,True,True
2650,가로등,POINT (964020.5811317862 1949517.8740493383),G0056,가로등,,37.5442896,127.0927075,True,True
2651,가로등,POINT (963990.3269091556 1949530.619755255),G0056,가로등,,37.5444033,127.0923644,True,True
2652,가로등,POINT (963957.5414211794 1949544.2863163976),G0056,가로등,,37.5445252,127.0919926,True,True
2653,가로등,POINT (964514.6626444503 1948995.7437700597),G0064,가로등,,37.5396026,127.0983257,True,True
2654,가로등,POINT (964482.1646284967 1949027.7463823527),G0064,가로등,,37.5398898,127.0979563,True,True
2655,가로등,POINT (964450.6632465529 1949057.2374783128),G0064,가로등,,37.5401544,127.0975983,True,True
2656,가로등,POINT (964423.1601255861 1949083.7382160758),G0064,가로등,,37.5403922,127.0972857,True,True
2657,가로등,POINT (964396.6597803358 1949111.2443600553),G0065,가로등,,37.5406391,127.0969844,True,True
2658,가로등,POINT (964362.6980265492 1949141.6228209136),G0065,가로등,,37.5409116,127.0965985,True,True
2659,가로등,POINT (964347.1407308368 1949158.109612362),G0065,가로등,,37.5410596,127.0964216,True,True
2660,가로등,POINT (964327.9653047154 1949173.4470360316),G0065,가로등,,37.5411971,127.0962038,True,True
2661,가로등,POINT (962046.9495443641 1949973.1184421582),G0016,가로등,,37.5483137,127.0703427,True,True
2662,가로등,POINT (962016.0963925438 1949975.5893838028),G0016,가로등,,37.5483347,127.0699933,True,True
2663,가로등,POINT (961968.2805616771 1949981.4221281353),G0016,가로등,,37.5483853,127.0694517,True,True
2664,가로등,POINT (961949.5622140778 1949983.3384931895),G0016,가로등,,37.5484018,127.0692397,True,True
2665,가로등,POINT (961908.6464928664 1949989.3951466256),G0016,가로등,,37.5484547,127.0687762,True,True
2666,가로등,POINT (961879.5323112765 1949993.5006320174),G0016,가로등,,37.5484905,127.0684464,True,True
2667,가로등,POINT (961847.7852584581 1949997.4962739383),G0016,가로등,,37.5485252,127.0680868,True,True
2668,가로등,POINT (961825.1557365995 1949999.8524873364),G0016,가로등,,37.5485455,127.0678305,True,True
2669,가로등,POINT (962392.5385233554 1949843.0034904683),G0025,가로등,,37.5471551,127.0742616,True,True
2670,가로등,POINT (962414.787662791 1949836.5011495634),G0025,가로등,,37.5470974,127.0745138,True,True
2671,가로등,POINT (962404.8537411551 1949843.236193038),G0025,가로등,,37.5471577,127.074401,True,True
2672,가로등,POINT (962437.0427651325 1949823.497371548),G0025,가로등,,37.5469811,127.0747664,True,True
2673,가로등,POINT (962450.0431272853 1949817.0036793728),G0025,가로등,,37.5469231,127.0749139,True,True
2674,가로등,POINT (962481.541412324 1949800.7518793712),G0025,가로등,,37.5467779,127.0752713,True,True
2675,가로등,POINT (962515.5405123003 1949780.7500135838),G0025,가로등,,37.546599,127.0756572,True,True
2676,가로등,POINT (962529.2871246905 1949771.2464273432),G0025,가로등,,37.5465139,127.0758133,True,True
2677,가로등,POINT (962550.0397167946 1949757.9945597313),G0025,가로등,,37.5463953,127.0760489,True,True
2678,가로등,POINT (962250.5055943725 1949948.82528929),G0016,가로등,,37.5481031,127.0726483,True,True
2679,가로등,POINT (962212.2486514184 1949947.1686591152),G0016,가로등,,37.5480866,127.0722153,True,True
2680,가로등,POINT (962177.5964264957 1949945.651112221),G0016,가로등,,37.5480715,127.0718231,True,True
2681,가로등,POINT (962151.8636949201 1949949.4184940641),G0016,가로등,,37.5481044,127.0715316,True,True
2682,가로등,POINT (962128.7741943949 1949953.6176882996),G0016,가로등,,37.5481413,127.07127,True,True
2683,가로등,POINT (962102.2734346789 1949959.4190509026),G0016,가로등,,37.5481925,127.0709697,True,True
2684,가로등,POINT (962082.1805793677 1949964.059582129),G0016,가로등,,37.5482335,127.070742,True,True
2685,가로등,POINT (962586.0801582643 1949736.1198814174),G0025,가로등,,37.5461996,127.076458,True,True
2686,가로등,POINT (962843.7804985628 1949643.48757518),G0036,가로등,,37.5453751,127.0793799,True,True
2687,가로등,POINT (962871.0395276112 1949639.0054732158),G0036,가로등,,37.5453358,127.0796887,True,True
2688,가로등,POINT (962897.0408139282 1949635.7494910536),G0036,가로등,,37.5453075,127.0799832,True,True
2689,가로등,POINT (962931.7865801979 1949636.2045492218),G0036,가로등,,37.545313,127.0803765,True,True
2690,가로등,POINT (962969.7833866337 1949630.7539994472),G0036,가로등,,37.5452654,127.0808069,True,True
2691,가로등,POINT (963000.036145351 1949629.9978710294),G0036,가로등,,37.5452598,127.0811494,True,True
2692,가로등,POINT (963028.0296394395 1949627.75413251),G0036,가로등,,37.5452407,127.0814664,True,True
2693,가로등,POINT (963054.5356253812 1949624.7404801212),G0036,가로등,,37.5452146,127.0817666,True,True
2694,가로등,POINT (963082.0345590138 1949622.5213132887),G0036,가로등,,37.5451957,127.082078,True,True
2695,가로등,POINT (963108.7943667677 1949622.946046152),G0036,가로등,,37.5452006,127.0823809,True,True
2696,가로등,POINT (962611.5851608253 1949718.8637818352),G0025,가로등,,37.5460451,127.0767476,True,True
2697,가로등,POINT (963123.1651829622 1949622.5050084156),G0036,가로등,,37.5451972,127.0825436,True,True
2698,가로등,POINT (962639.786480875 1949703.9920780074),G0025,가로등,,37.5459122,127.0770676,True,True
2699,가로등,POINT (962673.2934308064 1949692.2475059973),G0025,가로등,,37.5458077,127.0774475,True,True
2700,가로등,POINT (962705.2866111605 1949681.741374304),G0025,가로등,,37.5457143,127.0778102,True,True
2701,가로등,POINT (962737.2822869279 1949673.7427470577),G0025,가로등,,37.5456435,127.0781728,True,True
2702,가로등,POINT (962763.3300115936 1949665.116324725),G0025,가로등,,37.5455668,127.0784681,True,True
2703,가로등,POINT (962803.5316483893 1949652.9872415029),G0036,가로등,,37.5454591,127.0789238,True,True
2704,가로등,POINT (962820.2827294962 1949649.495084919),G0036,가로등,,37.5454283,127.0791136,True,True
2705,가로등,POINT (964285.4556077068 1948458.5819157637),G0054,가로등,,37.5347521,127.0957574,True,True
2706,가로등,POINT (964195.2109627608 1948595.334162514),G0054,가로등,,37.5359812,127.0947293,True,True
2707,가로등,POINT (964192.4522664052 1948615.3274451264),G0055,가로등,,37.5361613,127.0946971,True,True
2708,가로등,POINT (964222.4609860334 1948618.5820204592),G0055,가로등,,37.5361918,127.0950366,True,True
2709,가로등,POINT (964240.2083684928 1948636.5787335888),G0055,가로등,,37.5363547,127.0952366,True,True
2710,가로등,POINT (964269.207572112 1948668.0736046447),G0055,가로등,,37.5366397,127.0955633,True,True
2711,가로등,POINT (964300.4628209472 1948690.0729894887),G0064,가로등,,37.5368392,127.095916,True,True
2712,가로등,POINT (964320.4630943888 1948671.1151408681),G0064,가로등,,37.5366691,127.0961433,True,True
2713,가로등,POINT (964349.9584615949 1948643.329662945),G0064,가로등,,37.5364198,127.0964785,True,True
2714,가로등,POINT (964358.7028135057 1948634.5717833415),G0064,가로등,,37.5363412,127.0965779,True,True
2715,가로등,POINT (964296.956318754 1948700.5724645194),G0064,가로등,,37.5369337,127.0958758,True,True
2716,가로등,POINT (964255.7036504376 1948455.581178663),G0054,가로등,,37.5347239,127.0954208,True,True
2717,가로등,POINT (964321.7051911434 1948725.8173287457),G0064,가로등,,37.5371622,127.0961547,True,True
2718,가로등,POINT (964334.9600496747 1948740.8268971506),G0064,가로등,,37.537298,127.096304,True,True
2719,가로등,POINT (964360.9562928624 1948768.5739043043),G0064,가로등,,37.5375491,127.0965969,True,True
2720,가로등,POINT (964391.2080961043 1948799.8308367156),G0064,가로등,,37.537832,127.0969378,True,True
2721,가로등,POINT (964415.4570940902 1948826.0766349314),G0064,가로등,,37.5380695,127.097211,True,True
2722,가로등,POINT (964440.4619554068 1948855.5699887709),G0064,가로등,,37.5383363,127.0974926,True,True
2723,가로등,POINT (964475.9603482347 1948890.8210199624),G0064,가로등,,37.5386554,127.0978927,True,True
2724,가로등,POINT (964491.4516278277 1948908.3175599952),G0064,가로등,,37.5388137,127.0980672,True,True
2725,가로등,POINT (964508.9504943723 1948926.326998198),G0064,가로등,,37.5389767,127.0982644,True,True
2726,가로등,POINT (964249.210724346 1948476.322745887),G0054,가로등,,37.5349106,127.0953463,True,True
2727,가로등,POINT (964240.4606278134 1948496.0755189983),G0054,가로등,,37.5350883,127.0952463,True,True
2728,가로등,POINT (964234.7017854629 1948510.8228517517),G0054,가로등,,37.535221,127.0951804,True,True
2729,가로등,POINT (964228.7035601239 1948523.3190141825),G0054,가로등,,37.5353334,127.0951119,True,True
2730,가로등,POINT (964219.9525122492 1948542.827734154),G0054,가로등,,37.5355089,127.0950119,True,True
2731,가로등,POINT (964209.7040184208 1948561.3222108402),G0054,가로등,,37.5356752,127.094895,True,True
2732,가로등,POINT (964200.2031469208 1948581.0782652637),G0054,가로등,,37.5358529,127.0947865,True,True
2733,가로등,POINT (964484.952432237 1948956.573618494),G0064,가로등,,37.5392484,127.0979913,True,True
2734,가로등,POINT (964267.9588160324 1948722.830879676),G0055,가로등,,37.5371332,127.0955465,True,True
2735,가로등,POINT (964252.9571207352 1948704.3230357354),G0055,가로등,,37.5369658,127.0953776,True,True
2736,가로등,POINT (964223.7004854679 1948674.582277511),G0055,가로등,,37.5366966,127.0950479,True,True
2737,가로등,POINT (964192.9565167017 1948650.3287692668),G0055,가로등,,37.5364768,127.0947011,True,True
2738,가로등,POINT (964176.7051945637 1948645.3285893383),G0055,가로등,,37.5364311,127.0945174,True,True
2739,가로등,POINT (964168.2144327488 1948659.5774020557),G0055,가로등,,37.5365592,127.0944206,True,True
2740,가로등,POINT (964145.4578154904 1948692.8262818467),G0055,가로등,,37.536858,127.0941614,True,True
2741,가로등,POINT (964459.212293727 1948928.5699551308),G0064,가로등,,37.538995,127.0977013,True,True
2742,가로등,POINT (964437.9634652542 1948907.5700325305),G0064,가로등,,37.5388049,127.0974618,True,True
2743,가로등,POINT (964416.488054963 1948883.1983722635),G0064,가로등,,37.5385844,127.0972199,True,True
2744,가로등,POINT (964398.2093477958 1948860.5771101739),G0064,가로등,,37.5383798,127.0970141,True,True
2745,가로등,POINT (964366.201293647 1948825.5777064022),G0064,가로등,,37.5380631,127.0966535,True,True
2746,가로등,POINT (964341.7045049618 1948801.3301437849),G0064,가로등,,37.5378436,127.0963774,True,True
2747,가로등,POINT (964316.7009689594 1948774.3222709636),G0064,가로등,,37.5375992,127.0960957,True,True
2748,가로등,POINT (964291.211412339 1948747.3276562467),G0064,가로등,,37.5373549,127.0958085,True,True
2749,가로등,POINT (962573.5348331378 1951730.4992330489),G0029,가로등,,37.5641751,127.0762142,True,True
2750,가로등,POINT (962759.4196043324 1949701.246948192),G0025,가로등,,37.5458923,127.078422,True,True
2751,가로등,POINT (962474.038441583 1951512.0058968868),G0028,가로등,,37.5622017,127.0750988,True,True
2752,가로등,POINT (962502.8930870972 1949826.306297761),G0025,가로등,,37.5470091,127.0755117,True,True
2753,가로등,POINT (962472.3642688284 1949845.9596975239),G0025,가로등,,37.547185,127.0751651,True,True
2754,가로등,POINT (962459.7938689722 1951483.0022282766),G0028,가로등,,37.5619397,127.074939,True,True
2755,가로등,POINT (962445.8927340497 1949860.3027113408),G0025,가로등,,37.5473132,127.0748647,True,True
2756,가로등,POINT (962444.2871020279 1951452.2402397005),G0028,가로등,,37.5616618,127.074765,True,True
2757,가로등,POINT (962432.2836573536 1951424.746450919),G0028,가로등,,37.5614135,127.0746305,True,True
2758,가로등,POINT (962423.2043220616 1949869.2810663905),G0025,가로등,,37.5473932,127.0746074,True,True
2759,가로등,POINT (962422.035831138 1951400.7395577915),G0028,가로등,,37.5611967,127.0745157,True,True
2760,가로등,POINT (962410.0399673391 1951373.0016841397),G0028,가로등,,37.5609462,127.0743813,True,True
2761,가로등,POINT (962395.7858423735 1951341.9900311043),G0028,가로등,,37.5606661,127.0742215,True,True
2762,가로등,POINT (962726.1171325556 1949709.3623028386),G0025,가로등,,37.5459641,127.0780446,True,True
2763,가로등,POINT (962558.5348139947 1951702.242144743),G0029,가로등,,37.5639198,127.0760458,True,True
2764,가로등,POINT (962688.1249469904 1949719.6623168793),G0025,가로등,,37.5460554,127.077614,True,True
2765,가로등,POINT (962548.0382977765 1951677.7702393353),G0029,가로등,,37.5636988,127.0759282,True,True
2766,가로등,POINT (962660.8676065414 1949730.3358332927),G0025,가로등,,37.5461505,127.0773049,True,True
2767,가로등,POINT (962536.5751041075 1951654.3788953782),G0029,가로등,,37.5634875,127.0757996,True,True
2768,가로등,POINT (962525.5374290725 1951623.5300155147),G0029,가로등,,37.563209,127.0756762,True,True
2769,가로등,POINT (962633.9098325196 1949744.7469909363),G0025,가로등,,37.5462793,127.076999,True,True
2770,가로등,POINT (962607.9199085996 1949760.2411561243),G0025,가로등,,37.5464179,127.076704,True,True
2771,가로등,POINT (962513.7919377779 1951600.2398300432),G0028,가로등,,37.5629986,127.0755444,True,True
2772,가로등,POINT (962501.5328119455 1951572.7470949998),G0028,가로등,,37.5627503,127.075407,True,True
2773,가로등,POINT (962584.4079185106 1949774.747910617),G0025,가로등,,37.5465477,127.0764371,True,True
2774,가로등,POINT (962559.9526383417 1949791.6221472293),G0025,가로등,,37.5466988,127.0761594,True,True
2775,가로등,POINT (962491.2821962 1951549.9938278766),G0028,가로등,,37.5625448,127.0752921,True,True
2776,가로등,POINT (962529.640142541 1949810.3313111465),G0025,가로등,,37.5468662,127.0758153,True,True
2777,가로등,POINT (962483.7822825885 1951533.9958996295),G0028,가로등,,37.5624003,127.075208,True,True
2778,가로등,POINT (963180.029990982 1949614.7416458444),G0036,가로등,,37.5451295,127.0831877,True,True
2779,가로등,POINT (963202.2490593876 1949613.1453969693),G0036,가로등,,37.545116,127.0834393,True,True
2780,가로등,POINT (963226.7801708634 1949610.9953330755),G0036,가로등,,37.5450976,127.0837171,True,True
2781,가로등,POINT (963261.5372449527 1949608.0012878717),G0035,가로등,,37.545072,127.0841107,True,True
2782,가로등,POINT (963295.0310663569 1949605.001876439),G0046,가로등,,37.5450463,127.08449,True,True
2783,가로등,POINT (963323.7854935138 1949602.9998560357),G0046,가로등,,37.5450294,127.0848156,True,True
2784,가로등,POINT (963344.5385552165 1949601.4881248442),G0046,가로등,,37.5450166,127.0850506,True,True
2785,가로등,POINT (963356.293080569 1949632.7453322166),G0047,가로등,,37.5452988,127.0851821,True,True
2786,가로등,POINT (963096.2833220268 1949654.2552428478),G0036,가로등,,37.5454823,127.0822377,True,True
2787,가로등,POINT (963070.2929815352 1949656.0016806242),G0036,가로등,,37.545497,127.0819434,True,True
2788,가로등,POINT (963029.7875529197 1949659.4991853605),G0036,가로등,,37.5455269,127.0814847,True,True
2789,가로등,POINT (962996.2885621375 1949663.2541294373),G0036,가로등,,37.5455594,127.0811053,True,True
2790,가로등,POINT (962963.7922872499 1949666.0284085006),G0036,가로등,,37.5455831,127.0807373,True,True
2791,가로등,POINT (962935.88724523 1949666.286028618),G0036,가로등,,37.5455843,127.0804214,True,True
2792,가로등,POINT (962905.7890559316 1949667.995841822),G0036,가로등,,37.5455985,127.0800806,True,True
2793,가로등,POINT (962882.2933130512 1949670.4972584336),G0036,가로등,,37.5456201,127.0798145,True,True
2794,가로등,POINT (962849.535314374 1949673.9943072675),G0036,가로등,,37.5456503,127.0794435,True,True
2795,가로등,POINT (962825.7825437973 1949680.2470256737),G0036,가로등,,37.5457057,127.0791743,True,True
2796,가로등,POINT (963323.5369753712 1949634.742722305),G0047,가로등,,37.5453155,127.0848112,True,True
2797,가로등,POINT (962803.285332561 1949686.7493661318),G0036,가로등,,37.5457634,127.0789193,True,True
2798,가로등,POINT (963291.043731211 1949638.24795128),G0047,가로등,,37.5453458,127.0844432,True,True
2799,가로등,POINT (963261.533021069 1949640.9967730758),G0036,가로등,,37.5453694,127.084109,True,True
2800,가로등,POINT (963233.529603835 1949642.9956862337),G0036,가로등,,37.5453863,127.0837919,True,True
2801,가로등,POINT (963208.533052601 1949645.7469039608),G0036,가로등,,37.5454101,127.0835088,True,True
2802,가로등,POINT (963177.2801353916 1949648.0488632189),G0036,가로등,,37.5454296,127.0831549,True,True
2803,가로등,POINT (963149.2864786123 1949650.2477212767),G0036,가로등,,37.5454483,127.0828379,True,True
2804,가로등,POINT (963120.2837731965 1949651.9962739907),G0036,가로등,,37.5454629,127.0825095,True,True
2805,가로등,POINT (963379.536447215 1949596.9957352025),G0046,가로등,,37.5449775,127.085447,True,True
2806,가로등,POINT (963700.2874859044 1949576.7379007968),G0046,가로등,,37.5448076,127.0890789,True,True
2807,가로등,POINT (963731.7840212893 1949573.493806848),G0046,가로등,,37.5447796,127.0894356,True,True
2808,가로등,POINT (963767.0361015511 1949570.4997195415),G0046,가로등,,37.544754,127.0898348,True,True
2809,가로등,POINT (963799.5364477478 1949566.4970690499),G0056,가로등,,37.5447192,127.0902029,True,True
2810,가로등,POINT (963830.2868470143 1949558.2418278556),G0056,가로등,,37.544646,127.0905514,True,True
2811,가로등,POINT (963415.2840958998 1949596.2501790384),G0046,가로등,,37.5449722,127.0858517,True,True
2812,가로등,POINT (963447.2850575276 1949593.2468641538),G0046,가로등,,37.5449464,127.0862141,True,True
2813,가로등,POINT (963488.5307481647 1949591.2459235876),G0046,가로등,,37.54493,127.0866811,True,True
2814,가로등,POINT (963527.0380184471 1949585.2409543018),G0046,가로등,,37.5448774,127.0871173,True,True
2815,가로등,POINT (963563.0352593609 1949584.9941974005),G0046,가로등,,37.5448766,127.0875248,True,True
2816,가로등,POINT (963590.2891374333 1949583.2437663507),G0046,가로등,,37.5448619,127.0878334,True,True
2817,가로등,POINT (963628.9871404779 1949582.441819161),G0046,가로등,,37.5448562,127.0882715,True,True
2818,가로등,POINT (963663.5359916419 1949578.2410559675),G0046,가로등,,37.5448197,127.0886628,True,True
2819,가로등,POINT (965273.100348274 1949944.5669768977),G0075,가로등,,37.5481836,127.1068657,True,True
2820,가로등,POINT (965242.7841084943 1949934.120634035),G0075,가로등,,37.5480883,127.106523,True,True
2821,가로등,POINT (965212.0037108755 1949924.6526718084),G0075,가로등,,37.5480018,127.106175,True,True
2822,가로등,POINT (965064.668707355 1949578.1206075288),G0074,가로등,,37.5448728,127.1045236,True,True
2823,가로등,POINT (963944.9751587799 1948061.3122211685),G0053,가로등,,37.5311581,127.0919232,True,True
2824,가로등,POINT (963912.2232303707 1948322.055634985),G0054,가로등,,37.533507,127.0915397,True,True
2825,가로등,POINT (963914.7227451272 1948289.304586327),G0054,가로등,,37.5332119,127.0915696,True,True
2826,가로등,POINT (963916.7193951956 1948246.5483869768),G0054,가로등,,37.5328266,127.0915943,True,True
2827,가로등,POINT (963918.4590099482 1948215.8087676966),G0054,가로등,,37.5325496,127.0916155,True,True
2828,가로등,POINT (963922.470026096 1948160.8064766165),G0054,가로등,,37.532054,127.0916636,True,True
2829,가로등,POINT (963923.7179689377 1948147.0548404572),G0054,가로등,,37.5319301,127.0916784,True,True
2830,가로등,POINT (963926.2163672288 1948116.056757835),G0054,가로등,,37.5316508,127.0917082,True,True
2831,가로등,POINT (963928.4650620022 1948086.5575333692),G0053,가로등,,37.531385,127.0917351,True,True
2832,가로등,POINT (963931.973978574 1948042.0529349975),G0053,가로등,,37.530984,127.091777,True,True
2833,가로등,POINT (963947.463563482 1948115.5540451396),G0054,가로등,,37.5316471,127.0919487,True,True
2834,가로등,POINT (963942.4723765774 1948189.0552814025),G0054,가로등,,37.5323094,127.0918886,True,True
2835,가로등,POINT (963936.637706399 1948253.4404226583),G0054,가로등,,37.5328895,127.0918194,True,True
2836,가로등,POINT (963935.2194346251 1948305.3027802606),G0054,가로등,,37.5333569,127.0918008,True,True
2837,가로등,POINT (963934.9735052999 1948387.0600289674),G0054,가로등,,37.5340938,127.091794,True,True
2838,가로등,POINT (963915.0082693984 1948422.1834962636),G0054,가로등,,37.5344096,127.0915663,True,True
2839,가로등,POINT (963912.2138331605 1948389.056028838),G0054,가로등,,37.5341109,127.0915363,True,True
2840,가로등,POINT (963910.711259113 1948352.3061094948),G0054,가로등,,37.5337796,127.0915211,True,True
2841,가로등,POINT (964034.4715962111 1948718.8014283406),G0055,가로등,,37.5370878,127.0929039,True,True
2842,가로등,POINT (963944.967144787 1948458.5547096203),G0054,가로등,,37.5347386,127.0919036,True,True
2843,가로등,POINT (963963.504223696 1948521.9243752528),G0054,가로등,,37.5353105,127.0921103,True,True
2844,가로등,POINT (963998.2237402747 1948582.561239696),G0054,가로등,,37.5358584,127.0925003,True,True
2845,가로등,POINT (964028.7208465404 1948647.5545234298),G0055,가로등,,37.5364454,127.0928423,True,True
2846,가로등,POINT (964042.2161513739 1948673.0580942233),G0055,가로등,,37.5366758,127.0929938,True,True
2847,가로등,POINT (964055.2193423846 1948680.8124337026),G0055,가로등,,37.5367462,127.0931406,True,True
2848,가로등,POINT (964063.7240989548 1948667.8060387236),G0055,가로등,,37.5366293,127.0932375,True,True
2849,가로등,POINT (964023.7204402225 1948696.5588966967),G0055,가로등,,37.5368869,127.0927833,True,True
2850,가로등,POINT (964010.7141101445 1948673.8047009914),G0055,가로등,,37.5366813,127.0926372,True,True
2851,가로등,POINT (963995.9679353139 1948643.0588484022),G0055,가로등,,37.5364036,127.0924718,True,True
2852,가로등,POINT (963979.9605208484 1948610.7985280564),G0055,가로등,,37.5361122,127.0922922,True,True
2853,가로등,POINT (963958.2228633906 1948573.3042479872),G0054,가로등,,37.5357734,127.092048,True,True
2854,가로등,POINT (963941.2274436348 1948533.3153430845),G0054,가로등,,37.5354123,127.0918576,True,True
2855,가로등,POINT (963926.9647514446 1948483.8065253962),G0054,가로등,,37.5349655,127.0916986,True,True
2856,가로등,POINT (963920.0079970577 1948450.4419492418),G0054,가로등,,37.5346645,127.0916215,True,True
2857,가로등,POINT (964096.9539412692 1948788.8266498218),G0055,가로등,,37.5377214,127.0936077,True,True
2858,가로등,POINT (964196.2009537567 1949083.3265093202),G0055,가로등,,37.5403797,127.0947167,True,True
2859,가로등,POINT (964116.7045303491 1948818.585832488),G0055,가로등,,37.5379904,127.0938298,True,True
2860,가로등,POINT (964121.7088822616 1948846.0788648296),G0055,가로등,,37.5382384,127.0938851,True,True
2861,가로등,POINT (964134.4572127637 1948880.8276273129),G0055,가로등,,37.5385521,127.0940277,True,True
2862,가로등,POINT (964144.9549710577 1948946.8285639712),G0055,가로등,,37.5391474,127.0941433,True,True
2863,가로등,POINT (964152.4568069999 1948977.8278328795),G0055,가로등,,37.5394271,127.0942267,True,True
2864,가로등,POINT (964157.9520248147 1948998.3291639136),G0055,가로등,,37.5396121,127.0942879,True,True
2865,가로등,POINT (964163.9564064632 1949028.3252954301),G0055,가로등,,37.5398827,127.0943544,True,True
2866,가로등,POINT (964175.2019747762 1949056.823243068),G0055,가로등,,37.54014,127.0944803,True,True
2867,가로등,POINT (964107.5000736712 1948673.7077444005),G0055,가로등,,37.5366842,127.0937327,True,True
2868,가로등,POINT (963948.7059595657 1948807.075806586),G0055,가로등,,37.5378801,127.0919288,True,True
2869,가로등,POINT (963934.4548504691 1948815.0703136318),G0055,가로등,,37.5379516,127.0917671,True,True
2870,가로등,POINT (963922.7066584572 1948817.573234377),G0055,가로등,,37.5379737,127.091634,True,True
2871,가로등,POINT (963905.7115838132 1948822.32898471),G0055,가로등,,37.5380159,127.0914414,True,True
2872,가로등,POINT (963881.9622725667 1948828.0793637845),G0055,가로등,,37.5380668,127.0911723,True,True
2873,가로등,POINT (963868.2455479697 1948830.9459484094),G0055,가로등,,37.5380921,127.0910169,True,True
2874,가로등,POINT (963837.7087753288 1948834.1076474842),G0055,가로등,,37.5381194,127.0906711,True,True
2875,가로등,POINT (963805.7460823951 1948836.454669461),G0055,가로등,,37.5381393,127.0903092,True,True
2876,가로등,POINT (963791.9556934967 1948834.5732038582),G0055,가로등,,37.5381218,127.0901532,True,True
2877,가로등,POINT (963769.20127261 1948825.330737753),G0045,가로등,,37.5380376,127.0898961,True,True
2878,가로등,POINT (964094.3382755581 1948690.5729557923),G0055,가로등,,37.5368357,127.0935829,True,True
2879,가로등,POINT (963745.9580488967 1948827.5844940378),G0045,가로등,,37.538057,127.0896329,True,True
2880,가로등,POINT (964071.3294439941 1948720.5724126664),G0055,가로등,,37.5371052,127.093321,True,True
2881,가로등,POINT (964051.3300449247 1948739.5752450854),G0055,가로등,,37.5372757,127.0930937,True,True
2882,가로등,POINT (964036.3294156765 1948754.074261922),G0055,가로등,,37.5374058,127.0929232,True,True
2883,가로등,POINT (964026.3691760434 1948761.450925688),G0055,가로등,,37.5374719,127.0928101,True,True
2884,가로등,POINT (964009.4577933449 1948773.3288424916),G0055,가로등,,37.5375783,127.0926181,True,True
2885,가로등,POINT (963991.4626722584 1948783.8357592612),G0055,가로등,,37.5376723,127.0924139,True,True
2886,가로등,POINT (963971.2101698258 1948795.328831504),G0055,가로등,,37.5377751,127.0921841,True,True
2887,가로등,POINT (964078.9622712695 1948998.33751029),G0055,가로등,,37.5396091,127.0933938,True,True
2888,가로등,POINT (964117.9585700751 1948924.8335547247),G0055,가로등,,37.5389481,127.0938388,True,True
2889,가로등,POINT (964105.4629350357 1948868.826438208),G0055,가로등,,37.5384428,127.0937001,True,True
2890,가로등,POINT (964082.962314891 1948820.0962820232),G0055,가로등,,37.5380027,127.0934478,True,True
2891,가로등,POINT (964063.9950310979 1948779.4610666358),G0055,가로등,,37.5376357,127.0932351,True,True
2892,가로등,POINT (964054.457017776 1948757.8234513642),G0055,가로등,,37.5374403,127.0931282,True,True
2893,가로등,POINT (964098.2103185205 1949012.078196819),G0055,가로등,,37.5397337,127.093611,True,True
2894,가로등,POINT (964112.2077963154 1949021.0820176),G0055,가로등,,37.5398154,127.093769,True,True
2895,가로등,POINT (964132.2086474753 1949037.3269137598),G0055,가로등,,37.5399626,127.0939946,True,True
2896,가로등,POINT (964154.495329839 1949059.198059982),G0055,가로등,,37.5401606,127.0942458,True,True
2897,가로등,POINT (964136.708744346 1949027.86596424),G0055,가로등,,37.5398775,127.094046,True,True
2898,가로등,POINT (964133.0050999549 1949006.9464095486),G0055,가로등,,37.5396888,127.0940051,True,True
2899,가로등,POINT (964130.4578827582 1948985.8221604305),G0055,가로등,,37.5394983,127.0939773,True,True
2900,가로등,POINT (964124.9584874309 1948962.3253183817),G0055,가로등,,37.5392863,127.0939162,True,True
2901,가로등,POINT (965211.2454476288 1949771.0508886147),G0075,가로등,,37.5466173,127.1061737,True,True
2902,가로등,POINT (965237.1230420743 1949771.9188572846),G0075,가로등,,37.5466261,127.1064666,True,True
2903,가로등,POINT (965259.6541970205 1949766.8209071725),G0075,가로등,,37.546581,127.1067219,True,True
2904,가로등,POINT (965283.6154439187 1949761.4840535442),G0075,가로등,,37.5465338,127.1069934,True,True
2905,가로등,POINT (965308.0468469863 1949756.6112792382),G0083,가로등,,37.5464908,127.1072702,True,True
2906,가로등,POINT (965331.0547742889 1949751.433870053),G0083,가로등,,37.546445,127.1075309,True,True
2907,가로등,POINT (962419.7103288082 1951175.7942670523),G0028,가로등,,37.5591691,127.0745009,True,True
2908,가로등,POINT (962446.6524147874 1951162.935647927),G0028,가로등,,37.5590543,127.0748066,True,True
2909,가로등,POINT (962475.0179141795 1951148.417575586),G0028,가로등,,37.5589246,127.0751285,True,True
2910,가로등,POINT (962497.9458126745 1951136.520319824),G0028,가로등,,37.5588183,127.0753887,True,True
2911,가로등,POINT (962503.18842999 1951145.461139402),G0028,가로등,,37.5588991,127.0754476,True,True
2912,가로등,POINT (962529.1966380178 1951133.0729863849),G0028,가로등,,37.5587885,127.0757427,True,True
2913,가로등,POINT (962552.3631230816 1951121.1748057215),G0028,가로등,,37.5586822,127.0760056,True,True
2914,가로등,POINT (962575.296507415 1951110.453777535),G0028,가로등,,37.5585865,127.0762658,True,True
2915,가로등,POINT (962329.1643173109 1950565.109766941),G0026,가로등,,37.5536611,127.0735071,True,True
2916,가로등,POINT (962124.4799020136 1950387.172599486),G0017,가로등,,37.5520489,127.071199,True,True
2917,가로등,POINT (962119.7168112845 1950365.4265777308),G0017,가로등,,37.5518527,127.0711462,True,True
2918,가로등,POINT (962115.4719573831 1950339.1737573934),G0017,가로등,,37.5516159,127.0710995,True,True
2919,가로등,POINT (962112.2668156096 1950306.5478538012),G0017,가로등,,37.5513217,127.0710649,True,True
2920,가로등,POINT (962110.4732702647 1950277.4214279717),G0017,가로등,,37.5510591,127.0710461,True,True
2921,가로등,POINT (962105.2288148456 1950248.9320529918),G0017,가로등,,37.5508021,127.0709882,True,True
2922,가로등,POINT (962102.4684363025 1950226.6776447683),G0017,가로등,,37.5506014,127.0709581,True,True
2923,가로등,POINT (962096.2191752086 1950198.6810282997),G0017,가로등,,37.5503488,127.0708888,True,True
2924,가로등,POINT (962090.7180790759 1950168.1736061238),G0017,가로등,,37.5500736,127.0708281,True,True
2925,가로등,POINT (962084.7195116447 1950140.9302929244),G0017,가로등,,37.5498278,127.0707616,True,True
2926,가로등,POINT (962294.0182710263 1950541.8040657246),G0026,가로등,,37.5534496,127.0731104,True,True
2927,가로등,POINT (962080.9702191633 1950114.9193166208),G0017,가로등,,37.5495932,127.0707205,True,True
2928,가로등,POINT (962075.2248439778 1950083.1704197335),G0016,가로등,,37.5493068,127.0706571,True,True
2929,가로등,POINT (962071.2224914375 1950055.91800223),G0016,가로등,,37.549061,127.0706132,True,True
2930,가로등,POINT (962062.9740556942 1950025.4231512677),G0016,가로등,,37.5487858,127.0705214,True,True
2931,가로등,POINT (962056.2264066507 1949996.6744094102),G0016,가로등,,37.5485264,127.0704465,True,True
2932,가로등,POINT (962051.7241410312 1949972.1646707435),G0016,가로등,,37.5483053,127.0703968,True,True
2933,가로등,POINT (962075.5381549622 1949983.4944869378),G0016,가로등,,37.5484084,127.0706658,True,True
2934,가로등,POINT (962082.7892974706 1950012.252038965),G0016,가로등,,37.5486679,127.0707464,True,True
2935,가로등,POINT (962261.9714626736 1950522.1789512036),G0017,가로등,,37.5532714,127.0727486,True,True
2936,가로등,POINT (962229.970331582 1950502.919875566),G0017,가로등,,37.5530965,127.0723873,True,True
2937,가로등,POINT (962210.9732585868 1950489.9256923713),G0017,가로등,,37.5529786,127.0721729,True,True
2938,가로등,POINT (962193.7275607866 1950479.4198792486),G0017,가로등,,37.5528832,127.0719782,True,True
2939,가로등,POINT (962171.2273377216 1950461.4158499998),G0017,가로등,,37.55272,127.0717244,True,True
2940,가로등,POINT (962159.9777659258 1950448.6638556197),G0017,가로등,,37.5526046,127.0715977,True,True
2941,가로등,POINT (962140.2281994211 1950425.665865667),G0017,가로등,,37.5523965,127.0713753,True,True
2942,가로등,POINT (962087.283398042 1950034.997779597),G0016,가로등,,37.5488731,127.0707961,True,True
2943,가로등,POINT (962101.0770479218 1950032.1278665138),G0016,가로등,,37.5488478,127.0709524,True,True
2944,가로등,POINT (962117.5386442423 1950031.2428457453),G0016,가로등,,37.5488405,127.0711388,True,True
2945,가로등,POINT (962144.0360161843 1950032.497752392),G0016,가로등,,37.5488529,127.0714387,True,True
2946,가로등,POINT (962141.7943200152 1950015.4998466785),G0016,가로등,,37.5486996,127.0714142,True,True
2947,가로등,POINT (962143.7861144182 1949998.9929969562),G0016,가로등,,37.5485509,127.0714376,True,True
2948,가로등,POINT (962141.0363561256 1949980.9988882393),G0016,가로등,,37.5483886,127.0714074,True,True
2949,가로등,POINT (963125.5394427984 1951505.5135459756),G0039,가로등,,37.5621695,127.0824758,True,True
2950,가로등,POINT (963142.793383457 1951492.766793009),G0039,가로등,,37.5620553,127.0826718,True,True
2951,가로등,POINT (963169.4124023981 1951474.7640195298),G0039,가로등,,37.5618941,127.0829741,True,True
2952,가로등,POINT (963186.6653423185 1951461.7621868367),G0039,가로등,,37.5617776,127.0831701,True,True
2953,가로등,POINT (963207.9170245293 1951448.2655945478),G0039,가로등,,37.5616568,127.0834114,True,True
2954,가로등,POINT (963227.9102352281 1951433.7761121416),G0039,가로등,,37.561527,127.0836385,True,True
2955,가로등,POINT (963246.6625510638 1951420.2685046063),G0039,가로등,,37.561406,127.0838515,True,True
2956,가로등,POINT (963269.4135856716 1951404.2580383748),G0039,가로등,,37.5612626,127.0841099,True,True
2957,가로등,POINT (963290.4149693382 1951390.0194263777),G0050,가로등,,37.5611351,127.0843484,True,True
2958,가로등,POINT (963298.9126115952 1951414.2680874343),G0050,가로등,,37.561354,127.0844434,True,True
2959,가로등,POINT (963278.1652906897 1951430.0255252316),G0039,가로등,,37.5614952,127.0842077,True,True
2960,가로등,POINT (963252.1641206491 1951448.0252088828),G0039,가로등,,37.5616564,127.0839124,True,True
2961,가로등,POINT (963233.9174468872 1951464.0157725287),G0039,가로등,,37.5617998,127.083705,True,True
2962,가로등,POINT (963212.4163299883 1951479.0222798183),G0039,가로등,,37.5619342,127.0834608,True,True
2963,가로등,POINT (963191.2072553317 1951492.1525488421),G0039,가로등,,37.5620517,127.08322,True,True
2964,가로등,POINT (963164.16484636 1951512.2651204106),G0039,가로등,,37.5622319,127.0829128,True,True
2965,가로등,POINT (963145.9152318705 1951527.5236471598),G0039,가로등,,37.5623687,127.0827054,True,True
2966,가로등,POINT (963133.9128914047 1951535.52073584),G0039,가로등,,37.5624403,127.0825691,True,True
2967,가로등,POINT (962626.6641204845 1951718.2664674371),G0029,가로등,,37.564067,127.0768164,True,True
2968,가로등,POINT (962833.6594492889 1951635.025504788),G0040,가로등,,37.5633251,127.0791644,True,True
2969,가로등,POINT (962858.1636842445 1951624.2760136088),G0040,가로등,,37.5632292,127.0794424,True,True
2970,가로등,POINT (962872.4122399521 1951617.0229108531),G0040,가로등,,37.5631644,127.0796041,True,True
2971,가로등,POINT (962649.917271113 1951710.2623753918),G0029,가로등,,37.5639958,127.0770801,True,True
2972,가로등,POINT (962677.4183826364 1951700.2643916076),G0029,가로등,,37.5639068,127.077392,True,True
2973,가로등,POINT (962703.4159041428 1951689.762900745),G0029,가로등,,37.5638132,127.0776869,True,True
2974,가로등,POINT (962725.9175282149 1951681.5405071971),G0029,가로등,,37.56374,127.0779421,True,True
2975,가로등,POINT (962746.2104599046 1951673.1394789303),G0029,가로등,,37.5636651,127.0781723,True,True
2976,가로등,POINT (962774.663849815 1951660.774378723),G0029,가로등,,37.5635548,127.0784951,True,True
2977,가로등,POINT (962791.4204398207 1951653.5098867835),G0040,가로등,,37.56349,127.0786852,True,True
2978,가로등,POINT (962816.9148976769 1951643.0221055674),G0040,가로등,,37.5633965,127.0789744,True,True
2979,가로등,POINT (963863.6649083723 1951148.2587723925),G0060,가로등,,37.5589787,127.0908509,True,True
2980,가로등,POINT (963888.4181256006 1951137.2671969337),G0060,가로등,,37.5588806,127.0911317,True,True
2981,가로등,POINT (963929.1664849132 1951128.2586912138),G0060,가로등,,37.558801,127.0915935,True,True
2982,가로등,POINT (963961.1646948196 1951130.0169022125),G0060,가로등,,37.5588181,127.0919557,True,True
2983,가로등,POINT (963992.9139728973 1951137.5122536088),G0060,가로등,,37.5588869,127.0923148,True,True
2984,가로등,POINT (964033.6620684756 1951146.7660671219),G0060,가로등,,37.5589719,127.0927757,True,True
2985,가로등,POINT (964069.4156576878 1951153.0128548685),G0060,가로등,,37.5590296,127.0931802,True,True
2986,가로등,POINT (964101.1640343289 1951156.2593692474),G0060,가로등,,37.5590601,127.0935395,True,True
2987,가로등,POINT (964139.6634261524 1951172.5130582445),G0060,가로등,,37.5592081,127.0939746,True,True
2988,가로등,POINT (964153.9186960793 1951195.0180180178),G0060,가로등,,37.5594115,127.0941349,True,True
2989,가로등,POINT (964174.4217356083 1951226.515990876),G0060,가로등,,37.5596962,127.0943655,True,True
2990,가로등,POINT (964194.1683239037 1951258.7717135265),G0060,가로등,,37.5599877,127.0945875,True,True
2991,가로등,POINT (964211.4605259968 1951285.135707453),G0060,가로등,,37.560226,127.094782,True,True
2992,가로등,POINT (964239.1584313314 1951307.7714764944),G0060,가로등,,37.5604311,127.0950945,True,True
2993,가로등,POINT (964270.4088638384 1951335.018516428),G0060,가로등,,37.5606779,127.095447,True,True
2994,가로등,POINT (964285.9150522463 1951361.024228105),G0060,가로등,,37.5609129,127.0956213,True,True
2995,가로등,POINT (964305.6612860516 1951389.2639499027),G0069,가로등,,37.5611682,127.0958435,True,True
2996,가로등,POINT (964309.6654868174 1951408.5181500546),G0069,가로등,,37.5613419,127.0958879,True,True
2997,가로등,POINT (964314.1628685954 1951439.7746508257),G0069,가로등,,37.5616238,127.0959373,True,True
2998,가로등,POINT (964322.165026207 1951464.5257153881),G0069,가로등,,37.5618472,127.0960267,True,True
2999,가로등,POINT (964330.1662905532 1951487.02457643),G0069,가로등,,37.5620503,127.0961162,True,True
3000,가로등,POINT (964338.914422736 1951504.527640703),G0069,가로등,,37.5622084,127.0962144,True,True
3001,가로등,POINT (962883.9160587211 1951643.7762136962),G0040,가로등,,37.563406,127.079733,True,True
3002,가로등,POINT (962675.1644376484 1951731.2730841292),G0029,가로등,,37.5641862,127.0773649,True,True
3003,가로등,POINT (962658.4166830718 1951736.518541763),G0029,가로등,,37.5642328,127.077175,True,True
3004,가로등,POINT (962630.66075044 1951746.77291595),G0029,가로등,,37.5643241,127.0768602,True,True
3005,가로등,POINT (962867.6625685729 1951649.019034474),G0040,가로등,,37.5634526,127.0795487,True,True
3006,가로등,POINT (962838.4160102017 1951663.7727217888),G0040,가로등,,37.5635844,127.0792168,True,True
3007,가로등,POINT (962819.9239569985 1951672.02122488),G0040,가로등,,37.563658,127.079007,True,True
3008,가로등,POINT (962793.6668602559 1951683.7661164273),G0040,가로등,,37.5637628,127.0787091,True,True
3009,가로등,POINT (962768.9220161813 1951692.0094824778),G0029,가로등,,37.5638361,127.0784285,True,True
3010,가로등,POINT (962746.1690780385 1951703.2728314048),G0029,가로등,,37.5639367,127.0781703,True,True
3011,가로등,POINT (962725.1700976833 1951711.765789401),G0029,가로등,,37.5640124,127.0779321,True,True
3012,가로등,POINT (962697.4195866518 1951723.2625185845),G0029,가로등,,37.5641149,127.0776173,True,True
3013,가로등,POINT (962893.6699072834 1951609.0173408135),G0040,가로등,,37.5630931,127.0798452,True,True
3014,가로등,POINT (963092.1663783285 1951522.0154272376),G0039,가로등,,37.5623169,127.0820971,True,True
3015,가로등,POINT (962916.6685462039 1951599.2732769747),G0039,가로등,,37.5630062,127.0801061,True,True
3016,가로등,POINT (962937.9240713245 1951590.7685704643),G0039,가로등,,37.5629304,127.0803472,True,True
3017,가로등,POINT (962964.1727818763 1951579.01308564),G0039,가로등,,37.5628255,127.080645,True,True
3018,가로등,POINT (962982.1650934416 1951571.5104816179),G0039,가로등,,37.5627586,127.0808491,True,True
3019,가로등,POINT (963007.9204895858 1951560.0125147104),G0039,가로등,,37.562656,127.0811413,True,True
3020,가로등,POINT (963031.6690019172 1951550.0213485798),G0039,가로등,,37.5625669,127.0814107,True,True
3021,가로등,POINT (963052.7022967562 1951541.1407102589),G0039,가로등,,37.5624877,127.0816493,True,True
3022,가로등,POINT (963070.4160536595 1951534.5160194016),G0039,가로등,,37.5624287,127.0818502,True,True
3023,가로등,POINT (963103.9180786556 1951551.020141522),G0039,가로등,,37.5625788,127.0822287,True,True
3024,가로등,POINT (962903.1666141438 1951635.2692872072),G0040,가로등,,37.5633301,127.0799514,True,True
3025,가로등,POINT (963084.671417799 1951556.5199214304),G0039,가로등,,37.5626276,127.0820105,True,True
3026,가로등,POINT (963065.4204480918 1951565.0153287058),G0039,가로등,,37.5627034,127.0817921,True,True
3027,가로등,POINT (963044.6670479628 1951573.273387466),G0039,가로등,,37.562777,127.0815567,True,True
3028,가로등,POINT (963022.1682831649 1951582.271523092),G0039,가로등,,37.5628572,127.0813015,True,True
3029,가로등,POINT (962996.6690826319 1951591.793451539),G0039,가로등,,37.562942,127.0810123,True,True
3030,가로등,POINT (962976.1621885126 1951601.8257334763),G0039,가로등,,37.5630316,127.0807796,True,True
3031,가로등,POINT (962949.7063294998 1951614.6471955404),G0040,가로등,,37.5631461,127.0804794,True,True
3032,가로등,POINT (962928.1643279915 1951622.2766724473),G0040,가로등,,37.563214,127.0802351,True,True
3033,가로등,POINT (963322.9559872882 1951366.8985141604),G0050,가로등,,37.560928,127.084718,True,True
3034,가로등,POINT (963500.9103233201 1951243.7621369627),G0050,가로등,,37.5598252,127.086739,True,True
3035,가로등,POINT (963515.6613717517 1951234.0116478081),G0050,가로등,,37.5597379,127.0869065,True,True
3036,가로등,POINT (963536.9119749633 1951220.0166605266),G0050,가로등,,37.5596126,127.0871478,True,True
3037,가로등,POINT (963552.91618638 1951210.0166518502),G0050,가로등,,37.5595231,127.0873295,True,True
3038,가로등,POINT (963567.9125295641 1951197.7688810008),G0050,가로등,,37.5594133,127.0874999,True,True
3039,가로등,POINT (963342.9158340085 1951352.7644921409),G0050,가로등,,37.5608014,127.0849447,True,True
3040,가로등,POINT (963360.9145084032 1951340.514174659),G0050,가로등,,37.5606917,127.0851491,True,True
3041,가로등,POINT (963381.9172370868 1951326.5087814438),G0050,가로등,,37.5605663,127.0853876,True,True
3042,가로등,POINT (963400.9185127764 1951313.2667042548),G0050,가로등,,37.5604477,127.0856034,True,True
3043,가로등,POINT (963425.1683423682 1951296.5178183333),G0050,가로등,,37.5602977,127.0858788,True,True
3044,가로등,POINT (963447.6606197358 1951281.7626893173),G0050,가로등,,37.5601656,127.0861342,True,True
3045,가로등,POINT (963466.2023018091 1951268.4007473455),G0050,가로등,,37.5600459,127.0863448,True,True
3046,가로등,POINT (963480.6700564229 1951258.5183054581),G0050,가로등,,37.5599574,127.0865091,True,True
3047,가로등,POINT (963559.1675133295 1951239.7672880099),G0050,가로등,,37.5597915,127.0873988,True,True
3048,가로등,POINT (963371.9180927686 1951364.2636805675),G0050,가로등,,37.5609062,127.0852725,True,True
3049,가로등,POINT (963352.1674473064 1951377.7754076486),G0050,가로등,,37.5610272,127.0850482,True,True
3050,가로등,POINT (963337.4201288087 1951388.269521266),G0050,가로등,,37.5611212,127.0848807,True,True
3051,가로등,POINT (963315.9097486825 1951403.2647004363),G0050,가로등,,37.5612555,127.0846364,True,True
3052,가로등,POINT (963539.1657197837 1951250.5281859122),G0050,가로등,,37.5598877,127.0871718,True,True
3053,가로등,POINT (963514.9210444017 1951266.522273378),G0050,가로등,,37.5600309,127.0868965,True,True
3054,가로등,POINT (963496.9164212684 1951279.5156198158),G0050,가로등,,37.5601473,127.086692,True,True
3055,가로등,POINT (963473.1610374611 1951296.2732123504),G0050,가로등,,37.5602974,127.0864222,True,True
3056,가로등,POINT (963453.1637979372 1951310.0187669967),G0050,가로등,,37.5604205,127.0861951,True,True
3057,가로등,POINT (963432.6742359167 1951324.2657997617),G0050,가로등,,37.5605481,127.0859624,True,True
3058,가로등,POINT (963415.4107198342 1951337.0230743391),G0050,가로등,,37.5606624,127.0857663,True,True
3059,가로등,POINT (963392.6602744217 1951351.2690781686),G0050,가로등,,37.5607899,127.085508,True,True
3060,가로등,POINT (963600.417429163 1951194.2646051124),G0050,가로등,,37.559383,127.0878681,True,True
3061,가로등,POINT (963622.1686725607 1951171.5139553694),G0050,가로등,,37.5591788,127.0881155,True,True
3062,가로등,POINT (963650.4159790007 1951153.760799608),G0050,가로등,,37.5590199,127.0884362,True,True
3063,가로등,POINT (963681.4140923162 1951151.017878517),G0050,가로등,,37.5589964,127.0887873,True,True
3064,가로등,POINT (963716.1699737629 1951155.2593792444),G0050,가로등,,37.559036,127.0891806,True,True
3065,가로등,POINT (963752.6646117147 1951161.2574837757),G0050,가로등,,37.5590915,127.0895935,True,True
3066,가로등,POINT (963788.1702426998 1951163.2659846153),G0050,가로등,,37.559111,127.0899954,True,True
3067,가로등,POINT (963819.4178345544 1951161.021750313),G0060,가로등,,37.559092,127.0903493,True,True
3068,가로등,POINT (961777.8594641575 1948240.8012388828),G0007,가로등,,37.5326886,127.0673867,True,True
3069,가로등,POINT (961787.2257571723 1948265.9429988472),G0007,가로등,,37.5329156,127.0674914,True,True
3070,가로등,POINT (961804.1342939498 1948294.2564472863),G0013,가로등,,37.5331715,127.0676813,True,True
3071,가로등,POINT (961813.7747100198 1948317.5552665612),G0013,가로등,,37.5333819,127.0677892,True,True
3072,가로등,POINT (961823.7190019576 1948345.4680728256),G0013,가로등,,37.5336339,127.0679003,True,True
3073,가로등,POINT (961832.147268821 1948368.417454708),G0013,가로등,,37.5338411,127.0679945,True,True
3074,가로등,POINT (961843.3773844414 1948395.4589963492),G0013,가로등,,37.5340853,127.0681202,True,True
3075,가로등,POINT (961851.5648858835 1948416.0241554803),G0013,가로등,,37.534271,127.0682118,True,True
3076,가로등,POINT (961859.272965271 1948436.0922645715),G0013,가로등,,37.5344522,127.068298,True,True
3077,가로등,POINT (962357.5408470482 1949853.0584836241),G0025,가로등,,37.5472443,127.0738649,True,True
3078,가로등,POINT (962262.1516374683 1949605.4702607756),G0015,가로등,,37.5450088,127.0727978,True,True
3079,가로등,POINT (962249.2562215816 1949570.9579091915),G0015,가로등,,37.5446972,127.0726536,True,True
3080,가로등,POINT (962240.7870143543 1949548.2079808398),G0015,가로등,,37.5444918,127.0725589,True,True
3081,가로등,POINT (962229.8503575934 1949519.0343804394),G0015,가로등,,37.5442284,127.0724366,True,True
3082,가로등,POINT (962219.6718232818 1949491.4660715885),G0015,가로등,,37.5439795,127.0723228,True,True
3083,가로등,POINT (962211.7300177509 1949470.1117014706),G0015,가로등,,37.5437867,127.072234,True,True
3084,가로등,POINT (962199.1273771258 1949435.964221435),G0015,가로등,,37.5434784,127.0720931,True,True
3085,가로등,POINT (962189.3180582111 1949409.9808063258),G0015,가로등,,37.5432438,127.0719834,True,True
3086,가로등,POINT (962179.4834905941 1949384.285979101),G0015,가로등,,37.5430118,127.0718734,True,True
3087,가로등,POINT (962168.1105626073 1949354.4598638755),G0015,가로등,,37.5427425,127.0717462,True,True
3088,가로등,POINT (962345.5598735262 1949819.3850284137),G0025,가로등,,37.5469403,127.073731,True,True
3089,가로등,POINT (962160.1986905715 1949333.9153177906),G0015,가로등,,37.542557,127.0716577,True,True
3090,가로등,POINT (962335.0029374093 1949791.9736155882),G0025,가로등,,37.5466928,127.0736129,True,True
3091,가로등,POINT (962327.0385751099 1949771.362576997),G0025,가로등,,37.5465067,127.0735238,True,True
3092,가로등,POINT (962314.7164043197 1949740.4200015306),G0025,가로등,,37.5462273,127.0733859,True,True
3093,가로등,POINT (962303.313073787 1949711.47031279),G0025,가로등,,37.5459659,127.0732583,True,True
3094,가로등,POINT (962292.2077249656 1949683.9615927914),G0025,가로등,,37.5457175,127.073134,True,True
3095,가로등,POINT (962281.759525293 1949657.226529599),G0016,가로등,,37.5454761,127.0730171,True,True
3096,가로등,POINT (962272.9063573366 1949633.5352653963),G0016,가로등,,37.5452622,127.0729181,True,True
3097,가로등,POINT (962089.4135165894 1948742.3273444155),G0014,가로등,,37.5372219,127.070887,True,True
3098,가로등,POINT (962067.3853589672 1948751.3812729346),G0014,가로등,,37.5373026,127.0706372,True,True
3099,가로등,POINT (962045.8357398076 1948760.7437244821),G0014,가로등,,37.5373861,127.0703928,True,True
3100,가로등,POINT (962024.109729207 1948770.162512198),G0014,가로등,,37.5374701,127.0701464,True,True
3101,가로등,POINT (962002.5596483314 1948779.4030384375),G0014,가로등,,37.5375525,127.069902,True,True
3102,가로등,POINT (962543.1793295536 1950144.5856241067),G0026,가로등,,37.5498795,127.0759515,True,True
3103,가로등,POINT (962644.5080016232 1950407.9491838398),G0026,가로등,,37.5522574,127.0770852,True,True
3104,가로등,POINT (962657.7793917751 1950442.2496682592),G0026,가로등,,37.5525671,127.0772337,True,True
3105,가로등,POINT (962669.1704402545 1950470.9225376162),G0026,가로등,,37.552826,127.0773612,True,True
3106,가로등,POINT (962680.6650549199 1950501.0372640816),G0026,가로등,,37.5530979,127.0774898,True,True
3107,가로등,POINT (962689.6166893006 1950521.544357341),G0026,가로등,,37.5532831,127.0775901,True,True
3108,가로등,POINT (962700.7575146541 1950549.6192832661),G0026,가로등,,37.5535366,127.0777148,True,True
3109,가로등,POINT (962710.1228285853 1950571.7887406715),G0026,가로등,,37.5537368,127.0778197,True,True
3110,가로등,POINT (962719.5974732676 1950594.7121552858),G0026,가로등,,37.5539438,127.0779258,True,True
3111,가로등,POINT (962729.913910489 1950618.2420088828),G0027,가로등,,37.5541563,127.0780414,True,True
3112,가로등,POINT (962738.9161859913 1950640.246708859),G0027,가로등,,37.554355,127.0781422,True,True
3113,가로등,POINT (962554.2677437917 1950168.655412386),G0026,가로등,,37.5500969,127.0760758,True,True
3114,가로등,POINT (962565.0892001023 1950192.3048218475),G0026,가로등,,37.5503105,127.0761971,True,True
3115,가로등,POINT (962576.1925052839 1950215.786555331),G0026,가로등,,37.5505226,127.0763216,True,True
3116,가로등,POINT (962584.1498201676 1950238.9829226455),G0026,가로등,,37.550732,127.0764105,True,True
3117,가로등,POINT (962591.6649886735 1950262.0814377517),G0026,가로등,,37.5509405,127.0764944,True,True
3118,가로등,POINT (962602.9003786587 1950295.3148223117),G0026,가로등,,37.5512405,127.0766199,True,True
3119,가로등,POINT (962612.9192082458 1950325.1809221043),G0026,가로등,,37.5515101,127.0767318,True,True
3120,가로등,POINT (962629.6078421652 1950370.9378583818),G0026,가로등,,37.5519232,127.0769184,True,True
3121,가로등,POINT (962491.6470175942 1950115.5948855076),G0026,가로등,,37.5496161,127.0753696,True,True
3122,가로등,POINT (962384.5356692164 1949889.9146752562),G0025,가로등,,37.5475776,127.0741686,True,True
3123,가로등,POINT (962420.4602330722 1949879.7446529237),G0025,가로등,,37.5474874,127.0745758,True,True
3124,가로등,POINT (962428.0382035682 1949908.745091925),G0025,가로등,,37.5477491,127.0746601,True,True
3125,가로등,POINT (962441.0755752219 1949933.9042823727),G0025,가로등,,37.5479764,127.0748064,True,True
3126,가로등,POINT (962452.3713425932 1949956.8191512742),G0025,가로등,,37.5481834,127.0749331,True,True
3127,가로등,POINT (962464.7394881615 1949982.48066451),G0025,가로등,,37.5484152,127.0750718,True,True
3128,가로등,POINT (962477.0666105823 1950006.8997795167),G0025,가로등,,37.5486358,127.0752101,True,True
3129,가로등,POINT (962487.3418911971 1950028.8318823318),G0025,가로등,,37.5488339,127.0753253,True,True
3130,가로등,POINT (962500.5176954705 1950057.3411288438),G0025,가로등,,37.5490914,127.075473,True,True
3131,가로등,POINT (962529.7775984985 1950034.620321823),G0025,가로등,,37.5488878,127.0758054,True,True
3132,가로등,POINT (962483.0425259726 1950095.8741599577),G0025,가로등,,37.549438,127.0752732,True,True
3133,가로등,POINT (962515.2766465308 1950088.2618864093),G0025,가로등,,37.5493707,127.0756385,True,True
3134,가로등,POINT (962544.5179465645 1950141.72825784),G0026,가로등,,37.5498538,127.0759668,True,True
3135,가로등,POINT (962474.5632738105 1950074.5552460572),G0025,가로등,,37.5492455,127.0751783,True,True
3136,가로등,POINT (962465.6675531829 1950054.9135173908),G0025,가로등,,37.5490681,127.0750786,True,True
3137,가로등,POINT (962449.4558866448 1950021.2035604469),G0025,가로등,,37.5487636,127.0748968,True,True
3138,가로등,POINT (962438.5027406726 1949995.9017921856),G0025,가로등,,37.5485351,127.0747741,True,True
3139,가로등,POINT (962426.4968015668 1949970.2608672772),G0025,가로등,,37.5483035,127.0746395,True,True
3140,가로등,POINT (962408.9499612141 1949934.3824771894),G0025,가로등,,37.5479794,127.0744427,True,True
3141,가로등,POINT (962397.2932370857 1949913.7215168949),G0025,가로등,,37.5477927,127.0743118,True,True
3142,가로등,POINT (962748.3713181145 1950662.7930256622),G0027,가로등,,37.5545586,127.0782481,True,True
3143,가로등,POINT (962856.3514831979 1950907.3904830373),G0038,가로등,,37.5567676,127.0794582,True,True
3144,가로등,POINT (962762.1736352076 1950693.5520988533),G0027,가로등,,37.5548364,127.0784028,True,True
3145,가로등,POINT (962775.1357627717 1950724.093068841),G0027,가로등,,37.5551122,127.078548,True,True
3146,가로등,POINT (962787.7088169199 1950754.5581405198),G0027,가로등,,37.5553873,127.0786888,True,True
3147,가로등,POINT (962800.1620206352 1950781.9505451007),G0038,가로등,,37.5556347,127.0788284,True,True
3148,가로등,POINT (962811.7788277173 1950807.9931652253),G0038,가로등,,37.5558699,127.0789586,True,True
3149,가로등,POINT (962824.2260122531 1950834.0764621254),G0038,가로등,,37.5561055,127.0790982,True,True
3150,가로등,POINT (962836.1446642005 1950860.4949838184),G0038,가로등,,37.5563441,127.0792318,True,True
3151,가로등,POINT (962846.0833839491 1950882.6620297853),G0038,가로등,,37.5565443,127.0793432,True,True
3152,가로등,POINT (962707.4415625226 1950659.193484327),G0027,가로등,,37.5545245,127.0777849,True,True
3153,가로등,POINT (962609.2846487435 1950414.4982507387),G0026,가로등,,37.552315,127.0766861,True,True
3154,가로등,POINT (962597.7285285715 1950384.5392248807),G0026,가로등,,37.5520445,127.0765568,True,True
3155,가로등,POINT (962587.0089886406 1950357.949224431),G0026,가로등,,37.5518044,127.0764368,True,True
3156,가로등,POINT (962577.7757733682 1950331.8961780227),G0026,가로등,,37.5515692,127.0763336,True,True
3157,가로등,POINT (962568.0751825729 1950304.0701026726),G0026,가로등,,37.551318,127.0762252,True,True
3158,가로등,POINT (962563.1433746715 1950285.7972335839),G0026,가로등,,37.5511531,127.0761703,True,True
3159,가로등,POINT (962555.286681297 1950265.3297183206),G0026,가로등,,37.5509683,127.0760824,True,True
3160,가로등,POINT (962546.4090934383 1950239.8298376238),G0026,가로등,,37.5507381,127.0759832,True,True
3161,가로등,POINT (962533.8594724982 1950207.090623441),G0026,가로등,,37.5504425,127.0758428,True,True
3162,가로등,POINT (962518.4275417359 1950173.7875154975),G0026,가로등,,37.5501417,127.0756698,True,True
3163,가로등,POINT (962698.3298914087 1950636.4459657553),G0027,가로등,,37.5543191,127.0776829,True,True
3164,가로등,POINT (962507.3740618228 1950149.6510479974),G0026,가로등,,37.5499237,127.0755459,True,True
3165,가로등,POINT (962687.4158621847 1950611.6429486072),G0027,가로등,,37.5540951,127.0775606,True,True
3166,가로등,POINT (962673.523620578 1950576.690618301),G0026,가로등,,37.5537795,127.0774051,True,True
3167,가로등,POINT (962661.407941195 1950547.9100522134),G0026,가로등,,37.5535196,127.0772694,True,True
3168,가로등,POINT (962648.633012116 1950515.9372054534),G0026,가로등,,37.5532309,127.0771264,True,True
3169,가로등,POINT (962637.6193201647 1950488.6827815326),G0026,가로등,,37.5529848,127.0770031,True,True
3170,가로등,POINT (962628.6739031528 1950465.6683206796),G0026,가로등,,37.552777,127.076903,True,True
3171,가로등,POINT (962620.2955891293 1950443.0618193331),G0026,가로등,,37.5525729,127.0768093,True,True
3172,가로등,POINT (962892.1543928297 1951003.2658480108),G0038,가로등,,37.5576332,127.0798587,True,True
3173,가로등,POINT (962997.7806775569 1951238.855721311),G0039,가로등,,37.5597609,127.0810427,True,True
3174,가로등,POINT (963009.350108389 1951264.4550452635),G0039,가로등,,37.5599921,127.0811724,True,True
3175,가로등,POINT (963019.9162179232 1951288.8828196286),G0039,가로등,,37.5602127,127.0812908,True,True
3176,가로등,POINT (963029.9309801356 1951312.4809625365),G0039,가로등,,37.5604258,127.081403,True,True
3177,가로등,POINT (963043.8646748387 1951343.461817629),G0039,가로등,,37.5607056,127.0815592,True,True
3178,가로등,POINT (963056.500913092 1951372.6733226532),G0039,가로등,,37.5609694,127.0817008,True,True
3179,가로등,POINT (963067.7287939339 1951397.0205506093),G0039,가로등,,37.5611893,127.0818267,True,True
3180,가로등,POINT (963080.0351805894 1951425.5789736304),G0039,가로등,,37.5614472,127.0819646,True,True
3181,가로등,POINT (963091.1209730022 1951449.7826347302),G0039,가로등,,37.5616658,127.0820889,True,True
3182,가로등,POINT (963101.1986508181 1951471.7274781603),G0039,가로등,,37.561864,127.0822019,True,True
3183,가로등,POINT (962903.8960555855 1951027.732597168),G0038,가로등,,37.5578542,127.0799904,True,True
3184,가로등,POINT (963113.3486606269 1951498.9330957504),G0039,가로등,,37.5621097,127.0823381,True,True
3185,가로등,POINT (962913.6868697328 1951052.4632554017),G0038,가로등,,37.5580775,127.0801,True,True
3186,가로등,POINT (962925.1103930166 1951076.9203614022),G0038,가로등,,37.5582984,127.0802281,True,True
3187,가로등,POINT (962940.0647045039 1951110.8032866856),G0039,가로등,,37.5586044,127.0803957,True,True
3188,가로등,POINT (962950.5194777459 1951133.9444867005),G0039,가로등,,37.5588134,127.0805129,True,True
3189,가로등,POINT (962962.5436144366 1951158.4544374293),G0039,가로등,,37.5590348,127.0806478,True,True
3190,가로등,POINT (962975.4293168716 1951186.0448821692),G0039,가로등,,37.559284,127.0807923,True,True
3191,가로등,POINT (962987.0335235551 1951211.4886941123),G0039,가로등,,37.5595138,127.0809224,True,True
3192,가로등,POINT (962831.0861736136 1950938.0139063715),G0038,가로등,,37.5570426,127.0791706,True,True
3193,가로등,POINT (962727.4341813833 1950703.360343407),G0027,가로등,,37.5549234,127.078009,True,True
3194,가로등,POINT (962714.80856814 1950675.0257742815),G0027,가로등,,37.5546675,127.0778675,True,True
3195,가로등,POINT (962818.2399909038 1950907.605462272),G0038,가로등,,37.556768,127.0790267,True,True
3196,가로등,POINT (962803.7322789718 1950876.9936836592),G0038,가로등,,37.5564915,127.078864,True,True
3197,가로등,POINT (962789.9355319815 1950847.3772643665),G0038,가로등,,37.556224,127.0787093,True,True
3198,가로등,POINT (962781.9283347705 1950828.56331063),G0027,가로등,,37.5560541,127.0786196,True,True
3199,가로등,POINT (962773.1672072228 1950809.0537810293),G0027,가로등,,37.5558779,127.0785214,True,True
3200,가로등,POINT (962761.2788606959 1950783.5449755504),G0027,가로등,,37.5556475,127.0783881,True,True
3201,가로등,POINT (962750.57878016 1950759.095944188),G0027,가로등,,37.5554267,127.0782682,True,True
3202,가로등,POINT (962738.9716617006 1950731.333691233),G0027,가로등,,37.555176,127.0781382,True,True
3203,가로등,POINT (963133.4865870398 1951546.9168627015),G0039,가로등,,37.562543,127.0825637,True,True
3204,가로등,POINT (963243.3439574233 1951797.7019055192),G0040,가로등,,37.5648078,127.083795,True,True
3205,가로등,POINT (963260.424684367 1951835.7032182922),G0040,가로등,,37.565151,127.0839865,True,True
3206,가로등,POINT (963272.6989155028 1951863.2746463472),G0040,가로등,,37.5654,127.0841241,True,True
3207,가로등,POINT (963283.2214141755 1951886.1718870911),G0040,가로등,,37.5656068,127.0842421,True,True
3208,가로등,POINT (963294.8020927061 1951912.7146112302),G0051,가로등,,37.5658465,127.0843719,True,True
3209,가로등,POINT (963307.806689158 1951941.7362648137),G0051,가로등,,37.5661086,127.0845177,True,True
3210,가로등,POINT (963321.6227329833 1951972.5405964365),G0051,가로등,,37.5663868,127.0846726,True,True
3211,가로등,POINT (963332.5687055509 1951997.3997874397),G0051,가로등,,37.5666113,127.0847953,True,True
3212,가로등,POINT (963347.7136426585 1952031.1938557404),G0051,가로등,,37.5669165,127.0849651,True,True
3213,가로등,POINT (963360.7201763915 1952060.7370346347),G0051,가로등,,37.5671833,127.0851109,True,True
3214,가로등,POINT (963144.2260909004 1951572.7641458039),G0039,가로등,,37.5627764,127.082684,True,True
3215,가로등,POINT (963371.6928043326 1952085.684917617),G0051,가로등,,37.5674086,127.0852339,True,True
3216,가로등,POINT (963383.4598519227 1952112.559784849),G0052,가로등,,37.5676513,127.0853658,True,True
3217,가로등,POINT (963395.8454879527 1952139.542887286),G0052,가로등,,37.567895,127.0855047,True,True
3218,가로등,POINT (963406.8765943241 1952167.7856803604),G0052,가로등,,37.56815,127.0856282,True,True
3219,가로등,POINT (963417.7893792642 1952193.244244407),G0052,가로등,,37.5683799,127.0857505,True,True
3220,가로등,POINT (963424.9159871502 1952217.2550112493),G0052,가로등,,37.5685966,127.08583,True,True
3221,가로등,POINT (963153.4740482488 1951594.8791578682),G0039,가로등,,37.5629761,127.0827876,True,True
3222,가로등,POINT (963169.1701023586 1951629.147521478),G0040,가로등,,37.5632856,127.0829636,True,True
3223,가로등,POINT (963181.517012223 1951657.0402363492),G0040,가로등,,37.5635375,127.083102,True,True
3224,가로등,POINT (963193.3839851331 1951684.269417381),G0040,가로등,,37.5637834,127.083235,True,True
3225,가로등,POINT (963204.1348916774 1951708.7853670798),G0040,가로등,,37.5640048,127.0833555,True,True
3226,가로등,POINT (963213.8766149833 1951730.7873115395),G0040,가로등,,37.5642035,127.0834647,True,True
3227,가로등,POINT (963226.01004418 1951758.4036725743),G0040,가로등,,37.5644529,127.0836007,True,True
3228,가로등,POINT (963092.024827997 1951516.0027414924),G0039,가로등,,37.5622627,127.0820958,True,True
3229,가로등,POINT (962994.5334085588 1951294.9981557962),G0039,가로등,,37.5602668,127.0810031,True,True
3230,가로등,POINT (962981.2202374225 1951266.566390581),G0039,가로등,,37.56001,127.0808538,True,True
3231,가로등,POINT (962970.03940315 1951239.001613861),G0039,가로등,,37.5597611,127.0807286,True,True
3232,가로등,POINT (962957.3614240405 1951210.445012413),G0039,가로등,,37.5595032,127.0805865,True,True
3233,가로등,POINT (962945.7836207415 1951185.0011230232),G0039,가로등,,37.5592734,127.0804567,True,True
3234,가로등,POINT (962933.5341256497 1951157.496639761),G0039,가로등,,37.559025,127.0803194,True,True
3235,가로등,POINT (962922.2860885423 1951132.750275455),G0039,가로등,,37.5588015,127.0801933,True,True
3236,가로등,POINT (962908.5414347125 1951102.7451113807),G0038,가로등,,37.5585305,127.0800392,True,True
3237,가로등,POINT (962899.2903677227 1951078.2228443967),G0038,가로등,,37.5583091,127.0799357,True,True
3238,가로등,POINT (962887.2902489736 1951051.2498599486),G0038,가로등,,37.5580655,127.0798012,True,True
3239,가로등,POINT (963081.8604874786 1951492.4384706519),G0039,가로등,,37.5620499,127.0819819,True,True
3240,가로등,POINT (962873.5812623181 1951021.3777309922),G0038,가로등,,37.5577957,127.0796475,True,True
3241,가로등,POINT (962864.0740689377 1950998.8758797536),G0038,가로등,,37.5575925,127.079541,True,True
3242,가로등,POINT (963070.8227775132 1951467.1251390835),G0039,가로등,,37.5618213,127.0818582,True,True
3243,가로등,POINT (963061.786431011 1951446.9952245445),G0039,가로등,,37.5616395,127.0817569,True,True
3244,가로등,POINT (963049.0408897807 1951418.9935160093),G0039,가로등,,37.5613866,127.081614,True,True
3245,가로등,POINT (963038.1993226522 1951396.1201839254),G0039,가로등,,37.56118,127.0814924,True,True
3246,가로등,POINT (963026.5405406058 1951368.246807278),G0039,가로등,,37.5609283,127.0813618,True,True
3247,가로등,POINT (963014.2927118107 1951340.9973736661),G0039,가로등,,37.5606822,127.0812245,True,True
3248,가로등,POINT (963003.9682268642 1951317.2674927518),G0039,가로등,,37.5604679,127.0811088,True,True
3249,가로등,POINT (963376.8288448855 1952154.870883758),G0052,가로등,,37.5680324,127.0852886,True,True
3250,가로등,POINT (963269.2535411884 1951914.9134440324),G0040,가로등,,37.5658653,127.0840825,True,True
3251,가로등,POINT (963257.4283551279 1951889.015328491),G0040,가로등,,37.5656314,127.0839499,True,True
3252,가로등,POINT (963244.4943985228 1951860.0489136828),G0040,가로등,,37.5653698,127.0838049,True,True
3253,가로등,POINT (963232.036854782 1951830.9916512133),G0040,가로등,,37.5651074,127.0836653,True,True
3254,가로등,POINT (963220.5836344222 1951805.3804025513),G0040,가로등,,37.5648761,127.0835369,True,True
3255,가로등,POINT (963207.8925934647 1951777.4780582367),G0040,가로등,,37.5646241,127.0833946,True,True
3256,가로등,POINT (963197.785569938 1951754.7454906106),G0040,가로등,,37.5644188,127.0832813,True,True
3257,가로등,POINT (963186.6614170095 1951729.698658783),G0040,가로등,,37.5641926,127.0831566,True,True
3258,가로등,POINT (963174.7902307765 1951703.501309833),G0040,가로등,,37.563956,127.0830235,True,True
3259,가로등,POINT (963161.0429737326 1951672.497214024),G0040,가로등,,37.563676,127.0828694,True,True
3260,가로등,POINT (963362.6246832239 1952124.0570764104),G0052,가로등,,37.5677541,127.0851293,True,True
3261,가로등,POINT (963152.2315611908 1951651.2123550137),G0040,가로등,,37.5634838,127.0827707,True,True
3262,가로등,POINT (963139.5420328291 1951623.7538966925),G0040,가로등,,37.5632358,127.0826284,True,True
3263,가로등,POINT (963125.778981416 1951591.2410538602),G0039,가로등,,37.5629422,127.0824742,True,True
3264,가로등,POINT (963114.1117228925 1951565.3091589233),G0039,가로등,,37.562708,127.0823434,True,True
3265,가로등,POINT (963352.803879962 1952101.955451295),G0051,가로등,,37.5675545,127.0850192,True,True
3266,가로등,POINT (963340.2901005471 1952073.9966462953),G0051,가로등,,37.567302,127.0848789,True,True
3267,가로등,POINT (963328.3038947998 1952047.5333112376),G0051,가로등,,37.567063,127.0847445,True,True
3268,가로등,POINT (963317.269366984 1952022.60794791),G0051,가로등,,37.5668379,127.0846208,True,True
3269,가로등,POINT (963303.0369464514 1951991.4948119915),G0051,가로등,,37.5665569,127.0844612,True,True
3270,가로등,POINT (963292.5842493521 1951966.3672048645),G0051,가로등,,37.56633,127.0843441,True,True
3271,가로등,POINT (963279.8466900985 1951939.81850633),G0040,가로등,,37.5660902,127.0842012,True,True
3272,가로등,POINT (961806.8993233904 1948397.956470823),G0013,가로등,,37.5341063,127.0677072,True,True
3273,가로등,POINT (961725.0206537634 1948184.506162104),G0007,가로등,,37.532179,127.0667916,True,True
3274,가로등,POINT (961797.8225858875 1948374.2556586636),G0013,가로등,,37.5338923,127.0676057,True,True
3275,가로등,POINT (961788.7187310958 1948350.4329402607),G0007,가로등,,37.5336772,127.0675039,True,True
3276,가로등,POINT (961780.3736698893 1948328.3153169435),G0007,가로등,,37.5334775,127.0674106,True,True
3277,가로등,POINT (961772.5054541889 1948308.0705032134),G0007,가로등,,37.5332947,127.0673226,True,True
3278,가로등,POINT (961766.6296501406 1948292.6426990584),G0007,가로등,,37.5331554,127.0672569,True,True
3279,가로등,POINT (961757.399578596 1948268.3102429053),G0007,가로등,,37.5329357,127.0671537,True,True
3280,가로등,POINT (961746.8646497243 1948240.7552631027),G0007,가로등,,37.5326869,127.0670359,True,True
3281,가로등,POINT (961734.4454893817 1948208.882063135),G0007,가로등,,37.5323991,127.066897,True,True
3282,가로등,POINT (961863.1197858356 1948446.48138363),G0013,가로등,,37.534546,127.068341,True,True
3283,가로등,POINT (961940.896445009 1948660.6841003238),G0014,가로등,,37.5364799,127.0692102,True,True
3284,가로등,POINT (961949.1281422569 1948683.290570465),G0014,가로등,,37.536684,127.0693022,True,True
3285,가로등,POINT (961960.7981443467 1948713.9582091053),G0014,가로등,,37.5369609,127.0694327,True,True
3286,가로등,POINT (961971.1460049315 1948741.4588470806),G0014,가로등,,37.5372092,127.0695484,True,True
3287,가로등,POINT (961871.7088608113 1948469.8627596432),G0013,가로등,,37.5347571,127.068437,True,True
3288,가로등,POINT (961881.2058229921 1948494.7155672647),G0013,가로등,,37.5349815,127.0685432,True,True
3289,가로등,POINT (961889.2011093077 1948515.791999834),G0013,가로등,,37.5351718,127.0686326,True,True
3290,가로등,POINT (961900.3676242824 1948519.4131143766),G0013,가로등,,37.5352049,127.0687588,True,True
3291,가로등,POINT (961904.4042765624 1948550.026921671),G0013,가로등,,37.535481,127.0688029,True,True
3292,가로등,POINT (961910.0202394779 1948578.2481423966),G0013,가로등,,37.5357356,127.068865,True,True
3293,가로등,POINT (961922.348372419 1948609.8002801642),G0014,가로등,,37.5360205,127.0690029,True,True
3294,가로등,POINT (961932.0210751571 1948636.4385800993),G0014,가로등,,37.536261,127.069111,True,True
3295,가로등,POINT (961855.9978718067 1948529.0693355713),G0013,가로등,,37.5352901,127.0682561,True,True
3296,가로등,POINT (961847.9332815361 1948506.3845281745),G0013,가로등,,37.5350853,127.068166,True,True
3297,가로등,POINT (961839.8553604219 1948484.6539296356),G0013,가로등,,37.5348891,127.0680757,True,True
3298,가로등,POINT (961825.5818121054 1948447.0753650304),G0013,가로등,,37.5345498,127.0679161,True,True
3299,가로등,POINT (961814.1442305165 1948417.183475091),G0013,가로등,,37.5342799,127.0677882,True,True
3300,가로등,POINT (962037.5908625054 1948893.7174744345),G0014,가로등,,37.5385843,127.0702926,True,True
3301,가로등,POINT (962055.1046313426 1948935.0759773452),G0014,가로등,,37.5389578,127.0704887,True,True
3302,가로등,POINT (962065.430972694 1948959.9252117234),G0014,가로등,,37.5391822,127.0706043,True,True
3303,가로등,POINT (962077.0329339491 1948987.4757304837),G0014,가로등,,37.539431,127.0707342,True,True
3304,가로등,POINT (962089.7390409228 1949009.196535021),G0014,가로등,,37.5396273,127.0708769,True,True
3305,가로등,POINT (961995.5509695078 1948786.546766915),G0014,가로등,,37.5376166,127.0698223,True,True
3306,가로등,POINT (962002.8968007492 1948810.6218375314),G0014,가로등,,37.5378339,127.0699042,True,True
3307,가로등,POINT (962011.9914832109 1948834.6112553452),G0014,가로등,,37.5380505,127.0700059,True,True
3308,가로등,POINT (962023.8522748753 1948862.6597745267),G0014,가로등,,37.5383038,127.0701387,True,True
3309,가로등,POINT (962043.4597767919 1949039.3190444459),G0014,가로등,,37.5398969,127.0703515,True,True
3310,가로등,POINT (961959.7432331191 1948811.584853598),G0014,가로등,,37.5378408,127.0694157,True,True
3311,가로등,POINT (961949.3828161462 1948781.3328119665),G0014,가로등,,37.5375677,127.0693,True,True
3312,가로등,POINT (961938.187291493 1948750.0860912825),G0014,가로등,,37.5372856,127.0691749,True,True
3313,가로등,POINT (961925.9871085207 1948717.479348527),G0014,가로등,,37.5369912,127.0690385,True,True
3314,가로등,POINT (961917.8915628566 1948695.6710903507),G0014,가로등,,37.5367943,127.068948,True,True
3315,가로등,POINT (961903.5005056766 1948657.3606804018),G0014,가로등,,37.5364484,127.0687871,True,True
3316,가로등,POINT (961890.64793946 1948623.192637009),G0014,가로등,,37.5361399,127.0686434,True,True
3317,가로등,POINT (961879.027764735 1948591.9146621928),G0013,가로등,,37.5358575,127.0685135,True,True
3318,가로등,POINT (961871.2086597212 1948570.7153878775),G0013,가로등,,37.5356661,127.0684261,True,True
3319,가로등,POINT (962038.786993215 1949025.9380569449),G0014,가로등,,37.5397761,127.0702993,True,True
3320,가로등,POINT (962032.4390292297 1949009.4360365756),G0014,가로등,,37.5396271,127.0702283,True,True
3321,가로등,POINT (962025.0240735987 1948989.5106513496),G0014,가로등,,37.5394472,127.0701454,True,True
3322,가로등,POINT (962015.7928130511 1948964.5898898887),G0014,가로등,,37.5392222,127.0700422,True,True
3323,가로등,POINT (962004.9371836113 1948936.0819012318),G0014,가로등,,37.5389648,127.0699208,True,True
3324,가로등,POINT (961990.637302849 1948898.2147052817),G0014,가로등,,37.5386229,127.0697609,True,True
3325,가로등,POINT (961978.0371359376 1948864.9884135246),G0014,가로등,,37.5383229,127.06962,True,True
3326,가로등,POINT (962098.7526937067 1949065.8712620721),G0014,가로등,,37.5401385,127.070976,True,True
3327,가로등,POINT (962185.4633486499 1949302.5909978757),G0015,가로등,,37.5422757,127.0719453,True,True
3328,가로등,POINT (962195.8685226057 1949331.3564522152),G0015,가로등,,37.5425354,127.0720616,True,True
3329,가로등,POINT (962205.5739710298 1949357.7952262815),G0015,가로등,,37.5427741,127.0721701,True,True
3330,가로등,POINT (962215.157954079 1949384.7338240382),G0015,가로등,,37.5430173,127.0722772,True,True
3331,가로등,POINT (962221.8815003926 1949404.318591527),G0015,가로등,,37.5431941,127.0723523,True,True
3332,가로등,POINT (962109.1891840064 1949093.6268484744),G0014,가로등,,37.5403891,127.0710927,True,True
3333,가로등,POINT (962118.8190361884 1949118.8676406862),G0015,가로등,,37.540617,127.0712004,True,True
3334,가로등,POINT (962127.6364666505 1949142.2593413282),G0015,가로등,,37.5408282,127.071299,True,True
3335,가로등,POINT (962140.0214856524 1949175.0208668052),G0015,가로등,,37.541124,127.0714375,True,True
3336,가로등,POINT (962149.5106658401 1949200.4509457084),G0015,가로등,,37.5413536,127.0715436,True,True
3337,가로등,POINT (962158.4169760598 1949223.9975999834),G0015,가로등,,37.5415662,127.0716432,True,True
3338,가로등,POINT (962169.6126690404 1949253.658085948),G0015,가로등,,37.541834,127.0717684,True,True
3339,가로등,POINT (962178.0839942888 1949282.587650113),G0015,가로등,,37.5420951,127.0718628,True,True
3340,가로등,POINT (962150.8024783172 1949309.4611297376),G0015,가로등,,37.5423362,127.0715526,True,True
3341,가로등,POINT (962059.8583234348 1949080.294345479),G0014,가로등,,37.5402669,127.070535,True,True
3342,가로등,POINT (962140.040839387 1949281.9954298963),G0015,가로등,,37.5420882,127.0714322,True,True
3343,가로등,POINT (962129.836389443 1949254.6825291368),G0015,가로등,,37.5418416,127.0713181,True,True
3344,가로등,POINT (962119.2000115027 1949227.593504053),G0015,가로등,,37.541597,127.0711991,True,True
3345,가로등,POINT (962108.372531091 1949199.2960473406),G0015,가로등,,37.5413415,127.071078,True,True
3346,가로등,POINT (962098.028860564 1949172.494175728),G0015,가로등,,37.5410995,127.0709623,True,True
3347,가로등,POINT (962085.9001689459 1949139.7981088841),G0015,가로등,,37.5408043,127.0708267,True,True
3348,가로등,POINT (962074.1642647886 1949115.7540960952),G0015,가로등,,37.5405871,127.0706951,True,True
3349,가로등,POINT (962067.8724824919 1949099.9174707395),G0014,가로등,,37.5404441,127.0706247,True,True
3350,가로등,POINT (962236.3866555279 1949443.061735895),G0015,가로등,,37.5435439,127.0725145,True,True
3351,가로등,POINT (962327.7568891463 1949686.2854718987),G0025,가로등,,37.5457399,127.0735363,True,True
3352,가로등,POINT (962337.0545051601 1949706.7351380377),G0025,가로등,,37.5459246,127.0736405,True,True
3353,가로등,POINT (962353.2025911508 1949747.6234049147),G0025,가로등,,37.5462938,127.0738212,True,True
3354,가로등,POINT (962362.8473337396 1949772.5759584326),G0025,가로등,,37.5465191,127.0739291,True,True
3355,가로등,POINT (962370.0432227693 1949791.2711361067),G0025,가로등,,37.5466879,127.0740096,True,True
3356,가로등,POINT (962378.3654250249 1949812.901302705),G0025,가로등,,37.5468832,127.0741027,True,True
3357,가로등,POINT (962387.7313565882 1949836.7900614473),G0025,가로등,,37.5470989,127.0742075,True,True
3358,가로등,POINT (962246.1197132078 1949469.7999888894),G0015,가로등,,37.5437853,127.0726233,True,True
3359,가로등,POINT (962254.4379489579 1949492.361997659),G0015,가로등,,37.543989,127.0727163,True,True
3360,가로등,POINT (962264.0708476424 1949518.4683320418),G0015,가로등,,37.5442247,127.072824,True,True
3361,가로등,POINT (962273.1395967547 1949542.9130418766),G0015,가로등,,37.5444454,127.0729254,True,True
3362,가로등,POINT (962287.4022096898 1949578.9280937195),G0015,가로등,,37.5447706,127.073085,True,True
3363,가로등,POINT (962298.1308790289 1949607.1041940989),G0024,가로등,,37.545025,127.073205,True,True
3364,가로등,POINT (962308.6094137481 1949634.6823322857),G0025,가로등,,37.545274,127.0733222,True,True
3365,가로등,POINT (962316.9634113173 1949657.4106628816),G0025,가로등,,37.5454792,127.0734156,True,True
3382,가로등,POINT (962346.7851346864 1949830.4963230456),G0025,가로등,,37.5470405,127.0737443,True,True
3383,가로등,POINT (962224.7857229601 1949852.4963292836),G0016,가로등,,37.5472338,127.0723621,True,True
3384,가로등,POINT (962219.0310200524 1949863.2732355718),G0016,가로등,,37.5473307,127.0722964,True,True
3385,가로등,POINT (962203.0398072985 1949847.247642891),G0016,가로등,,37.5471856,127.0721162,True,True
3386,가로등,POINT (962194.2883578641 1949818.740908642),G0016,가로등,,37.5469283,127.0720186,True,True
3387,가로등,POINT (962204.2932686451 1949856.750064715),G0016,가로등,,37.5472713,127.0721299,True,True
3388,가로등,POINT (962186.2821702949 1949870.5006793796),G0016,가로등,,37.5473945,127.0719253,True,True
3389,가로등,POINT (962161.7889602842 1949865.2424213046),G0016,가로등,,37.5473461,127.0716483,True,True
3390,가로등,POINT (962151.0378361951 1949876.7522007122),G0016,가로등,,37.5474494,127.071526,True,True
3391,가로등,POINT (962136.5366539224 1949871.748040508),G0016,가로등,,37.5474037,127.0713621,True,True
3392,가로등,POINT (962103.2876655506 1949885.5017565212),G0016,가로등,,37.5475263,127.070985,True,True
3393,가로등,POINT (962342.0416521983 1949822.751568188),G0025,가로등,,37.5469705,127.073691,True,True
3394,가로등,POINT (962092.0346761041 1949877.9976470321),G0016,가로등,,37.5474582,127.070858,True,True
3395,가로등,POINT (962077.7843467345 1949889.246129471),G0016,가로등,,37.547559,127.0706961,True,True
3396,가로등,POINT (962057.8627822902 1949892.7431843034),G0016,가로등,,37.5475897,127.0704704,True,True
3397,가로등,POINT (962327.2887656224 1949836.2541112923),G0025,가로등,,37.5470916,127.0735233,True,True
3398,가로등,POINT (962308.2935666797 1949841.4882220211),G0025,가로등,,37.547138,127.073308,True,True
3399,가로등,POINT (962295.7898225511 1949834.755046785),G0025,가로등,,37.5470768,127.0731668,True,True
3400,가로등,POINT (962272.5391032154 1949840.496725771),G0016,가로등,,37.5471276,127.0729033,True,True
3401,가로등,POINT (962262.2924134438 1949852.2481494902),G0016,가로등,,37.5472331,127.0727867,True,True
3402,가로등,POINT (962238.5326788159 1949848.9944662051),G0016,가로등,,37.5472028,127.0725179,True,True
3403,가로등,POINT (962233.3314890348 1949859.114260397),G0016,가로등,,37.5472938,127.0724585,True,True
3404,가로등,POINT (962035.575245962 1949894.6201866323),G0016,가로등,,37.5476057,127.070218,True,True
3405,가로등,POINT (961786.3771541199 1949915.5227230438),G0010,가로등,,37.5477838,127.0673959,True,True
3406,가로등,POINT (962013.2867040351 1949896.275360156),G0016,가로등,,37.5476197,127.0699656,True,True
3407,가로등,POINT (961984.0310126028 1949898.495027753),G0016,가로등,,37.5476385,127.0696343,True,True
3408,가로등,POINT (961937.5390991712 1949902.2471798665),G0016,가로등,,37.5476704,127.0691078,True,True
3409,가로등,POINT (961923.0399660865 1949903.4896803114),G0016,가로등,,37.547681,127.0689436,True,True
3410,가로등,POINT (961904.0361060428 1949906.749909752),G0016,가로등,,37.5477096,127.0687283,True,True
3411,가로등,POINT (961877.5355427044 1949908.7465165278),G0016,가로등,,37.5477265,127.0684282,True,True
3412,가로등,POINT (961845.2897368713 1949910.004069463),G0016,가로등,,37.5477365,127.0680631,True,True
3413,가로등,POINT (961818.6530124237 1949913.1220517436),G0016,가로등,,37.5477635,127.0677614,True,True
3414,가로등,POINT (961263.7838233251 1948787.3969462693),G0004,가로등,,37.5375938,127.0615395,True,True
3415,가로등,POINT (961388.971106551 1949064.4247896036),G0008,가로등,,37.540096,127.0629419,True,True
3416,가로등,POINT (961404.696966297 1949098.734072186),G0008,가로등,,37.5404059,127.0631181,True,True
3417,가로등,POINT (961412.8726301724 1949116.658351122),G0009,가로등,,37.5405678,127.0632097,True,True
3418,가로등,POINT (961424.6632854581 1949142.5651027253),G0009,가로등,,37.5408018,127.0633418,True,True
3419,가로등,POINT (961438.0221360774 1949171.3602984273),G0009,가로등,,37.5410619,127.0634915,True,True
3420,가로등,POINT (961449.526648002 1949196.5583553864),G0009,가로등,,37.5412895,127.0636204,True,True
3421,가로등,POINT (961464.6096247243 1949229.5060919565),G0009,가로등,,37.5415871,127.0637894,True,True
3422,가로등,POINT (961485.6634777136 1949275.5733471992),G0009,가로등,,37.5420032,127.0640253,True,True
3423,가로등,POINT (961281.6262846041 1948828.264164806),G0004,가로등,,37.5379629,127.0617393,True,True
3424,가로등,POINT (961294.9604480914 1948859.1339458139),G0008,가로등,,37.5382417,127.0618886,True,True
3425,가로등,POINT (961312.5067792692 1948897.184566929),G0008,가로등,,37.5385854,127.0620852,True,True
3426,가로등,POINT (961331.7221456633 1948938.9108840902),G0008,가로등,,37.5389623,127.0623005,True,True
3427,가로등,POINT (961342.1851237819 1948967.9745821368),G0008,가로등,,37.5392247,127.0624174,True,True
3428,가로등,POINT (961353.1205206115 1948990.3571089574),G0008,가로등,,37.5394269,127.06254,True,True
3429,가로등,POINT (961363.5977713155 1949011.121960249),G0008,가로등,,37.5396145,127.0626575,True,True
3430,가로등,POINT (961378.6011974486 1949042.017397041),G0008,가로등,,37.5398936,127.0628257,True,True
3431,가로등,POINT (962895.6866881344 1952555.851372195),G0041,가로등,,37.5716273,127.0798201,True,True
3432,가로등,POINT (962834.8230397963 1952301.101054297),G0041,가로등,,37.5693287,127.0791438,True,True
3433,가로등,POINT (962823.2249349839 1952274.8252957887),G0041,가로등,,37.5690914,127.0790138,True,True
3434,가로등,POINT (962809.8122675838 1952245.6619704196),G0041,가로등,,37.568828,127.0788634,True,True
3435,가로등,POINT (962797.6429570592 1952218.079634038),G0041,가로등,,37.5685789,127.078727,True,True
3436,가로등,POINT (962785.6530230176 1952191.1289088374),G0030,가로등,,37.5683355,127.0785926,True,True
3437,가로등,POINT (962773.8507036755 1952164.676620737),G0030,가로등,,37.5680966,127.0784603,True,True
3438,가로등,POINT (962894.7625935641 1952528.9064830553),G0041,가로등,,37.5713844,127.079811,True,True
3439,가로등,POINT (962891.0406585701 1952502.3069480115),G0041,가로등,,37.5711445,127.0797702,True,True
3440,가로등,POINT (962887.0283775991 1952473.9779413168),G0041,가로등,,37.570889,127.0797262,True,True
3441,가로등,POINT (962880.2499128289 1952443.2093833527),G0041,가로등,,37.5706114,127.079651,True,True
3442,가로등,POINT (962872.0553044077 1952413.7119633514),G0041,가로등,,37.5703452,127.0795597,True,True
3443,가로등,POINT (962863.6441890013 1952385.180759555),G0041,가로등,,37.5700877,127.0794659,True,True
3444,가로등,POINT (962855.1997797725 1952357.1156910833),G0041,가로등,,37.5698344,127.0793717,True,True
3445,가로등,POINT (962847.1136268097 1952332.1555423688),G0041,가로등,,37.5696091,127.0792814,True,True
3446,가로등,POINT (961509.6328840427 1949327.4629395083),G0009,가로등,,37.5424719,127.0642939,True,True
3447,가로등,POINT (961629.2982702723 1949590.618403086),G0009,가로등,,37.5448488,127.0656347,True,True
3448,가로등,POINT (961638.6253985262 1949611.3223479162),G0010,가로등,,37.5450358,127.0657392,True,True
3449,가로등,POINT (961650.4567385144 1949636.774352869),G0010,가로등,,37.5452657,127.0658718,True,True
3450,가로등,POINT (961674.3121863165 1949689.2973457824),G0010,가로등,,37.5457401,127.0661391,True,True
3451,가로등,POINT (961685.799871741 1949714.9839753069),G0010,가로등,,37.5459721,127.0662678,True,True
3452,가로등,POINT (961700.1014752856 1949745.5503931264),G0010,가로등,,37.5462482,127.0664281,True,True
3453,가로등,POINT (961715.292024878 1949779.2636240954),G0010,가로등,,37.5465527,127.0665983,True,True
3454,가로등,POINT (961726.8648333112 1949804.3064275717),G0010,가로등,,37.5467789,127.066728,True,True
3455,가로등,POINT (961738.8137947681 1949830.479170707),G0010,가로등,,37.5470153,127.0668619,True,True
3456,가로등,POINT (961522.3854525906 1949355.184898564),G0009,가로등,,37.5427223,127.0644368,True,True
3457,가로등,POINT (961750.4129636508 1949855.5218857608),G0010,가로등,,37.5472415,127.0669919,True,True
3458,가로등,POINT (961763.2424231267 1949883.0219695077),G0010,가로등,,37.5474899,127.0671357,True,True
3459,가로등,POINT (961772.8351288862 1949903.9911154858),G0010,가로등,,37.5476793,127.0672432,True,True
3460,가로등,POINT (961784.45319206 1949929.3444421997),G0010,가로등,,37.5479083,127.0673734,True,True
3461,가로등,POINT (961796.7781593428 1949956.6804795496),G0016,가로등,,37.5481552,127.0675115,True,True
3462,가로등,POINT (961537.1379210087 1949387.4686187508),G0009,가로등,,37.5430139,127.0646021,True,True
3463,가로등,POINT (961548.4883779633 1949411.9574683805),G0009,가로등,,37.5432351,127.0647293,True,True
3464,가로등,POINT (961562.7269439031 1949443.9551520448),G0009,가로등,,37.5435241,127.0648888,True,True
3465,가로등,POINT (961575.7354481528 1949471.6981984787),G0009,가로등,,37.5437747,127.0650346,True,True
3466,가로등,POINT (961588.6993806271 1949501.283186313),G0009,가로등,,37.5440419,127.0651798,True,True
3467,가로등,POINT (961603.9329323822 1949534.552226534),G0009,가로등,,37.5443424,127.0653505,True,True
3468,가로등,POINT (961616.3235123149 1949562.453518895),G0009,가로등,,37.5445944,127.0654893,True,True
3469,가로등,POINT (961826.0867749333 1950015.9909555172),G0016,가로등,,37.548691,127.0678402,True,True
3470,가로등,POINT (961936.7908556502 1950255.4938573872),G0017,가로등,,37.5508543,127.069081,True,True
3471,가로등,POINT (961948.7907625923 1950281.5002509498),G0017,가로등,,37.5510892,127.0692155,True,True
3472,가로등,POINT (961962.53330212 1950309.9949809748),G0017,가로등,,37.5513466,127.0693696,True,True
3473,가로등,POINT (961973.2243396478 1950333.7662815028),G0017,가로등,,37.5515613,127.0694894,True,True
3474,가로등,POINT (961982.4158573586 1950361.8713848246),G0017,가로등,,37.551815,127.069592,True,True
3475,가로등,POINT (961995.2697815306 1950389.2607705195),G0017,가로등,,37.5520624,127.0697361,True,True
3476,가로등,POINT (962007.6095879124 1950416.2753095948),G0017,가로등,,37.5523064,127.0698744,True,True
3477,가로등,POINT (962021.401861536 1950446.079081975),G0017,가로등,,37.5525756,127.070029,True,True
3478,가로등,POINT (962033.351841482 1950472.8735491133),G0017,가로등,,37.5528176,127.0701629,True,True
3479,가로등,POINT (962045.4384048848 1950498.6466989839),G0017,가로등,,37.5530504,127.0702984,True,True
3480,가로등,POINT (961833.9656257839 1950035.070862041),G0016,가로등,,37.5488633,127.0679284,True,True
3481,가로등,POINT (961845.2388414543 1950058.5064808456),G0016,가로등,,37.549075,127.0680548,True,True
3482,가로등,POINT (961858.2408830457 1950085.2514814564),G0016,가로등,,37.5493166,127.0682006,True,True
3483,가로등,POINT (961871.844826011 1950112.2822003688),G0017,가로등,,37.5495608,127.0683532,True,True
3484,가로등,POINT (961884.7824234784 1950138.4949942175),G0017,가로등,,37.5497976,127.0684983,True,True
3485,가로등,POINT (961895.038678982 1950161.7467392727),G0017,가로등,,37.5500076,127.0686132,True,True
3486,가로등,POINT (961913.5344909512 1950199.9939850604),G0017,가로등,,37.5503531,127.0688206,True,True
3487,가로등,POINT (961926.2864814885 1950226.2409791267),G0017,가로등,,37.5505902,127.0689636,True,True
3488,가로등,POINT (962056.0620088642 1950523.228326838),G0017,가로등,,37.5532724,127.0704174,True,True
3489,가로등,POINT (962170.3431797815 1950773.3467198794),G0018,가로등,,37.5555315,127.0716983,True,True
3490,가로등,POINT (962179.2821145954 1950792.788251902),G0018,가로등,,37.5557071,127.0717985,True,True
3491,가로등,POINT (962190.3323026447 1950818.1114534696),G0018,가로등,,37.5559358,127.0719223,True,True
3492,가로등,POINT (962201.9407374514 1950843.8426314748),G0018,가로등,,37.5561682,127.0720524,True,True
3493,가로등,POINT (962218.352586864 1950877.0186848175),G0018,가로등,,37.5564679,127.0722365,True,True
3494,가로등,POINT (962227.493791036 1950898.2566868826),G0018,가로등,,37.5566597,127.0723389,True,True
3495,가로등,POINT (962237.4501499382 1950922.0094838517),G0018,가로등,,37.5568742,127.0724504,True,True
3496,가로등,POINT (962255.0642708639 1950953.538128638),G0018,가로등,,37.5571591,127.0726482,True,True
3497,가로등,POINT (962268.5336178243 1950978.750584397),G0018,가로등,,37.5573869,127.0727994,True,True
3498,가로등,POINT (962281.9571992836 1951005.571998765),G0018,가로등,,37.5576292,127.07295,True,True
3499,가로등,POINT (962068.1402198237 1950547.204210412),G0017,가로등,,37.553489,127.0705529,True,True
3500,가로등,POINT (962295.1199888069 1951029.4434339583),G0027,가로등,,37.5578449,127.0730978,True,True
3501,가로등,POINT (962306.9856093666 1951055.5397160281),G0027,가로등,,37.5580806,127.0732308,True,True
3502,가로등,POINT (962318.5118570012 1951080.8276438164),G0027,가로등,,37.558309,127.07336,True,True
3503,가로등,POINT (962083.1244331503 1950582.7940624359),G0017,가로등,,37.5538104,127.0707207,True,True
3504,가로등,POINT (962096.9987410143 1950609.4023193873),G0018,가로등,,37.5540508,127.0708764,True,True
3505,가로등,POINT (962112.3026924384 1950639.6209406366),G0018,가로등,,37.5543238,127.0710481,True,True
3506,가로등,POINT (962124.6054655403 1950666.4250248326),G0018,가로등,,37.5545659,127.071186,True,True
3507,가로등,POINT (962135.7224154561 1950692.757464112),G0018,가로등,,37.5548037,127.0713105,True,True
3508,가로등,POINT (962147.3738729785 1950722.038666175),G0018,가로등,,37.5550681,127.0714409,True,True
3509,가로등,POINT (962159.6286275905 1950749.9857736782),G0018,가로등,,37.5553205,127.0715782,True,True
3510,가로등,POINT (962430.0345222797 1951331.749880647),G0028,가로등,,37.5605752,127.0746098,True,True
3511,가로등,POINT (962530.7406433013 1951561.2098535185),G0028,가로등,,37.5626475,127.0757383,True,True
3512,가로등,POINT (962542.7262575624 1951588.781527364),G0028,가로등,,37.5628965,127.0758726,True,True
3513,가로등,POINT (962553.9757380371 1951613.7270987842),G0029,가로등,,37.5631218,127.0759987,True,True
3514,가로등,POINT (962566.8413090779 1951640.6180619295),G0029,가로등,,37.5633647,127.076143,True,True
3515,가로등,POINT (962577.5912290384 1951664.4897339165),G0029,가로등,,37.5635803,127.0762635,True,True
3516,가로등,POINT (962589.4238372875 1951689.532576791),G0029,가로등,,37.5638065,127.0763962,True,True
3517,가로등,POINT (962599.3445681423 1951713.652097864),G0029,가로등,,37.5640243,127.0765073,True,True
3518,가로등,POINT (962442.9755396383 1951359.5167889856),G0028,가로등,,37.560826,127.0747549,True,True
3519,가로등,POINT (962456.6196085097 1951388.4787637834),G0028,가로등,,37.5610876,127.0749079,True,True
3520,가로등,POINT (962466.7846991078 1951413.7397717072),G0028,가로등,,37.5613157,127.0750217,True,True
3521,가로등,POINT (962477.6369653312 1951434.726231863),G0028,가로등,,37.5615053,127.0751435,True,True
3522,가로등,POINT (962484.9401371031 1951459.9336319943),G0028,가로등,,37.5617328,127.0752249,True,True
3523,가로등,POINT (962495.8514868986 1951486.200919848),G0028,가로등,,37.56197,127.0753471,True,True
3524,가로등,POINT (962507.13547902 1951508.9495233558),G0028,가로등,,37.5621755,127.0754737,True,True
3525,가로등,POINT (962519.5571188631 1951535.2543995548),G0028,가로등,,37.5624131,127.075613,True,True
3526,가로등,POINT (962573.7641284597 1951728.4678709367),G0029,가로등,,37.5641568,127.0762169,True,True
3527,가로등,POINT (962472.414215902 1951506.332760315),G0028,가로등,,37.5621505,127.0750807,True,True
3528,가로등,POINT (962460.2745984046 1951481.890585413),G0028,가로등,,37.5619297,127.0749445,True,True
3529,가로등,POINT (962446.4893863501 1951456.8345707513),G0028,가로등,,37.5617033,127.0747897,True,True
3530,가로등,POINT (962433.7249176771 1951430.9640471449),G0028,가로등,,37.5614696,127.0746465,True,True
3531,가로등,POINT (962420.6558768435 1951406.1156332388),G0028,가로등,,37.5612451,127.0744998,True,True
3532,가로등,POINT (962408.5521853225 1951379.9204110662),G0028,가로등,,37.5610085,127.0743641,True,True
3533,가로등,POINT (962396.0411823563 1951351.5635881152),G0028,가로등,,37.5607524,127.0742239,True,True
3534,가로등,POINT (962562.5379491828 1951702.767726941),G0029,가로등,,37.5639247,127.0760911,True,True
3535,가로등,POINT (962550.8466825644 1951677.7464727778),G0029,가로등,,37.5636987,127.07596,True,True
3536,가로등,POINT (962538.5815310471 1951648.8668737377),G0029,가로등,,37.5634379,127.0758226,True,True
3537,가로등,POINT (962526.9454624765 1951624.3668547345),G0029,가로등,,37.5632166,127.0756921,True,True
3538,가로등,POINT (962514.8780922334 1951598.2489755116),G0028,가로등,,37.5629807,127.0755568,True,True
3539,가로등,POINT (962503.5485874516 1951573.2150600017),G0028,가로등,,37.5627546,127.0754298,True,True
3540,가로등,POINT (962493.0388425156 1951551.7499451465),G0028,가로등,,37.5625607,127.0753119,True,True
3541,가로등,POINT (962482.4808293588 1951527.4337271634),G0028,가로등,,37.5623411,127.0751936,True,True
3542,가로등,POINT (962620.9988587535 1951762.4488407546),G0029,가로등,,37.564465,127.07675,True,True
3543,가로등,POINT (962728.7500322679 1951993.6768527993),G0029,가로등,,37.5665535,127.0779583,True,True
3544,가로등,POINT (962741.7266159467 1952021.9433319645),G0029,가로등,,37.5668088,127.0781038,True,True
3545,가로등,POINT (962753.7162137724 1952050.7024276438),G0029,가로등,,37.5670685,127.0782381,True,True
3546,가로등,POINT (962766.231565661 1952078.5605119716),G0029,가로등,,37.5673201,127.0783784,True,True
3547,가로등,POINT (962779.0165683363 1952105.5187358444),G0029,가로등,,37.5675636,127.0785218,True,True
3548,가로등,POINT (962790.6191468692 1952130.7404144008),G0041,가로등,,37.5677914,127.0786519,True,True
3549,가로등,POINT (962632.3188673583 1951785.5081044894),G0029,가로등,,37.5646733,127.076877,True,True
3550,가로등,POINT (962643.0103851636 1951808.2595612714),G0029,가로등,,37.5648788,127.0769969,True,True
3551,가로등,POINT (962654.7348233439 1951832.9035759715),G0029,가로등,,37.5651014,127.0771284,True,True
3552,가로등,POINT (962666.6634142596 1951859.7545322995),G0029,가로등,,37.5653439,127.0772621,True,True
3553,가로등,POINT (962678.25888364 1951885.209072989),G0029,가로등,,37.5655738,127.0773921,True,True
3554,가로등,POINT (962690.9422758966 1951913.0108136386),G0029,가로등,,37.5658249,127.0775343,True,True
3555,가로등,POINT (962702.9388952188 1951939.3289716227),G0029,가로등,,37.5660626,127.0776688,True,True
3556,가로등,POINT (962716.0884768981 1951968.715196759),G0029,가로등,,37.566328,127.0778162,True,True
3557,가로등,POINT (962764.8944413001 1952144.6797853867),G0030,가로등,,37.567916,127.0783599,True,True
3558,가로등,POINT (962652.1092419703 1951899.0508401014),G0029,가로등,,37.5656975,127.0770953,True,True
3559,가로등,POINT (962641.8031951028 1951875.5764801044),G0029,가로등,,37.5654855,127.0769798,True,True
3560,가로등,POINT (962630.0061272962 1951850.4890217301),G0029,가로등,,37.5652589,127.0768475,True,True
3561,가로등,POINT (962618.7281928665 1951824.988738482),G0029,가로등,,37.5650286,127.0767211,True,True
3562,가로등,POINT (962606.6127043446 1951799.8250849324),G0029,가로등,,37.5648013,127.0765852,True,True
3563,가로등,POINT (962593.6757493548 1951772.6902966588),G0029,가로등,,37.5645562,127.0764401,True,True
3564,가로등,POINT (962752.2246531916 1952117.809822238),G0030,가로등,,37.5676733,127.0782178,True,True
3565,가로등,POINT (962739.1701148207 1952089.8432314466),G0029,가로등,,37.5674207,127.0780714,True,True
3566,가로등,POINT (962725.7136034727 1952060.8799444465),G0029,가로등,,37.5671591,127.0779205,True,True
3567,가로등,POINT (962712.7741428349 1952033.01273083),G0029,가로등,,37.5669074,127.0777754,True,True
3568,가로등,POINT (962699.8362473778 1952003.5478948564),G0029,가로등,,37.5666413,127.0776304,True,True
3569,가로등,POINT (962687.1244296677 1951975.2802895256),G0029,가로등,,37.566386,127.0774879,True,True
3570,가로등,POINT (962675.4193415722 1951948.98303122),G0029,가로등,,37.5661485,127.0773567,True,True
3571,가로등,POINT (962662.6563717354 1951923.1232417566),G0029,가로등,,37.5659149,127.0772135,True,True
3572,가로등,POINT (962805.9906031964 1952163.4008501926),G0041,가로등,,37.5680864,127.0788243,True,True
3573,가로등,POINT (962901.5477477226 1952411.0837494952),G0041,가로등,,37.5703227,127.0798938,True,True
3574,가로등,POINT (962908.852338974 1952437.0792516253),G0041,가로등,,37.5705573,127.0799752,True,True
3575,가로등,POINT (962916.593442904 1952469.8627640374),G0041,가로등,,37.5708531,127.0800612,True,True
3576,가로등,POINT (962922.3997398176 1952498.5166079684),G0041,가로등,,37.5711116,127.0801255,True,True
3577,가로등,POINT (962926.7869477664 1952525.8010545487),G0041,가로등,,37.5713577,127.0801738,True,True
3578,가로등,POINT (962930.9434253692 1952556.7921640372),G0041,가로등,,37.5716372,127.0802193,True,True
3579,가로등,POINT (962817.7362885526 1952187.090857879),G0041,가로등,,37.5683004,127.0789561,True,True
3580,가로등,POINT (962829.300298178 1952213.610842834),G0041,가로등,,37.5685399,127.0790857,True,True
3581,가로등,POINT (962841.7696126417 1952241.1585968288),G0041,가로등,,37.5687887,127.0792255,True,True
3582,가로등,POINT (962852.8428641984 1952268.5572933184),G0041,가로등,,37.5690361,127.0793495,True,True
3583,가로등,POINT (962865.3898666307 1952297.7134660997),G0041,가로등,,37.5692994,127.0794901,True,True
3584,가로등,POINT (962877.1059330753 1952324.7320992919),G0041,가로등,,37.5695434,127.0796214,True,True
3585,가로등,POINT (962885.9203523257 1952354.5817791354),G0041,가로등,,37.5698128,127.0797197,True,True
3586,가로등,POINT (962893.2434948946 1952380.7546986036),G0041,가로등,,37.570049,127.0798013,True,True
3587,가로등,POINT (961781.5785389902 1948119.641738794),G0007,가로등,,37.5315967,127.0674351,True,True
3588,가로등,POINT (961785.2889510486 1948125.2940355535),G0007,가로등,,37.5316478,127.0674768,True,True
3589,가로등,POINT (961790.0315810154 1948126.7700024853),G0013,가로등,,37.5316613,127.0675304,True,True
3590,가로등,POINT (961251.2081279445 1948727.8772656587),G0004,가로등,,37.5370568,127.0614003,True,True
3591,가로등,POINT (961559.9304130672 1948633.3922299058),G0008,가로등,,37.5362181,127.0648996,True,True
3592,가로등,POINT (961628.7595452091 1948609.5090165539),G0008,가로등,,37.5360057,127.0656799,True,True
3593,가로등,POINT (961655.5947421911 1948600.642537257),G0007,가로등,,37.5359269,127.0659841,True,True
3594,가로등,POINT (961682.598215768 1948591.8530319245),G0007,가로등,,37.5358488,127.0662902,True,True
3595,가로등,POINT (961711.8607075142 1948582.4540932602),G0007,가로등,,37.5357653,127.0666219,True,True
3596,가로등,POINT (961758.8542282206 1948567.082369543),G0007,가로등,,37.5356287,127.0671546,True,True
3597,가로등,POINT (961781.093511371 1948559.7130428245),G0007,가로등,,37.5355632,127.0674067,True,True
3598,가로등,POINT (961806.6418358481 1948551.4409921449),G0013,가로등,,37.5354897,127.0676963,True,True
3599,가로등,POINT (961846.4806822444 1948538.2994019215),G0013,가로등,,37.5353729,127.0681479,True,True
3600,가로등,POINT (961290.9934820937 1948724.4743471653),G0008,가로등,,37.5370278,127.0618508,True,True
3601,가로등,POINT (961325.6506153218 1948712.6191714492),G0008,가로등,,37.5369224,127.0622437,True,True
3602,가로등,POINT (961364.988512444 1948698.4679684152),G0008,가로등,,37.5367965,127.0626897,True,True
3603,가로등,POINT (961395.905697339 1948687.8730833153),G0008,가로등,,37.5367023,127.0630402,True,True
3604,가로등,POINT (961430.0352575752 1948676.4978691014),G0008,가로등,,37.5366012,127.0634271,True,True
3605,가로등,POINT (961466.624510503 1948663.9686383668),G0008,가로등,,37.5364898,127.0638419,True,True
3606,가로등,POINT (961487.7631017762 1948657.5022911737),G0008,가로등,,37.5364324,127.0640815,True,True
3607,가로등,POINT (961524.8467572072 1948644.860081),G0008,가로등,,37.53632,127.0645019,True,True
3608,가로등,POINT (961853.8031116332 1948557.1377736286),G0013,가로등,,37.535543,127.0682298,True,True
3609,가로등,POINT (961547.3522358858 1948658.8239087593),G0008,가로등,,37.5364468,127.0647559,True,True
3610,가로등,POINT (961518.1969814715 1948668.3893566607),G0008,가로등,,37.5365318,127.0644254,True,True
3611,가로등,POINT (961480.476413332 1948680.8348475841),G0008,가로등,,37.5366424,127.0639978,True,True
3612,가로등,POINT (961454.6477364833 1948689.4642414735),G0008,가로등,,37.5367191,127.063705,True,True
3613,가로등,POINT (961427.8744654072 1948698.2423324673),G0008,가로등,,37.5367971,127.0634015,True,True
3614,가로등,POINT (961389.2206737335 1948711.336064579),G0008,가로등,,37.5369135,127.0629633,True,True
3615,가로등,POINT (961351.3904362055 1948724.8144601036),G0008,가로등,,37.5370334,127.0625344,True,True
3616,가로등,POINT (961311.3987647131 1948738.9354904788),G0008,가로등,,37.537159,127.062081,True,True
3617,가로등,POINT (961283.1558878974 1948748.8969301945),G0004,가로등,,37.5372476,127.0617608,True,True
3618,가로등,POINT (961262.4195371491 1948756.2827849754),G0004,가로등,,37.5373133,127.0615257,True,True
3619,가로등,POINT (961825.1769454324 1948566.6331369868),G0013,가로등,,37.5356274,127.0679053,True,True
3620,가로등,POINT (961798.5258226751 1948575.243041241),G0013,가로등,,37.5357039,127.0676032,True,True
3621,가로등,POINT (961769.7838038161 1948584.4950476706),G0007,가로등,,37.5357861,127.0672774,True,True
3622,가로등,POINT (961732.8214176071 1948596.7472842105),G0007,가로등,,37.535895,127.0668584,True,True
3623,가로등,POINT (961684.5214277584 1948612.3137926243),G0008,가로등,,37.5360333,127.0663109,True,True
3624,가로등,POINT (961663.5439556306 1948619.2892459605),G0008,가로등,,37.5360953,127.0660731,True,True
3625,가로등,POINT (961598.3280479683 1948641.2028106444),G0008,가로등,,37.5362901,127.0653338,True,True
3626,가로등,POINT (961577.7855730997 1948648.5980687977),G0008,가로등,,37.5363559,127.0651009,True,True
3627,가로등,POINT (961927.894438317 1948509.035479737),G0013,가로등,,37.5351125,127.0690709,True,True
3628,가로등,POINT (962233.5072797505 1948399.6121855949),G0013,가로등,,37.5341388,127.0725356,True,True
3629,가로등,POINT (962265.8332055764 1948387.4609173562),G0013,가로등,,37.5340306,127.0729021,True,True
3630,가로등,POINT (962309.446726869 1948370.5433453536),G0022,가로등,,37.5338799,127.0733966,True,True
3631,가로등,POINT (962337.3171888266 1948359.7439267181),G0022,가로등,,37.5337837,127.0737126,True,True
3632,가로등,POINT (962371.8299000387 1948346.5624569263),G0022,가로등,,37.5336663,127.0741039,True,True
3633,가로등,POINT (962398.5006030329 1948336.134802151),G0022,가로등,,37.5335734,127.0744063,True,True
3634,가로등,POINT (962433.4527551576 1948322.396870844),G0022,가로등,,37.533451,127.0748026,True,True
3635,가로등,POINT (962465.3553298176 1948310.2815854095),G0022,가로등,,37.5333431,127.0751643,True,True
3636,가로등,POINT (962486.8518016251 1948302.4848315048),G0022,가로등,,37.5332737,127.075408,True,True
3637,가로등,POINT (961958.2874444448 1948497.502065171),G0013,가로등,,37.5350098,127.0694155,True,True
3638,가로등,POINT (962000.2873438199 1948481.5443804988),G0013,가로등,,37.5348677,127.0698917,True,True
3639,가로등,POINT (962031.2807181027 1948469.8753543852),G0013,가로등,,37.5347638,127.0702431,True,True
3640,가로등,POINT (962064.0337079642 1948458.4979661456),G0013,가로등,,37.5346626,127.0706144,True,True
3641,가로등,POINT (962101.0745723015 1948445.7808862827),G0013,가로등,,37.5345495,127.0710343,True,True
3642,가로등,POINT (962126.3383065936 1948436.9563943653),G0013,가로등,,37.534471,127.0713207,True,True
3643,가로등,POINT (962169.8265956229 1948421.758321571),G0013,가로등,,37.5343358,127.0718137,True,True
3644,가로등,POINT (962200.0481907603 1948411.2472881037),G0013,가로등,,37.5342423,127.0721563,True,True
3645,가로등,POINT (962501.6984001915 1948324.7402163052),G0022,가로등,,37.5334749,127.0755749,True,True
3646,가로등,POINT (962217.023274053 1948425.4266893782),G0013,가로등,,37.5343708,127.0723477,True,True
3647,가로등,POINT (962191.513192478 1948434.5072015126),G0013,가로등,,37.5344516,127.0720585,True,True
3648,가로등,POINT (962151.359404756 1948448.558317691),G0013,가로등,,37.5345766,127.0716033,True,True
3649,가로등,POINT (962120.0007711294 1948459.6183524868),G0013,가로등,,37.534675,127.0712478,True,True
3650,가로등,POINT (962087.0333943708 1948470.4972386453),G0013,가로등,,37.5347717,127.0708741,True,True
3651,가로등,POINT (962050.1712356932 1948483.6240687198),G0013,가로등,,37.5348885,127.0704562,True,True
3652,가로등,POINT (962016.0011616364 1948496.1507400991),G0013,가로등,,37.535,127.0700688,True,True
3653,가로등,POINT (961980.0248511807 1948509.7398099136),G0013,가로등,,37.535121,127.0696609,True,True
3654,가로등,POINT (961946.564602064 1948530.5956001393),G0013,가로등,,37.5353076,127.0692811,True,True
3655,가로등,POINT (961912.5367910925 1948543.2440917254),G0013,가로등,,37.5354202,127.0688953,True,True
3656,가로등,POINT (962476.4169702852 1948327.8499003958),G0022,가로등,,37.5335019,127.0752886,True,True
3657,가로등,POINT (962452.6059751764 1948335.7015198502),G0022,가로등,,37.5335717,127.0750187,True,True
3658,가로등,POINT (962413.2514084479 1948350.8461143514),G0022,가로등,,37.5337066,127.0745725,True,True
3659,가로등,POINT (962384.9668777529 1948361.935611614),G0022,가로등,,37.5338054,127.0742518,True,True
3660,가로등,POINT (962333.537111974 1948381.495453814),G0022,가로등,,37.5339796,127.0736687,True,True
3661,가로등,POINT (962313.8348534435 1948389.3621337852),G0022,가로등,,37.5340497,127.0734453,True,True
3662,가로등,POINT (962288.7420211142 1948398.928615804),G0013,가로등,,37.5341349,127.0731608,True,True
3663,가로등,POINT (962261.8675919779 1948409.1689444834),G0013,가로등,,37.5342261,127.0728561,True,True
3664,가로등,POINT (962534.1136298265 1948285.2191425904),G0022,가로등,,37.53312,127.0759438,True,True
3665,가로등,POINT (962842.0410948964 1948166.2555567746),G0033,가로등,,37.5320602,127.079435,True,True
3666,가로등,POINT (962570.0221133353 1948271.8546975027),G0022,가로등,,37.533001,127.0763509,True,True
3667,가로등,POINT (962609.0517790125 1948257.0118723467),G0022,가로등,,37.5328688,127.0767934,True,True
3668,가로등,POINT (962642.187992186 1948244.0485301586),G0022,가로등,,37.5327533,127.0771691,True,True
3669,가로등,POINT (962674.8151039962 1948231.8087593114),G0022,가로등,,37.5326443,127.077539,True,True
3670,가로등,POINT (962706.5517446797 1948219.97252109),G0022,가로등,,37.5325389,127.0778988,True,True
3671,가로등,POINT (962734.7338414756 1948209.4837011413),G0022,가로등,,37.5324455,127.0782183,True,True
3672,가로등,POINT (962774.553743128 1948193.4066143874),G0022,가로등,,37.5323022,127.0786698,True,True
3673,가로등,POINT (962805.2731226148 1948181.2424759544),G0033,가로등,,37.5321938,127.0790181,True,True
3674,가로등,POINT (962781.0140345683 1947937.3137645733),G0021,가로등,,37.5299942,127.0787559,True,True
3675,가로등,POINT (962793.2611288982 1947969.0672007673),G0032,가로등,,37.5302809,127.0788929,True,True
3676,가로등,POINT (962805.5189459217 1947997.3147068939),G0032,가로등,,37.530536,127.0790302,True,True
3677,가로등,POINT (962815.5091988019 1948024.3186855582),G0032,가로등,,37.5307798,127.0791419,True,True
3678,가로등,POINT (962827.5076030811 1948057.8151419358),G0032,가로등,,37.5310822,127.079276,True,True
3679,가로등,POINT (962852.0327665164 1948122.4980646414),G0033,가로등,,37.5316662,127.0795503,True,True
3680,가로등,POINT (962854.7822538522 1948132.7483000578),G0033,가로등,,37.5317587,127.0795809,True,True
3681,가로등,POINT (962799.5411953984 1948031.7569836318),G0032,가로등,,37.5308462,127.0789608,True,True
3682,가로등,POINT (962790.2864777317 1948005.2489877385),G0032,가로등,,37.5306069,127.0788574,True,True
3683,가로등,POINT (962781.5323716195 1947983.9976112205),G0021,가로등,,37.530415,127.0787594,True,True
3684,가로등,POINT (962771.576645916 1947954.8744457182),G0021,가로등,,37.5301521,127.0786482,True,True
3685,가로등,POINT (962831.0771755486 1948190.1580353642),G0033,가로등,,37.5322752,127.0793097,True,True
3686,가로등,POINT (962529.564994811 1948307.118267068),G0022,가로등,,37.5333172,127.0758912,True,True
3687,가로등,POINT (962789.9686965772 1948206.57345876),G0033,가로등,,37.5324215,127.0788436,True,True
3688,가로등,POINT (962762.6026952275 1948217.8017730347),G0022,가로등,,37.5325216,127.0785333,True,True
3689,가로등,POINT (962731.3548696506 1948228.3264376377),G0022,가로등,,37.5326152,127.0781791,True,True
3690,가로등,POINT (962699.6540159667 1948240.2622722418),G0022,가로등,,37.5327215,127.0778197,True,True
3691,가로등,POINT (962668.9664090669 1948251.5501883212),G0022,가로등,,37.532822,127.0774718,True,True
3692,가로등,POINT (962629.5323410893 1948266.8716182006),G0022,가로등,,37.5329585,127.0770247,True,True
3693,가로등,POINT (962594.0943547307 1948280.7551341285),G0022,가로등,,37.5330822,127.0766229,True,True
3694,가로등,POINT (962558.5637844455 1948293.6739872098),G0022,가로등,,37.5331972,127.0762201,True,True
3695,가로등,POINT (962880.3804812516 1948152.9259758166),G0033,가로등,,37.5319416,127.0798696,True,True
3696,가로등,POINT (963236.6305159255 1948135.7764374055),G0033,가로등,,37.5318013,127.0839025,True,True
3697,가로등,POINT (963267.4900641609 1948151.1280492723),G0033,가로등,,37.5319409,127.084251,True,True
3698,가로등,POINT (963299.1000407008 1948168.3736397245),G0044,가로등,,37.5320976,127.0846079,True,True
3699,가로등,POINT (963328.7547946877 1948185.0621525168),G0044,가로등,,37.5322492,127.0849427,True,True
3700,가로등,POINT (963352.0703762292 1948198.8275584115),G0044,가로등,,37.5323742,127.0852059,True,True
3701,가로등,POINT (962915.0710525799 1948139.6239518595),G0033,가로등,,37.5318231,127.0802629,True,True
3702,가로등,POINT (962951.7139953529 1948126.235707017),G0033,가로등,,37.5317039,127.0806783,True,True
3703,가로등,POINT (962992.9542500783 1948113.4595431667),G0033,가로등,,37.5315904,127.0811457,True,True
3704,가로등,POINT (963035.5312841178 1948103.2294016976),G0032,가로등,,37.5314999,127.0816281,True,True
3705,가로등,POINT (963072.9125051567 1948098.8250537917),G0032,가로등,,37.5314617,127.0820514,True,True
3706,가로등,POINT (963108.8550396989 1948098.7319736707),G0032,가로등,,37.5314623,127.0824582,True,True
3707,가로등,POINT (963148.3254534344 1948105.1803220743),G0032,가로등,,37.531522,127.0829046,True,True
3708,가로등,POINT (963196.3836393489 1948117.5486266634),G0033,가로등,,37.5316354,127.0834479,True,True
3709,가로등,POINT (963338.07264934 1948210.2945729431),G0044,가로등,,37.532477,127.0850469,True,True
3710,가로등,POINT (963013.6379622675 1948125.3163592797),G0033,가로등,,37.5316981,127.0813792,True,True
3711,가로등,POINT (962973.0355954543 1948136.4919530759),G0033,가로등,,37.5317972,127.0809191,True,True
3712,가로등,POINT (962932.7916710716 1948150.7504528402),G0033,가로등,,37.5319241,127.0804629,True,True
3713,가로등,POINT (962905.8268176696 1948160.878132814),G0033,가로등,,37.5320143,127.0801572,True,True
3714,가로등,POINT (962873.3163343753 1948173.6490087018),G0033,가로등,,37.5321281,127.0797886,True,True
3715,가로등,POINT (963311.7676923785 1948193.8464126824),G0044,가로등,,37.5323277,127.08475,True,True
3716,가로등,POINT (963275.6381195302 1948173.5142556557),G0033,가로등,,37.532143,127.0843421,True,True
3717,가로등,POINT (963245.9781099899 1948157.6691451399),G0033,가로등,,37.531999,127.0840072,True,True
3718,가로등,POINT (963210.4682179992 1948139.6754922618),G0033,가로등,,37.5318354,127.0836062,True,True
3719,가로등,POINT (963169.5999585612 1948124.790041899),G0033,가로등,,37.5316996,127.0831444,True,True
3720,가로등,POINT (963122.6886492292 1948116.0114587476),G0033,가로등,,37.5316186,127.0826139,True,True
3721,가로등,POINT (963093.4987701888 1948114.6210903826),G0033,가로등,,37.5316049,127.0822836,True,True
3722,가로등,POINT (963052.8223310008 1948117.1206283236),G0033,가로등,,37.5316258,127.0818231,True,True
3723,가로등,POINT (962763.0818791868 1950955.127079594),G0027,가로등,,37.5571941,127.0783998,True,True
3724,가로등,POINT (962610.0402086615 1950748.999123766),G0027,가로등,,37.55533,127.0766776,True,True
3725,가로등,POINT (962590.7901874486 1950734.496344516),G0027,가로등,,37.5551985,127.0764604,True,True
3726,가로등,POINT (962566.7856513163 1950717.4965539584),G0027,가로등,,37.5550443,127.0761895,True,True
3727,가로등,POINT (962550.7863256469 1950706.9954821283),G0027,가로등,,37.554949,127.0760089,True,True
3728,가로등,POINT (962519.0337637063 1950685.7482362601),G0027,가로등,,37.5547562,127.0756505,True,True
3729,가로등,POINT (962499.7868436457 1950672.000089427),G0027,가로등,,37.5546315,127.0754333,True,True
3730,가로등,POINT (962481.0762264677 1950661.6223436778),G0027,가로등,,37.5545372,127.075222,True,True
3731,가로등,POINT (962459.5404148821 1950653.4985371719),G0027,가로등,,37.5544631,127.0749786,True,True
3732,가로등,POINT (962440.5356656255 1950634.7457338395),G0027,가로등,,37.5542933,127.0747644,True,True
3733,가로등,POINT (962416.7857313186 1950619.4870842095),G0027,가로등,,37.5541548,127.0744963,True,True
3734,가로등,POINT (962747.0374994418 1950930.4912229455),G0027,가로등,,37.5569714,127.0782194,True,True
3735,가로등,POINT (962391.2923507967 1950603.5041503632),G0026,가로등,,37.5540097,127.0742085,True,True
3736,가로등,POINT (962366.7837788177 1950588.5042561437),G0026,가로등,,37.5538735,127.0739318,True,True
3737,가로등,POINT (962338.7833219956 1950568.9936449244),G0026,가로등,,37.5536965,127.0736158,True,True
3738,가로등,POINT (962489.1150399355 1950687.2479989396),G0027,가로등,,37.5547685,127.0753117,True,True
3739,가로등,POINT (962497.2821468587 1950709.9995625266),G0027,가로등,,37.5549739,127.075403,True,True
3740,가로등,POINT (962510.785151502 1950742.7455289424),G0027,가로등,,37.5552696,127.0755542,True,True
3741,가로등,POINT (962521.3343568343 1950766.8731949993),G0027,가로등,,37.5554875,127.0756724,True,True
3742,가로등,POINT (962528.0377285373 1950788.255657802),G0027,가로등,,37.5556805,127.0757472,True,True
3743,가로등,POINT (962539.0449995297 1950818.0062791593),G0027,가로등,,37.5559491,127.0758703,True,True
3744,가로등,POINT (962550.0374798555 1950844.4951478848),G0027,가로등,,37.5561883,127.0759934,True,True
3745,가로등,POINT (962733.7906444712 1950911.2459446562),G0027,가로등,,37.5567974,127.0780704,True,True
3746,가로등,POINT (962559.7885032909 1950865.9970262412),G0027,가로등,,37.5563825,127.0761027,True,True
3747,가로등,POINT (962569.330693248 1950892.1263371995),G0027,가로등,,37.5566184,127.0762094,True,True
3748,가로등,POINT (962580.2848524804 1950917.9941175843),G0027,가로등,,37.556852,127.0763321,True,True
3749,가로등,POINT (962590.0411967825 1950938.7526646606),G0027,가로등,,37.5570395,127.0764415,True,True
3750,가로등,POINT (962606.536904894 1950975.24639923),G0027,가로등,,37.5573691,127.0766264,True,True
3751,가로등,POINT (962618.8181414256 1951003.6156504196),G0027,가로등,,37.5576253,127.076764,True,True
3752,가로등,POINT (962628.2878718575 1951025.4960956876),G0027,가로등,,37.5578229,127.0768701,True,True
3753,가로등,POINT (962716.544204637 1950884.496459936),G0027,가로등,,37.5565556,127.0778765,True,True
3754,가로등,POINT (962698.7931998646 1950859.491141351),G0027,가로등,,37.5563295,127.0776768,True,True
3755,가로등,POINT (962683.5375718783 1950837.492394745),G0027,가로등,,37.5561306,127.0775052,True,True
3756,가로등,POINT (962664.036242765 1950810.242798835),G0027,가로등,,37.5558842,127.0772858,True,True
3757,가로등,POINT (962650.0316576854 1950791.5003209328),G0027,가로등,,37.5557147,127.0771282,True,True
3758,가로등,POINT (962632.0355544724 1950771.0006832879),G0027,가로등,,37.5555292,127.0769255,True,True
3759,가로등,POINT (962659.598516293 1951098.0808083238),G0027,가로등,,37.5584784,127.0772209,True,True
3760,가로등,POINT (962750.1212669134 1951302.781429283),G0028,가로등,,37.5603271,127.0782354,True,True
3761,가로등,POINT (962762.682921675 1951330.8722704514),G0028,가로등,,37.5605808,127.0783762,True,True
3762,가로등,POINT (962665.0227633459 1951112.0911782933),G0028,가로등,,37.5586049,127.0772816,True,True
3763,가로등,POINT (962673.4199250283 1951131.2028302161),G0028,가로등,,37.5587775,127.0773757,True,True
3764,가로등,POINT (962685.5267660281 1951158.2083201334),G0028,가로등,,37.5590214,127.0775114,True,True
3765,가로등,POINT (962696.3476508767 1951182.0909073201),G0028,가로등,,37.5592371,127.0776327,True,True
3766,가로등,POINT (962706.510217059 1951204.9335664816),G0028,가로등,,37.5594434,127.0777466,True,True
3767,가로등,POINT (962715.0953062237 1951224.63243468),G0028,가로등,,37.5596213,127.0778428,True,True
3768,가로등,POINT (962727.4713731459 1951252.6463928826),G0028,가로등,,37.5598743,127.0779815,True,True
3769,가로등,POINT (962740.3191377572 1951281.4792587124),G0028,가로등,,37.5601347,127.0781255,True,True
3770,가로등,POINT (962770.8070994081 1951350.2626135263),G0028,가로등,,37.5607559,127.0784672,True,True
3771,가로등,POINT (962866.6123616815 1951566.2795906467),G0039,가로등,,37.5627068,127.079541,True,True
3772,가로등,POINT (962874.4480026828 1951584.4509123184),G0039,가로등,,37.5628709,127.0796288,True,True
3773,가로등,POINT (962883.4717117277 1951605.6346821464),G0039,가로등,,37.5630622,127.0797299,True,True
3774,가로등,POINT (962778.7965229364 1951369.1543083235),G0028,가로등,,37.5609265,127.0785567,True,True
3775,가로등,POINT (962789.6656577085 1951394.068607233),G0039,가로등,,37.5611515,127.0786785,True,True
3776,가로등,POINT (962798.8362448388 1951414.4306191765),G0039,가로등,,37.5613354,127.0787813,True,True
3777,가로등,POINT (962809.6991977284 1951437.9914212893),G0039,가로등,,37.5615482,127.0789031,True,True
3778,가로등,POINT (962821.0081018078 1951462.5376668398),G0039,가로등,,37.5617699,127.0790299,True,True
3779,가로등,POINT (962833.1665879324 1951489.454385442),G0039,가로등,,37.562013,127.0791662,True,True
3780,가로등,POINT (962844.5988581032 1951515.9416802202),G0039,가로등,,37.5622522,127.0792943,True,True
3781,가로등,POINT (962855.1362192234 1951539.8257455584),G0039,가로등,,37.5624679,127.0794124,True,True
3782,가로등,POINT (962905.5002862358 1951653.5207046825),G0040,가로등,,37.5634947,127.0799769,True,True
3783,가로등,POINT (962914.3381824893 1951674.660960179),G0040,가로등,,37.5636856,127.0800759,True,True
3784,가로등,POINT (962927.3300337035 1951704.4032387005),G0040,가로등,,37.5639542,127.0802215,True,True
3785,가로등,POINT (962936.0521207313 1951725.344330637),G0040,가로등,,37.5641433,127.0803192,True,True
3786,가로등,POINT (962945.151788272 1951745.8066747405),G0040,가로등,,37.5643281,127.0804212,True,True
3787,가로등,POINT (962954.7677463891 1951767.1875832297),G0040,가로등,,37.5645212,127.080529,True,True
3788,가로등,POINT (962965.4106570779 1951791.1156977685),G0040,가로등,,37.5647373,127.0806483,True,True
3789,가로등,POINT (962978.6118531522 1951822.3327163807),G0040,가로등,,37.5650192,127.0807962,True,True
3790,가로등,POINT (962996.1671311269 1951859.543661196),G0040,가로등,,37.5653553,127.0809931,True,True
3791,가로등,POINT (963011.1789237048 1951890.8414170744),G0040,가로등,,37.565638,127.0811615,True,True
3792,가로등,POINT (963021.5419814653 1951915.4587220491),G0040,가로등,,37.5658603,127.0812776,True,True
3793,가로등,POINT (963032.174251145 1951939.0652246014),G0040,가로등,,37.5660735,127.0813968,True,True
3794,가로등,POINT (963042.0607333 1951961.7985818505),G0040,가로등,,37.5662788,127.0815076,True,True
3795,가로등,POINT (963053.5271808848 1951988.3192996858),G0040,가로등,,37.5665183,127.0816361,True,True
3796,가로등,POINT (963067.5729757093 1952020.9417266604),G0040,가로등,,37.5668129,127.0817935,True,True
3797,가로등,POINT (963078.4978433173 1952044.8687329788),G0040,가로등,,37.567029,127.081916,True,True
3798,가로등,POINT (963091.1677126908 1952071.9721679266),G0040,가로등,,37.5672738,127.0820581,True,True
3799,가로등,POINT (963108.9832045007 1952110.3360434675),G0041,가로등,,37.5676203,127.0822579,True,True
3800,가로등,POINT (963116.6822950045 1952127.8203329123),G0041,가로등,,37.5677782,127.0823442,True,True
3801,가로등,POINT (963125.9148374737 1952148.570748572),G0041,가로등,,37.5679656,127.0824477,True,True
3802,가로등,POINT (963138.1766339805 1952177.3180829212),G0041,가로등,,37.5682252,127.0825851,True,True
3803,가로등,POINT (963148.9014221649 1952204.0086488826),G0041,가로등,,37.5684662,127.0827052,True,True
3804,가로등,POINT (963159.679650234 1952226.83804016),G0041,가로등,,37.5686724,127.0828261,True,True
3805,가로등,POINT (963169.4916033493 1952248.8507271106),G0041,가로등,,37.5688712,127.0829361,True,True
3806,가로등,POINT (963178.7681174186 1952271.6091457673),G0041,가로등,,37.5690767,127.08304,True,True
3807,가로등,POINT (963183.7242872979 1952285.9769672798),G0041,가로등,,37.5692064,127.0830954,True,True
3808,가로등,POINT (963215.7108067807 1952511.1682797691),G0041,가로등,,37.5712374,127.0834463,True,True
3809,가로등,POINT (963187.2747896995 1952305.9760350327),G0041,가로등,,37.5693868,127.0831346,True,True
3810,가로등,POINT (963191.5323187618 1952332.0740478025),G0041,가로등,,37.5696222,127.0831815,True,True
3811,가로등,POINT (963195.1709529447 1952360.0054323357),G0041,가로등,,37.5698741,127.0832213,True,True
3812,가로등,POINT (963198.4058310761 1952386.50739494),G0041,가로등,,37.5701131,127.0832566,True,True
3813,가로등,POINT (963202.0687728362 1952411.9645603988),G0041,가로등,,37.5703427,127.0832968,True,True
3814,가로등,POINT (963205.7258878833 1952440.0955746374),G0041,가로등,,37.5705964,127.0833368,True,True
3815,가로등,POINT (963209.1312453758 1952463.2350963946),G0041,가로등,,37.5708051,127.0833742,True,True
3816,가로등,POINT (963212.463279971 1952489.7588262812),G0041,가로등,,37.5710443,127.0834106,True,True
3817,가로등,POINT (964306.9291881158 1949941.9067422608),G0066,가로등,,37.5481227,127.0959283,True,True
3818,가로등,POINT (964300.9216852079 1949958.1862000264),G0066,가로등,,37.5482692,127.0958595,True,True
3819,가로등,POINT (964313.7074356383 1949901.4709660853),G0066,가로등,,37.5477585,127.096007,True,True
3820,가로등,POINT (964288.1668863613 1949913.1857402225),G0057,가로등,,37.5478631,127.0957173,True,True
3821,가로등,POINT (964335.6996130279 1949892.4342203182),G0066,가로등,,37.5476779,127.0962564,True,True
3822,가로등,POINT (964361.2402443306 1949880.708499258),G0066,가로등,,37.5475732,127.0965461,True,True
3823,가로등,POINT (964386.3090306403 1949870.172006499),G0066,가로등,,37.5474792,127.0968304,True,True
3824,가로등,POINT (964411.3779749796 1949859.6577788906),G0066,가로등,,37.5473854,127.0971147,True,True
3825,가로등,POINT (964432.6617877183 1949850.1805434113),G0066,가로등,,37.5473008,127.0973561,True,True
3826,가로등,POINT (964453.3195625916 1949840.96121916),G0066,가로등,,37.5472185,127.0975904,True,True
3827,가로등,POINT (964470.0298927663 1949834.0776110091),G0066,가로등,,37.5471571,127.0977799,True,True
3828,가로등,POINT (964501.3773243813 1949812.65297151),G0066,가로등,,37.5469652,127.0981358,True,True
3829,가로등,POINT (964495.1765298909 1949785.8970509928),G0066,가로등,,37.5467238,127.0980669,True,True
3830,가로등,POINT (964490.1017730318 1949762.1873431203),G0066,가로등,,37.5465099,127.0980106,True,True
3831,가로등,POINT (964500.7996585966 1949770.506956872),G0066,가로등,,37.5465853,127.0981313,True,True
3832,가로등,POINT (964507.0704975718 1949797.1183513931),G0066,가로등,,37.5468254,127.098201,True,True
3833,가로등,POINT (964516.2339217401 1949814.3313381383),G0066,가로등,,37.5469809,127.0983039,True,True
3834,가로등,POINT (964525.4561573347 1949830.8451223483),G0066,가로등,,37.5471301,127.0984075,True,True
3835,가로등,POINT (964532.8219828419 1949853.2580913051),G0066,가로등,,37.5473324,127.0984898,True,True
3836,가로등,POINT (964524.1178171556 1949885.6361057858),G0066,가로등,,37.5476239,127.0983897,True,True
3837,가로등,POINT (964528.8919367302 1949913.4521332206),G0066,가로등,,37.5478748,127.0984424,True,True
3838,가로등,POINT (964513.3441087712 1949878.1377889048),G0066,가로등,,37.5475559,127.0982681,True,True
3839,가로등,POINT (964492.2424759909 1949874.4447159444),G0066,가로등,,37.5475218,127.0980294,True,True
3840,가로등,POINT (965102.4933636565 1949752.0915698821),G0075,가로등,,37.5464423,127.1049435,True,True
3841,가로등,POINT (965085.6570176546 1949752.2732782934),G0075,가로등,,37.5464433,127.1047529,True,True
3842,가로등,POINT (965065.850614059 1949754.0984220454),G0075,가로등,,37.546459,127.1045286,True,True
3843,가로등,POINT (965048.4381099774 1949758.0104208011),G0075,가로등,,37.5464936,127.1043313,True,True
3844,가로등,POINT (965028.4749612269 1949762.4657379156),G0075,가로등,,37.546533,127.1041051,True,True
3845,가로등,POINT (965016.3343092705 1949768.019799691),G0075,가로등,,37.5465826,127.1039674,True,True
3846,가로등,POINT (965017.6272296371 1949777.1674131984),G0075,가로등,,37.5466651,127.1039816,True,True
3847,가로등,POINT (965004.3033735747 1949778.6436575358),G0075,가로등,,37.5466779,127.1038307,True,True
3848,가로등,POINT (964993.9249964576 1949789.415892198),G0075,가로등,,37.5467746,127.1037127,True,True
3849,가로등,POINT (965026.4706456034 1949555.004865591),G0074,가로등,,37.544663,127.1040923,True,True
3850,가로등,POINT (961502.0400443805 1949276.9952099288),G0009,가로등,,37.5420167,127.0642106,True,True
3851,가로등,POINT (961750.5514951104 1949170.0817501273),G0009,가로등,,37.5410634,127.0670292,True,True
3852,가로등,POINT (961779.0462987565 1949157.4690994772),G0009,가로등,,37.5409509,127.0673524,True,True
3853,가로등,POINT (961801.2820283574 1949147.7477496543),G0015,가로등,,37.5408642,127.0676046,True,True
3854,가로등,POINT (961839.7329312149 1949131.1842131393),G0015,가로등,,37.5407165,127.0680407,True,True
3855,가로등,POINT (961862.1092323443 1949121.2626786868),G0015,가로등,,37.540628,127.0682945,True,True
3856,가로등,POINT (961529.7083278463 1949265.384043233),G0009,가로등,,37.5419132,127.0645244,True,True
3857,가로등,POINT (961551.70686121 1949256.073617678),G0009,가로등,,37.5418302,127.0647739,True,True
3858,가로등,POINT (961581.7199329339 1949243.3201176808),G0009,가로등,,37.5417165,127.0651143,True,True
3859,가로등,POINT (961606.706235384 1949232.4538633283),G0009,가로등,,37.5416196,127.0653977,True,True
3860,가로등,POINT (961636.2956394117 1949219.746899951),G0009,가로등,,37.5415063,127.0657333,True,True
3861,가로등,POINT (961662.6763997137 1949208.5526307917),G0009,가로등,,37.5414065,127.0660325,True,True
3862,가로등,POINT (961695.5426782634 1949193.7449618496),G0009,가로등,,37.5412744,127.0664053,True,True
3863,가로등,POINT (961726.2080319694 1949180.578480384),G0009,가로등,,37.541157,127.0667531,True,True
3864,가로등,POINT (963687.2586273813 1948829.294258514),G0045,가로등,,37.5380701,127.0889684,True,True
3865,가로등,POINT (963486.281446831 1948765.9927610992),G0045,가로등,,37.5374916,127.0866967,True,True
3866,가로등,POINT (963457.4507836815 1948757.3547720138),G0045,가로등,,37.5374126,127.0863708,True,True
3867,가로등,POINT (963439.1011968593 1948751.411123182),G0045,가로등,,37.5373583,127.0861634,True,True
3868,가로등,POINT (963421.516877885 1948744.7097107004),G0045,가로등,,37.5372972,127.0859647,True,True
3869,가로등,POINT (963395.0292163583 1948736.5054062244),G0045,가로등,,37.5372222,127.0856653,True,True
3870,가로등,POINT (963359.6342015653 1948729.904807327),G0045,가로등,,37.5371613,127.085265,True,True
3871,가로등,POINT (963334.8161868444 1948721.693330232),G0045,가로등,,37.5370863,127.0849845,True,True
3872,가로등,POINT (963301.4885032421 1948711.1119782254),G0045,가로등,,37.5369896,127.0846078,True,True
3873,가로등,POINT (963277.7466804137 1948704.549016062),G0034,가로등,,37.5369295,127.0843394,True,True
3874,가로등,POINT (963252.7163242311 1948698.3024701742),G0034,가로등,,37.5368722,127.0840564,True,True
3875,가로등,POINT (963666.1771536595 1948822.8295110117),G0045,가로등,,37.538011,127.0887301,True,True
3876,가로등,POINT (963268.3937076635 1948671.2953891123),G0034,가로등,,37.5366294,127.0842352,True,True
3877,가로등,POINT (963315.7072913941 1948685.8865706928),G0045,가로등,,37.5367628,127.08477,True,True
3878,가로등,POINT (963343.7509872742 1948694.2834621058),G0045,가로등,,37.5368396,127.085087,True,True
3879,가로등,POINT (963368.5389991575 1948701.6851910749),G0045,가로등,,37.5369073,127.0853672,True,True
3880,가로등,POINT (963394.6825380407 1948709.9574962542),G0045,가로등,,37.5369829,127.0856627,True,True
3881,가로등,POINT (963422.2425551962 1948718.9004187365),G0045,가로등,,37.5370646,127.0859742,True,True
3882,가로등,POINT (963443.7006712493 1948726.527829834),G0045,가로등,,37.5371342,127.0862167,True,True
3883,가로등,POINT (963467.3412060348 1948734.2122665576),G0045,가로등,,37.5372044,127.0864839,True,True
3884,가로등,POINT (963493.0581960733 1948739.9571808276),G0045,가로등,,37.5372572,127.0867747,True,True
3885,가로등,POINT (963523.2854397127 1948748.7444862383),G0045,가로등,,37.5373376,127.0871164,True,True
3886,가로등,POINT (963634.175695068 1948812.285410927),G0045,가로등,,37.5379147,127.0883684,True,True
3887,가로등,POINT (963543.6247899139 1948757.1536895614),G0045,가로등,,37.5374142,127.0873462,True,True
3888,가로등,POINT (963555.1543089838 1948753.1423232392),G0045,가로등,,37.5373785,127.0874769,True,True
3889,가로등,POINT (963565.5992320451 1948755.6482730964),G0045,가로등,,37.5374015,127.087595,True,True
3890,가로등,POINT (963579.9959507948 1948768.8321273474),G0045,가로등,,37.5375209,127.0877573,True,True
3891,가로등,POINT (963609.934512873 1948778.3199728278),G0045,가로등,,37.5376076,127.0880957,True,True
3892,가로등,POINT (963633.3788744684 1948785.6618050525),G0045,가로등,,37.5376747,127.0883607,True,True
3893,가로등,POINT (963651.0201619511 1948791.30942496),G0045,가로등,,37.5377263,127.0885601,True,True
3894,가로등,POINT (963670.2784500915 1948797.016578489),G0045,가로등,,37.5377785,127.0887778,True,True
3895,가로등,POINT (963684.1507624504 1948801.4492479435),G0045,가로등,,37.537819,127.0889346,True,True
3896,가로등,POINT (963718.7420899036 1948812.2928785863),G0045,가로등,,37.5379181,127.0893256,True,True
3897,가로등,POINT (963604.2173298517 1948802.2761188457),G0045,가로등,,37.5378233,127.0880298,True,True
3898,가로등,POINT (963761.0355333852 1948822.7480232776),G0045,가로등,,37.538014,127.0898038,True,True
3899,가로등,POINT (963582.7910249818 1948795.7798084614),G0045,가로등,,37.5377639,127.0877876,True,True
3900,가로등,POINT (963561.2817194827 1948788.496198794),G0045,가로등,,37.5376974,127.0875445,True,True
3901,가로등,POINT (963716.0707369474 1948837.8443643122),G0045,가로등,,37.5381483,127.0892941,True,True
3902,가로등,POINT (963541.5379648721 1948782.913468187),G0045,가로등,,37.5376463,127.0873213,True,True
3903,가로등,POINT (963528.6344110477 1948779.8192322466),G0045,가로등,,37.5376179,127.0871754,True,True
3904,가로등,POINT (963506.5361647782 1948773.237310243),G0045,가로등,,37.5375577,127.0869256,True,True
3905,가로등,POINT (964206.6334238162 1949097.438283892),G0055,가로등,,37.5405073,127.0948341,True,True
3906,가로등,POINT (964227.1709334156 1949113.2484037967),G0056,가로등,,37.5406506,127.0950658,True,True
3907,가로등,POINT (964249.3256061692 1949129.1847492899),G0056,가로등,,37.5407951,127.0953158,True,True
3908,가로등,POINT (964271.2844629161 1949142.747747172),G0056,가로등,,37.5409182,127.0955637,True,True
3909,가로등,POINT (963863.4576581663 1948883.8770155462),G0055,가로등,,37.538569,127.0909601,True,True
3910,가로등,POINT (963840.8793253562 1948876.4752959844),G0055,가로등,,37.5385014,127.0907049,True,True
3911,가로등,POINT (963818.8385536515 1948868.7717414116),G0055,가로등,,37.5384311,127.0904558,True,True
3912,가로등,POINT (963793.5374075279 1948860.9936969243),G0055,가로등,,37.53836,127.0901698,True,True
3913,가로등,POINT (963766.6268733134 1948852.8899095808),G0045,가로등,,37.5382859,127.0898656,True,True
3914,가로등,POINT (963742.6625036367 1948845.7607715135),G0045,가로등,,37.5382207,127.0895947,True,True
3915,가로등,POINT (964349.5401909861 1949181.9971205008),G0065,가로등,,37.541275,127.0964476,True,True
3916,가로등,POINT (964635.1374018028 1949298.2238937737),G0065,가로등,,37.5423336,127.0996748,True,True
3917,가로등,POINT (964672.6186771619 1949314.2847261021),G0065,가로등,,37.5424798,127.1000983,True,True
3918,가로등,POINT (964698.9301289478 1949325.4228023544),G0065,가로등,,37.5425812,127.1003956,True,True
3919,가로등,POINT (964733.3310743521 1949340.1212660994),G0065,가로등,,37.542715,127.1007843,True,True
3920,가로등,POINT (964762.6153434571 1949352.367477166),G0065,가로등,,37.5428265,127.1011152,True,True
3921,가로등,POINT (964373.7905388225 1949194.3634285058),G0065,가로등,,37.5413874,127.0967215,True,True
3922,가로등,POINT (964405.632210115 1949205.2993520289),G0065,가로등,,37.5414872,127.0970814,True,True
3923,가로등,POINT (964433.8793859612 1949216.505962757),G0065,가로등,,37.5415893,127.0974006,True,True
3924,가로등,POINT (964467.7094215299 1949229.696911189),G0065,가로등,,37.5417095,127.0977829,True,True
3925,가로등,POINT (964508.3636415327 1949245.9431388848),G0065,가로등,,37.5418575,127.0982423,True,True
3926,가로등,POINT (964539.8963299253 1949259.0887224567),G0065,가로등,,37.5419772,127.0985986,True,True
3927,가로등,POINT (964573.9843379332 1949272.7782570585),G0065,가로등,,37.5421019,127.0989838,True,True
3928,가로등,POINT (964602.0727949536 1949284.1636264005),G0065,가로등,,37.5422056,127.0993012,True,True
3929,가로등,POINT (964044.2611585372 1949004.700621149),G0055,가로등,,37.5396651,127.0930007,True,True
3930,가로등,POINT (964028.6168684883 1948992.8527274695),G0055,가로등,,37.5395577,127.0928242,True,True
3931,가로등,POINT (964010.6232433018 1948979.1289553265),G0055,가로등,,37.5394333,127.0926212,True,True
3932,가로등,POINT (963991.8789205665 1948965.4750433734),G0055,가로등,,37.5393095,127.0924097,True,True
3933,가로등,POINT (963966.9836052281 1948947.2768677226),G0055,가로등,,37.5391445,127.0921288,True,True
3934,가로등,POINT (963938.4187185973 1948926.3321341085),G0055,가로등,,37.5389546,127.0918065,True,True
3935,가로등,POINT (963903.8109191072 1948901.353121421),G0055,가로등,,37.5387281,127.091416,True,True
3936,가로등,POINT (963881.5584047332 1948889.622974535),G0055,가로등,,37.5386215,127.0911647,True,True
3937,가로등,POINT (964802.5388145297 1949367.3978267142),G0074,가로등,,37.5429635,127.1015664,True,True
3938,가로등,POINT (964828.0964008207 1949377.9182052882),G0074,가로등,,37.5430593,127.1018552,True,True
3939,가로등,POINT (964860.416125466 1949391.4943539875),G0074,가로등,,37.5431829,127.1022204,True,True
3940,가로등,POINT (964891.6666762775 1949407.1276501524),G0074,가로등,,37.543325,127.1025734,True,True
3941,가로등,POINT (964915.9068995712 1949423.722618727),G0074,가로등,,37.5434755,127.102847,True,True
3942,가로등,POINT (964942.0360351013 1949446.2453024688),G0074,가로등,,37.5436795,127.1031417,True,True
3943,가로등,POINT (964967.7834809378 1949476.746704446),G0074,가로등,,37.5439554,127.1034317,True,True
3944,가로등,POINT (964986.210363182 1949501.676262966),G0074,가로등,,37.5441808,127.1036391,True,True
3945,가로등,POINT (965007.8610615156 1949530.686191904),G0074,가로등,,37.5444431,127.1038828,True,True
3946,가로등,POINT (964265.8596519689 1949169.3315990877),G0056,가로등,,37.5411576,127.095501,True,True
3947,가로등,POINT (964094.8598127511 1949042.2256633495),G0055,가로등,,37.5400053,127.0935716,True,True
3948,가로등,POINT (964070.0879152466 1949023.8602291583),G0055,가로등,,37.5398388,127.0932921,True,True
3949,가로등,POINT (964251.0398637011 1949158.0122856968),G0056,가로등,,37.541055,127.0953338,True,True
3950,가로등,POINT (964231.5872614977 1949143.817250263),G0056,가로등,,37.5409263,127.0951143,True,True
3951,가로등,POINT (964211.9464444609 1949129.0128667506),G0056,가로등,,37.5407921,127.0948927,True,True
3952,가로등,POINT (964193.1520342052 1949115.8801681842),G0056,가로등,,37.540673,127.0946806,True,True
3953,가로등,POINT (964168.2337893024 1949098.302793126),G0055,가로등,,37.5405136,127.0943994,True,True
3954,가로등,POINT (964150.7547849221 1949084.9870017024),G0055,가로등,,37.5403929,127.0942022,True,True
3955,가로등,POINT (964133.3737641306 1949071.8705267606),G0055,가로등,,37.540274,127.0940061,True,True
3956,가로등,POINT (964115.209947567 1949057.5259665744),G0055,가로등,,37.540144,127.0938012,True,True
3957,가로등,POINT (965101.0205409337 1949630.7337644568),G0075,가로등,,37.5453484,127.1049326,True,True
3958,가로등,POINT (965105.1131094483 1949648.146207509),G0075,가로등,,37.5455055,127.1049781,True,True
3959,가로등,POINT (965121.97079908 1949671.9288180347),G0075,가로등,,37.5457205,127.1051678,True,True
3960,가로등,POINT (965136.9169576705 1949692.812697365),G0075,가로등,,37.5459093,127.105336,True,True
3961,가로등,POINT (965150.5760675104 1949712.2486093633),G0075,가로등,,37.546085,127.1054897,True,True
3962,가로등,POINT (965163.638003712 1949730.433357059),G0075,가로등,,37.5462494,127.1056367,True,True
3963,가로등,POINT (965177.7886054356 1949751.2429842001),G0075,가로등,,37.5464375,127.1057959,True,True
3964,가로등,POINT (964498.1559156084 1949278.0502032854),G0065,가로등,,37.5421465,127.0981252,True,True
3965,가로등,POINT (964469.6811535356 1949267.2659452895),G0065,가로등,,37.5420482,127.0978034,True,True
3966,가로등,POINT (964434.4185307968 1949253.7039066136),G0065,가로등,,37.5419246,127.0974049,True,True
3967,가로등,POINT (964396.8884516739 1949238.7981915842),G0065,가로등,,37.5417888,127.0969808,True,True
3968,가로등,POINT (964370.0346248756 1949233.1885120848),G0065,가로등,,37.5417372,127.0966771,True,True
3969,가로등,POINT (964334.55928199 1949233.939865215),G0065,가로등,,37.5417426,127.0962755,True,True
3970,가로등,POINT (965327.0823808289 1949779.6085810345),G0083,가로등,,37.5466988,127.1074846,True,True
3971,가로등,POINT (965246.8905095452 1949855.7310787342),G0075,가로등,,37.5473819,127.1065732,True,True
3972,가로등,POINT (965262.9414922636 1949879.0291864292),G0075,가로등,,37.5475925,127.1067538,True,True
3973,가로등,POINT (965277.7885289062 1949897.506200669),G0075,가로등,,37.5477596,127.106921,True,True
3974,가로등,POINT (965298.1756406135 1949922.6834269536),G0083,가로등,,37.5479873,127.1071506,True,True
3975,가로등,POINT (965243.8071084317 1949798.6289031454),G0075,가로등,,37.5468671,127.106541,True,True
3976,가로등,POINT (965306.2019362662 1949784.4220869953),G0083,가로등,,37.5467414,127.107248,True,True
3977,가로등,POINT (965286.1539779025 1949787.6234470091),G0075,가로등,,37.5467695,127.1070209,True,True
3978,가로등,POINT (965265.2713024691 1949791.8934296449),G0075,가로등,,37.5468072,127.1067843,True,True
3979,가로등,POINT (965227.4781237368 1949814.473798394),G0075,가로등,,37.5470093,127.1063554,True,True
3980,가로등,POINT (965187.8837298121 1949761.3411408297),G0075,가로등,,37.5465289,127.1059097,True,True
3981,가로등,POINT (965213.0355206659 1949808.2547293396),G0075,가로등,,37.5469527,127.1061922,True,True
3982,가로등,POINT (965233.057472517 1949834.7313965764),G0075,가로등,,37.5471921,127.1064176,True,True
3983,가로등,POINT (961880.3527215723 1949148.2831857218),G0015,가로등,,37.5408723,127.0684996,True,True
3984,가로등,POINT (961630.0957253838 1949256.476679326),G0009,가로등,,37.5418371,127.0656612,True,True
3985,가로등,POINT (961604.8724317363 1949267.6657049288),G0009,가로등,,37.5419369,127.0653751,True,True
3986,가로등,POINT (961578.2807384321 1949279.0386522703),G0009,가로등,,37.5420383,127.0650735,True,True
3987,가로등,POINT (961549.6610735776 1949291.2420782773),G0009,가로등,,37.5421471,127.0647489,True,True
3988,가로등,POINT (961514.98645332 1949306.491404811),G0009,가로등,,37.5422831,127.0643556,True,True
3989,가로등,POINT (961852.6332646155 1949160.4814233994),G0015,가로등,,37.5409811,127.0681852,True,True
3990,가로등,POINT (961822.373761047 1949173.5900957913),G0015,가로등,,37.541098,127.067842,True,True
3991,가로등,POINT (961797.2375388897 1949184.611709502),G0015,가로등,,37.5411963,127.0675569,True,True
3992,가로등,POINT (961768.1681195564 1949197.1270918471),G0009,가로등,,37.5413079,127.0672272,True,True
3993,가로등,POINT (961739.1092563206 1949209.9975577353),G0009,가로등,,37.5414227,127.0668976,True,True
3994,가로등,POINT (961712.6227996517 1949221.280827447),G0009,가로등,,37.5415233,127.0665972,True,True
3995,가로등,POINT (961685.536714439 1949232.7888417277),G0009,가로등,,37.5416259,127.06629,True,True
3996,가로등,POINT (961656.9366577659 1949245.479968029),G0009,가로등,,37.5417391,127.0659656,True,True
3997,가로등,POINT (964992.0666455805 1949570.682266094),G0074,가로등,,37.544803,127.1037021,True,True
3998,가로등,POINT (965126.8308675782 1949752.2223279327),G0075,가로등,,37.5464444,127.105219,True,True
3999,가로등,POINT (964759.7881370247 1949385.6189373014),G0065,가로등,,37.5431261,127.1010816,True,True
4000,가로등,POINT (965105.0945196978 1949717.310114657),G0075,가로등,,37.5461289,127.1049746,True,True
4001,가로등,POINT (964727.8986349739 1949379.7853926746),G0065,가로등,,37.5430723,127.1007209,True,True
4002,가로등,POINT (964698.1977191393 1949365.1113539448),G0065,가로등,,37.5429389,127.1003854,True,True
4003,가로등,POINT (965089.5579348245 1949694.6758239632),G0075,가로등,,37.5459243,127.1047998,True,True
4004,가로등,POINT (965072.9732784522 1949672.8114980785),G0075,가로등,,37.5457266,127.1046131,True,True
4005,가로등,POINT (964664.0268746691 1949350.5008136414),G0065,가로등,,37.5428059,127.0999993,True,True
4006,가로등,POINT (965056.0578258131 1949647.9308615474),G0075,가로등,,37.5455017,127.1044228,True,True
4007,가로등,POINT (964627.4222508718 1949334.8911668155),G0065,가로등,,37.5426638,127.0995857,True,True
4008,가로등,POINT (964597.3482702984 1949321.8943616168),G0065,가로등,,37.5425455,127.0992459,True,True
4009,가로등,POINT (964567.8133089807 1949308.9508382524),G0065,가로등,,37.5424277,127.0989122,True,True
4010,가로등,POINT (964536.5462080997 1949291.7433866905),G0065,가로등,,37.5422714,127.0985591,True,True
4011,가로등,POINT (964978.8962005056 1949549.9575763927),G0074,가로등,,37.5446157,127.103554,True,True
4012,가로등,POINT (964957.8716216033 1949520.700998363),G0074,가로등,,37.5443512,127.1033174,True,True
4013,가로등,POINT (964933.2217887612 1949486.5115801422),G0074,가로등,,37.5440421,127.10304,True,True
4014,가로등,POINT (964914.7567767004 1949463.057882292),G0074,가로등,,37.54383,127.1028321,True,True
4015,가로등,POINT (964887.7398013244 1949441.5819304308),G0074,가로등,,37.5436354,127.1025273,True,True
4016,가로등,POINT (964855.8758400433 1949425.008202818),G0074,가로등,,37.5434848,127.1021674,True,True
4017,가로등,POINT (964820.2392303203 1949410.4365103922),G0074,가로등,,37.5433521,127.1017647,True,True
4018,가로등,POINT (964789.4766407917 1949397.4086474024),G0074,가로등,,37.5432335,127.1014171,True,True
4019,가로등,POINT (965325.8595314188 1949958.5365379802),G0083,가로등,,37.5483115,127.1074623,True,True
4020,가로등,POINT (965457.4948754557 1950174.7323822202),G0084,가로등,,37.5502651,127.1089423,True,True
4021,가로등,POINT (965473.2669728104 1950165.236364074),G0084,가로등,,37.5501801,127.1091213,True,True
4022,가로등,POINT (965462.1758454412 1950208.5514972662),G0084,가로등,,37.5505701,127.1089937,True,True
4023,가로등,POINT (965470.532935044 1950225.7466848237),G0084,가로등,,37.5507254,127.1090875,True,True
4024,가로등,POINT (965343.286830894 1949987.8756193812),G0083,가로등,,37.5485766,127.1076582,True,True
4025,가로등,POINT (965360.6170791553 1950019.3896869917),G0083,가로등,,37.5488613,127.1078529,True,True
4026,가로등,POINT (965377.7570747024 1950051.9141941674),G0083,가로등,,37.5491551,127.1080454,True,True
4027,가로등,POINT (965391.5983115566 1950077.1744150252),G0083,가로등,,37.5493833,127.1082009,True,True
4028,가로등,POINT (965402.2017124887 1950097.0561641094),G0083,가로등,,37.5495629,127.10832,True,True
4029,가로등,POINT (965413.4721274027 1950118.0335157881),G0084,가로등,,37.5497524,127.1084466,True,True
4030,가로등,POINT (965427.7821832654 1950143.5026421803),G0084,가로등,,37.5499825,127.1086074,True,True
4031,가로등,POINT (965444.0763777562 1950174.555223804),G0084,가로등,,37.550263,127.1087904,True,True
4032,가로등,POINT (965268.3116949621 1949931.683963469),G0075,가로등,,37.5480673,127.1068121,True,True
4033,가로등,POINT (965183.47731647 1949875.5121161493),G0075,가로등,,37.5475578,127.1058544,True,True
4034,가로등,POINT (965181.0140500712 1949835.7926211138),G0075,가로등,,37.5471997,127.1058284,True,True
4035,가로등,POINT (965182.5919394738 1949858.1749418993),G0075,가로등,,37.5474015,127.1058452,True,True
4036,가로등,POINT (965177.5366926952 1949823.8915831014),G0075,가로등,,37.5470923,127.1057896,True,True
4037,가로등,POINT (965166.3134836713 1949810.1924200307),G0075,가로등,,37.5469684,127.1056632,True,True
4038,가로등,POINT (965250.2329345695 1949911.4120652229),G0075,가로등,,37.5478839,127.1066084,True,True
4039,가로등,POINT (965152.8806785417 1949794.117200552),G0075,가로등,,37.546823,127.1055119,True,True
4040,가로등,POINT (965140.0076276633 1949776.7193937497),G0075,가로등,,37.5466657,127.105367,True,True
4041,가로등,POINT (965126.8822160673 1949760.2435195332),G0075,가로등,,37.5465167,127.1052192,True,True
4042,가로등,POINT (965231.0545681099 1949888.0383169327),G0075,가로등,,37.5476725,127.1063924,True,True
4043,가로등,POINT (965212.24012875 1949862.9988956538),G0075,가로등,,37.5474461,127.1061806,True,True
4044,가로등,POINT (965194.1604304104 1949838.3558435226),G0075,가로등,,37.5472233,127.1059771,True,True
4045,가로등,POINT (965175.0559429866 1949815.8251046888),G0075,가로등,,37.5470195,127.1057619,True,True
4046,가로등,POINT (965162.013747462 1949800.2031119294),G0075,가로등,,37.5468782,127.105615,True,True
4047,가로등,POINT (965149.0077097138 1949782.6838084192),G0075,가로등,,37.5467198,127.1054686,True,True
4048,가로등,POINT (965137.9194951298 1949767.4974384217),G0075,가로등,,37.5465825,127.1053438,True,True
4049,가로등,POINT (965450.7700949374 1950250.5255095393),G0084,가로등,,37.550948,127.1088626,True,True
4050,가로등,POINT (965320.4266037188 1950009.2283386807),G0083,가로등,,37.5487682,127.1073984,True,True
4051,가로등,POINT (965300.7772354474 1949974.5066043774),G0083,가로등,,37.5484545,127.1071776,True,True
4052,가로등,POINT (965283.3915414794 1949950.936637537),G0075,가로등,,37.5482414,127.1069819,True,True
4053,가로등,POINT (965441.0303197358 1950232.2044442531),G0084,가로등,,37.5507825,127.1087532,True,True
4054,가로등,POINT (965430.0809803347 1950211.913583706),G0084,가로등,,37.5505992,127.1086302,True,True
4055,가로등,POINT (965419.1642407953 1950190.9791139802),G0084,가로등,,37.5504101,127.1085076,True,True
4056,가로등,POINT (965393.4964567127 1950144.7549164034),G0084,가로등,,37.5499925,127.1082192,True,True
4057,가로등,POINT (965375.5594545291 1950111.6900617687),G0084,가로등,,37.5496938,127.1080177,True,True
4058,가로등,POINT (965348.9545710462 1950095.0370661875),G0083,가로등,,37.5495427,127.1077173,True,True
4059,가로등,POINT (965357.3396475778 1950078.6264257228),G0083,가로등,,37.5493951,127.107813,True,True
4060,가로등,POINT (965340.1221984159 1950044.4824681855),G0083,가로등,,37.5490867,127.1076197,True,True
4062,가로등,POINT (965709.6513656025 1950823.177433573),G0085,가로등,,37.5561192,127.1117666,True,True
4063,가로등,POINT (965724.2824992626 1950794.2820861763),G0085,가로등,,37.5558593,127.1119336,True,True
4064,가로등,POINT (965741.837983719 1950767.6823814332),G0085,가로등,,37.5556202,127.1121336,True,True
4065,가로등,POINT (965749.6342319488 1950736.984676098),G0085,가로등,,37.5553438,127.1122233,True,True
4066,가로등,POINT (965748.426402947 1950705.4143619859),G0085,가로등,,37.5550592,127.1122111,True,True
4067,가로등,POINT (965735.5132704743 1950675.5232579075),G0085,가로등,,37.5547893,127.1120663,True,True
4068,가로등,POINT (965722.7745994189 1950647.26236344),G0085,가로등,,37.5545341,127.1119234,True,True
4069,가로등,POINT (965710.7610372235 1950619.2203865864),G0085,가로등,,37.5542809,127.1117887,True,True
4070,가로등,POINT (965696.8688470179 1950587.5915313957),G0084,가로등,,37.5539953,127.1116329,True,True
4071,가로등,POINT (965690.375274104 1950544.4935696055),G0084,가로등,,37.5536066,127.1115614,True,True
4072,가로등,POINT (965857.8769505685 1951054.410925098),G0088,가로등,,37.5582089,127.113434,True,True
4073,가로등,POINT (965686.8558893523 1950511.4905223972),G0084,가로등,,37.553309,127.1115231,True,True
4074,가로등,POINT (965679.6548132222 1950474.6195782588),G0084,가로등,,37.5529764,127.1114433,True,True
4075,가로등,POINT (965669.348196663 1950445.061740862),G0084,가로등,,37.5527096,127.111328,True,True
4076,가로등,POINT (965655.4582078158 1950420.4780324781),G0084,가로등,,37.5524875,127.1111719,True,True
4077,가로등,POINT (965632.132935527 1950397.664155457),G0084,가로등,,37.552281,127.1109089,True,True
4078,가로등,POINT (965605.312906043 1950388.433538057),G0084,가로등,,37.5521968,127.1106057,True,True
4079,가로등,POINT (965573.7776473368 1950383.8712005739),G0084,가로등,,37.5521545,127.1102489,True,True
4080,가로등,POINT (965549.9025557841 1950377.646288492),G0084,가로등,,37.5520975,127.1099789,True,True
4081,가로등,POINT (965529.9574697119 1950369.1307320136),G0084,가로등,,37.55202,127.1097535,True,True
4082,가로등,POINT (965510.3834044328 1950352.1262975005),G0084,가로등,,37.551866,127.1095327,True,True
4083,가로등,POINT (965838.5814968904 1951016.557774732),G0088,가로등,,37.557867,127.1132173,True,True
4084,가로등,POINT (965492.2610606443 1950327.3829252867),G0084,가로등,,37.5516423,127.1093287,True,True
4085,가로등,POINT (965483.1644069231 1950306.4851860167),G0084,가로등,,37.5514536,127.1092267,True,True
4086,가로등,POINT (965463.41243596 1950282.8692072842),G0084,가로등,,37.55124,127.1090042,True,True
4087,가로등,POINT (965811.5983668085 1950984.3391116033),G0088,가로등,,37.5575756,127.1129133,True,True
4088,가로등,POINT (965781.2423558085 1950956.727612497),G0085,가로등,,37.5573256,127.1125709,True,True
4089,가로등,POINT (965752.3604095089 1950928.9326282588),G0085,가로등,,37.557074,127.1122452,True,True
4090,가로등,POINT (965726.7169661174 1950904.7301269164),G0085,가로등,,37.5568549,127.111956,True,True
4091,가로등,POINT (965716.0027982714 1950881.120621951),G0085,가로등,,37.5566417,127.1118358,True,True
4092,가로등,POINT (965706.7422140941 1950850.1937681865),G0085,가로등,,37.5563626,127.1117324,True,True
4093,가로등,POINT (962094.3211824489 1949010.4736994493),G0014,가로등,,37.539639,127.0709287,True,True
4094,가로등,POINT (962332.2075475605 1948918.3822409424),G0023,가로등,,37.5388187,127.0736261,True,True
4095,가로등,POINT (962357.3861520657 1948910.5351453226),G0023,가로등,,37.538749,127.0739115,True,True
4096,가로등,POINT (962379.1415354183 1948903.7021463185),G0023,가로등,,37.5386883,127.0741581,True,True
4097,가로등,POINT (962434.9446450879 1948888.78250604),G0023,가로등,,37.5385561,127.0747905,True,True
4098,가로등,POINT (962470.6040582515 1948879.5681078187),G0023,가로등,,37.5384745,127.0751946,True,True
4099,가로등,POINT (962489.2732843148 1948874.025225868),G0023,가로등,,37.5384253,127.0754062,True,True
4100,가로등,POINT (962516.5635989301 1948868.121738835),G0023,가로등,,37.5383732,127.0757154,True,True
4101,가로등,POINT (962540.1806088629 1948860.6816548752),G0023,가로등,,37.5383071,127.0759831,True,True
4102,가로등,POINT (962561.6090392398 1948853.7729494083),G0023,가로등,,37.5382457,127.076226,True,True
4103,가로등,POINT (962586.9794614097 1948845.271107198),G0023,가로등,,37.5381701,127.0765136,True,True
4104,가로등,POINT (962114.5520235108 1949002.6484388239),G0014,가로등,,37.5395693,127.0711581,True,True
4105,가로등,POINT (962606.8272292578 1948838.5138684106),G0023,가로등,,37.53811,127.0767386,True,True
4106,가로등,POINT (962623.4819512501 1948832.8916011776),G0023,가로등,,37.53806,127.0769274,True,True
4107,가로등,POINT (962139.2865174309 1948992.439540582),G0014,가로등,,37.5394783,127.0714386,True,True
4108,가로등,POINT (962160.8113537765 1948983.5655994639),G0014,가로등,,37.5393992,127.0716827,True,True
4109,가로등,POINT (962196.0347552537 1948967.994765213),G0014,가로등,,37.5392603,127.0720822,True,True
4110,가로등,POINT (962222.7643210582 1948957.3998217608),G0014,가로등,,37.5391659,127.0723853,True,True
4111,가로등,POINT (962245.9242654082 1948948.6407095033),G0014,가로등,,37.5390879,127.0726479,True,True
4112,가로등,POINT (962273.4258296324 1948938.7635744845),G0014,가로등,,37.539,127.0729597,True,True
4113,가로등,POINT (962293.3942414608 1948931.4392052921),G0023,가로등,,37.5389348,127.0731861,True,True
4114,가로등,POINT (962381.1941579106 1948878.9961734316),G0023,가로등,,37.5384657,127.0741826,True,True
4115,가로등,POINT (962167.5625728327 1948706.490426631),G0014,가로등,,37.5369021,127.0717734,True,True
4116,가로등,POINT (962135.0632259966 1948720.9949552529),G0014,가로등,,37.5370315,127.0714048,True,True
4117,가로등,POINT (962119.7765511445 1948708.860531523),G0014,가로등,,37.5369215,127.0712324,True,True
4118,가로등,POINT (962141.2727717793 1948699.3653827698),G0014,가로등,,37.5368368,127.0714762,True,True
4119,가로등,POINT (962182.2765841949 1948682.1150706583),G0014,가로등,,37.536683,127.0719412,True,True
4120,가로등,POINT (962225.5320749768 1948662.6136075514),G0014,가로등,,37.536509,127.0724318,True,True
4121,가로등,POINT (962265.7818567704 1948644.612705621),G0014,가로등,,37.5363484,127.0728883,True,True
4122,가로등,POINT (962303.0282042116 1948628.6226637093),G0023,가로등,,37.5362058,127.0733107,True,True
4123,가로등,POINT (962370.5298617624 1948837.8611541803),G0023,가로등,,37.5380945,127.074064,True,True
4124,가로등,POINT (962359.5671850317 1948795.240819692),G0023,가로등,,37.5377099,127.0739421,True,True
4125,가로등,POINT (962350.5265285498 1948757.6154742825),G0023,가로등,,37.5373704,127.0738417,True,True
4126,가로등,POINT (962337.030818706 1948705.8646669697),G0023,가로등,,37.5369034,127.0736916,True,True
4127,가로등,POINT (962327.0605007618 1948661.9972814028),G0023,가로등,,37.5365076,127.073581,True,True
4128,가로등,POINT (962296.3154298268 1948648.4903429216),G0023,가로등,,37.5363846,127.0732337,True,True
4129,가로등,POINT (962258.322816069 1948665.4934191837),G0014,가로등,,37.5365363,127.0728028,True,True
4130,가로등,POINT (962207.8153996335 1948689.2325657886),G0014,가로등,,37.5367482,127.0722299,True,True
4131,가로등,POINT (962335.522756736 1948634.3554476707),G0023,가로등,,37.5362588,127.0736782,True,True
4132,가로등,POINT (962347.5234940507 1948677.8697052826),G0023,가로등,,37.5366515,127.0738118,True,True
4133,가로등,POINT (962361.0279652987 1948729.6093928353),G0023,가로등,,37.5371184,127.073962,True,True
4134,가로등,POINT (962374.0217562352 1948777.8676996),G0023,가로등,,37.5375539,127.0741066,True,True
4135,가로등,POINT (962383.0745361166 1948816.2474509943),G0023,가로등,,37.5379002,127.0742071,True,True
4136,가로등,POINT (962395.7758785425 1948864.3628888628),G0023,가로등,,37.5383344,127.0743484,True,True
4137,가로등,POINT (962404.5279900496 1948896.8638661478),G0023,가로등,,37.5386277,127.0744458,True,True
4138,가로등,POINT (962639.1963200943 1948865.6943317605),G0023,가로등,,37.5383563,127.0771036,True,True
4139,가로등,POINT (962429.7821318137 1948934.9928531123),G0023,가로등,,37.5389724,127.0747297,True,True
4140,가로등,POINT (962392.7186322181 1948948.1856698135),G0023,가로등,,37.5390898,127.0743095,True,True
4141,가로등,POINT (962371.6257081563 1948958.86547626),G0023,가로등,,37.5391852,127.0740702,True,True
4142,가로등,POINT (962344.7100211655 1948967.4193673327),G0023,가로등,,37.5392612,127.0737651,True,True
4143,가로등,POINT (962314.7864272856 1948976.9966038822),G0023,가로등,,37.5393463,127.0734259,True,True
4144,가로등,POINT (962280.287609547 1948988.7470838234),G0014,가로등,,37.5394508,127.0730348,True,True
4145,가로등,POINT (962250.8603918791 1949000.5967017822),G0014,가로등,,37.5395564,127.0727011,True,True
4146,가로등,POINT (962213.7824133937 1949016.3088762164),G0014,가로등,,37.5396965,127.0722806,True,True
4147,가로등,POINT (962187.1980355877 1949027.7020058732),G0014,가로등,,37.5397981,127.0719791,True,True
4148,가로등,POINT (962159.0242515254 1949039.2577868379),G0014,가로등,,37.5399011,127.0716596,True,True
4149,가로등,POINT (962617.8290014059 1948872.4472368832),G0023,가로등,,37.5384163,127.0768614,True,True
4150,가로등,POINT (962134.5734840923 1949049.6650388753),G0014,가로등,,37.5399939,127.0713823,True,True
4151,가로등,POINT (962104.5944741478 1949062.471836477),G0014,가로등,,37.5401081,127.0710423,True,True
4152,가로등,POINT (962588.6014895514 1948881.7540742438),G0023,가로등,,37.538499,127.0765301,True,True
4153,가로등,POINT (962563.6259815224 1948889.6439284128),G0023,가로등,,37.5385691,127.076247,True,True
4154,가로등,POINT (962538.7565343068 1948897.5333800667),G0023,가로등,,37.5386392,127.0759651,True,True
4155,가로등,POINT (962511.0823167786 1948906.445175911),G0023,가로등,,37.5387184,127.0756514,True,True
4156,가로등,POINT (962492.776616687 1948912.2637346035),G0023,가로등,,37.5387701,127.0754439,True,True
4157,가로등,POINT (962475.476570535 1948917.74495209),G0023,가로등,,37.5388188,127.0752478,True,True
4158,가로등,POINT (962456.9375024402 1948924.6962982127),G0023,가로등,,37.5388807,127.0750376,True,True
4159,가로등,POINT (962655.1328451547 1948824.1287276382),G0023,가로등,,37.5379823,127.0772861,True,True
4160,가로등,POINT (962863.2359126466 1948760.9105802355),G0034,가로등,,37.5374209,127.0796448,True,True
4161,가로등,POINT (962881.021943829 1948755.317060812),G0034,가로등,,37.5373712,127.0798464,True,True
4162,가로등,POINT (962910.4786811542 1948745.7328740838),G0034,가로등,,37.537286,127.0801803,True,True
4163,가로등,POINT (962936.5226502689 1948737.5508463245),G0034,가로등,,37.5372133,127.0804755,True,True
4164,가로등,POINT (962956.804840128 1948731.0144058287),G0034,가로등,,37.5371552,127.0807054,True,True
4165,가로등,POINT (962674.1360851249 1948818.1520722094),G0023,가로등,,37.5379292,127.0775015,True,True
4166,가로등,POINT (962690.3787050601 1948813.2085647613),G0023,가로등,,37.5378853,127.0776856,True,True
4167,가로등,POINT (962727.6952154213 1948801.0366631756),G0023,가로등,,37.5377771,127.0781086,True,True
4168,가로등,POINT (962745.3567410551 1948795.299179168),G0023,가로등,,37.5377261,127.0783088,True,True
4169,가로등,POINT (962773.5871103238 1948786.1526932614),G0023,가로등,,37.5376448,127.0786288,True,True
4170,가로등,POINT (962795.3301419998 1948778.3888994302),G0034,가로등,,37.5375757,127.0788753,True,True
4171,가로등,POINT (962814.5471053259 1948772.7444499899),G0034,가로등,,37.5375256,127.0790931,True,True
4172,가로등,POINT (962838.3925068694 1948768.84338746),G0034,가로등,,37.5374914,127.0793632,True,True
4173,가로등,POINT (962987.7862144756 1948754.252712792),G0034,가로등,,37.5373659,127.0810549,True,True
4174,가로등,POINT (962771.5961710892 1948822.9181446973),G0023,가로등,,37.5379761,127.0786044,True,True
4175,가로등,POINT (962741.5469510853 1948832.2835946174),G0023,가로등,,37.5380593,127.0782638,True,True
4176,가로등,POINT (962721.0001355383 1948838.8217540854),G0023,가로등,,37.5381174,127.0780309,True,True
4177,가로등,POINT (962700.408730651 1948845.2603132785),G0023,가로등,,37.5381746,127.0777975,True,True
4178,가로등,POINT (962678.8212447182 1948852.1915628246),G0023,가로등,,37.5382362,127.0775528,True,True
4179,가로등,POINT (962656.7567781985 1948859.136107677),G0023,가로등,,37.5382979,127.0773027,True,True
4180,가로등,POINT (962964.6288073062 1948761.8891692064),G0034,가로등,,37.5374338,127.0807924,True,True
4181,가로등,POINT (962934.7911877484 1948771.2529707667),G0034,가로등,,37.537517,127.0804542,True,True
4182,가로등,POINT (962919.6178323121 1948776.3021711048),G0034,가로등,,37.5375619,127.0802822,True,True
4183,가로등,POINT (962900.3937082137 1948782.3347209538),G0034,가로등,,37.5376155,127.0800643,True,True
4184,가로등,POINT (962869.3924418713 1948792.2364984343),G0034,가로등,,37.5377035,127.0797129,True,True
4185,가로등,POINT (962842.3707460102 1948801.0222234558),G0034,가로등,,37.5377816,127.0794066,True,True
4186,가로등,POINT (962811.2870754052 1948810.247815494),G0034,가로등,,37.5378635,127.0790543,True,True
4187,가로등,POINT (962796.5376762567 1948815.2398716856),G0034,가로등,,37.5379079,127.0788871,True,True
4188,가로등,POINT (964391.0335331445 1949177.4922424762),G0065,가로등,,37.541236,127.0969175,True,True
4189,가로등,POINT (962985.4183987966 1948720.5244870535),G0034,가로등,,37.5370618,127.0810298,True,True
4190,가로등,POINT (963189.2082592103 1948643.820537563),G0034,가로등,,37.5363786,127.0833403,True,True
4191,가로등,POINT (963005.3935771086 1948714.4666032752),G0034,가로등,,37.537008,127.0812562,True,True
4192,가로등,POINT (963026.020034523 1948707.8400432651),G0034,가로등,,37.5369491,127.08149,True,True
4193,가로등,POINT (963052.6279276597 1948699.267560981),G0034,가로등,,37.5368729,127.0817916,True,True
4194,가로등,POINT (963080.5579288977 1948689.979233041),G0034,가로등,,37.5367903,127.0821082,True,True
4195,가로등,POINT (963106.2041295848 1948681.6774686733),G0034,가로등,,37.5367165,127.0823989,True,True
4196,가로등,POINT (963125.5517762696 1948675.5228113786),G0034,가로등,,37.5366618,127.0826182,True,True
4197,가로등,POINT (963147.8897567899 1948668.3009450813),G0034,가로등,,37.5365976,127.0828714,True,True
4198,가로등,POINT (963171.7524829755 1948658.243250316),G0034,가로등,,37.5365079,127.083142,True,True
4199,가로등,POINT (964575.5300127965 1948941.2424365003),G0064,가로등,,37.5391137,127.0990173,True,True
4200,가로등,POINT (964761.7834978638 1949237.4973784343),G0065,가로등,,37.5417911,127.1011113,True,True
4201,가로등,POINT (964714.0692670211 1949189.615879103),G0065,가로등,,37.5413577,127.1005735,True,True
4202,가로등,POINT (964670.8195991085 1949142.6143253918),G0065,가로등,,37.5409324,127.1000862,True,True
4203,가로등,POINT (964622.0314297033 1949091.7423717072),G0064,가로등,,37.540472,127.0995364,True,True
4204,가로등,POINT (964576.6629404637 1949043.2525547617),G0064,가로등,,37.5400332,127.0990252,True,True
4205,가로등,POINT (964531.4453631705 1948997.1254911083),G0064,가로등,,37.5396157,127.0985156,True,True
4206,가로등,POINT (964552.0370311633 1948967.7478236763),G0064,가로등,,37.5393517,127.0987501,True,True
4207,가로등,POINT (964550.2797472609 1948984.4970907872),G0064,가로등,,37.5395026,127.0987294,True,True
4208,가로등,POINT (964565.5346144434 1949000.4970039944),G0064,가로등,,37.5396474,127.0989013,True,True
4209,가로등,POINT (964618.8253946371 1949054.6112659052),G0064,가로등,,37.5401372,127.0995019,True,True
4210,가로등,POINT (964670.2871759448 1949106.7477094075),G0064,가로등,,37.5406091,127.1000819,True,True
4211,가로등,POINT (964708.5296679524 1949149.9983635875),G0065,가로등,,37.5410004,127.1005127,True,True
4212,가로등,POINT (964758.5313273036 1949199.745115633),G0065,가로등,,37.5414507,127.1010763,True,True
4213,가로등,POINT (964800.2797591173 1949244.9894392914),G0074,가로등,,37.5418601,127.1015467,True,True
4214,가로등,POINT (964939.2854603409 1949175.504025045),G0074,가로등,,37.5412391,127.1031235,True,True
4215,가로등,POINT (964793.7850082248 1949315.4899441132),G0074,가로등,,37.5424953,127.1014698,True,True
4216,가로등,POINT (964803.5352702808 1949294.0027364395),G0074,가로등,,37.542302,127.1015812,True,True
4217,가로등,POINT (964907.0349296343 1949207.7480102933),G0074,가로등,,37.5415285,127.1027569,True,True
4218,가로등,POINT (964884.2827538066 1949227.7478938363),G0074,가로등,,37.5417079,127.1024984,True,True
4219,가로등,POINT (964850.56597399 1949264.125499866),G0074,가로등,,37.5420345,127.102115,True,True
4220,가로등,POINT (964829.0379841197 1949285.2520099997),G0074,가로등,,37.5422241,127.1018703,True,True
4221,가로등,POINT (964820.0325729703 1949309.4985904444),G0074,가로등,,37.5424423,127.1017672,True,True
4222,가로등,POINT (964811.7844942543 1949328.9934792886),G0074,가로등,,37.5426177,127.1016729,True,True
4223,가로등,POINT (964804.0339843794 1949351.2377331874),G0074,가로등,,37.5428179,127.1015841,True,True
4224,가로등,POINT (964781.7821485972 1949343.244077417),G0065,가로등,,37.542745,127.1013326,True,True
4225,가로등,POINT (964837.7819673748 1949253.4954953806),G0074,가로등,,37.5419382,127.1019708,True,True
4226,가로등,POINT (964873.7915465061 1949084.527560867),G0073,가로등,,37.5404166,127.1023865,True,True
4227,가로등,POINT (964861.5782421898 1949073.118484101),G0073,가로등,,37.5403133,127.1022488,True,True
4228,가로등,POINT (964867.2898395524 1949222.4943353934),G0074,가로등,,37.5416599,127.1023063,True,True
4229,가로등,POINT (964895.7904410065 1949193.494570659),G0074,가로등,,37.5413996,127.1026303,True,True
4230,가로등,POINT (964924.5283331983 1949166.2468534666),G0074,가로등,,37.5411551,127.1029569,True,True
4231,가로등,POINT (964935.2827584404 1949156.4936667944),G0074,가로등,,37.5410676,127.1030791,True,True
4232,가로등,POINT (964929.0307642937 1949142.4964753003),G0074,가로등,,37.5409412,127.103009,True,True
4233,가로등,POINT (964908.0725817463 1949120.8728380534),G0074,가로등,,37.5407455,127.1027728,True,True
4234,가로등,POINT (964895.5337287575 1949109.7535469604),G0074,가로등,,37.5406448,127.1026314,True,True
4235,가로등,POINT (964885.037642108 1949097.028015551),G0073,가로등,,37.5405297,127.1025132,True,True
4236,가로등,POINT (964850.03153313 1949058.4891681122),G0073,가로등,,37.540181,127.1021188,True,True
4237,가로등,POINT (964963.2843409188 1949117.9881697083),G0074,가로등,,37.5407216,127.1033979,True,True
4238,가로등,POINT (964948.2893153462 1949094.2424021298),G0073,가로등,,37.540507,127.1032293,True,True
4239,가로등,POINT (964975.5323272067 1949106.2428030092),G0073,가로등,,37.5406162,127.1035371,True,True
4240,가로등,POINT (964858.1930731359 1949051.8644404854),G0073,가로등,,37.5401216,127.1022115,True,True
4241,가로등,POINT (964873.7772878421 1949053.995260201),G0073,가로등,,37.5401414,127.1023878,True,True
4242,가로등,POINT (964894.529623528 1949070.7491487889),G0073,가로등,,37.5402932,127.1026219,True,True
4243,가로등,POINT (964915.5302665208 1949087.7461213244),G0073,가로등,,37.5404472,127.1028588,True,True
4244,가로등,POINT (964941.5382498341 1949102.2479143476),G0073,가로등,,37.5405789,127.1031525,True,True
4245,가로등,POINT (964955.5313008989 1949123.0245422851),G0074,가로등,,37.5407667,127.1033099,True,True
4246,가로등,POINT (964967.7868395823 1949144.4963868035),G0074,가로등,,37.5409607,127.1034476,True,True
4247,가로등,POINT (964977.2764353674 1949142.7478020056),G0074,가로등,,37.5409453,127.1035551,True,True
4248,가로등,POINT (965321.0402060748 1949919.248437179),G0083,가로등,,37.5479572,127.1074096,True,True
4249,가로등,POINT (965402.0381201793 1949907.250157815),G0083,가로등,,37.5478521,127.1083271,True,True
4250,가로등,POINT (965424.5305691585 1949928.990683537),G0083,가로등,,37.5480489,127.1085807,True,True
4251,가로등,POINT (965442.7812674063 1949943.9922992839),G0083,가로등,,37.5481848,127.1087866,True,True
4252,가로등,POINT (965459.535442463 1949960.253870393),G0083,가로등,,37.548332,127.1089755,True,True
4253,가로등,POINT (965475.0356100011 1949974.4903738494),G0083,가로등,,37.5484609,127.1091503,True,True
4254,가로등,POINT (965343.0414804709 1949886.7492218928),G0083,가로등,,37.5476651,127.1076602,True,True
4255,가로등,POINT (965344.7839288234 1949863.9979907651),G0083,가로등,,37.5474601,127.107681,True,True
4256,가로등,POINT (965349.5616825958 1949853.116427714),G0083,가로등,,37.5473622,127.1077356,True,True
4257,가로등,POINT (965344.7865802879 1949834.9966584423),G0083,가로등,,37.5471987,127.1076824,True,True
4258,가로등,POINT (965339.2818876767 1949817.7453169704),G0083,가로등,,37.547043,127.1076209,True,True
4259,가로등,POINT (965331.0339244207 1949792.9943773462),G0083,가로등,,37.5468196,127.1075287,True,True
4260,가로등,POINT (965371.3244814113 1949879.8746207135),G0083,가로등,,37.5476042,127.1079807,True,True
4261,가로등,POINT (965385.7909760021 1949894.0043233058),G0083,가로등,,37.5477321,127.1081438,True,True
4262,가로등,POINT (965505.0300265098 1949969.2400183636),G0083,가로등,,37.5484147,127.1094901,True,True
4263,가로등,POINT (965534.2911991086 1949985.2500940445),G0083,가로등,,37.5485601,127.1098206,True,True
4264,가로등,POINT (965593.7820183414 1950144.499576628),G0084,가로등,,37.5499977,127.1104866,True,True
4265,가로등,POINT (965603.5300462677 1950167.0034518898),G0084,가로등,,37.5502009,127.1105959,True,True
4266,가로등,POINT (965610.5380908039 1950191.2494456468),G0084,가로등,,37.5504197,127.1106741,True,True
4267,가로등,POINT (965616.5335118908 1950207.7445019016),G0084,가로등,,37.5505686,127.1107412,True,True
4268,가로등,POINT (965623.7816009277 1950230.2476588208),G0084,가로등,,37.5507717,127.1108222,True,True
4269,가로등,POINT (965632.7818771736 1950244.999527954),G0084,가로등,,37.550905,127.1109234,True,True
4270,가로등,POINT (965642.0308579534 1950266.4959047267),G0084,가로등,,37.5510991,127.1110271,True,True
4271,가로등,POINT (965647.5329681131 1950289.749646918),G0084,가로등,,37.5513089,127.1110883,True,True
4272,가로등,POINT (965656.5282983317 1950309.738221753),G0084,가로등,,37.5514894,127.1111892,True,True
4273,가로등,POINT (965662.5324704921 1950326.2554652921),G0084,가로등,,37.5516385,127.1112564,True,True
4274,가로등,POINT (965668.7864447235 1950341.2406232692),G0084,가로등,,37.5517738,127.1113265,True,True
4275,가로등,POINT (965676.5392891938 1950366.2491247044),G0084,가로등,,37.5519995,127.1114131,True,True
4276,가로등,POINT (965541.7870646055 1950003.5029109246),G0083,가로등,,37.5487249,127.1099046,True,True
4277,가로등,POINT (965548.7856060656 1950018.9952389996),G0083,가로등,,37.5488648,127.1099831,True,True
4278,가로등,POINT (965558.7842694996 1950046.490597018),G0083,가로등,,37.549113,127.110095,True,True
4279,가로등,POINT (965566.2841680009 1950065.7419350846),G0083,가로등,,37.5492868,127.110179,True,True
4280,가로등,POINT (965571.5346910489 1950081.4967072564),G0083,가로등,,37.549429,127.1102377,True,True
4281,가로등,POINT (965577.7859196556 1950099.9987992393),G0083,가로등,,37.549596,127.1103076,True,True
4282,가로등,POINT (965586.0376061769 1950119.5022155675),G0084,가로등,,37.5497721,127.1104001,True,True
4283,가로등,POINT (963179.2585914487 1948713.2504285024),G0034,가로등,,37.537004,127.0832242,True,True
4284,가로등,POINT (963187.1487901901 1948695.452963597),G0034,가로등,,37.5368439,127.0833144,True,True
4285,가로등,POINT (963168.1968766734 1948705.1781935084),G0034,가로등,,37.5369308,127.0830994,True,True
4286,가로등,POINT (963141.1422042672 1948706.6628189706),G0034,가로등,,37.5369431,127.0827931,True,True
4287,가로등,POINT (963125.3110493957 1948710.86027223),G0034,가로등,,37.5369803,127.0826137,True,True
4288,가로등,POINT (963100.5633500103 1948718.5477834875),G0034,가로등,,37.5370486,127.0823332,True,True
4289,가로등,POINT (963070.0367647075 1948728.0140067681),G0034,가로등,,37.5371327,127.0819872,True,True
4290,가로등,POINT (963034.7903088119 1948738.988023096),G0034,가로등,,37.5372302,127.0815877,True,True
4291,가로등,POINT (963012.9835339426 1948746.396441454),G0034,가로등,,37.5372961,127.0813405,True,True
4292,가로등,POINT (963822.7557525041 1948847.2422128476),G0055,가로등,,37.5382372,127.0905012,True,True
4293,가로등,POINT (964041.5678907214 1948974.3795895998),G0055,가로등,,37.5393917,127.0929717,True,True
4294,가로등,POINT (964057.028449921 1948986.638803379),G0055,가로등,,37.5395028,127.0931461,True,True
4295,가로등,POINT (963850.6096136308 1948854.898291855),G0055,가로등,,37.5383073,127.0908161,True,True
4296,가로등,POINT (963879.7360715052 1948864.6901921155),G0055,가로등,,37.5383967,127.0911453,True,True
4297,가로등,POINT (963906.8333486575 1948877.1759075918),G0055,가로등,,37.5385103,127.0914514,True,True
4298,가로등,POINT (963935.1417733469 1948895.9692911343),G0055,가로등,,37.5386808,127.0917709,True,True
4299,가로등,POINT (963958.2832702005 1948913.0655193948),G0055,가로등,,37.5388358,127.092032,True,True
4300,가로등,POINT (963978.9074086258 1948928.2644519715),G0055,가로등,,37.5389736,127.0922647,True,True
4301,가로등,POINT (964000.6554181548 1948943.913444283),G0055,가로등,,37.5391155,127.0925101,True,True
4302,가로등,POINT (964022.9989524316 1948960.4141995027),G0055,가로등,,37.5392651,127.0927622,True,True
4303,가로등,POINT (961804.2839070761 1948488.2456269083),G0013,가로등,,37.53492,127.0676729,True,True
4304,가로등,POINT (961820.5339437105 1948494.494887171),G0013,가로등,,37.534977,127.0678565,True,True
4305,가로등,POINT (961812.0447408224 1948508.246884593),G0013,가로등,,37.5351006,127.0677597,True,True
4306,가로등,POINT (961836.0400399803 1948515.7475581197),G0013,가로등,,37.5351692,127.0680309,True,True
4307,가로등,POINT (963607.0388915074 1951139.2504226542),G0050,가로등,,37.5588874,127.0879458,True,True
4308,가로등,POINT (963773.7870734677 1950990.2520573393),G0049,가로등,,37.557551,127.0898411,True,True
4309,가로등,POINT (963792.0359033553 1950972.254574169),G0059,가로등,,37.5573895,127.0900486,True,True
4310,가로등,POINT (963807.5308793181 1950960.7484170678),G0059,가로등,,37.5572864,127.0902246,True,True
4311,가로등,POINT (963824.5388400846 1950943.7549365228),G0059,가로등,,37.5571339,127.090418,True,True
4312,가로등,POINT (963836.5283571681 1950934.494136674),G0059,가로등,,37.5570509,127.0905542,True,True
4313,가로등,POINT (963858.2807034476 1950915.7492958345),G0059,가로등,,37.5568828,127.0908014,True,True
4314,가로등,POINT (963888.0392917789 1950887.7389321872),G0059,가로등,,37.5566315,127.0911397,True,True
4315,가로등,POINT (963904.0328005446 1950873.0022474057),G0059,가로등,,37.5564993,127.0913215,True,True
4316,가로등,POINT (963919.5282703133 1950859.4992653506),G0059,가로등,,37.5563782,127.0914976,True,True
4317,가로등,POINT (963940.0256382888 1950840.4938277763),G0059,가로등,,37.5562077,127.0917306,True,True
4318,가로등,POINT (963627.534818463 1951122.2523290983),G0050,가로등,,37.558735,127.0881787,True,True
4319,가로등,POINT (963958.2794933557 1950823.4952190474),G0059,가로등,,37.5560552,127.0919381,True,True
4320,가로등,POINT (963972.5330396626 1950810.7521668724),G0059,가로등,,37.5559409,127.0921001,True,True
4321,가로등,POINT (963647.540639654 1951104.2468195555),G0049,가로등,,37.5585735,127.0884061,True,True
4322,가로등,POINT (963663.2859542753 1951089.4996484),G0049,가로등,,37.5584412,127.0885851,True,True
4323,가로등,POINT (963686.0422371287 1951068.2425549775),G0049,가로등,,37.5582505,127.0888438,True,True
4324,가로등,POINT (963706.0339494442 1951050.991689479),G0049,가로등,,37.5580958,127.089071,True,True
4325,가로등,POINT (963722.5302086859 1951036.2413512785),G0049,가로등,,37.5579635,127.0892585,True,True
4326,가로등,POINT (963742.7870413469 1951018.989418382),G0049,가로등,,37.5578088,127.0894887,True,True
4327,가로등,POINT (963752.0351132717 1951008.9971245301),G0049,가로등,,37.5577191,127.0895939,True,True
4328,가로등,POINT (963993.5321078077 1950789.248392117),G0059,가로등,,37.5557479,127.0923389,True,True
4329,가로등,POINT (964189.03418174 1950670.5000069083),G0059,가로등,,37.5546852,127.0945581,True,True
4330,가로등,POINT (964216.030401433 1950681.5004452316),G0059,가로등,,37.5547854,127.0948632,True,True
4331,가로등,POINT (964235.5300990414 1950688.994067731),G0059,가로등,,37.5548537,127.0950836,True,True
4332,가로등,POINT (964255.5749894313 1950693.878146912),G0059,가로등,,37.5548985,127.0953103,True,True
4333,가로등,POINT (964279.2866689386 1950696.9935436638),G0059,가로등,,37.5549275,127.0955786,True,True
4334,가로등,POINT (964304.5395087509 1950696.995881405),G0068,가로등,,37.5549285,127.0958645,True,True
4335,가로등,POINT (964319.7861370291 1950695.2439592094),G0068,가로등,,37.5549133,127.0960372,True,True
4336,가로등,POINT (964360.5341864027 1950683.4972317752),G0068,가로등,,37.554809,127.0964991,True,True
4337,가로등,POINT (964374.5319125109 1950674.7500519415),G0068,가로등,,37.5547307,127.096658,True,True
4338,가로등,POINT (964397.5296928468 1950661.7483341685),G0068,가로등,,37.5546144,127.096919,True,True
4339,가로등,POINT (964014.5679445065 1950772.1268998699),G0059,가로등,,37.5555944,127.0925779,True,True
4340,가로등,POINT (964419.0331913483 1950644.2486602077),G0068,가로등,,37.5544575,127.0971633,True,True
4341,가로등,POINT (964437.2838968479 1950628.2496572325),G0068,가로등,,37.554314,127.0973707,True,True
4342,가로등,POINT (964456.2841215234 1950614.0004401125),G0068,가로등,,37.5541863,127.0975865,True,True
4343,가로등,POINT (964473.5333554329 1950599.2484061136),G0067,가로등,,37.554054,127.0977825,True,True
4344,가로등,POINT (964037.0338140791 1950752.7470540388),G0059,가로등,,37.5554206,127.0928332,True,True
4345,가로등,POINT (964054.786580807 1950738.247130869),G0059,가로등,,37.5552906,127.0930349,True,True
4346,가로등,POINT (964070.7806260013 1950723.499680507),G0059,가로등,,37.5551583,127.0932167,True,True
4347,가로등,POINT (964093.7873732081 1950702.4978335425),G0059,가로등,,37.5549699,127.0934782,True,True
4348,가로등,POINT (964117.285448305 1950682.747624003),G0059,가로등,,37.5547928,127.0937452,True,True
4349,가로등,POINT (964135.5402908375 1950673.9927354455),G0059,가로등,,37.5547146,127.0939523,True,True
4350,가로등,POINT (964159.2823157598 1950667.7437781172),G0059,가로등,,37.5546592,127.0942214,True,True
4351,가로등,POINT (964467.0353615567 1950577.242257483),G0067,가로등,,37.5538554,127.09771,True,True
4352,가로등,POINT (964620.5315316773 1950467.0272396856),G0067,가로등,,37.5528679,127.0994531,True,True
4353,가로등,POINT (964640.0362397876 1950450.7792705356),G0067,가로등,,37.5527222,127.0996747,True,True
4354,가로등,POINT (964647.030005634 1950427.4951356133),G0067,가로등,,37.5525126,127.099755,True,True
4355,가로등,POINT (964451.283187911 1950551.7476351087),G0067,가로등,,37.553625,127.0975329,True,True
4356,가로등,POINT (964464.5660717578 1950528.6250207282),G0067,가로등,,37.5534171,127.0976844,True,True
4357,가로등,POINT (964491.7843626734 1950519.2445527266),G0067,가로등,,37.5533336,127.097993,True,True
4358,가로등,POINT (964517.7843116767 1950509.991422157),G0067,가로등,,37.5532512,127.0982878,True,True
4359,가로등,POINT (964538.5343696352 1950499.9952637812),G0067,가로등,,37.5531619,127.0985232,True,True
4360,가로등,POINT (964560.2839349005 1950488.2419391596),G0067,가로등,,37.5530568,127.09877,True,True
4361,가로등,POINT (964577.03169586 1950477.996690922),G0067,가로등,,37.5529651,127.0989601,True,True
4362,가로등,POINT (964595.2813963364 1950480.2487275738),G0067,가로등,,37.5529861,127.0991666,True,True
4363,가로등,POINT (964649.2764846088 1950409.501168836),G0067,가로등,,37.5523505,127.0997813,True,True
4364,가로등,POINT (964743.8271581592 1950260.1204549628),G0067,가로등,,37.5510077,127.1008589,True,True
4365,가로등,POINT (964650.5361903412 1950396.2488128073),G0067,가로등,,37.5522311,127.0997962,True,True
4366,가로등,POINT (964657.2867706671 1950375.9945595625),G0067,가로등,,37.5520488,127.0998736,True,True
4367,가로등,POINT (964670.5302964867 1950360.0284964584),G0067,가로등,,37.5519054,127.1000243,True,True
4368,가로등,POINT (964681.2876426026 1950347.2460948785),G0067,가로등,,37.5517906,127.1001467,True,True
4369,가로등,POINT (964694.0755314358 1950332.1252011661),G0067,가로등,,37.5516548,127.1002922,True,True
4370,가로등,POINT (964705.5377320003 1950314.7466579033),G0067,가로등,,37.5514986,127.1004228,True,True
4371,가로등,POINT (964714.7862734046 1950300.2510473314),G0067,가로등,,37.5513683,127.1005282,True,True
4372,가로등,POINT (964727.0422817954 1950280.494911481),G0067,가로등,,37.5511907,127.1006679,True,True
4373,가로등,POINT (963440.3621932812 1952217.3755568464),G0052,가로등,,37.5685983,127.0860049,True,True
4374,가로등,POINT (963436.4392485277 1952200.906140678),G0052,가로등,,37.5684497,127.0859613,True,True
4375,가로등,POINT (963667.1873300209 1950640.870110573),G0049,가로등,,37.5543977,127.0886515,True,True
4376,가로등,POINT (963621.9683196691 1950978.6563335184),G0049,가로등,,37.5574405,127.0881228,True,True
4377,가로등,POINT (963616.9935506273 1951018.4857750118),G0049,가로등,,37.5577993,127.0880645,True,True
4378,가로등,POINT (963611.6460317582 1951057.8952592197),G0049,가로등,,37.5581543,127.088002,True,True
4379,가로등,POINT (963607.1866849387 1951092.3748262266),G0049,가로등,,37.5584649,127.0879498,True,True
4380,가로등,POINT (963600.5963511391 1951144.4265926434),G0050,가로등,,37.5589338,127.0878726,True,True
4381,가로등,POINT (963598.2797852805 1951163.9966416925),G0050,가로등,,37.5591101,127.0878454,True,True
4382,가로등,POINT (963663.4834551641 1950670.4757608643),G0049,가로등,,37.5546644,127.0886081,True,True
4383,가로등,POINT (963658.9092726344 1950705.0556290592),G0049,가로등,,37.5549759,127.0885546,True,True
4384,가로등,POINT (963652.7852797725 1950744.7458282444),G0049,가로등,,37.5553334,127.0884833,True,True
4385,가로등,POINT (963648.3160373461 1950785.1166582564),G0049,가로등,,37.5556971,127.0884307,True,True
4386,가로등,POINT (963643.5704992866 1950822.8925539188),G0049,가로등,,37.5560374,127.0883751,True,True
4387,가로등,POINT (963638.4008082103 1950860.6148393992),G0049,가로등,,37.5563772,127.0883147,True,True
4388,가로등,POINT (963633.2882308126 1950897.2496041462),G0049,가로등,,37.5567072,127.088255,True,True
4389,가로등,POINT (963627.2609577075 1950938.7922213608),G0049,가로등,,37.5570814,127.0881847,True,True
4390,가로등,POINT (963574.0320275822 1951159.2435422754),G0050,가로등,,37.5590663,127.0875711,True,True
4391,가로등,POINT (963622.0291422352 1950794.9950946441),G0049,가로등,,37.5557851,127.0881326,True,True
4392,가로등,POINT (963626.2855686198 1950758.4972155944),G0049,가로등,,37.5554563,127.0881826,True,True
4393,가로등,POINT (963632.7792013226 1950714.5006490843),G0049,가로등,,37.55506,127.0882583,True,True
4394,가로등,POINT (963637.2840175931 1950680.2428134314),G0049,가로등,,37.5547514,127.088311,True,True
4395,가로등,POINT (963641.5361178598 1950644.7434879052),G0049,가로등,,37.5544316,127.0883609,True,True
4396,가로등,POINT (963646.0353543317 1950615.2452921926),G0049,가로등,,37.5541659,127.0884133,True,True
4397,가로등,POINT (963579.133389336 1951126.1923466525),G0050,가로등,,37.5587686,127.0876305,True,True
4398,가로등,POINT (963583.536658536 1951085.000736522),G0049,가로등,,37.5583975,127.0876824,True,True
4399,가로등,POINT (963589.935230987 1951039.584409098),G0049,가로등,,37.5579884,127.0877571,True,True
4400,가로등,POINT (963595.1294993034 1950995.4603522436),G0049,가로등,,37.5575909,127.0878181,True,True
4401,가로등,POINT (963601.0376320606 1950954.9944100606),G0049,가로등,,37.5572264,127.087887,True,True
4402,가로등,POINT (963605.7852553976 1950915.7428804657),G0049,가로등,,37.5568728,127.0879427,True,True
4403,가로등,POINT (963612.2841379171 1950872.9999579247),G0049,가로등,,37.5564878,127.0880184,True,True
4404,가로등,POINT (963618.3641569064 1950833.4208569285),G0049,가로등,,37.5561313,127.0880892,True,True
4405,가로등,POINT (963592.5385685656 1951208.245149152),G0050,가로등,,37.5595087,127.0877782,True,True
4406,가로등,POINT (963551.4865882351 1951542.1750898527),G0050,가로등,,37.5625169,127.0872968,True,True
4407,가로등,POINT (963546.1109970041 1951577.04705837),G0050,가로등,,37.562831,127.0872342,True,True
4408,가로등,POINT (963541.8587965687 1951608.2861405192),G0051,가로등,,37.5631124,127.0871845,True,True
4409,가로등,POINT (963536.5312526941 1951644.023293167),G0051,가로등,,37.5634343,127.0871224,True,True
4410,가로등,POINT (963589.4853842262 1951239.0795183538),G0050,가로등,,37.5597865,127.0877421,True,True
4411,가로등,POINT (963586.962096694 1951273.927834813),G0050,가로등,,37.5601005,127.0877118,True,True
4412,가로등,POINT (963584.5380994808 1951307.2446546692),G0050,가로등,,37.5604007,127.0876827,True,True
4413,가로등,POINT (963581.3522218261 1951342.0404104316),G0050,가로등,,37.5607142,127.0876449,True,True
4414,가로등,POINT (963575.0359858708 1951381.99783118),G0050,가로등,,37.5610741,127.0875714,True,True
4415,가로등,POINT (963568.976745994 1951424.1508762622),G0050,가로등,,37.5614538,127.0875007,True,True
4416,가로등,POINT (963563.5673256179 1951459.400192602),G0050,가로등,,37.5617713,127.0874377,True,True
4417,가로등,POINT (963556.4753357745 1951507.693139123),G0050,가로등,,37.5622063,127.087355,True,True
4418,가로등,POINT (963497.0337303492 1951746.0016354455),G0051,가로등,,37.5643519,127.0866701,True,True
4419,가로등,POINT (963548.2833377927 1951397.9917393366),G0050,가로등,,37.5612172,127.0872677,True,True
4420,가로등,POINT (963554.882228794 1951354.0500690113),G0050,가로등,,37.5608214,127.0873446,True,True
4421,가로등,POINT (963559.0339987965 1951317.9963634321),G0050,가로등,,37.5604966,127.0873934,True,True
4422,가로등,POINT (963561.9070367692 1951286.3972364336),G0050,가로등,,37.5602119,127.0874275,True,True
4423,가로등,POINT (963565.3195197847 1951250.923706283),G0050,가로등,,37.5598923,127.0874679,True,True
4424,가로등,POINT (963502.284869058 1951704.9948148453),G0051,가로등,,37.5639825,127.0867316,True,True
4425,가로등,POINT (963506.6045002652 1951667.0431315454),G0051,가로등,,37.5636406,127.0867824,True,True
4426,가로등,POINT (963510.6286236334 1951634.1852070643),G0051,가로등,,37.5633446,127.0868296,True,True
4427,가로등,POINT (963517.2844270578 1951595.2469331708),G0050,가로등,,37.5629939,127.0869069,True,True
4428,가로등,POINT (963523.8714882099 1951558.7387027682),G0050,가로등,,37.5626651,127.0869833,True,True
4429,가로등,POINT (963529.2819125464 1951517.742308699),G0050,가로등,,37.5622958,127.0870466,True,True
4430,가로등,POINT (963537.3971651675 1951475.236258653),G0050,가로등,,37.561913,127.0871406,True,True
4431,가로등,POINT (963542.5327986426 1951435.9940446871),G0050,가로등,,37.5615595,127.0872007,True,True
4432,가로등,POINT (963530.1432971087 1951677.601649856),G0051,가로등,,37.5637367,127.0870484,True,True
4433,가로등,POINT (963487.5408514335 1952015.2557359394),G0051,가로등,,37.5667784,127.0865492,True,True
4434,가로등,POINT (963483.0350450102 1952056.9915578447),G0051,가로등,,37.5671544,127.0864961,True,True
4435,가로등,POINT (963478.0393163719 1952093.7480296607),G0051,가로등,,37.5674855,127.0864377,True,True
4436,가로등,POINT (963475.0319704752 1952124.7819943216),G0052,가로등,,37.5677651,127.0864021,True,True
4437,가로등,POINT (963469.8226835715 1952153.1296465807),G0052,가로등,,37.5680204,127.0863417,True,True
4438,가로등,POINT (963525.7241888776 1951711.0271305514),G0051,가로등,,37.5640378,127.0869967,True,True
4439,가로등,POINT (963521.4546252255 1951742.2995916281),G0051,가로등,,37.5643195,127.0869468,True,True
4440,가로등,POINT (963517.0643814767 1951774.2382677568),G0051,가로등,,37.5646072,127.0868955,True,True
4441,가로등,POINT (963513.42362415 1951805.8962863598),G0051,가로등,,37.5648924,127.0868527,True,True
4442,가로등,POINT (963509.1072084894 1951850.5935237987),G0051,가로등,,37.5652951,127.0868016,True,True
4443,가로등,POINT (963504.0632145989 1951886.4736981797),G0051,가로등,,37.5656183,127.0867427,True,True
4444,가로등,POINT (963499.0385900101 1951928.7554220676),G0051,가로등,,37.5659992,127.0866837,True,True
4445,가로등,POINT (963493.0412241229 1951976.755190857),G0051,가로등,,37.5664316,127.0866134,True,True
4446,가로등,POINT (963443.5751092219 1952158.8702326776),G0052,가로등,,37.5680711,127.0860442,True,True
4447,가로등,POINT (963490.7856749962 1951791.2510139507),G0051,가로등,,37.5647595,127.0865971,True,True
4448,가로등,POINT (963449.5416291825 1952115.996288653),G0052,가로등,,37.5676849,127.0861139,True,True
4449,가로등,POINT (963454.2845103309 1952076.0012633363),G0051,가로등,,37.5673246,127.0861696,True,True
4450,가로등,POINT (963459.9459514623 1952040.0295682761),G0051,가로등,,37.5670006,127.0862355,True,True
4451,가로등,POINT (963465.7303039671 1951993.850233278),G0051,가로등,,37.5665846,127.0863033,True,True
4452,가로등,POINT (963470.5934151959 1951953.0447857145),G0051,가로등,,37.566217,127.0863604,True,True
4453,가로등,POINT (963476.0350977948 1951911.2493715507),G0051,가로등,,37.5658405,127.0864241,True,True
4454,가로등,POINT (963481.7861752536 1951867.4999397309),G0051,가로등,,37.5654464,127.0864914,True,True
4455,가로등,POINT (963485.7819299204 1951830.2486237055),G0051,가로등,,37.5651108,127.0865385,True,True
4456,가로등,POINT (963465.6485956035 1952197.9594450493),G0052,가로등,,37.5684243,127.0862922,True,True
4457,가로등,POINT (963468.2218461938 1952437.4379882002),G0052,가로등,,37.5705829,127.0863094,True,True
4459,가로등,POINT (963465.3970394898 1952219.0515453618),G0052,가로등,,37.5686144,127.0862883,True,True
4460,가로등,POINT (963464.7348959842 1952245.1713458314),G0052,가로등,,37.5688498,127.0862795,True,True
4461,가로등,POINT (963464.874661848 1952270.8993028852),G0052,가로등,,37.5690817,127.0862798,True,True
4462,가로등,POINT (963465.3082613031 1952301.185882726),G0052,가로등,,37.5693547,127.0862832,True,True
4463,가로등,POINT (963465.1019555869 1952334.559603825),G0052,가로등,,37.5696555,127.0862792,True,True
4464,가로등,POINT (963465.5395393425 1952361.739657006),G0052,가로등,,37.5699005,127.0862828,True,True
4465,가로등,POINT (963466.2843715482 1952384.4915787615),G0052,가로등,,37.5701056,127.0862901,True,True
4466,가로등,POINT (963467.3043121723 1952405.5448030836),G0052,가로등,,37.5702954,127.0863006,True,True
4467,가로등,POINT (963441.5622174054 1952453.6759824867),G0052,가로등,,37.5707282,127.0860067,True,True
4468,가로등,POINT (963441.0674488026 1952429.5694062028),G0052,가로등,,37.5705109,127.0860023,True,True
4469,가로등,POINT (963442.0365668157 1952402.9933607944),G0052,가로등,,37.5702714,127.0860146,True,True
4470,가로등,POINT (963441.4712340599 1952376.9011483393),G0052,가로등,,37.5700362,127.0860095,True,True
4471,가로등,POINT (963440.3638944642 1952350.0568862227),G0052,가로등,,37.5697942,127.0859983,True,True
4472,가로등,POINT (963439.2853556795 1952325.7420867074),G0052,가로등,,37.569575,127.0859873,True,True
4473,가로등,POINT (963015.2766495852 1950877.9013949952),G0038,가로등,,37.5565082,127.081259,True,True
4474,가로등,POINT (963034.6570813798 1950868.3768467584),G0038,가로등,,37.55642313,127.0814789,True,True
4475,가로등,POINT (963054.0463946372 1950858.8534143742),G0038,가로등,,37.55633807,127.0816989,True,True
4476,가로등,POINT (963073.4269146415 1950849.3289575826),G0038,가로등,,37.556253,127.0819188,True,True
4477,가로등,POINT (963101.8423379848 1950847.5495140797),G0038,가로등,,37.5562381,127.0822406,True,True
4478,가로등,POINT (963122.7994119667 1950836.9974577937),G0038,가로등,,37.55614383,127.0824784,True,True
4479,가로등,POINT (963143.7653761869 1950826.4465252133),G0038,가로등,,37.55604957,127.0827163,True,True
4480,가로등,POINT (963164.7225558896 1950815.8945758888),G0038,가로등,,37.5559553,127.0829541,True,True
4481,가로등,POINT (964182.0338456621 1949352.498711357),G0056,가로등,,37.5428053,127.0945432,True,True
4482,가로등,POINT (964390.0298981799 1949448.2496380259),G0065,가로등,,37.5436764,127.096893,True,True
4483,가로등,POINT (964412.5391335561 1949472.9940226548),G0065,가로등,,37.5439003,127.0971466,True,True
4484,가로등,POINT (964431.7890694609 1949502.0016646716),G0065,가로등,,37.5441625,127.0973631,True,True
4485,가로등,POINT (964444.0808108286 1949544.119695341),G0065,가로등,,37.5445426,127.0975002,True,True
4486,가로등,POINT (964451.5328169054 1949576.2400138963),G0065,가로등,,37.5448324,127.097583,True,True
4487,가로등,POINT (964460.0315236285 1949605.2493665202),G0065,가로등,,37.5450942,127.0976778,True,True
4488,가로등,POINT (964470.2789572537 1949636.2482796728),G0066,가로등,,37.545374,127.0977923,True,True
4489,가로등,POINT (964478.2813911715 1949675.2449369903),G0066,가로등,,37.5457258,127.097881,True,True
4490,가로등,POINT (964488.0339025113 1949714.489296585),G0066,가로등,,37.5460799,127.0979895,True,True
4491,가로등,POINT (964495.9136991128 1949745.498367949),G0066,가로등,,37.5463597,127.0980772,True,True
4492,가로등,POINT (964197.7912513514 1949368.2517099394),G0056,가로등,,37.5429479,127.0947208,True,True
4493,가로등,POINT (964216.5315120918 1949381.2515151969),G0056,가로등,,37.5430658,127.0949323,True,True
4494,가로등,POINT (964236.2844202247 1949393.5036623124),G0056,가로등,,37.543177,127.0951553,True,True
4495,가로등,POINT (964261.7893231313 1949405.997375964),G0056,가로등,,37.5432906,127.0954434,True,True
4496,가로등,POINT (964286.5353715025 1949410.4952070778),G0056,가로등,,37.5433321,127.0957233,True,True
4497,가로등,POINT (964310.0336125245 1949414.4881205834),G0065,가로등,,37.543369,127.0959891,True,True
4498,가로등,POINT (964337.0400974182 1949418.7434020306),G0065,가로등,,37.5434084,127.0962946,True,True
4499,가로등,POINT (964363.530198135 1949428.2487425974),G0065,가로등,,37.5434951,127.096594,True,True
4500,가로등,POINT (964489.033392294 1949799.4920435443),G0066,가로등,,37.5468461,127.0979967,True,True
4501,가로등,POINT (964536.200812892 1949947.370479473),G0066,가로등,,37.5481808,127.0985235,True,True
4502,가로등,POINT (964539.1662198578 1949969.50269438),G0066,가로등,,37.5483804,127.098556,True,True
4503,가로등,POINT (964543.1599734772 1949992.495901251),G0066,가로등,,37.5485878,127.0986001,True,True
4504,가로등,POINT (964547.665824681 1950017.506146871),G0066,가로등,,37.5488134,127.0986499,True,True
4505,가로등,POINT (964554.326401963 1950042.3740626546),G0066,가로등,,37.5490378,127.0987241,True,True
4506,가로등,POINT (964562.2866737811 1950059.2483045275),G0066,가로등,,37.5491902,127.0988134,True,True
4507,가로등,POINT (964573.0372372082 1950071.7393658129),G0066,가로등,,37.5493032,127.0989345,True,True
4508,가로등,POINT (964591.5354748588 1950086.4939901598),G0066,가로등,,37.5494369,127.0991432,True,True
4509,가로등,POINT (964602.203686421 1950092.1178642754),G0066,가로등,,37.549488,127.0992637,True,True
4510,가로등,POINT (964630.9082837077 1950099.4955257725),G0066,가로등,,37.5495556,127.0995883,True,True
4511,가로등,POINT (964487.7802042451 1949822.496562706),G0066,가로등,,37.5470534,127.0979814,True,True
4512,가로등,POINT (964664.2759247513 1950102.5043480864),G0066,가로등,,37.549584,127.0999659,True,True
4513,가로등,POINT (964693.0328618716 1950109.7488651306),G0067,가로등,,37.5496504,127.1002911,True,True
4514,가로등,POINT (964706.3248272064 1950113.3757785202),G0067,가로등,,37.5496836,127.1004414,True,True
4515,가로등,POINT (964720.7867973007 1950120.0265758224),G0067,가로등,,37.5497441,127.1006048,True,True
4516,가로등,POINT (964729.0346390089 1950133.9929604966),G0067,가로등,,37.5498703,127.1006975,True,True
4517,가로등,POINT (964738.2794236486 1950155.9987255388),G0067,가로등,,37.550069,127.1008011,True,True
4518,가로등,POINT (964744.32420769 1950181.6238408703),G0067,가로등,,37.5503002,127.1008683,True,True
4519,가로등,POINT (964744.2815096624 1950209.0166613176),G0067,가로등,,37.5505471,127.1008665,True,True
4520,가로등,POINT (964769.5315807661 1950208.021925338),G0067,가로등,,37.5505391,127.1011524,True,True
4521,가로등,POINT (964746.2820854791 1950228.7455134979),G0067,가로등,,37.550725,127.1008882,True,True
4522,가로등,POINT (964490.2813455397 1949837.241721632),G0066,가로등,,37.5471864,127.098009,True,True
4523,가로등,POINT (964752.2876668049 1950240.990679454),G0067,가로등,,37.5508356,127.1009556,True,True
4524,가로등,POINT (964493.0324979979 1949856.7454076542),G0066,가로등,,37.5473623,127.0980392,True,True
4525,가로등,POINT (964495.5344610385 1949865.4883718288),G0066,가로등,,37.5474412,127.0980671,True,True
4526,가로등,POINT (964497.6954592407 1949877.1284921542),G0066,가로등,,37.5475462,127.098091,True,True
4527,가로등,POINT (964501.1547655128 1949890.7822856472),G0066,가로등,,37.5476694,127.0981295,True,True
4528,가로등,POINT (964509.6615984186 1949905.268794811),G0066,가로등,,37.5478003,127.0982251,True,True
4529,가로등,POINT (964525.1573937288 1949924.2742525022),G0066,가로등,,37.5479722,127.0983996,True,True
4530,가로등,POINT (964759.0749748107 1950250.114941145),G0067,가로등,,37.5509181,127.101032,True,True
4531,가로등,POINT (965038.2892266061 1950356.2418859315),G0076,가로등,,37.5518853,127.1041879,True,True
4532,가로등,POINT (965064.0341624159 1950357.4981661798),G0076,가로등,,37.5518976,127.1044793,True,True
4533,가로등,POINT (965103.0358600877 1950356.2468890136),G0076,가로등,,37.5518878,127.1049209,True,True
4534,가로등,POINT (965130.779662964 1950345.5016851292),G0076,가로등,,37.551792,127.1052355,True,True
4535,가로등,POINT (965162.282075434 1950329.504141692),G0076,가로등,,37.551649,127.1055929,True,True
4536,가로등,POINT (965196.777648811 1950319.4963653516),G0076,가로등,,37.5515601,127.1059839,True,True
4537,가로등,POINT (965225.77743316 1950321.749117184),G0076,가로등,,37.5515815,127.1063121,True,True
4538,가로등,POINT (965249.2857960396 1950331.0034683924),G0076,가로등,,37.5516658,127.1065778,True,True
4539,가로등,POINT (965268.7848712164 1950340.4965468843),G0076,가로등,,37.5517521,127.1067981,True,True
4540,가로등,POINT (964782.2842995209 1950271.994935191),G0067,가로등,,37.5511162,127.1012937,True,True
4541,가로등,POINT (964817.2866611698 1950298.2517749923),G0076,가로등,,37.5513542,127.1016887,True,True
4542,가로등,POINT (964846.2869050559 1950310.9987209616),G0076,가로등,,37.5514702,127.1020164,True,True
4543,가로등,POINT (964875.7831708759 1950322.0018124583),G0076,가로등,,37.5515705,127.1023498,True,True
4544,가로등,POINT (964921.030883354 1950333.4931812931),G0076,가로등,,37.5516758,127.1028615,True,True
4545,가로등,POINT (964954.7806895068 1950341.4941283097),G0076,가로등,,37.5517492,127.1032432,True,True
4546,가로등,POINT (964975.0342195258 1950345.4914955958),G0076,가로등,,37.551786,127.1034723,True,True
4547,가로등,POINT (964999.2887341467 1950351.491268527),G0076,가로등,,37.551841,127.1037466,True,True
4548,가로등,POINT (961952.2891016899 1948235.2521920635),G0013,가로등,,37.5326458,127.0693612,True,True
4549,가로등,POINT (961961.2861904226 1948224.2494955387),G0013,가로등,,37.532547,127.0694636,True,True
4550,가로등,POINT (961975.7871565006 1948209.249740256),G0013,가로등,,37.5324124,127.0696285,True,True
4551,가로등,POINT (961987.2878347315 1948196.993017246),G0013,가로등,,37.5323024,127.0697593,True,True
4552,가로등,POINT (962001.0367299606 1948181.741571654),G0013,가로등,,37.5321655,127.0699157,True,True
4553,가로등,POINT (961995.284358221 1948164.2494458288),G0013,가로등,,37.5320076,127.0698515,True,True
4554,가로등,POINT (961981.0382229361 1948150.0025323955),G0013,가로등,,37.5318786,127.069691,True,True
4555,가로등,POINT (961967.7830176695 1948137.9922244526),G0013,가로등,,37.5317698,127.0695416,True,True
4556,가로등,POINT (961954.0361412354 1948124.7415890999),G0013,가로등,,37.5316498,127.0693867,True,True
4557,가로등,POINT (961939.5852891847 1948112.1265949868),G0013,가로등,,37.5315355,127.0692238,True,True
4558,가로등,POINT (961850.5048788082 1948227.4866588288),G0013,가로등,,37.5325716,127.0682096,True,True
4559,가로등,POINT (961924.5442945292 1948097.9943643776),G0012,가로등,,37.5314075,127.0690543,True,True
4560,가로등,POINT (961913.2890643195 1948092.4875309835),G0012,가로등,,37.5313574,127.0689272,True,True
4561,가로등,POINT (961891.5426825236 1948099.743274835),G0012,가로등,,37.5314219,127.0686807,True,True
4562,가로등,POINT (961857.7838445884 1948250.2749202955),G0013,가로등,,37.5327773,127.0682908,True,True
4563,가로등,POINT (961872.5274656176 1948267.0267313498),G0013,가로등,,37.5329289,127.0684568,True,True
4564,가로등,POINT (961885.0349765968 1948279.7725649874),G0013,가로등,,37.5330443,127.0685977,True,True
4565,가로등,POINT (961898.0367944285 1948290.4969257296),G0013,가로등,,37.5331415,127.0687443,True,True
4566,가로등,POINT (961913.7820589638 1948281.0053888687),G0013,가로등,,37.5330566,127.068923,True,True
4567,가로등,POINT (961926.0440286666 1948265.2502760645),G0013,가로등,,37.5329151,127.0690626,True,True
4568,가로등,POINT (961937.0398307644 1948252.7517119495),G0013,가로등,,37.5328029,127.0691877,True,True
4569,가로등,POINT (961845.1681958728 1948213.9978891676),G0013,가로등,,37.5324498,127.0681499,True,True
4570,가로등,POINT (961211.6455052701 1948406.1725759855),G0003,가로등,,37.5341555,127.0609695,True,True
4571,가로등,POINT (961224.0362262479 1948671.998199249),G0004,가로등,,37.536552,127.0610957,True,True
4572,가로등,POINT (961243.7949053486 1948718.248396107),G0004,가로등,,37.5369697,127.0613169,True,True
4573,가로등,POINT (961193.5878835162 1948431.1089237523),G0003,가로등,,37.5343795,127.0607638,True,True
4574,가로등,POINT (961177.6027290836 1948453.317438296),G0003,가로등,,37.534579,127.0605817,True,True
4575,가로등,POINT (961162.3635422161 1948485.7739616726),G0003,가로등,,37.5348709,127.0604075,True,True
4576,가로등,POINT (961161.660038116 1948526.172898589),G0003,가로등,,37.535235,127.0603974,True,True
4577,가로등,POINT (961167.7906004483 1948544.8609312316),G0003,가로등,,37.5354037,127.0604658,True,True
4578,가로등,POINT (961180.7021741958 1948575.8656374894),G0003,가로등,,37.5356837,127.0606103,True,True
4579,가로등,POINT (961195.038677876 1948601.7490708989),G0003,가로등,,37.5359176,127.0607712,True,True
4580,가로등,POINT (961212.5337015409 1948643.7383220056),G0004,가로등,,37.5362968,127.060967,True,True
4581,가로등,POINT (963525.194268103 1947996.1327685623),G0043,가로등,,37.5305541,127.0871754,True,True
4582,가로등,POINT (963405.039539975 1948194.999453114),G0044,가로등,,37.5323418,127.0858056,True,True
4583,가로등,POINT (963390.5325771093 1948217.24149342),G0044,가로등,,37.5325417,127.0856403,True,True
4584,가로등,POINT (963504.2812445071 1948022.496628191),G0043,가로등,,37.5307909,127.0869374,True,True
4585,가로등,POINT (963493.7874021216 1948041.248237801),G0043,가로등,,37.5309595,127.0868177,True,True
4586,가로등,POINT (963477.0344820393 1948071.2551172446),G0043,가로등,,37.5312293,127.0866266,True,True
4587,가로등,POINT (963469.822762815 1948082.88068794),G0043,가로등,,37.5313338,127.0865444,True,True
4588,가로등,POINT (963453.5343357694 1948111.9869130151),G0044,가로등,,37.5315955,127.0863586,True,True
4589,가로등,POINT (963438.0397372803 1948138.7487161357),G0044,가로등,,37.5318361,127.0861819,True,True
4590,가로등,POINT (963425.2875823033 1948158.24260069),G0044,가로등,,37.5320113,127.0860366,True,True
4591,가로등,POINT (963415.0359673656 1948177.7476854394),G0044,가로등,,37.5321867,127.0859196,True,True
4592,가로등,POINT (963345.042140597 1949595.4947963993),G0046,가로등,,37.5449626,127.0850566,True,True
4593,가로등,POINT (963332.316381663 1949554.367663604),G0046,가로등,,37.5445914,127.0849146,True,True
4594,가로등,POINT (963323.0302698369 1949523.9982568217),G0046,가로등,,37.5443173,127.084811,True,True
4595,가로등,POINT (963309.2811721865 1949485.2388383283),G0046,가로등,,37.5439674,127.0846573,True,True
4596,가로등,POINT (963295.034013366 1949445.7493981929),G0046,가로등,,37.5436109,127.084498,True,True
4597,가로등,POINT (963286.7861685377 1949418.493039231),G0035,가로등,,37.5433649,127.084406,True,True
4598,가로등,POINT (963273.7865939066 1949379.4973814199),G0035,가로등,,37.5430129,127.0842608,True,True
4599,가로등,POINT (963265.7926401437 1949355.7458274052),G0035,가로등,,37.5427985,127.0841715,True,True
4600,가로등,POINT (963831.2891139041 1950155.4950778973),G0058,가로등,,37.5500293,127.0905333,True,True
4601,가로등,POINT (963632.0373159255 1949931.998342491),G0047,가로등,,37.548007,127.0882887,True,True
4602,가로등,POINT (963607.5317004123 1949905.5007431807),G0047,가로등,,37.5477672,127.0880126,True,True
4603,가로등,POINT (963584.2879669819 1949880.750635457),G0047,가로등,,37.5475432,127.0877507,True,True
4604,가로등,POINT (963567.537827434 1949860.254634465),G0047,가로등,,37.5473578,127.0875621,True,True
4605,가로등,POINT (963542.0402024376 1949833.2512247567),G0047,가로등,,37.5471134,127.0872748,True,True
4606,가로등,POINT (963515.0330700643 1949802.5045350264),G0047,가로등,,37.5468352,127.0869706,True,True
4607,가로등,POINT (963492.8316723702 1949777.8721425475),G0047,가로등,,37.5466123,127.0867205,True,True
4608,가로등,POINT (963463.2894227313 1949745.2395798448),G0047,가로등,,37.546317,127.0863877,True,True
4609,가로등,POINT (963442.0390226112 1949721.9899682025),G0047,가로등,,37.5461066,127.0861483,True,True
4610,가로등,POINT (963423.2829759324 1949701.5030850265),G0047,가로등,,37.5459212,127.085937,True,True
4611,가로등,POINT (963812.7844559174 1950135.4943936097),G0058,가로등,,37.5498483,127.0903248,True,True
4612,가로등,POINT (963402.7876150678 1949679.2487652528),G0047,가로등,,37.5457198,127.0857061,True,True
4613,가로등,POINT (963374.292053256 1949649.7516870194),G0047,가로등,,37.5454528,127.085385,True,True
4614,가로등,POINT (963791.791124413 1950111.998694028),G0058,가로등,,37.5496357,127.0900883,True,True
4615,가로등,POINT (963767.7888072203 1950087.2402911077),G0047,가로등,,37.5494116,127.0898178,True,True
4616,가로등,POINT (963744.2811731314 1950060.4938561078),G0047,가로등,,37.5491696,127.089553,True,True
4617,가로등,POINT (963721.0394534036 1950033.9904074008),G0047,가로등,,37.5489298,127.0892912,True,True
4618,가로등,POINT (963704.5350031826 1950014.990836243),G0047,가로등,,37.5487579,127.0891053,True,True
4619,가로등,POINT (963675.0314544337 1949982.745671547),G0047,가로등,,37.5484661,127.0887729,True,True
4620,가로등,POINT (963656.5305014536 1949961.7467978178),G0047,가로등,,37.5482761,127.0885645,True,True
4621,가로등,POINT (962876.0419502949 1948184.4984677937),G0033,가로등,,37.532226,127.0798189,True,True
4622,가로등,POINT (963039.0324320056 1948389.7657367154),G0033,가로등,,37.5340827,127.0816533,True,True
4623,가로등,POINT (963063.1526718764 1948415.6198968203),G0033,가로등,,37.5343167,127.081925,True,True
4624,가로등,POINT (963081.2836436678 1948437.7507534684),G0033,가로등,,37.5345169,127.0821291,True,True
4625,가로등,POINT (963106.0304858984 1948465.4994333608),G0033,가로등,,37.534768,127.0824078,True,True
4626,가로등,POINT (963124.2787699191 1948486.243033786),G0033,가로등,,37.5349557,127.0826133,True,True
4627,가로등,POINT (963144.783337232 1948509.7503213189),G0033,가로등,,37.5351684,127.0828442,True,True
4628,가로등,POINT (963166.7863768112 1948532.4965811665),G0033,가로등,,37.5353743,127.0830921,True,True
4629,가로등,POINT (963183.7842212843 1948552.2473381974),G0033,가로등,,37.535553,127.0832835,True,True
4630,가로등,POINT (963211.286903913 1948579.9952115272),G0033,가로등,,37.5358042,127.0835934,True,True
4631,가로등,POINT (962885.5347546452 1948211.0054973522),G0033,가로등,,37.5324653,127.079925,True,True
4632,가로등,POINT (962896.286344827 1948234.500273809),G0033,가로등,,37.5326775,127.0800455,True,True
4633,가로등,POINT (962921.0309627783 1948259.49695176),G0033,가로등,,37.5329038,127.0803243,True,True
4634,가로등,POINT (962940.7856216335 1948282.9959931304),G0033,가로등,,37.5331164,127.0805467,True,True
4635,가로등,POINT (962954.2910287353 1948297.9911744115),G0033,가로등,,37.5332521,127.0806988,True,True
4636,가로등,POINT (962969.8639717367 1948314.99638461),G0033,가로등,,37.533406,127.0808742,True,True
4637,가로등,POINT (963001.5286652112 1948348.494228666),G0033,가로등,,37.5337092,127.0812309,True,True
4638,가로등,POINT (963021.2808590833 1948369.5526528563),G0033,가로등,,37.5338998,127.0814534,True,True
4639,가로등,POINT (963212.7846923316 1948602.9988329564),G0033,가로등,,37.5360116,127.0836092,True,True
4640,가로등,POINT (963019.5363413653 1948390.4959745137),G0033,가로등,,37.5340885,127.0814326,True,True
4641,가로등,POINT (962999.0345942029 1948369.751541715),G0033,가로등,,37.5339007,127.0812016,True,True
4642,가로등,POINT (962976.7852693835 1948341.5038844696),G0033,가로등,,37.5336452,127.0809512,True,True
4643,가로등,POINT (962952.5357100876 1948314.496707815),G0033,가로등,,37.5334008,127.0806781,True,True
4644,가로등,POINT (962936.2857890732 1948298.2489838975),G0033,가로등,,37.5332537,127.080495,True,True
4645,가로등,POINT (962915.2941791835 1948274.744378921),G0033,가로등,,37.533041,127.0802586,True,True
4646,가로등,POINT (962897.0361589761 1948255.9983083329),G0033,가로등,,37.5328713,127.0800529,True,True
4647,가로등,POINT (962875.0391358845 1948227.0175488167),G0033,가로등,,37.5326092,127.0798054,True,True
4648,가로등,POINT (962862.5890033436 1948197.1287922019),G0033,가로등,,37.5323393,127.079666,True,True
4649,가로등,POINT (963190.7863874219 1948581.2509479003),G0033,가로등,,37.5358147,127.0833613,True,True
4650,가로등,POINT (963164.0367984067 1948552.002028187),G0033,가로등,,37.53555,127.08306,True,True
4651,가로등,POINT (963144.5385080669 1948530.243180534),G0033,가로등,,37.5353531,127.0828404,True,True
4652,가로등,POINT (963127.7879797504 1948512.4995324633),G0033,가로등,,37.5351925,127.0826517,True,True
4653,가로등,POINT (963103.0325134005 1948484.7508266058),G0033,가로등,,37.5349414,127.0823729,True,True
4654,가로등,POINT (963083.0369300065 1948462.4950719886),G0033,가로등,,37.53474,127.0821477,True,True
4655,가로등,POINT (963059.039891342 1948434.4990442109),G0033,가로등,,37.5344867,127.0818775,True,True
4656,가로등,POINT (963039.0319284706 1948411.5001094989),G0033,가로등,,37.5342786,127.0816522,True,True
4657,가로등,POINT (963366.4481201938 1948183.364830886),G0044,가로등,,37.5322354,127.0853694,True,True
4658,가로등,POINT (963493.2820854464 1947974.494182285),G0043,가로등,,37.5303578,127.0868153,True,True
4659,가로등,POINT (963494.9500097131 1947957.9447908378),G0043,가로등,,37.5302087,127.086835,True,True
4660,가로등,POINT (963492.2834308723 1947938.2413830594),G0043,가로등,,37.530031,127.0868058,True,True
4661,가로등,POINT (963487.6344492204 1947911.7789746195),G0043,가로등,,37.5297923,127.0867545,True,True
4662,가로등,POINT (963484.8298703497 1947886.8173317797),G0043,가로등,,37.5295672,127.086724,True,True
4663,가로등,POINT (963481.0453898448 1947864.067823897),G0043,가로등,,37.529362,127.0866823,True,True
4664,가로등,POINT (963474.9507240041 1947824.320436805),G0043,가로등,,37.5290035,127.0866153,True,True
4665,가로등,POINT (963382.2809810217 1948157.2448857767),G0044,가로등,,37.5320006,127.0855499,True,True
4666,가로등,POINT (963393.2879950611 1948138.7460427023),G0044,가로등,,37.5318343,127.0856754,True,True
4667,가로등,POINT (963407.0363415626 1948116.7514338237),G0044,가로등,,37.5316366,127.0858321,True,True
4668,가로등,POINT (963421.536886251 1948093.0005891426),G0043,가로등,,37.5314231,127.0859974,True,True
4669,가로등,POINT (963434.2858632238 1948070.7552517753),G0043,가로등,,37.5312231,127.0861428,True,True
4670,가로등,POINT (963451.2848971239 1948042.5001506403),G0043,가로등,,37.5309691,127.0863366,True,True
4671,가로등,POINT (963462.0381386282 1948024.4906845978),G0043,가로등,,37.5308072,127.0864592,True,True
4672,가로등,POINT (963473.5370277276 1948005.246454066),G0043,가로등,,37.5306342,127.0865903,True,True
4673,가로등,POINT (963381.9874586397 1948232.9891235959),G0044,가로등,,37.5326833,127.0855428,True,True
4674,가로등,POINT (963367.2829784824 1948260.5020210352),G0044,가로등,,37.5329307,127.085375,True,True
4675,가로등,POINT (963351.5359454218 1948292.002513036),G0044,가로등,,37.533214,127.0851952,True,True
4676,가로등,POINT (963343.7894447199 1948310.4981291061),G0044,가로등,,37.5333804,127.0851066,True,True
4677,가로등,POINT (963333.3255235528 1948343.872534488),G0044,가로등,,37.5336808,127.0849865,True,True
4678,가로등,POINT (963323.3305053794 1948375.369895116),G0044,가로등,,37.5339643,127.0848718,True,True
4679,가로등,POINT (963313.8193222028 1948402.3718124505),G0044,가로등,,37.5342073,127.0847628,True,True
4680,가로등,POINT (963303.3175288304 1948439.1191952925),G0044,가로등,,37.5345381,127.0846421,True,True
4681,가로등,POINT (963261.2825748074 1948443.742805324),G0033,가로등,,37.5345781,127.0841661,True,True
4682,가로등,POINT (963272.2789307963 1948408.990212524),G0033,가로등,,37.5342653,127.0842923,True,True
4683,가로등,POINT (963280.5309809834 1948380.995294229),G0033,가로등,,37.5340133,127.0843871,True,True
4684,가로등,POINT (963293.0294833014 1948344.2390642858),G0044,가로등,,37.5336825,127.0845304,True,True
4685,가로등,POINT (963301.7852882466 1948314.2449145345),G0044,가로등,,37.5334125,127.084631,True,True
4686,가로등,POINT (963313.7848372714 1948284.5027245998),G0044,가로등,,37.5331449,127.0847683,True,True
4687,가로등,POINT (963322.2900159012 1948263.7515243362),G0044,가로등,,37.5329582,127.0848656,True,True
4688,가로등,POINT (963334.788821887 1948240.9967741077),G0044,가로등,,37.5327536,127.0850082,True,True
4689,가로등,POINT (963343.0367770538 1948217.994525355),G0044,가로등,,37.5325466,127.0851027,True,True
4690,가로등,POINT (963289.7903458312 1948484.9886463268),G0044,가로등,,37.534951,127.0844867,True,True
4691,가로등,POINT (963282.5345418005 1948506.4888035052),G0033,가로등,,37.5351445,127.0844035,True,True
4692,가로등,POINT (963274.786220802 1948530.487435497),G0033,가로등,,37.5353605,127.0843146,True,True
4693,가로등,POINT (963265.7867183874 1948559.24010709),G0033,가로등,,37.5356193,127.0842113,True,True
4694,가로등,POINT (963256.5387727453 1948589.735745283),G0033,가로등,,37.5358938,127.0841051,True,True
4695,가로등,POINT (963248.2882007997 1948615.9999317022),G0034,가로등,,37.5361302,127.0840104,True,True
4696,가로등,POINT (963238.7885925614 1948643.5011580442),G0034,가로등,,37.5363777,127.0839015,True,True
4697,가로등,POINT (963237.2889509731 1948657.9973755064),G0034,가로등,,37.5365083,127.0838838,True,True
4698,가로등,POINT (963239.0350574515 1948677.2388261696),G0034,가로등,,37.5366818,127.0839026,True,True
4699,가로등,POINT (963197.2887700431 1948656.998439678),G0034,가로등,,37.5364977,127.0834311,True,True
4700,가로등,POINT (963197.611626425 1948656.0872501042),G0034,가로등,,37.5364895,127.0834348,True,True
4701,가로등,POINT (963203.784405332 1948631.5075000909),G0034,가로등,,37.5362682,127.0835059,True,True
4702,가로등,POINT (963212.0403643706 1948604.4999032142),G0033,가로등,,37.5360251,127.0836007,True,True
4703,가로등,POINT (963221.7817521226 1948573.7468519588),G0033,가로등,,37.5357483,127.0837125,True,True
4704,가로등,POINT (963227.5309407756 1948551.243694178),G0033,가로등,,37.5355457,127.0837787,True,True
4705,가로등,POINT (963236.2863333768 1948527.2516539025),G0033,가로등,,37.5353298,127.083879,True,True
4706,가로등,POINT (963246.0367416613 1948494.5015647516),G0033,가로등,,37.535035,127.083991,True,True
4707,가로등,POINT (963254.0367670021 1948467.495150699),G0033,가로등,,37.5347919,127.0840829,True,True
4708,가로등,POINT (963197.8223869948 1948984.8645734044),G0034,가로등,,37.5394529,127.0834207,True,True
4709,가로등,POINT (963195.0394553521 1949022.7428847284),G0034,가로등,,37.5397942,127.0833873,True,True
4710,가로등,POINT (963192.0339159274 1949052.2457373156),G0034,가로등,,37.54006,127.0833518,True,True
4711,가로등,POINT (963203.784219349 1949084.2460777506),G0034,가로등,,37.5403489,127.0834832,True,True
4712,가로등,POINT (963211.0365296465 1949109.9978861155),G0035,가로등,,37.5405813,127.083564,True,True
4713,가로등,POINT (963224.032436452 1949150.003066115),G0035,가로등,,37.5409424,127.0837091,True,True
4714,가로등,POINT (963237.9050197839 1949192.500680488),G0035,가로등,,37.541326,127.083864,True,True
4715,가로등,POINT (963246.7881704142 1949221.4960328368),G0035,가로등,,37.5415877,127.0839631,True,True
4716,가로등,POINT (963257.7782989594 1949251.5027816473),G0035,가로등,,37.5418586,127.084086,True,True
4717,가로등,POINT (963272.1121401729 1949288.506570297),G0035,가로등,,37.5421927,127.0842464,True,True
4718,가로등,POINT (963221.2827992043 1948720.4865892418),G0034,가로등,,37.5370709,127.0836995,True,True
4719,가로등,POINT (963280.7874763955 1949316.5043622183),G0035,가로등,,37.5424454,127.0843432,True,True
4720,가로등,POINT (963293.0394913104 1949348.247438829),G0046,가로등,,37.542732,127.0844803,True,True
4721,가로등,POINT (963299.7833184744 1949370.994929457),G0046,가로등,,37.5429373,127.0845555,True,True
4722,가로등,POINT (963311.533852428 1949403.239508691),G0046,가로등,,37.5432284,127.0846869,True,True
4723,가로등,POINT (963323.5427044644 1949445.9895868716),G0046,가로등,,37.5436142,127.0848207,True,True
4724,가로등,POINT (963337.282933364 1949482.7409361387),G0046,가로등,,37.543946,127.0849744,True,True
4725,가로등,POINT (963350.2832030065 1949519.9948326233),G0046,가로등,,37.5442823,127.0851197,True,True
4726,가로등,POINT (963358.5307195763 1949549.2482917856),G0046,가로등,,37.5445463,127.0852116,True,True
4727,가로등,POINT (963373.0369338843 1949591.4992643772),G0046,가로등,,37.5449277,127.0853737,True,True
4728,가로등,POINT (963217.5360084632 1948750.2367798623),G0034,가로등,,37.5373389,127.0836556,True,True
4729,가로등,POINT (963214.0311218926 1948780.7403374733),G0034,가로등,,37.5376137,127.0836144,True,True
4730,가로등,POINT (963211.033233758 1948814.0042158458),G0034,가로등,,37.5379134,127.0835788,True,True
4731,가로등,POINT (963208.5377531605 1948845.0025677574),G0034,가로등,,37.5381927,127.083549,True,True
4732,가로등,POINT (963205.5343229987 1948878.998722097),G0034,가로등,,37.538499,127.0835133,True,True
4733,가로등,POINT (963202.2912693582 1948914.7377981087),G0034,가로등,,37.538821,127.0834748,True,True
4734,가로등,POINT (963199.2846993286 1948955.989862152),G0034,가로등,,37.5391927,127.0834387,True,True
4735,가로등,POINT (963253.4461046101 1949322.6274726249),G0035,가로등,,37.5424995,127.0840334,True,True
4736,가로등,POINT (963165.7904008199 1949017.2475463396),G0034,가로등,,37.5397435,127.0830565,True,True
4737,가로등,POINT (963168.2888668892 1948982.987335536),G0034,가로등,,37.5394348,127.0830865,True,True
4738,가로등,POINT (963170.042015424 1948947.9981860924),G0034,가로등,,37.5391195,127.0831081,True,True
4739,가로등,POINT (963172.5405245393 1948913.7379804805),G0034,가로등,,37.5388108,127.0831381,True,True
4740,가로등,POINT (963174.289235026 1948877.7392442897),G0034,가로등,,37.5384864,127.0831597,True,True
4741,가로등,POINT (963175.535744162 1948855.9993369605),G0034,가로등,,37.5382905,127.0831749,True,True
4742,가로등,POINT (963176.7874337859 1948813.5013547323),G0034,가로등,,37.5379075,127.0831912,True,True
4743,가로등,POINT (963179.2851343718 1948791.0014697916),G0034,가로등,,37.5377048,127.0832206,True,True
4744,가로등,POINT (963179.7828107065 1948765.7478878035),G0034,가로등,,37.5374772,127.0832275,True,True
4745,가로등,POINT (963182.538938572 1948741.7490855574),G0034,가로등,,37.537261,127.0832599,True,True
4746,가로등,POINT (963229.7901735449 1949259.2486447487),G0035,가로등,,37.5419273,127.0837688,True,True
4747,가로등,POINT (963219.0306967155 1949223.4938886086),G0035,가로등,,37.5416046,127.0836488,True,True
4748,가로등,POINT (963210.7791007783 1949195.4942848366),G0035,가로등,,37.5413519,127.0835568,True,True
4749,가로등,POINT (963200.5308422133 1949163.498371538),G0035,가로등,,37.5410631,127.0834424,True,True
4750,가로등,POINT (963187.3223590718 1949127.3772907115),G0035,가로등,,37.540737,127.0832947,True,True
4751,가로등,POINT (963175.0380207838 1949090.4976995275),G0034,가로등,,37.5404041,127.0831575,True,True
4752,가로등,POINT (963164.029586768 1949052.4919113684),G0034,가로등,,37.5400611,127.0830348,True,True
4753,가로등,POINT (963397.544066506 1949636.0027733212),G0047,가로등,,37.5453298,127.0856489,True,True
4754,가로등,POINT (963615.7890403249 1949870.7494297307),G0047,가로등,,37.5474543,127.0881078,True,True
4755,가로등,POINT (963633.7779564083 1949891.7504555436),G0047,가로등,,37.5476443,127.0883104,True,True
4756,가로등,POINT (963654.0314404964 1949913.4960441885),G0047,가로등,,37.5478411,127.0885386,True,True
4757,가로등,POINT (963678.7774687876 1949942.4890218007),G0047,가로등,,37.5481034,127.0888173,True,True
4758,가로등,POINT (963697.2883558795 1949963.7430776327),G0047,가로등,,37.5482957,127.0890258,True,True
4759,가로등,POINT (963731.5352435507 1950002.0030879718),G0047,가로등,,37.5486419,127.0894116,True,True
4760,가로등,POINT (963746.5358814702 1950018.5018878793),G0047,가로등,,37.5487912,127.0895806,True,True
4761,가로등,POINT (963768.5310273236 1950042.7475386485),G0047,가로등,,37.5490106,127.0898284,True,True
4762,가로등,POINT (963786.033434505 1950061.7428833994),G0047,가로등,,37.5491825,127.0900256,True,True
4763,가로등,POINT (963814.0324471802 1950093.4957350837),G0057,가로등,,37.5494698,127.090341,True,True
4764,가로등,POINT (963417.7910789173 1949658.0029972594),G0047,가로등,,37.5455289,127.085877,True,True
4765,가로등,POINT (963834.7905500251 1950117.7469501102),G0058,가로등,,37.5496892,127.0905748,True,True
4766,가로등,POINT (963851.0339898026 1950135.7493956913),G0058,가로등,,37.5498521,127.0907578,True,True
4767,가로등,POINT (963439.7925706366 1949681.249240957),G0047,가로등,,37.5457393,127.0861249,True,True
4768,가로등,POINT (963465.0359371965 1949706.5005051761),G0047,가로등,,37.5459679,127.0864094,True,True
4769,가로등,POINT (963486.7920173166 1949732.255340391),G0047,가로등,,37.5462009,127.0866544,True,True
4770,가로등,POINT (963514.5393074134 1949762.4994284152),G0047,가로등,,37.5464746,127.086967,True,True
4771,가로등,POINT (963536.2862719912 1949786.246302002),G0047,가로등,,37.5466895,127.087212,True,True
4772,가로등,POINT (963559.290762515 1949812.7502796107),G0047,가로등,,37.5469293,127.0874711,True,True
4773,가로등,POINT (963586.7869533573 1949840.2442372865),G0047,가로등,,37.5471782,127.087781,True,True
4774,가로등,POINT (962440.4931796843 1947948.7533706082),G0021,가로등,,37.5300835,127.0749014,True,True
4775,가로등,POINT (962450.5304631637 1947991.7551637753),G0021,가로등,,37.5304715,127.0750128,True,True
4776,가로등,POINT (962465.7788221764 1948049.9996395968),G0021,가로등,,37.5309971,127.0751824,True,True
4777,가로등,POINT (962475.0417051613 1948093.748304099),G0021,가로등,,37.5313918,127.075285,True,True
4778,가로등,POINT (962484.7900258296 1948133.4896277997),G0022,가로등,,37.5317504,127.0753933,True,True
4779,가로등,POINT (962497.2772820493 1948183.0262550768),G0022,가로등,,37.5321974,127.0755321,True,True
4780,가로등,POINT (962507.5783642504 1948225.8716101763),G0022,가로등,,37.532584,127.0756465,True,True
4781,가로등,POINT (962518.5357725285 1948271.2546894958),G0022,가로등,,37.5329935,127.0757682,True,True
4782,가로등,POINT (962493.0382705167 1948296.9983444877),G0022,가로등,,37.5332245,127.0754783,True,True
4783,가로등,POINT (962489.2792268549 1948266.7491577752),G0022,가로등,,37.5329517,127.0754373,True,True
4784,가로등,POINT (962478.034967527 1948220.4909348076),G0022,가로등,,37.5325343,127.0753124,True,True
4785,가로등,POINT (962466.2841653486 1948167.7446580974),G0022,가로등,,37.5320584,127.0751821,True,True
4786,가로등,POINT (962454.5320664538 1948114.7432298446),G0022,가로등,,37.5315802,127.0750518,True,True
4787,가로등,POINT (962442.8276700132 1948070.373226452),G0021,가로등,,37.5311798,127.0749216,True,True
4788,가로등,POINT (962431.5375075863 1948027.7543195959),G0021,가로등,,37.5307952,127.074796,True,True
4789,가로등,POINT (962422.5379928467 1947981.7412092946),G0021,가로등,,37.5303801,127.0746965,True,True
4790,가로등,POINT (962410.7860640874 1947934.7531386442),G0021,가로등,,37.5299561,127.0745659,True,True
4791,가로등,POINT (962539.4052280472 1948353.6380674827),G0022,가로등,,37.5337369,127.0760002,True,True
4792,가로등,POINT (962629.0374720802 1948726.4912179282),G0023,가로등,,37.5371012,127.0769957,True,True
4793,가로등,POINT (962638.2817885425 1948764.4931514799),G0023,가로등,,37.5374441,127.0770984,True,True
4794,가로등,POINT (962648.0431140477 1948805.4994189495),G0023,가로등,,37.5378141,127.0772068,True,True
4795,가로등,POINT (962547.7825401684 1948389.2473568465),G0022,가로등,,37.5340582,127.0760932,True,True
4796,가로등,POINT (962556.533753466 1948425.4984594565),G0022,가로등,,37.5343853,127.0761904,True,True
4797,가로등,POINT (962565.0756527398 1948462.3718149418),G0022,가로등,,37.534718,127.0762852,True,True
4798,가로등,POINT (962573.5376429908 1948495.251472019),G0022,가로등,,37.5350147,127.0763793,True,True
4799,가로등,POINT (962586.0815067743 1948555.6274505933),G0022,가로등,,37.5355594,127.0765182,True,True
4800,가로등,POINT (962594.2911978344 1948585.4905266925),G0022,가로등,,37.5358289,127.0766096,True,True
4801,가로등,POINT (962605.7863700918 1948634.7433414767),G0023,가로등,,37.5362733,127.0767372,True,True
4802,가로등,POINT (962620.0369517083 1948685.7478236847),G0023,가로등,,37.5367336,127.0768959,True,True
4803,가로등,POINT (962626.2870566706 1948827.997340099),G0023,가로등,,37.538016,127.0769594,True,True
4804,가로등,POINT (962533.2826644431 1948447.748162961),G0022,가로등,,37.5345849,127.0759261,True,True
4805,가로등,POINT (962528.2850140732 1948420.999349159),G0022,가로등,,37.5343436,127.0758709,True,True
4806,가로등,POINT (962517.2900474266 1948378.9891874695),G0022,가로등,,37.5339645,127.0757486,True,True
4807,가로등,POINT (962509.0383393201 1948347.7506462284),G0022,가로등,,37.5336826,127.0756568,True,True
4808,가로등,POINT (962618.5329614846 1948795.247569493),G0023,가로등,,37.5377205,127.0768733,True,True
4809,가로등,POINT (962606.2838820191 1948747.2407212912),G0023,가로등,,37.5372873,127.0767371,True,True
4810,가로등,POINT (962595.5326915998 1948704.253019699),G0023,가로등,,37.5368994,127.0766176,True,True
4811,가로등,POINT (962585.7854260996 1948664.4893517375),G0023,가로등,,37.5365406,127.0765093,True,True
4812,가로등,POINT (962574.8276084431 1948616.8650523685),G0023,가로등,,37.5361109,127.0763877,True,True
4813,가로등,POINT (962565.2864619946 1948579.7521008214),G0022,가로등,,37.535776,127.0762816,True,True
4814,가로등,POINT (962554.7928879388 1948533.246297747),G0022,가로등,,37.5353564,127.0761652,True,True
4815,가로등,POINT (962547.0349037218 1948499.7532789616),G0022,가로등,,37.5350542,127.0760791,True,True
4816,가로등,POINT (965286.5481057523 1949545.8702072059),G0074,가로등,,37.5445905,127.1070368,True,True
4817,가로등,POINT (965086.6455814006 1949623.8933296371),G0075,가로등,,37.5452862,127.1047702,True,True
4818,가로등,POINT (965265.5473924689 1949553.7464223912),G0074,가로등,,37.5446607,127.1067987,True,True
4819,가로등,POINT (965244.4368004135 1949562.7991797456),G0074,가로등,,37.5447415,127.1065593,True,True
4820,가로등,POINT (965223.7421846187 1949572.027763438),G0074,가로등,,37.5448239,127.1063246,True,True
4821,가로등,POINT (965202.3951264631 1949579.4396165211),G0074,가로등,,37.5448899,127.1060826,True,True
4822,가로등,POINT (965178.9672456915 1949587.792195984),G0074,가로등,,37.5449643,127.105817,True,True
4823,가로등,POINT (965158.9172925074 1949594.832601653),G0074,가로등,,37.545027,127.1055897,True,True
4824,가로등,POINT (965137.4473753605 1949602.4115578076),G0074,가로등,,37.5450945,127.1053463,True,True
4825,가로등,POINT (965118.0156317175 1949615.7068302294),G0075,가로등,,37.5452136,127.1051257,True,True
4826,가로등,POINT (963733.7670356423 1950460.4129903605),G0048,가로등,,37.5527738,127.0894142,True,True
4827,가로등,POINT (963726.3635053698 1950474.230432286),G0048,가로등,,37.55289805,127.0893297,True,True
4828,가로등,POINT (963718.9600000336 1950488.047881282),G0048,가로등,,37.5530223,127.0892452,True,True
4829,가로등,POINT (963740.7992959653 1950446.5250616851),G0048,가로등,,37.5526489,127.0894945,True,True
4830,가로등,POINT (963783.8088577494 1950325.3724178937),G0048,가로등,,37.5515586,127.0899874,True,True
4831,가로등,POINT (963799.5148165958 1950287.0163090879),G0058,가로등,,37.5512135,127.0901671,True,True
4832,가로등,POINT (963507.6543707727 1950646.1296654262),G0049,가로등,,37.5544388,127.0868451,True,True
4833,가로등,POINT (963485.6744948929 1950657.3098629839),G0049,가로등,,37.5545387,127.0865957,True,True
4834,가로등,POINT (963460.6165356307 1950669.513279279),G0049,가로등,,37.5546477,127.0863114,True,True
4835,가로등,POINT (962363.2414870515 1951174.8851545057),G0028,가로등,,37.5591586,127.0738616,True,True
4836,가로등,POINT (962542.6204585971 1951089.7209662676),G0027,가로등,,37.5583983,127.0758969,True,True
4837,가로등,POINT (962558.247642163 1951082.4944016207),G0027,가로등,,37.5583338,127.0760742,True,True
4838,가로등,POINT (962580.4189718803 1951071.1999034092),G0027,가로등,,37.5582329,127.0763258,True,True
4839,가로등,POINT (962601.9215622699 1951060.4521171271),G0027,가로등,,37.5581369,127.0765698,True,True
4840,가로등,POINT (962617.6678565493 1951052.193324391),G0027,가로등,,37.5580631,127.0767485,True,True
4841,가로등,POINT (962646.9273333596 1951037.949191463),G0027,가로등,,37.5579359,127.0770805,True,True
4842,가로등,POINT (962667.9277540969 1951027.4479211394),G0027,가로등,,37.5578421,127.0773188,True,True
4843,가로등,POINT (962687.2220996274 1951018.58528996),G0027,가로등,,37.557763,127.0775377,True,True
4844,가로등,POINT (962708.9263602311 1951007.448564962),G0027,가로등,,37.5576635,127.077784,True,True
4845,가로등,POINT (962725.3806375688 1950999.4530716822),G0027,가로등,,37.5575921,127.0779707,True,True
4846,가로등,POINT (962384.504141906 1951167.832413918),G0028,가로등,,37.5590959,127.0741027,True,True
4847,가로등,POINT (962746.1803510693 1950989.452163785),G0027,가로등,,37.5575028,127.0782067,True,True
4848,가로등,POINT (962771.9227942706 1950976.6998527981),G0027,가로등,,37.5573889,127.0784988,True,True
4849,가로등,POINT (962796.641911044 1950964.2073861079),G0038,가로등,,37.5572773,127.0787793,True,True
4850,가로등,POINT (962826.9672341887 1950949.1824936904),G0038,가로등,,37.5571431,127.0791234,True,True
4851,가로등,POINT (962831.8945856565 1950939.0531861682),G0038,가로등,,37.557052,127.0791797,True,True
4852,가로등,POINT (962399.6695748094 1951162.0721368652),G0028,가로등,,37.5590446,127.0742747,True,True
4853,가로등,POINT (962415.7990681783 1951152.7017513146),G0028,가로등,,37.5589608,127.0744578,True,True
4854,가로등,POINT (962436.7770297718 1951141.2680358146),G0028,가로등,,37.5588586,127.0746959,True,True
4855,가로등,POINT (962460.6992139801 1951128.5451714988),G0028,가로등,,37.5587449,127.0749674,True,True
4856,가로등,POINT (962480.2215900024 1951119.4258435413),G0028,가로등,,37.5586635,127.0751889,True,True
4857,가로등,POINT (962505.4157845051 1951106.708455803),G0027,가로등,,37.5585499,127.0754748,True,True
4858,가로등,POINT (962521.73592088 1951100.388455404),G0027,가로등,,37.5584936,127.0756599,True,True
4859,가로등,POINT (963863.1666659507 1950209.8531780948),G0058,가로등,,37.5505205,127.0908915,True,True
4860,가로등,POINT (963780.166633929 1950389.4931731033),G0048,가로등,,37.5521364,127.089943,True,True
4861,가로등,POINT (963770.1321687658 1950413.7676604504),G0048,가로등,,37.5523548,127.0898282,True,True
4862,가로등,POINT (963760.4321733317 1950435.7330148525),G0048,가로등,,37.5525524,127.0897173,True,True
4863,가로등,POINT (963749.4756721918 1950459.2016451461),G0048,가로등,,37.5527635,127.0895921,True,True
4864,가로등,POINT (963738.0971627814 1950481.0855995957),G0048,가로등,,37.5529603,127.0894622,True,True
4865,가로등,POINT (963724.0101477068 1950503.6914616327),G0048,가로등,,37.5531635,127.0893016,True,True
4866,가로등,POINT (963710.377922891 1950521.202916864),G0048,가로등,,37.5533208,127.0891464,True,True
4867,가로등,POINT (963697.6709642546 1950538.1999961715),G0048,가로등,,37.5534735,127.0890017,True,True
4868,가로등,POINT (963681.5765553529 1950558.2074684864),G0048,가로등,,37.5536532,127.0888185,True,True
4869,가로등,POINT (963675.2069973103 1950578.1613273488),G0048,가로등,,37.5538328,127.0887454,True,True
4870,가로등,POINT (963851.1878068366 1950225.8705079632),G0058,가로등,,37.5506644,127.0907551,True,True
4871,가로등,POINT (963672.3978722281 1950598.288222341),G0048,가로등,,37.5540141,127.0887126,True,True
4872,가로등,POINT (963840.1438586841 1950243.5812653168),G0058,가로등,,37.5508236,127.0906292,True,True
4873,가로등,POINT (963829.6287437682 1950263.042688626),G0058,가로등,,37.5509986,127.0905092,True,True
4874,가로등,POINT (963819.0684767643 1950286.3208809826),G0058,가로등,,37.551208,127.0903885,True,True
4875,가로등,POINT (963812.6215509535 1950302.8356168435),G0058,가로등,,37.5513566,127.0903147,True,True
4876,가로등,POINT (963803.664392492 1950325.0528537317),G0058,가로등,,37.5515565,127.0902122,True,True
4877,가로등,POINT (963795.1512044605 1950347.7896141731),G0058,가로등,,37.5517611,127.0901147,True,True
4878,가로등,POINT (963787.9600318028 1950367.8135253359),G0048,가로등,,37.5519413,127.0900323,True,True
4879,가로등,POINT (964689.085305628 1949738.095703008),G0066,가로등,,37.5463004,127.1002643,True,True
4880,가로등,POINT (964723.2167094348 1949727.166684919),G0066,가로등,,37.5462032,127.1006512,True,True
4881,가로등,POINT (964754.9735040587 1949710.367736186),G0066,가로등,,37.546053,127.1010115,True,True
4882,가로등,POINT (964774.2233733877 1949706.4473288553),G0066,가로등,,37.5460184,127.1012296,True,True
4883,가로등,POINT (964791.2640808392 1949698.18724045),G0075,가로등,,37.5459446,127.1014229,True,True
4884,가로등,POINT (964810.5603612069 1949688.5308029074),G0075,가로등,,37.5458583,127.1016418,True,True
4885,가로등,POINT (964842.3512712831 1949667.194349391),G0075,가로등,,37.5456672,127.1020027,True,True
4886,가로등,POINT (964863.3969869793 1949657.586104252),G0075,가로등,,37.5455814,127.1022414,True,True
4887,가로등,POINT (964881.2003476686 1949649.9775591479),G0075,가로등,,37.5455135,127.1024433,True,True
4888,가로등,POINT (964901.3361581725 1949638.2541870282),G0075,가로등,,37.5454086,127.1026718,True,True
4889,가로등,POINT (964926.0751427534 1949626.6889379586),G0075,가로등,,37.5453053,127.1029524,True,True
4890,가로등,POINT (964957.2087272527 1949612.7447221885),G0075,가로등,,37.5451808,127.1033055,True,True
4891,가로등,POINT (964976.9687358184 1949606.1266450374),G0074,가로등,,37.5451219,127.1035295,True,True
4892,가로등,POINT (964996.2604465155 1949599.4773051091),G0074,가로등,,37.5450627,127.1037482,True,True
4893,가로등,POINT (965001.2980563232 1949589.5374898168),G0074,가로등,,37.5449733,127.1038057,True,True
4894,가로등,POINT (964104.050517702 1950048.5352561178),G0057,가로등,,37.5490759,127.0936264,True,True
4895,가로등,POINT (964078.7994806484 1950055.5342132873),G0057,가로등,,37.549138,127.0933402,True,True
4896,가로등,POINT (964054.514057116 1950069.285702262),G0057,가로등,,37.549261,127.0930646,True,True
4897,가로등,POINT (964030.8434755328 1950080.1721836776),G0057,가로등,,37.5493582,127.0927961,True,True
4898,가로등,POINT (964012.8065732833 1950088.5380236942),G0057,가로등,,37.5494329,127.0925915,True,True
4899,가로등,POINT (963992.3023688516 1950098.2903367304),G0057,가로등,,37.54952,127.0923589,True,True
4900,가로등,POINT (963971.5485470803 1950109.5415604145),G0058,가로등,,37.5496206,127.0921234,True,True
4901,가로등,POINT (963944.8041787768 1950126.5325843624),G0058,가로등,,37.5497727,127.0918198,True,True
4902,가로등,POINT (963921.8053312982 1950143.540706273),G0058,가로등,,37.5499251,127.0915586,True,True
4903,가로등,POINT (963911.3577259956 1950160.3168228783),G0058,가로등,,37.5500759,127.0914395,True,True
4904,가로등,POINT (963882.844637718 1950186.923698078),G0058,가로등,,37.5503146,127.0911154,True,True
4905,가로등,POINT (964203.6613262403 1950012.7910574155),G0057,가로등,,37.5487576,127.0947558,True,True
4906,가로등,POINT (964182.2628762324 1950022.158438049),G0057,가로등,,37.5488412,127.0945131,True,True
4907,가로등,POINT (964152.7447767109 1950024.981801724),G0057,가로등,,37.5488655,127.0941788,True,True
4908,가로등,POINT (964123.0468304129 1950039.333374199),G0057,가로등,,37.5489937,127.0938419,True,True
4909,가로등,POINT (965029.6430887339 1949559.451542396),G0074,가로등,,37.5447032,127.104128,True,True
4910,가로등,POINT (965219.0609389159 1949525.7939328495),G0074,가로등,,37.544407,127.1062738,True,True
4911,가로등,POINT (965236.7641422779 1949519.4402686388),G0074,가로등,,37.5443504,127.1064745,True,True
4912,가로등,POINT (965047.6161325858 1949575.2855635546),G0074,가로등,,37.5448466,127.1043307,True,True
4913,가로등,POINT (965083.439918194 1949571.6067966216),G0074,가로등,,37.5448148,127.1047364,True,True
4914,가로등,POINT (965105.4678876986 1949564.3803846054),G0074,가로등,,37.5447505,127.1049861,True,True
4915,가로등,POINT (965130.6819128576 1949556.4305997917),G0074,가로등,,37.5446798,127.1052719,True,True
4916,가로등,POINT (965152.9027234778 1949548.8262882608),G0074,가로등,,37.5446121,127.1055238,True,True
4917,가로등,POINT (965176.8023234243 1949541.2926601782),G0074,가로등,,37.5445451,127.1057947,True,True
4918,가로등,POINT (965199.3032015528 1949533.043812224),G0074,가로등,,37.5444716,127.1060498,True,True
4919,가로등,POINT (964087.5358611799 1950004.4943843428),G0057,가로등,,37.5486783,127.0934416,True,True
4920,가로등,POINT (963973.2912233322 1949892.245521808),G0057,가로등,,37.5476621,127.0921538,True,True
4921,가로등,POINT (963979.5342752812 1949879.492894222),G0057,가로등,,37.5475474,127.0922251,True,True
4922,가로등,POINT (963986.291207115 1949875.2365339256),G0057,가로등,,37.5475093,127.0923018,True,True
4923,가로등,POINT (964074.0347237724 1949983.2510798806),G0057,가로등,,37.5484863,127.0932898,True,True
4924,가로등,POINT (964062.2841075666 1949956.2421058938),G0057,가로등,,37.5482424,127.0931581,True,True
4925,가로등,POINT (964051.0790517037 1949947.1264339597),G0057,가로등,,37.5481598,127.0930317,True,True
4926,가로등,POINT (964035.2793565651 1949937.7422131568),G0057,가로등,,37.5480746,127.0928533,True,True
4927,가로등,POINT (964022.782848777 1949930.2741780635),G0057,가로등,,37.5480068,127.0927122,True,True
4928,가로등,POINT (964011.2809491168 1949924.0222612715),G0057,가로등,,37.54795,127.0925823,True,True
4929,가로등,POINT (963998.8133519792 1949917.1199630492),G0057,가로등,,37.5478873,127.0924415,True,True
4930,가로등,POINT (963987.2857919438 1949906.9961625205),G0057,가로등,,37.5477956,127.0923115,True,True
4931,가로등,POINT (965031.9626852829 1949646.689825471),G0075,가로등,,37.5454896,127.1041501,True,True
4932,가로등,POINT (965004.9817277839 1949654.5142246848),G0075,가로등,,37.5455591,127.1038443,True,True
4933,가로등,POINT (964982.5108857646 1949663.4790826014),G0075,가로등,,37.54563905,127.1035895,True,True
4934,가로등,POINT (964960.0400917147 1949672.4440017804),G0075,가로등,,37.545719,127.1033347,True,True
4935,가로등,POINT (964937.569345632 1949681.408982223),G0075,가로등,,37.54579895,127.1030799,True,True
4936,가로등,POINT (964915.0986475166 1949690.37402393),G0075,가로등,,37.5458789,127.1028251,True,True
4937,가로등,POINT (964902.5581050781 1949695.375209471),G0075,가로등,,37.5459235,127.1026829,True,True
4938,가로등,POINT (964881.5462656167 1949704.6259665496),G0075,가로등,,37.54600608,127.1024446,True,True
4939,가로등,POINT (964860.5433108389 1949713.8778493186),G0075,가로등,,37.54608867,127.1022064,True,True
4940,가로등,POINT (965032.5569997147 1949636.779831836),G0075,가로등,,37.5454003,127.1041573,True,True
4941,가로등,POINT (964852.8024382789 1949713.2926343577),G0075,가로등,,37.5460831,127.1021188,True,True
4942,가로등,POINT (964839.5315640935 1949723.1287136185),G0075,가로등,,37.54617125,127.1019681,True,True
4943,가로등,POINT (964818.5198637085 1949732.3796315428),G0075,가로등,,37.54625383,127.1017298,True,True
4944,가로등,POINT (964837.5496192201 1949720.291334606),G0075,가로등,,37.5461456,127.1019458,True,True
4945,가로등,POINT (964797.5170479843 1949741.6316750895),G0075,가로등,,37.54633642,127.1014916,True,True
4946,가로등,POINT (964821.8031771375 1949727.5362356915),G0075,가로등,,37.5462103,127.1017672,True,True
4947,가로등,POINT (964757.335282216 1949750.6644716994),G0066,가로등,,37.5464163,127.1010363,True,True
4948,가로등,POINT (964776.5054403109 1949750.8827002365),G0066,가로등,,37.546419,127.1012533,True,True
4949,가로등,POINT (964731.554725237 1949762.2790340143),G0066,가로등,,37.54652,127.1007439,True,True
4950,가로등,POINT (964759.2409566576 1949758.4226201382),G0066,가로등,,37.5464863,127.1010575,True,True
4951,가로등,POINT (964706.3048664883 1949774.0356521646),G0066,가로등,,37.546625,127.1004575,True,True
4952,가로등,POINT (964736.7745650453 1949768.3089852557),G0066,가로등,,37.54657455,127.1008027,True,True
4953,가로등,POINT (964679.8087559622 1949783.5343450604),G0066,가로등,,37.5467096,127.1001571,True,True
4954,가로등,POINT (964714.3082264046 1949778.1954116777),G0066,가로등,,37.5466628,127.1005479,True,True
4955,가로등,POINT (964704.4267997292 1949793.5701694177),G0066,가로등,,37.546801,127.1004353,True,True
4956,가로등,POINT (964655.305635388 1949794.2894283314),G0066,가로등,,37.5468056,127.0998792,True,True
4957,가로등,POINT (964687.1628465259 1949801.1989961285),G0066,가로등,,37.5468691,127.1002395,True,True
4958,가로등,POINT (964630.0492254096 1949806.5344725752),G0066,가로등,,37.546915,127.0995927,True,True
4959,가로등,POINT (964591.301246475 1949822.3097236909),G0066,가로등,,37.5470557,127.0991533,True,True
4960,가로등,POINT (965013.806774195 1949644.037011349),G0075,가로등,,37.545465,127.1039447,True,True
4961,가로등,POINT (964558.296444526 1949836.2855060915),G0066,가로등,,37.5471804,127.098779,True,True
4962,가로등,POINT (964532.810679603 1949848.5429233466),G0066,가로등,,37.5472899,127.0984899,True,True
4963,가로등,POINT (964502.5555642995 1949863.0397296697),G0066,가로등,,37.5474194,127.0981467,True,True
4964,가로등,POINT (964467.3031478915 1949876.038063607),G0066,가로등,,37.5475352,127.097747,True,True
4965,가로등,POINT (964446.8067276352 1949885.7892057898),G0066,가로등,,37.5476223,127.0975145,True,True
4966,가로등,POINT (964429.5894559758 1949893.9065377107),G0066,가로등,,37.5476948,127.0973192,True,True
4967,가로등,POINT (964457.5965397744 1949892.910150739),G0066,가로등,,37.5476869,127.0976363,True,True
4968,가로등,POINT (964480.3044988511 1949896.2856153403),G0066,가로등,,37.5477182,127.0978932,True,True
4969,가로등,POINT (964494.8027903694 1949903.0357196117),G0066,가로등,,37.5477796,127.098057,True,True
4970,가로등,POINT (964992.5614204712 1949654.5332835775),G0075,가로등,,37.5455588,127.1037037,True,True
4971,가로등,POINT (964967.0607563172 1949663.5386913836),G0075,가로등,,37.545639,127.1034146,True,True
4972,가로등,POINT (964952.811606482 1949669.7785098029),G0075,가로등,,37.5456947,127.103253,True,True
4973,가로등,POINT (964929.2972207022 1949680.5396973894),G0075,가로등,,37.5457908,127.1029863,True,True
4974,가로등,POINT (964900.3002458197 1949692.0452712649),G0075,가로등,,37.5458934,127.1026575,True,True
4975,가로등,POINT (964879.7996818131 1949701.040914604),G0075,가로등,,37.5459737,127.102425,True,True
4976,가로등,POINT (964870.2979468137 1949706.0292997628),G0075,가로등,,37.5460183,127.1023172,True,True
4977,가로등,POINT (962843.0922989761 1950997.827011952),G0038,가로등,,37.5575822,127.0793035,True,True
4978,가로등,POINT (962638.9251033998 1951100.7366943478),G0027,가로등,,37.5585015,127.0769867,True,True
4979,가로등,POINT (962619.4184790797 1951109.4783562252),G0028,가로등,,37.5585795,127.0767654,True,True
4980,가로등,POINT (962604.9665708744 1951116.8326478594),G0028,가로등,,37.5586452,127.0766014,True,True
4981,가로등,POINT (962590.1691345079 1951123.9444392046),G0028,가로등,,37.5587087,127.0764335,True,True
4982,가로등,POINT (962562.9238839323 1951138.2018843726),G0028,가로등,,37.5588361,127.0761243,True,True
4983,가로등,POINT (962542.9173993418 1951147.700421032),G0028,가로등,,37.5589209,127.0758973,True,True
4984,가로등,POINT (962527.1658336805 1951156.6916325437),G0028,가로등,,37.5590013,127.0757185,True,True
4985,가로등,POINT (962508.1684111549 1951164.6990120916),G0028,가로등,,37.5590727,127.075503,True,True
4986,가로등,POINT (962480.916807272 1951179.4449252856),G0028,가로등,,37.5592045,127.0751937,True,True
4987,가로등,POINT (962462.9274411405 1951187.6919367693),G0028,가로등,,37.5592781,127.0749896,True,True
4988,가로등,POINT (962812.5490036344 1951013.4519371393),G0038,가로등,,37.5577218,127.0789569,True,True
4989,가로등,POINT (962434.1711272645 1951201.690371661),G0028,가로등,,37.5594031,127.0746633,True,True
4990,가로등,POINT (962423.6745879572 1951206.6972019584),G0028,가로등,,37.5594478,127.0745442,True,True
4991,가로등,POINT (962398.9225746697 1951219.446126049),G0028,가로등,,37.5595617,127.0742633,True,True
4992,가로등,POINT (962389.6725021678 1951224.6914371143),G0028,가로등,,37.5596086,127.0741583,True,True
4993,가로등,POINT (962790.7976274702 1951023.9562046295),G0038,가로등,,37.5578156,127.0787101,True,True
4994,가로등,POINT (962766.669363828 1951036.2019592547),G0027,가로등,,37.557925,127.0784363,True,True
4995,가로등,POINT (962753.1749846926 1951042.4533216362),G0027,가로등,,37.5579808,127.0782832,True,True
4996,가로등,POINT (962736.6799426229 1951051.1922872767),G0027,가로등,,37.5580589,127.078096,True,True
4997,가로등,POINT (962706.6696251734 1951065.4394758681),G0027,가로등,,37.5581861,127.0777555,True,True
4998,가로등,POINT (962682.4224919238 1951078.695628625),G0027,가로등,,37.5583046,127.0774803,True,True
4999,가로등,POINT (962663.6754384272 1951087.455959953),G0027,가로등,,37.5583828,127.0772676,True,True
5000,가로등,POINT (962862.6766645893 1950921.4524180877),G0038,가로등,,37.5568946,127.0795291,True,True
5001,가로등,POINT (963031.1804965012 1950849.317265886),G0038,가로등,,37.5562512,127.0814405,True,True
5002,가로등,POINT (963063.4176960775 1950833.0254921024),G0038,가로등,,37.55610565,127.0818063,True,True
5003,가로등,POINT (963095.6011880133 1950816.5454748285),G0038,가로등,,37.5559584,127.0821715,True,True
5004,가로등,POINT (963127.7759742658 1950800.0656229092),G0038,가로등,,37.55581115,127.0825366,True,True
5005,가로등,POINT (963159.950887287 1950783.585897051),G0038,가로등,,37.5556639,127.0829017,True,True
5006,가로등,POINT (962874.0463385712 1950925.89490736),G0038,가로등,,37.5569351,127.0796576,True,True
5007,가로등,POINT (962893.4437525205 1950916.2778638036),G0038,가로등,,37.5568492,127.0798777,True,True
5008,가로등,POINT (962912.7259441336 1950906.5615289453),G0038,가로등,,37.5567624,127.0800965,True,True
5009,가로등,POINT (962931.6567675554 1950897.2684058344),G0038,가로등,,37.5566794,127.0803113,True,True
5010,가로등,POINT (962950.81588893 1950887.66365698),G0038,가로등,,37.5565936,127.0805287,True,True
5011,가로등,POINT (962970.1618708479 1950878.3576756022),G0038,가로등,,37.5565105,127.0807482,True,True
5012,가로등,POINT (962989.7370439159 1950868.9397715498),G0038,가로등,,37.5564264,127.0809703,True,True
5013,가로등,POINT (963009.0226694902 1950859.9448017855),G0038,가로등,,37.5563461,127.0811891,True,True
5014,가로등,POINT (963188.1635182046 1950827.6508022996),G0038,가로등,,37.5560622,127.0832189,True,True
5015,가로등,POINT (963006.1947537595 1950917.0949426722),G0038,가로등,,37.5568611,127.0811542,True,True
5016,가로등,POINT (962989.5295554781 1950925.423653559),G0038,가로등,,37.5569355,127.0809651,True,True
5017,가로등,POINT (962963.0465133929 1950936.6031438),G0038,가로등,,37.5570352,127.0806647,True,True
5018,가로등,POINT (962938.2324396817 1950949.6613626173),G0038,가로등,,37.5571519,127.0803831,True,True
5019,가로등,POINT (962913.41685749 1950962.3646340703),G0038,가로등,,37.5572654,127.0801015,True,True
5020,가로등,POINT (962888.4761609996 1950974.7246053377),G0038,가로등,,37.5573758,127.0798185,True,True
5021,가로등,POINT (963167.9094550558 1950837.4151805015),G0038,가로등,,37.5561494,127.0829891,True,True
5022,가로등,POINT (963147.7786007636 1950847.0681152665),G0038,가로등,,37.5562356,127.0827607,True,True
5023,가로등,POINT (963127.2246248735 1950856.900493414),G0038,가로등,,37.5563234,127.0825275,True,True
5024,가로등,POINT (963106.9177090453 1950866.665257284),G0038,가로등,,37.5564106,127.0822971,True,True
5025,가로등,POINT (963086.7259578072 1950876.4961274832),G0038,가로등,,37.5564984,127.082068,True,True
5026,가로등,POINT (963066.6487789734 1950886.2599698054),G0038,가로등,,37.5565856,127.0818402,True,True
5027,가로등,POINT (963046.7600406023 1950896.6776080015),G0038,가로등,,37.5566787,127.0816145,True,True
5028,가로등,POINT (963026.445816804 1950906.7421601452),G0038,가로등,,37.5567686,127.081384,True,True
5029,가로등,POINT (963175.3650293453 1950775.8732908717),G0038,가로등,,37.555595,127.0830766,True,True
5030,가로등,POINT (963368.3481959365 1950681.3029787082),G0049,가로등,,37.5547503,127.0852662,True,True
5031,가로등,POINT (963389.9333207447 1950670.7898876576),G0049,가로등,,37.5546564,127.0855111,True,True
5032,가로등,POINT (963410.9173918803 1950660.168555725),G0049,가로등,,37.5545615,127.0857492,True,True
5033,가로등,POINT (963432.5629383957 1950649.3113764804),G0049,가로등,,37.5544645,127.0859948,True,True
5034,가로등,POINT (963453.6082135737 1950638.523464666),G0049,가로등,,37.5543681,127.0862336,True,True
5035,가로등,POINT (963474.7135170487 1950627.3137460107),G0049,가로등,,37.5542679,127.0864731,True,True
5036,가로등,POINT (963494.0502405255 1950617.642920305),G0049,가로등,,37.5541815,127.0866925,True,True
5037,가로등,POINT (963514.1601327544 1950609.0338295572),G0049,가로등,,37.5541047,127.0869206,True,True
5038,가로등,POINT (963533.8516161785 1950599.6721892431),G0048,가로등,,37.5540211,127.087144,True,True
5039,가로등,POINT (963553.2399583021 1950589.65734237),G0048,가로등,,37.5539316,127.087364,True,True
5040,가로등,POINT (963197.0665562955 1950765.825150634),G0038,가로등,,37.5555053,127.0833228,True,True
5041,가로등,POINT (963571.3268222698 1950578.9381937298),G0048,가로등,,37.5538357,127.0875693,True,True
5042,가로등,POINT (963588.8185341908 1950567.4450694087),G0048,가로등,,37.5537328,127.0877679,True,True
5043,가로등,POINT (963606.3592059365 1950555.0198172699),G0048,가로등,,37.5536215,127.0879671,True,True
5044,가로등,POINT (963218.6520344655 1950755.4891207954),G0038,가로등,,37.555413,127.0835677,True,True
5045,가로등,POINT (963240.2898243507 1950744.9864963335),G0038,가로등,,37.5553192,127.0838132,True,True
5046,가로등,POINT (963260.9787019335 1950733.6105403197),G0038,가로등,,37.55521749,127.084048,True,True
5047,가로등,POINT (963280.3694542086 1950724.284014401),G0038,가로등,,37.5551342,127.084268,True,True
5048,가로등,POINT (963303.785864883 1950712.480054288),G0049,가로등,,37.55502874,127.0845337,True,True
5049,가로등,POINT (963325.185108662 1950701.9143596883),G0049,가로등,,37.55493436,127.0847765,True,True
5050,가로등,POINT (963346.5932390643 1950691.3486818243),G0049,가로등,,37.55483998,127.0850194,True,True
5051,가로등,POINT (963648.7305300188 1950601.3873647097),G0048,가로등,,37.5540411,127.0884445,True,True
5052,가로등,POINT (963475.0801346665 1950684.5494666537),G0049,가로등,,37.5547838,127.0864744,True,True
5053,가로등,POINT (963450.0609249792 1950697.5071827273),G0049,가로등,,37.5548996,127.0861905,True,True
5054,가로등,POINT (963429.3941399716 1950707.9605994227),G0049,가로등,,37.554993,127.085956,True,True
5055,가로등,POINT (963407.8789420258 1950718.2957663108),G0049,가로등,,37.5550853,127.0857119,True,True
5056,가로등,POINT (963388.2328750934 1950727.8461210132),G0049,가로등,,37.5551706,127.085489,True,True
5057,가로등,POINT (963368.4127963425 1950737.9853076038),G0049,가로등,,37.5552612,127.0852641,True,True
5058,가로등,POINT (963348.5911983781 1950747.7695198203),G0049,가로등,,37.5553486,127.0850392,True,True
5059,가로등,POINT (963328.7707444333 1950757.8022954005),G0049,가로등,,37.55543824,127.0848143,True,True
5060,가로등,POINT (963309.4866799628 1950767.2802344223),G0049,가로등,,37.5555229,127.0845955,True,True
5061,가로등,POINT (963289.0139988046 1950777.606668866),G0049,가로등,,37.55561516,127.0843632,True,True
5062,가로등,POINT (963636.7287535336 1950593.7957033748),G0048,가로등,,37.5539722,127.088309,True,True
5063,가로등,POINT (963269.131280304 1950787.5089472816),G0038,가로등,,37.55570362,127.0841376,True,True
5064,가로등,POINT (963249.2486088524 1950797.4112738173),G0038,가로등,,37.55579208,127.083912,True,True
5065,가로등,POINT (963229.3748169288 1950807.3136093516),G0038,가로등,,37.55588054,127.0836865,True,True
5066,가로등,POINT (963209.4922395718 1950817.2160321018),G0038,가로등,,37.555969,127.0834609,True,True
5067,가로등,POINT (963619.3473027872 1950606.2645734798),G0048,가로등,,37.5540839,127.0881116,True,True
5068,가로등,POINT (963600.7922770873 1950618.9938027083),G0049,가로등,,37.5541979,127.0879009,True,True
5069,가로등,POINT (963580.3237108706 1950630.4222985415),G0049,가로등,,37.5543001,127.0876686,True,True
5070,가로등,POINT (963560.9902303058 1950640.8473449976),G0049,가로등,,37.5543933,127.0874492,True,True
5071,가로등,POINT (963540.7046754096 1950651.6871202153),G0049,가로등,,37.5544902,127.087219,True,True
5072,가로등,POINT (963519.8861443754 1950661.830324236),G0049,가로등,,37.5545808,127.0869828,True,True
5073,가로등,POINT (963499.419163892 1950671.5615334066),G0049,가로등,,37.5546677,127.0867506,True,True
5074,가로등,POINT (963629.2494450598 1950537.8226566918),G0048,가로등,,37.5534674,127.0882271,True,True
5075,가로등,POINT (963740.2902983411 1950356.2612274997),G0048,가로등,,37.5518353,127.0894932,True,True
5076,가로등,POINT (963749.3730764233 1950336.56185522),G0048,가로등,,37.5516581,127.089597,True,True
5077,가로등,POINT (963757.3080162217 1950314.9370353983),G0048,가로등,,37.5514635,127.0896879,True,True
5078,가로등,POINT (963765.7292499435 1950293.4099541437),G0048,가로등,,37.5512698,127.0897843,True,True
5079,가로등,POINT (963774.2069144237 1950272.6592616418),G0048,가로등,,37.5510831,127.0898813,True,True
5080,가로등,POINT (963783.4211798663 1950250.6627660377),G0048,가로등,,37.5508852,127.0899867,True,True
5081,가로등,POINT (963799.5770213461 1950220.2373717488),G0058,가로등,,37.5506116,127.0901711,True,True
5082,가로등,POINT (963814.5751598129 1950195.741596017),G0058,가로등,,37.5503914,127.0903421,True,True
5083,가로등,POINT (963830.1605211202 1950170.167111182),G0058,가로등,,37.5501615,127.0905198,True,True
5084,가로등,POINT (963807.1269010457 1950268.2886503928),G0058,가로등,,37.551045,127.0902542,True,True
5085,가로등,POINT (963646.5139790428 1950520.8055152139),G0048,가로등,,37.5533147,127.0884234,True,True
5086,가로등,POINT (963791.8939340776 1950305.7440140666),G0058,가로등,,37.551382,127.0900799,True,True
5087,가로등,POINT (963661.3981918 1950502.8003094867),G0048,가로등,,37.553153,127.0885928,True,True
5088,가로등,POINT (963673.977589744 1950484.9161613875),G0048,가로등,,37.5529923,127.0887361,True,True
5089,가로등,POINT (963686.143985444 1950467.5109096759),G0048,가로등,,37.5528359,127.0888747,True,True
5090,가로등,POINT (963700.5897617504 1950444.1378849454),G0048,가로등,,37.5526258,127.0890394,True,True
5091,가로등,POINT (963712.8463826075 1950419.0547833322),G0048,가로등,,37.5524002,127.0891794,True,True
5092,가로등,POINT (963722.4427501652 1950397.6556524744),G0048,가로등,,37.5522077,127.0892891,True,True
5093,가로등,POINT (963730.3973927137 1950378.5492023814),G0048,가로등,,37.5520358,127.0893801,True,True
5094,가로등,POINT (963861.1721725125 1950137.2030454043),G0058,가로등,,37.5498656,127.0908725,True,True
5095,가로등,POINT (964043.4200062503 1950030.6911089593),G0057,가로등,,37.5489127,127.0929409,True,True
5096,가로등,POINT (964076.917999822 1950014.7029947308),G0057,가로등,,37.5487699,127.0933209,True,True
5097,가로등,POINT (964101.17134808 1950003.7031830119),G0057,가로등,,37.5486717,127.093596,True,True
5098,가로등,POINT (964126.4197159691 1949991.9558041615),G0057,가로등,,37.5485668,127.0938824,True,True
5099,가로등,POINT (964148.6321099189 1949976.7378939234),G0057,가로등,,37.5484305,127.0941346,True,True
5100,가로등,POINT (964186.3565850811 1949959.544856553),G0057,가로등,,37.548277,127.0945625,True,True
5101,가로등,POINT (964234.6199139986 1949938.3125307711),G0057,가로등,,37.5480875,127.0951099,True,True
5102,가로등,POINT (963877.2139217141 1950123.0763376262),G0058,가로등,,37.5497389,127.0910548,True,True
5103,가로등,POINT (963894.6723199482 1950109.697937829),G0058,가로등,,37.549619,127.0912531,True,True
5104,가로등,POINT (963913.1726130962 1950096.2041015197),G0057,가로등,,37.5494981,127.0914632,True,True
5105,가로등,POINT (963939.4232532666 1950081.4562380312),G0057,가로등,,37.5493662,127.0917611,True,True
5106,가로등,POINT (963960.6695507194 1950069.6924441746),G0057,가로등,,37.549261,127.0920022,True,True
5107,가로등,POINT (963984.1773689496 1950057.9521809458),G0057,가로등,,37.5491561,127.0922689,True,True
5108,가로등,POINT (964007.9213617861 1950047.6976431021),G0057,가로등,,37.5490646,127.0925382,True,True
5109,가로등,POINT (964025.6751066707 1950039.1998849576),G0057,가로등,,37.5489887,127.0927396,True,True
5110,가로등,POINT (961769.0383840218 1948199.7472639622),G0007,가로등,,37.5323182,127.067289,True,True
5111,가로등,POINT (961890.7898840889 1948141.7399356363),G0013,가로등,,37.5318004,127.06867,True,True
5112,가로등,POINT (961889.2902395874 1948122.996873318),G0013,가로등,,37.5316314,127.068654,True,True
5113,가로등,POINT (961877.7877698893 1948111.7441988348),G0013,가로등,,37.5315295,127.0685244,True,True
5114,가로등,POINT (961872.7914387482 1948112.7434505245),G0013,가로등,,37.5315383,127.0684678,True,True
5115,가로등,POINT (961854.8794035832 1948117.9957586487),G0013,가로등,,37.5315849,127.0682648,True,True
5116,가로등,POINT (961830.7863008335 1948125.994682495),G0013,가로등,,37.531656,127.0679917,True,True
5117,가로등,POINT (961805.5381100695 1948134.498244955),G0013,가로등,,37.5317316,127.0677055,True,True
5118,가로등,POINT (961791.0343538141 1948139.246862344),G0013,가로등,,37.5317738,127.0675411,True,True
5119,가로등,POINT (961781.5748244904 1948141.8865108953),G0007,가로등,,37.5317972,127.0674339,True,True
5120,가로등,POINT (961775.5432849264 1948150.2463300165),G0007,가로등,,37.5318723,127.0673652,True,True
5121,가로등,POINT (961773.540512313 1948208.4913184165),G0007,가로등,,37.5323972,127.0673395,True,True
5122,가로등,POINT (961755.7955364248 1948153.998427205),G0007,가로등,,37.5319053,127.0671415,True,True
5123,가로등,POINT (961781.0375307892 1948215.246753259),G0007,가로등,,37.5324584,127.067424,True,True
5124,가로등,POINT (961797.538741877 1948208.7470737055),G0013,가로등,,37.5324005,127.0676111,True,True
5125,가로등,POINT (961817.7935518259 1948200.0001553097),G0013,가로등,,37.5323225,127.0678408,True,True
5126,가로등,POINT (961835.7937395689 1948194.7473592372),G0013,가로등,,37.5322759,127.0680448,True,True
5127,가로등,POINT (961850.2863654525 1948183.7414924116),G0013,가로등,,37.5321773,127.0682094,True,True
5128,가로등,POINT (961867.20667781 1948166.5004170935),G0013,가로등,,37.5320226,127.0684018,True,True
5129,가로등,POINT (961879.5386215996 1948152.497871384),G0013,가로등,,37.5318969,127.0685421,True,True
5130,가로등,POINT (963665.035624977 1947939.5034591455),G0043,가로등,,37.5300492,127.0887609,True,True
5131,가로등,POINT (963804.041333318 1947950.2466098936),G0053,가로등,,37.5301515,127.0903336,True,True
5132,가로등,POINT (963808.7836119203 1947971.9935710616),G0053,가로등,,37.5303477,127.0903862,True,True
5133,가로등,POINT (963771.5381457087 1947969.2379838333),G0043,가로등,,37.5303214,127.0899648,True,True
5134,가로등,POINT (963719.3212569513 1947965.6159670877),G0043,가로등,,37.5302867,127.089374,True,True
5135,가로등,POINT (963740.5350621768 1947967.4982160067),G0043,가로등,,37.5303045,127.089614,True,True
5136,가로등,POINT (963682.7778629829 1947935.4984104752),G0043,가로등,,37.5300138,127.0889619,True,True
5137,가로등,POINT (963691.0272547591 1947954.9999652568),G0043,가로등,,37.5301899,127.0890543,True,True
5138,가로등,POINT (963700.7849187484 1947959.7502068128),G0043,가로등,,37.5302331,127.0891645,True,True
5139,가로등,POINT (963709.5352096882 1947944.2461068386),G0043,가로등,,37.5300937,127.0892643,True,True
5140,가로등,POINT (963714.2844009689 1947923.0013859568),G0043,가로등,,37.5299024,127.0893191,True,True
5141,가로등,POINT (963736.2857198154 1947914.9948927413),G0043,가로등,,37.5298311,127.0895685,True,True
5142,가로등,POINT (963798.1155643063 1947920.5055973595),G0053,가로등,,37.5298832,127.090268,True,True
5143,가로등,POINT (963814.0316229865 1947943.5019595085),G0053,가로등,,37.5300911,127.090447,True,True
5144,경찰서,POINT (963232.9107475904 1949373.4763149251),G0035,광진경찰서,광진구 자양로 167,37.542957,127.0837984,True,True
5145,지구대,POINT (964956.7949763336 1949529.3371508443),G0074,광나루지구대,광진구 아차산로 567,37.544429,127.1033048,True,True
5146,지구대,POINT (962135.2541206874 1949780.3227619291),G0016,화양지구대,광진구 능동로17길 39,37.5465796,127.0713523,True,True
5147,파출소,POINT (963158.8521892999 1951674.3708440952),G0040,중곡1파출소,광진구 능동로 385,37.5636928,127.0828445,True,True
5148,파출소,POINT (963035.0072548041 1951292.1551011342),G0039,중곡2파출소,광진구 능동로 346,37.5602428,127.0814615,True,True
5149,파출소,POINT (962924.2272390061 1952245.4162681098),G0041,중곡3파출소,광진구 동일로76가길 28,37.5688304,127.080159,True,True
5150,파출소,POINT (963537.9195731443 1951847.4602349342),G0051,중곡4파출소,광진구 용마산로24길 7,37.565268,127.087128,True,True
5151,파출소,POINT (962152.255895564 1948364.1240272156),G0013,자양파출소,광진구 뚝섬로36길 9,37.5338156,127.0716178,True,True
5152,파출소,POINT (962621.8708830893 1948669.2085641364),G0023,자양1파출소,광진구 자양번영로 80,37.5365846,127.0769175,True,True
5153,파출소,POINT (961447.1765622704 1948516.8882728424),G0007,자양4파출소,광진구 뚝섬로22가길 43번지,37.5351633,127.0636295,True,True
5154,파출소,POINT (963927.603064614 1949696.8343402736),G0057,구의파출소,광진구 광나루로43길 26,37.545899,127.0916462,True,True
