개방자치단체코드,관리번호,관리기관명,소재지도로명주소,소재지지번주소,설치목적구분,카메라대수,카메라화소수,촬영방면정보,보관일수,설치연월,관리기관전화번호,WGS84위도,WGS84경도,데이터기준일자,데이터갱신구분,데이터갱신시점,최종수정시점
3040000,202530400000800001,서울특별시 광진구청,서울특별시 광진구 광장로3길 22 (광장동),,생활방범,1,,,,,02-450-7678,37.5485,127.103,2025-10-28,I,2026-05-15 18:45:38,2025-10-29 10:49:25
3040000,202530400000800002,서울특별시 광진구청,서울특별시 광진구 아차산로 540 (광장동),,생활방범,1,,,,,02-450-7678,37.54244,127.10147,2025-10-28,I,2026-05-15 18:45:38,2025-10-29 10:49:25
3040000,202530400000800003,서울특별시 광진구청,서울특별시 광진구 아차산로78길 53 (광장동),,생활방범,1,,,,,02-450-7678,37.55144,127.10983,2025-10-28,I,2026-05-15 18:45:38,2025-10-29 10:49:25
3040000,202530400000800004,서울특별시 광진구청,서울특별시 광진구 아차산로 636 (광장동),,생활방범,1,,,,,02-450-7678,37.54891,127.10899,2025-10-28,I,2026-05-15 18:45:38,2025-10-29 10:49:25
3040000,202530400000800005,서울특별시 광진구청,서울특별시 광진구 천호대로 809 (광장동),,생활방범,1,,,,,02-450-7678,37.54587,127.10359,2025-10-28,I,2026-05-15 18:45:38,2025-10-29 10:49:25
3040000,202530400000800006,서울특별시 광진구청,서울특별시 광진구 천호대로 143길 23,,생활방범,1,,,,,02-450-7678,37.54656,127.10345,2025-10-28,I,2026-05-15 18:45:38,2025-10-29 10:49:25
3040000,202530400000800007,서울특별시 광진구청,서울특별시 광진구 아차산로78길 176 (광장동),,생활방범,1,,,,,02-450-7678,37.54802,127.10806,2025-10-28,I,2026-05-15 18:45:38,2025-10-29 10:49:25
3040000,202530400000800008,서울특별시 광진구청,서울특별시 광진구 광장로1다길 60 (광장동),,생활방범,1,,,,,02-450-7678,37.55079,127.10133,2025-10-28,I,2026-05-15 18:45:38,2025-10-29 10:49:25
3040000,202530400000800009,서울특별시 광진구청,서울특별시 광진구 광장로1나길 16 (광장동),,생활방범,1,,,,,02-450-7678,37.54876,127.10183,2025-10-28,I,2026-05-15 18:45:38,2025-10-29 10:49:25
3040000,202530400000800010,서울특별시 광진구청,서울특별시 광진구 광장로 1 (광장동),,생활방범,1,,,,,02-450-7678,37.54543,127.09779,2025-10-28,I,2026-05-15 18:45:38,2025-10-29 10:49:25
3040000,202530400000800011,서울특별시 광진구청,서울특별시 광진구 아차산로70길 62,,생활방범,1,,,,,02-450-7678,37.54127,127.09891,2025-10-28,I,2026-05-15 18:45:38,2025-10-29 10:49:25
3040000,202530400000800012,서울특별시 광진구청,서울특별시 광진구 구의로 13-6 (구의동),,생활방범,1,,,,,02-450-7678,37.53938,127.08895,2025-10-28,I,2026-05-15 18:45:38,2025-10-29 10:49:25
3040000,202530400000800013,서울특별시 광진구청,서울특별시 광진구 아차산로57길 14 (구의동),,생활방범,1,,,,,02-450-7678,37.53914,127.08831,2025-10-28,I,2026-05-15 18:45:38,2025-10-29 10:49:25
3040000,202530400000800014,서울특별시 광진구청,서울특별시 광진구 자양로26길 91-14 (구의동),,생활방범,1,,,,,02-450-7678,37.54099,127.089,2025-10-28,I,2026-05-15 18:45:38,2025-10-29 10:49:25
3040000,202530400000800015,서울특별시 광진구청,서울특별시 광진구 광나루로40길 17 (구의동),,생활방범,1,,,,,02-450-7678,37.54403,127.08944,2025-10-28,I,2026-05-15 18:45:38,2025-10-29 10:49:25
3040000,202530400000800016,서울특별시 광진구청,서울특별시 광진구 자양로30길 79 (구의동),,생활방범,1,,,,,02-450-7678,37.54298,127.08942,2025-10-28,I,2026-05-15 18:45:38,2025-10-29 10:49:25
3040000,202530400000800017,서울특별시 광진구청,서울특별시 광진구 구의로 65 (구의동),,생활방범,1,,,,,02-450-7678,37.54398,127.09043,2025-10-28,I,2026-05-15 18:45:38,2025-10-29 10:49:25
3040000,202530400000800018,서울특별시 광진구청,서울특별시 광진구 자양로30길 87-10 (구의동),,생활방범,1,,,,,02-450-7678,37.54348,127.08962,2025-10-28,I,2026-05-15 18:45:38,2025-10-29 10:49:25
3040000,202530400000800019,서울특별시 광진구청,서울특별시 광진구 광나루로38길 27 (구의동),,생활방범,1,,,,,02-450-7678,37.54371,127.08807,2025-10-28,I,2026-05-15 18:45:38,2025-10-29 10:49:25
3040000,202530400000800020,서울특별시 광진구청,서울특별시 광진구 구의로11길 28 (구의동),,생활방범,1,,,,,02-450-7678,37.54369,127.08876,2025-10-28,I,2026-05-15 18:45:38,2025-10-29 10:49:25
3040000,202530400000800021,서울특별시 광진구청,서울특별시 광진구 자양로30길 43 (구의동),,생활방범,1,,,,,02-450-7678,37.5434,127.08723,2025-10-28,I,2026-05-15 18:45:38,2025-10-29 10:49:25
3040000,202530400000800022,서울특별시 광진구청,서울특별시 광진구 자양로32길 31 (구의동),,생활방범,1,,,,,02-450-7678,37.54432,127.0866,2025-10-28,I,2026-05-15 18:45:38,2025-10-29 10:49:25
3040000,202530400000800023,서울특별시 광진구청,서울특별시 광진구 자양로30길 14,,생활방범,1,,,,,02-450-7678,37.54363,127.08565,2025-10-28,I,2026-05-15 18:45:38,2025-10-29 10:49:25
3040000,202530400000800024,서울특별시 광진구청,서울특별시 광진구 자양로28길 73 (구의동),,생활방범,1,,,,,02-450-7678,37.54173,127.08823,2025-10-28,I,2026-05-15 18:45:38,2025-10-29 10:49:25
3040000,202530400000800025,서울특별시 광진구청,서울특별시 광진구 자양로26길 95,,생활방범,1,,,,,02-450-7678,37.54019,127.08915,2025-10-28,I,2026-05-15 18:45:38,2025-10-29 10:49:25
3040000,202530400000800026,서울특별시 광진구청,서울특별시 광진구 구의로1길 12 (구의동),,생활방범,1,,,,,02-450-7678,37.53916,127.08758,2025-10-28,I,2026-05-15 18:45:38,2025-10-29 10:49:25
3040000,202530400000800027,서울특별시 광진구청,서울특별시 광진구 구의로1길 26 (구의동),,생활방범,1,,,,,02-450-7678,37.53907,127.0868,2025-10-28,I,2026-05-15 18:45:38,2025-10-29 10:49:25
3040000,202530400000800028,서울특별시 광진구청,서울특별시 광진구 아차산로53길 77 (구의동),,생활방범,1,,,,,02-450-7678,37.54073,127.08608,2025-10-28,I,2026-05-15 18:45:38,2025-10-29 10:49:25
3040000,202530400000800029,서울특별시 광진구청,서울특별시 광진구 자양로26길 45-7,,생활방범,1,,,,,02-450-7678,37.54162,127.08668,2025-10-28,I,2026-05-15 18:45:38,2025-10-29 10:49:25
3040000,202530400000800030,서울특별시 광진구청,서울특별시 광진구 광나루로36길 68 (구의동),,생활방범,1,,,,,02-450-7678,37.54217,127.08583,2025-10-28,I,2026-05-15 18:45:38,2025-10-29 10:49:25
3040000,202530400000800031,서울특별시 광진구청,서울특별시 광진구 자양로26길 14 (구의동),,생활방범,1,,,,,02-450-7678,37.54181,127.08488,2025-10-28,I,2026-05-15 18:45:38,2025-10-29 10:49:25
3040000,202530400000800032,서울특별시 광진구청,서울특별시 광진구 아차산로49길 70 (구의동),,생활방범,1,,,,,02-450-7678,37.54003,127.08419,2025-10-28,I,2026-05-15 18:45:38,2025-10-29 10:49:25
3040000,202530400000800033,서울특별시 광진구청,서울특별시 광진구 아차산로51길 23 (구의동),,생활방범,1,,,,,02-450-7678,37.53822,127.08502,2025-10-28,I,2026-05-15 18:45:38,2025-10-29 10:49:25
3040000,202530400000800034,서울특별시 광진구청,서울특별시 광진구 아차산로49길 32 (구의동),,생활방범,1,,,,,02-450-7678,37.53848,127.08438,2025-10-28,I,2026-05-15 18:45:38,2025-10-29 10:49:25
3040000,202530400000800035,서울특별시 광진구청,서울특별시 광진구 아차산로49길 50 (구의동),,생활방범,1,,,,,02-450-7678,37.53916,127.08429,2025-10-28,I,2026-05-15 18:45:38,2025-10-29 10:49:25
3040000,202530400000800036,서울특별시 광진구청,서울특별시 광진구 자양로23길 86 (구의동),,생활방범,1,,,,,02-450-7678,37.54425,127.084,2025-10-28,I,2026-05-15 18:45:38,2025-10-29 10:49:25
3040000,202530400000800037,서울특별시 광진구청,서울특별시 광진구 아차산로55길 23 (구의동),,생활방범,1,,,,,02-450-7678,37.53854,127.0865,2025-10-28,I,2026-05-15 18:45:38,2025-10-29 10:49:25
3040000,202530400000800038,서울특별시 광진구청,서울특별시 광진구 아차산로53길 53 (구의동),,생활방범,1,,,,,02-450-7678,37.53972,127.08565,2025-10-28,I,2026-05-15 18:45:38,2025-10-29 10:49:25
3040000,202530400000800039,서울특별시 광진구청,서울특별시 광진구 아차산로53길 29 (구의동),,생활방범,1,,,,,02-450-7678,37.53854,127.0858,2025-10-28,I,2026-05-15 18:45:38,2025-10-29 10:49:26
3040000,202530400000800040,서울특별시 광진구청,서울특별시 광진구 아차산로53길 38-12 (구의동),,생활방범,1,,,,,02-450-7678,37.53915,127.08609,2025-10-28,I,2026-05-15 18:45:38,2025-10-29 10:49:26
3040000,202530400000800041,서울특별시 광진구청,서울특별시 광진구 광나루로30가길 9 (구의동),,생활방범,1,,,,,02-450-7678,37.54423,127.08247,2025-10-28,I,2026-05-15 18:45:38,2025-10-29 10:49:26
3040000,202530400000800042,서울특별시 광진구청,서울특별시 광진구 자양로44길 141-7 (구의동),,생활방범,1,,,,,02-450-7678,37.55164,127.09554,2025-10-28,I,2026-05-15 18:45:38,2025-10-29 10:49:26
3040000,202530400000800043,서울특별시 광진구청,서울특별시 광진구 자양로44길 69 (구의동),,생활방범,1,,,,,02-450-7678,37.54979,127.09498,2025-10-28,I,2026-05-15 18:45:38,2025-10-29 10:49:26
3040000,202530400000800044,서울특별시 광진구청,서울특별시 광진구 자양로45길 13 (구의동),,생활방범,1,,,,,02-450-7678,37.55178,127.09139,2025-10-28,I,2026-05-15 18:45:38,2025-10-29 10:49:26
3040000,202530400000800045,서울특별시 광진구청,서울특별시 광진구 광나루로 517-10 (구의동),,생활방범,1,,,,,02-450-7678,37.54564,127.08721,2025-10-28,I,2026-05-15 18:45:38,2025-10-29 10:49:26
3040000,202530400000800046,서울특별시 광진구청,서울특별시 광진구 자양로37가길 10 (구의동),,생활방범,1,,,,,02-450-7678,37.54771,127.08726,2025-10-28,I,2026-05-15 18:45:38,2025-10-29 10:49:26
3040000,202530400000800047,서울특별시 광진구청,서울특별시 광진구 자양로51길 11 (구의동),,생활방범,1,,,,,02-450-7678,37.55364,127.09286,2025-10-28,I,2026-05-15 18:45:38,2025-10-29 10:49:26
3040000,202530400000800048,서울특별시 광진구청,서울특별시 광진구 영화사로16가길 21 (구의동),,생활방범,1,,,,,02-450-7678,37.55362,127.09558,2025-10-28,I,2026-05-15 18:45:38,2025-10-29 10:49:26
3040000,202530400000800049,서울특별시 광진구청,서울특별시 광진구 자양로53길 10 (구의동),,생활방범,1,,,,,02-450-7678,37.55417,127.09335,2025-10-28,I,2026-05-15 18:45:38,2025-10-29 10:49:26
3040000,202530400000800050,서울특별시 광진구청,서울특별시 광진구 자양로54길 11 (구의동),,생활방범,1,,,,,02-450-7678,37.55387,127.09458,2025-10-28,I,2026-05-15 18:45:38,2025-10-29 10:49:26
3040000,202530400000800051,서울특별시 광진구청,서울특별시 광진구 자양로51길 10-9 (구의동),,생활방범,1,,,,,02-450-7678,37.55386,127.09343,2025-10-28,I,2026-05-15 18:45:38,2025-10-29 10:49:26
3040000,202530400000800052,서울특별시 광진구청,서울특별시 광진구 영화사로16길 19 (구의동),,생활방범,1,,,,,02-450-7678,37.55454,127.09594,2025-10-28,I,2026-05-15 18:45:38,2025-10-29 10:49:26
3040000,202530400000800053,서울특별시 광진구청,서울특별시 광진구 영화사로16나길 21 (구의동),,생활방범,1,,,,,02-450-7678,37.55324,127.09606,2025-10-28,I,2026-05-15 18:45:38,2025-10-29 10:49:26
3040000,202530400000800054,서울특별시 광진구청,서울특별시 광진구 자양로52길 11 (구의동),,생활방범,1,,,,,02-450-7678,37.55306,127.09405,2025-10-28,I,2026-05-15 18:45:38,2025-10-29 10:49:26
3040000,202530400000800055,서울특별시 광진구청,서울특별시 광진구 자양로44길 125 (구의동),,생활방범,1,,,,,02-450-7678,37.55131,127.09655,2025-10-28,I,2026-05-15 18:45:38,2025-10-29 10:49:26
3040000,202530400000800056,서울특별시 광진구청,서울특별시 광진구 자양로44나길 26-14 (구의동),,생활방범,1,,,,,02-450-7678,37.55089,127.09595,2025-10-28,I,2026-05-15 18:45:38,2025-10-29 10:49:26
3040000,202530400000800057,서울특별시 광진구청,서울특별시 광진구 자양로44나길 39 (구의동),,생활방범,1,,,,,02-450-7678,37.55157,127.09456,2025-10-28,I,2026-05-15 18:45:38,2025-10-29 10:49:26
3040000,202530400000800058,서울특별시 광진구청,서울특별시 광진구 천호대로137길 38 (구의동),,생활방범,1,,,,,02-450-7678,37.55076,127.09368,2025-10-28,I,2026-05-15 18:45:38,2025-10-29 10:49:26
3040000,202530400000800059,서울특별시 광진구청,서울특별시 광진구 자양로49길 15-2 (구의동),,생활방범,1,,,,,02-450-7678,37.55289,127.09189,2025-10-28,I,2026-05-15 18:45:38,2025-10-29 10:49:26
3040000,202530400000800060,서울특별시 광진구청,서울특별시 광진구 자양로43길 8 (구의동),,생활방범,1,,,,,02-450-7678,37.55123,127.09106,2025-10-28,I,2026-05-15 18:45:38,2025-10-29 10:49:26
3040000,202530400000800061,서울특별시 광진구청,서울특별시 광진구 영화사로11길 22 (구의동),,생활방범,1,,,,,02-450-7678,37.55551,127.09424,2025-10-28,I,2026-05-15 18:45:38,2025-10-29 10:49:26
3040000,202530400000800062,서울특별시 광진구청,서울특별시 광진구 영화사로15길 25,,생활방범,1,,,,,02-450-7678,37.55511,127.09508,2025-10-28,I,2026-05-15 18:45:38,2025-10-29 10:49:26
3040000,202530400000800063,서울특별시 광진구청,서울특별시 광진구 천호대로135길 16 (구의동),,생활방범,1,,,,,02-450-7678,37.55012,127.09224,2025-10-28,I,2026-05-15 18:45:38,2025-10-29 10:49:26
3040000,202530400000800064,서울특별시 광진구청,서울특별시 광진구 천호대로137길 10 (구의동),,생활방범,1,,,,,02-450-7678,37.54978,127.09315,2025-10-28,I,2026-05-15 18:45:38,2025-10-29 10:49:26
3040000,202530400000800065,서울특별시 광진구청,서울특별시 광진구 자양로42길 42-24 (구의동),,생활방범,1,,,,,02-450-7678,37.54794,127.09165,2025-10-28,I,2026-05-15 18:45:38,2025-10-29 10:49:26
3040000,202530400000800066,서울특별시 광진구청,서울특별시 광진구 자양로35길 35,,생활방범,1,,,,,02-450-7678,37.54811,127.08595,2025-10-28,I,2026-05-15 18:45:38,2025-10-29 10:49:26
3040000,202530400000800067,서울특별시 광진구청,서울특별시 광진구 자양로37길 21 (구의동),,생활방범,1,,,,,02-450-7678,37.54836,127.08697,2025-10-28,I,2026-05-15 18:45:38,2025-10-29 10:49:26
3040000,202530400000800068,서울특별시 광진구청,서울특별시 광진구 자양로33길 44 (구의동),,생활방범,1,,,,,02-450-7678,37.54784,127.08634,2025-10-28,I,2026-05-15 18:45:38,2025-10-29 10:49:26
3040000,202530400000800069,서울특별시 광진구청,서울특별시 광진구 천호대로134길 55 (구의동),,생활방범,1,,,,,02-450-7678,37.54723,127.08858,2025-10-28,I,2026-05-15 18:45:38,2025-10-29 10:49:26
3040000,202530400000800070,서울특별시 광진구청,서울특별시 광진구 자양로36길 17-12 (구의동),,생활방범,1,,,,,02-450-7678,37.54649,127.08829,2025-10-28,I,2026-05-15 18:45:38,2025-10-29 10:49:26
3040000,202530400000800071,서울특별시 광진구청,서울특별시 광진구 자양로36길 11 (구의동),,생활방범,1,,,,,02-450-7678,37.54627,127.08754,2025-10-28,I,2026-05-15 18:45:38,2025-10-29 10:49:26
3040000,202530400000800072,서울특별시 광진구청,서울특별시 광진구 천호대로132길 27-7 (구의동),,생활방범,1,,,,,02-450-7678,37.54939,127.08908,2025-10-28,I,2026-05-15 18:45:38,2025-10-29 10:49:26
3040000,202530400000800073,서울특별시 광진구청,서울특별시 광진구 광나루로44길 9 (구의동),,생활방범,1,,,,,02-450-7678,37.54383,127.09155,2025-10-28,I,2026-05-15 18:45:38,2025-10-29 10:49:26
3040000,202530400000800074,서울특별시 광진구청,서울특별시 광진구 구의로16길 36 (구의동),,생활방범,1,,,,,02-450-7678,37.54344,127.0926,2025-10-28,I,2026-05-15 18:45:38,2025-10-29 10:49:26
3040000,202530400000800075,서울특별시 광진구청,서울특별시 광진구 광나루로52길 12 (구의동),,생활방범,1,,,,,02-450-7678,37.54127,127.09471,2025-10-28,I,2026-05-15 18:45:38,2025-10-29 10:49:26
3040000,202530400000800076,서울특별시 광진구청,서울특별시 광진구 아차산로65길 14 (구의동),,생활방범,1,,,,,02-450-7678,37.54097,127.09414,2025-10-28,I,2026-05-15 18:45:38,2025-10-29 10:49:26
3040000,202530400000800077,서울특별시 광진구청,서울특별시 광진구 구의로4길 51 (구의동),,생활방범,1,,,,,02-450-7678,37.54071,127.09224,2025-10-28,I,2026-05-15 18:45:38,2025-10-29 10:49:26
3040000,202530400000800078,서울특별시 광진구청,서울특별시 광진구 구의로6길 21 (구의동),,생활방범,1,,,,,02-450-7678,37.5415,127.09104,2025-10-28,I,2026-05-15 18:45:38,2025-10-29 10:49:26
3040000,202530400000800079,서울특별시 광진구청,서울특별시 광진구 아차산로63길 37 (구의동),,생활방범,1,,,,,02-450-7678,37.54131,127.09216,2025-10-28,I,2026-05-15 18:45:38,2025-10-29 10:49:26
3040000,202530400000800080,서울특별시 광진구청,서울특별시 광진구 구의로4길 40 (구의동),,생활방범,1,,,,,02-450-7678,37.54045,127.09164,2025-10-28,I,2026-05-15 18:45:38,2025-10-29 10:49:26
3040000,202530400000800081,서울특별시 광진구청,서울특별시 광진구 구의로4길 60 (구의동),,생활방범,1,,,,,02-450-7678,37.54109,127.09275,2025-10-28,I,2026-05-15 18:45:38,2025-10-29 10:49:26
3040000,202530400000800082,서울특별시 광진구청,서울특별시 광진구 광나루로52길 43 (구의동),,생활방범,1,,,,,02-450-7678,37.54043,127.09325,2025-10-28,I,2026-05-15 18:45:38,2025-10-29 10:49:26
3040000,202530400000800083,서울특별시 광진구청,서울특별시 광진구 아차산로60길 13-13 (구의동),,생활방범,1,,,,,02-450-7678,37.5383,127.09237,2025-10-28,I,2026-05-15 18:45:38,2025-10-29 10:49:26
3040000,202530400000800084,서울특별시 광진구청,서울특별시 광진구 광나루로52길 83 (구의동),,생활방범,1,,,,,02-450-7678,37.53933,127.0915,2025-10-28,I,2026-05-15 18:45:38,2025-10-29 10:49:26
3040000,202530400000800085,서울특별시 광진구청,서울특별시 광진구 아차산로59길 21-13 (구의동),,생활방범,1,,,,,02-450-7678,37.53973,127.09007,2025-10-28,I,2026-05-15 18:45:38,2025-10-29 10:49:26
3040000,202530400000800086,서울특별시 광진구청,서울특별시 광진구 구의로4길 7-16 (구의동),,생활방범,1,,,,,02-450-7678,37.54083,127.09014,2025-10-28,I,2026-05-15 18:45:38,2025-10-29 10:49:26
3040000,202530400000800087,서울특별시 광진구청,서울특별시 광진구 구의로 56 (구의동),,생활방범,1,,,,,02-450-7678,37.54292,127.09031,2025-10-28,I,2026-05-15 18:45:38,2025-10-29 10:49:26
3040000,202530400000800088,서울특별시 광진구청,서울특별시 광진구 아차산로59길 13 (구의동),,생활방범,1,,,,,02-450-7678,37.53948,127.0907,2025-10-28,I,2026-05-15 18:45:38,2025-10-29 10:49:26
3040000,202530400000800089,서울특별시 광진구청,서울특별시 광진구 뚝섬로67길 23 (구의동),,생활방범,1,,,,,02-450-7678,37.53546,127.09062,2025-10-28,I,2026-05-15 18:45:38,2025-10-29 10:49:26
3040000,202530400000800090,서울특별시 광진구청,서울특별시 광진구 천호대로104나길 8 (군자동),,생활방범,1,,,,,02-450-7678,37.55718,127.07503,2025-10-28,I,2026-05-15 18:45:38,2025-10-29 10:49:26
3040000,202530400000800091,서울특별시 광진구청,서울특별시 광진구 면목로 27 (군자동),,생활방범,1,,,,,02-450-7678,37.55671,127.07609,2025-10-28,I,2026-05-15 18:45:38,2025-10-29 10:49:26
3040000,202530400000800092,서울특별시 광진구청,서울특별시 광진구 면목로6길 18 (군자동),,생활방범,1,,,,,02-450-7678,37.55611,127.07658,2025-10-28,I,2026-05-15 18:45:38,2025-10-29 10:49:26
3040000,202530400000800093,서울특별시 광진구청,서울특별시 광진구 능동로27길 33 (군자동),,생활방범,1,,,,,02-450-7678,37.55472,127.07657,2025-10-28,I,2026-05-15 18:45:38,2025-10-29 10:49:26
3040000,202530400000800094,서울특별시 광진구청,서울특별시 광진구 능동로27나길 17 (군자동),,생활방범,1,,,,,02-450-7678,37.55418,127.07581,2025-10-28,I,2026-05-15 18:45:38,2025-10-29 10:49:26
3040000,202530400000800095,서울특별시 광진구청,서울특별시 광진구 능동로25길 22 (군자동),,생활방범,1,,,,,02-450-7678,37.55299,127.07587,2025-10-28,I,2026-05-15 18:45:38,2025-10-29 10:49:26
3040000,202530400000800096,서울특별시 광진구청,서울특별시 광진구 동일로52길 15-14 (군자동),,생활방범,1,,,,,02-450-7678,37.55536,127.07253,2025-10-28,I,2026-05-15 18:45:38,2025-10-29 10:49:26
3040000,202530400000800097,서울특별시 광진구청,서울특별시 광진구 동일로48길 14-10 (군자동),,생활방범,1,,,,,02-450-7678,37.55391,127.07102,2025-10-28,I,2026-05-15 18:45:38,2025-10-29 10:49:26
3040000,202530400000800098,서울특별시 광진구청,서울특별시 광진구 군자로15길 10-6 (군자동),,생활방범,1,,,,,02-450-7678,37.55406,127.07362,2025-10-28,I,2026-05-15 18:45:38,2025-10-29 10:49:26
3040000,202530400000800099,서울특별시 광진구청,서울특별시 광진구 능동로29가길 24 (군자동),,생활방범,1,,,,,02-450-7678,37.55572,127.07791,2025-10-28,I,2026-05-15 18:45:38,2025-10-29 10:49:26
3040000,202530400000800100,서울특별시 광진구청,서울특별시 광진구 능동로27길 9 (군자동),,생활방범,1,,,,,02-450-7678,37.55384,127.07682,2025-10-28,I,2026-05-15 18:45:38,2025-10-29 10:49:26
3040000,202530400000800101,서울특별시 광진구청,서울특별시 광진구 능동로27길 9 (군자동),,생활방범,1,,,,,02-450-7678,37.55243,127.07496,2025-10-28,I,2026-05-15 18:45:38,2025-10-29 10:49:26
3040000,202530400000800102,서울특별시 광진구청,서울특별시 광진구 능동로27길 9 (군자동),,생활방범,1,,,,,02-450-7678,37.55046,127.07053,2025-10-28,I,2026-05-15 18:45:38,2025-10-29 10:49:26
3040000,202530400000800103,서울특별시 광진구청,서울특별시 광진구 광나루로17길 14 (군자동),,생활방범,1,,,,,02-450-7678,37.54838,127.07269,2025-10-28,I,2026-05-15 18:45:38,2025-10-29 10:49:26
3040000,202530400000800104,서울특별시 광진구청,서울특별시 광진구 동일로60길 25 (군자동),,생활방범,1,,,,,02-450-7678,37.55829,127.07474,2025-10-28,I,2026-05-15 18:45:38,2025-10-29 10:49:26
3040000,202530400000800105,서울특별시 광진구청,서울특별시 광진구 군자로17길 34 (군자동),,생활방범,1,,,,,02-450-7678,37.55676,127.07722,2025-10-28,I,2026-05-15 18:45:38,2025-10-29 10:49:26
3040000,202530400000800106,서울특별시 광진구청,서울특별시 광진구 면목로5길 30-6 (군자동),,생활방범,1,,,,,02-450-7678,37.55685,127.07461,2025-10-28,I,2026-05-15 18:45:38,2025-10-29 10:49:26
3040000,202530400000800107,서울특별시 광진구청,서울특별시 광진구 천호대로116길 88 (능동),,생활방범,1,,,,,02-450-7678,37.55231,127.08184,2025-10-28,I,2026-05-15 18:45:38,2025-10-29 10:49:26
3040000,202530400000800108,서울특별시 광진구청,서울특별시 광진구 능동로24길 76 (능동),,생활방범,1,,,,,02-450-7678,37.55322,127.08056,2025-10-28,I,2026-05-15 18:45:38,2025-10-29 10:49:26
3040000,202530400000800109,서울특별시 광진구청,서울특별시 광진구 천호대로110길 34 (능동),,생활방범,1,,,,,02-450-7678,37.55581,127.07947,2025-10-28,I,2026-05-15 18:45:38,2025-10-29 10:49:26
3040000,202530400000800110,서울특별시 광진구청,서울특별시 광진구 능동로36길 12 (능동),,생활방범,1,,,,,02-450-7678,37.55623,127.0798,2025-10-28,I,2026-05-15 18:45:38,2025-10-29 10:49:26
3040000,202530400000800111,서울특별시 광진구청,서울특별시 광진구 천호대로112길 10 (능동),,생활방범,1,,,,,02-450-7678,37.55572,127.08112,2025-10-28,I,2026-05-15 18:45:38,2025-10-29 10:49:26
3040000,202530400000800112,서울특별시 광진구청,서울특별시 광진구 천호대로112길 25 (능동),,생활방범,1,,,,,02-450-7678,37.55509,127.08119,2025-10-28,I,2026-05-15 18:45:38,2025-10-29 10:49:26
3040000,202530400000800113,서울특별시 광진구청,서울특별시 광진구 천호대로116길 26 (능동),,생활방범,1,,,,,02-450-7678,37.55412,127.08363,2025-10-28,I,2026-05-15 18:45:38,2025-10-29 10:49:26
3040000,202530400000800114,서울특별시 광진구청,서울특별시 광진구 능동로32길 82-34 (능동),,생활방범,1,,,,,02-450-7678,37.55304,127.08239,2025-10-28,I,2026-05-15 18:45:38,2025-10-29 10:49:26
3040000,202530400000800115,서울특별시 광진구청,서울특별시 광진구 천호대로116길 57 (능동),,생활방범,1,,,,,02-450-7678,37.55259,127.08284,2025-10-28,I,2026-05-15 18:45:38,2025-10-29 10:49:26
3040000,202530400000800116,서울특별시 광진구청,서울특별시 광진구 천호대로118길 36 (능동),,생활방범,1,,,,,02-450-7678,37.55318,127.08466,2025-10-28,I,2026-05-15 18:45:38,2025-10-29 10:49:26
3040000,202530400000800117,서울특별시 광진구청,서울특별시 광진구 천호대로118길 16 (능동),,생활방범,1,,,,,02-450-7678,37.55412,127.08523,2025-10-28,I,2026-05-15 18:45:38,2025-10-29 10:49:26
3040000,202530400000800118,서울특별시 광진구청,서울특별시 광진구 천호대로124길 86 (능동),,생활방범,1,,,,,02-450-7678,37.55214,127.08481,2025-10-28,I,2026-05-15 18:45:38,2025-10-29 10:49:26
3040000,202530400000800119,서울특별시 광진구청,서울특별시 광진구 천호대로120길 21 (능동),,생활방범,1,,,,,02-450-7678,37.55313,127.08636,2025-10-28,I,2026-05-15 18:45:38,2025-10-29 10:49:26
3040000,202530400000800120,서울특별시 광진구청,서울특별시 광진구 천호대로120길 21 (능동),,생활방범,1,,,,,02-450-7678,37.55311,127.08794,2025-10-28,I,2026-05-15 18:45:38,2025-10-29 10:49:26
3040000,202530400000800121,서울특별시 광진구청,서울특별시 광진구 천호대로122길 33 (능동),,생활방범,1,,,,,02-450-7678,37.55211,127.08732,2025-10-28,I,2026-05-15 18:45:38,2025-10-29 10:49:26
3040000,202530400000800122,서울특별시 광진구청,서울특별시 광진구 천호대로110길 87 (능동),,생활방범,1,,,,,02-450-7678,37.55361,127.07842,2025-10-28,I,2026-05-15 18:45:38,2025-10-29 10:49:26
3040000,202530400000800123,서울특별시 광진구청,서울특별시 광진구 능동로24길 41 (능동),,생활방범,1,,,,,02-450-7678,37.55239,127.07913,2025-10-28,I,2026-05-15 18:45:38,2025-10-29 10:49:26
3040000,202530400000800124,서울특별시 광진구청,서울특별시 광진구 능동로26길 23 (능동),,생활방범,1,,,,,02-450-7678,37.55269,127.07855,2025-10-28,I,2026-05-15 18:45:38,2025-10-29 10:49:26
3040000,202530400000800125,서울특별시 광진구청,서울특별시 광진구 능동로32길 16-16 (능동),,생활방범,1,,,,,02-450-7678,37.5546,127.07917,2025-10-28,I,2026-05-15 18:45:38,2025-10-29 10:49:26
3040000,202530400000800126,서울특별시 광진구청,서울특별시 광진구 능동로32길 16-16 (능동),,생활방범,1,,,,,02-450-7678,37.55393,127.0792,2025-10-28,I,2026-05-15 18:45:38,2025-10-29 10:49:26
3040000,202530400000800127,서울특별시 광진구청,서울특별시 광진구 자양로13길 41 (자양동),,생활방범,1,,,,,02-450-7678,37.53437,127.08195,2025-10-28,I,2026-05-15 18:45:38,2025-10-29 10:49:26
3040000,202530400000800128,서울특별시 광진구청,서울특별시 광진구 자양로21길 35 (자양동),,생활방범,1,,,,,02-450-7678,37.53952,127.08133,2025-10-28,I,2026-05-15 18:45:38,2025-10-29 10:49:26
3040000,202530400000800129,서울특별시 광진구청,서울특별시 광진구 아차산로46길 23 (자양동),,생활방범,1,,,,,02-450-7678,37.53609,127.08083,2025-10-28,I,2026-05-15 18:45:38,2025-10-29 10:49:26
3040000,202530400000800130,서울특별시 광진구청,서울특별시 광진구 아차산로46가길 19 (자양동),,생활방범,1,,,,,02-450-7678,37.53637,127.08196,2025-10-28,I,2026-05-15 18:45:38,2025-10-29 10:49:26
3040000,202530400000800131,서울특별시 광진구청,서울특별시 광진구 자양로15길 6 (자양동),,생활방범,1,,,,,02-450-7678,37.53604,127.08312,2025-10-28,I,2026-05-15 18:45:38,2025-10-29 10:49:26
3040000,202530400000800132,서울특별시 광진구청,서울특별시 광진구 뚝섬로47길 49 (자양동),,생활방범,1,,,,,02-450-7678,37.53455,127.07948,2025-10-28,I,2026-05-15 18:45:38,2025-10-29 10:49:26
3040000,202530400000800133,서울특별시 광진구청,서울특별시 광진구 자양로15길84,,생활방범,1,,,,,02-450-7678,37.53479,127.0789,2025-10-28,I,2026-05-15 18:45:38,2025-10-29 10:49:26
3040000,202530400000800134,서울특별시 광진구청,서울특별시 광진구 자양로13길 100 (자양동),,생활방범,1,,,,,02-450-7678,37.5326,127.07981,2025-10-28,I,2026-05-15 18:45:38,2025-10-29 10:49:26
3040000,202530400000800135,서울특별시 광진구청,서울특별시 광진구 뚝섬로51길 24 (자양동),,생활방범,1,,,,,02-450-7678,37.53368,127.08009,2025-10-28,I,2026-05-15 18:45:38,2025-10-29 10:49:26
3040000,202530400000800136,서울특별시 광진구청,서울특별시 광진구 자양로13다길 34 (자양동),,생활방범,1,,,,,02-450-7678,37.53321,127.07812,2025-10-28,I,2026-05-15 18:45:38,2025-10-29 10:49:26
3040000,202530400000800137,서울특별시 광진구청,서울특별시 광진구 자양로13나길 14 (자양동),,생활방범,1,,,,,02-450-7678,37.53388,127.08039,2025-10-28,I,2026-05-15 18:45:38,2025-10-29 10:49:26
3040000,202530400000800138,서울특별시 광진구청,서울특별시 광진구 자양로9길 24-3 (자양동),,생활방범,1,,,,,02-450-7678,37.53385,127.08294,2025-10-28,I,2026-05-15 18:45:38,2025-10-29 10:49:26
3040000,202530400000800139,서울특별시 광진구청,서울특별시 광진구 자양로13길 73 (자양동),,생활방범,1,,,,,02-450-7678,37.53351,127.08096,2025-10-28,I,2026-05-15 18:45:38,2025-10-29 10:49:26
3040000,202530400000800140,서울특별시 광진구청,서울특별시 광진구 자양로11길 45-8 (자양동),,생활방범,1,,,,,02-450-7678,37.53343,127.08219,2025-10-28,I,2026-05-15 18:45:38,2025-10-29 10:49:26
3040000,202530400000800141,서울특별시 광진구청,서울특별시 광진구 뚝섬로57가길 55 (자양동),,생활방범,1,,,,,02-450-7678,37.53239,127.08055,2025-10-28,I,2026-05-15 18:45:38,2025-10-29 10:49:26
3040000,202530400000800142,서울특별시 광진구청,서울특별시 광진구 뚝섬로55길 19 (자양동),,생활방범,1,,,,,02-450-7678,37.53238,127.08236,2025-10-28,I,2026-05-15 18:45:38,2025-10-29 10:49:26
3040000,202530400000800143,서울특별시 광진구청,서울특별시 광진구 자양로21길 14 (자양동),,생활방범,1,,,,,02-450-7678,37.53992,127.08225,2025-10-28,I,2026-05-15 18:45:38,2025-10-29 10:49:26
3040000,202530400000800144,서울특별시 광진구청,서울특별시 광진구 자양로19길 48-4 (자양동),,생활방범,1,,,,,02-450-7678,37.53846,127.08097,2025-10-28,I,2026-05-15 18:45:38,2025-10-29 10:49:27
3040000,202530400000800145,서울특별시 광진구청,서울특별시 광진구 자양로19길 54 (자양동),,생활방범,1,,,,,02-450-7678,37.53818,127.08046,2025-10-28,I,2026-05-15 18:45:38,2025-10-29 10:49:27
3040000,202530400000800146,서울특별시 광진구청,서울특별시 광진구 뚝섬로52마길 60 (자양동),,생활방범,1,,,,,02-450-7678,37.52873,127.08111,2025-10-28,I,2026-05-15 18:45:38,2025-10-29 10:49:27
3040000,202530400000800147,서울특별시 광진구청,서울특별시 광진구 뚝섬로52마길 60 (자양동),,생활방범,1,,,,,02-450-7678,37.52783,127.0844,2025-10-28,I,2026-05-15 18:45:38,2025-10-29 10:49:27
3040000,202530400000800148,서울특별시 광진구청,서울특별시 광진구 자양로5길 13 (자양동),,생활방범,1,,,,,02-450-7678,37.53164,127.08507,2025-10-28,I,2026-05-15 18:45:38,2025-10-29 10:49:27
3040000,202530400000800149,서울특별시 광진구청,서울특별시 광진구 자양로6길 40 (자양동),,생활방범,1,,,,,02-450-7678,37.53278,127.08788,2025-10-28,I,2026-05-15 18:45:38,2025-10-29 10:49:27
3040000,202530400000800150,서울특별시 광진구청,서울특별시 광진구 뚝섬로48길 52 (자양동),,생활방범,1,,,,,02-450-7678,37.52967,127.07684,2025-10-28,I,2026-05-15 18:45:38,2025-10-29 10:49:27
3040000,202530400000800151,서울특별시 광진구청,서울특별시 광진구 뚝섬로50길 28 (자양동),,생활방범,1,,,,,02-450-7678,37.53119,127.07791,2025-10-28,I,2026-05-15 18:45:38,2025-10-29 10:49:27
3040000,202530400000800152,서울특별시 광진구청,서울특별시 광진구 뚝섬로54길 24 (자양동),,생활방범,1,,,,,02-450-7678,37.53064,127.08049,2025-10-28,I,2026-05-15 18:45:38,2025-10-29 10:49:27
3040000,202530400000800153,서울특별시 광진구청,서울특별시 광진구 뚝섬로54길 46 (자양동),,생활방범,1,,,,,02-450-7678,37.52968,127.07999,2025-10-28,I,2026-05-15 18:45:38,2025-10-29 10:49:27
3040000,202530400000800154,서울특별시 광진구청,서울특별시 광진구 뚝섬로52마길 42-15 (자양동),,생활방범,1,,,,,02-450-7678,37.52797,127.08024,2025-10-28,I,2026-05-15 18:45:38,2025-10-29 10:49:27
3040000,202530400000800155,서울특별시 광진구청,서울특별시 광진구 자양로3길 49 (자양동),,생활방범,1,,,,,02-450-7678,37.52914,127.08391,2025-10-28,I,2026-05-15 18:45:38,2025-10-29 10:49:27
3040000,202530400000800156,서울특별시 광진구청,서울특별시 광진구 자양로3길 39-3 (자양동),,생활방범,1,,,,,02-450-7678,37.52987,127.08455,2025-10-28,I,2026-05-15 18:45:38,2025-10-29 10:49:27
3040000,202530400000800157,서울특별시 광진구청,서울특별시 광진구 자양로3가길 36 (자양동),,생활방범,1,,,,,02-450-7678,37.52866,127.08511,2025-10-28,I,2026-05-15 18:45:38,2025-10-29 10:49:27
3040000,202530400000800158,서울특별시 광진구청,서울특별시 광진구 자양로3가길 37 (자양동),,생활방범,1,,,,,02-450-7678,37.53642,127.08465,2025-10-28,I,2026-05-15 18:45:38,2025-10-29 10:49:27
3040000,202530400000800159,서울특별시 광진구청,서울특별시 광진구 뚝섬로60길 6 (자양동),,생활방범,1,,,,,02-450-7678,37.53257,127.08654,2025-10-28,I,2026-05-15 18:45:38,2025-10-29 10:49:27
3040000,202530400000800160,서울특별시 광진구청,서울특별시 광진구 자양로4길 12-1 (자양동),,생활방범,1,,,,,02-450-7678,37.53147,127.08679,2025-10-28,I,2026-05-15 18:45:38,2025-10-29 10:49:27
3040000,202530400000800161,서울특별시 광진구청,서울특별시 광진구 자양로2길 29 (자양동),,생활방범,1,,,,,02-450-7678,37.53153,127.08817,2025-10-28,I,2026-05-15 18:45:38,2025-10-29 10:49:27
3040000,202530400000800162,서울특별시 광진구청,서울특별시 광진구 자양로4나길 31 (자양동),,생활방범,1,,,,,02-450-7678,37.53045,127.08796,2025-10-28,I,2026-05-15 18:45:38,2025-10-29 10:49:27
3040000,202530400000800163,서울특별시 광진구청,서울특별시 광진구 자양번영로11길 4-9 (자양동),,생활방범,1,,,,,02-450-7678,37.53753,127.07667,2025-10-28,I,2026-05-15 18:45:38,2025-10-29 10:49:27
3040000,202530400000800164,서울특별시 광진구청,서울특별시 광진구 자양번영로11길 29 (자양동),,생활방범,1,,,,,02-450-7678,37.53738,127.07507,2025-10-28,I,2026-05-15 18:45:38,2025-10-29 10:49:27
3040000,202530400000800165,서울특별시 광진구청,서울특별시 광진구 아차산로 288 (자양동),,생활방범,1,,,,,02-450-7678,37.53852,127.07501,2025-10-28,I,2026-05-15 18:45:38,2025-10-29 10:49:27
3040000,202530400000800166,서울특별시 광진구청,서울특별시 광진구 자양번영로11길 37-14 (자양동),,생활방범,1,,,,,02-450-7678,37.53695,127.07443,2025-10-28,I,2026-05-15 18:45:38,2025-10-29 10:49:27
3040000,202530400000800167,서울특별시 광진구청,서울특별시 광진구 자양번영로9길 6-7 (자양동),,생활방범,1,,,,,02-450-7678,37.53656,127.07618,2025-10-28,I,2026-05-15 18:45:38,2025-10-29 10:49:27
3040000,202530400000800168,서울특별시 광진구청,서울특별시 광진구 자양번영로7길 12-7 (자양동),,생활방범,1,,,,,02-450-7678,37.5362,127.07578,2025-10-28,I,2026-05-15 18:45:38,2025-10-29 10:49:27
3040000,202530400000800169,서울특별시 광진구청,서울특별시 광진구 자양번영로3다길 11-5,,생활방범,1,,,,,02-450-7678,37.53136,127.07352,2025-10-28,I,2026-05-15 18:45:38,2025-10-29 10:49:27
3040000,202530400000800170,서울특별시 광진구청,서울특별시 광진구 아차산로38길 5-16 (자양동),,생활방범,1,,,,,02-450-7678,37.53818,127.07537,2025-10-28,I,2026-05-15 18:45:38,2025-10-29 10:49:27
3040000,202530400000800171,서울특별시 광진구청,서울특별시 광진구 뚝섬로36가길 43 (자양동),,생활방범,1,,,,,02-450-7678,37.53117,127.07272,2025-10-28,I,2026-05-15 18:45:38,2025-10-29 10:49:27
3040000,202530400000800172,서울특별시 광진구청,서울특별시 광진구 뚝섬로36길 49-8 (자양동),,생활방범,1,,,,,02-450-7678,37.53204,127.07084,2025-10-28,I,2026-05-15 18:45:38,2025-10-29 10:49:27
3040000,202530400000800173,서울특별시 광진구청,서울특별시 광진구 능동로8길 28 (자양동),,생활방범,1,,,,,02-450-7678,37.53603,127.07073,2025-10-28,I,2026-05-15 18:45:38,2025-10-29 10:49:27
3040000,202530400000800174,서울특별시 광진구청,서울특별시 광진구 뚝섬로36길 15 (자양동),,생활방범,1,,,,,02-450-7678,37.53368,127.0714,2025-10-28,I,2026-05-15 18:45:38,2025-10-29 10:49:27
3040000,202530400000800175,서울특별시 광진구청,서울특별시 광진구 자양번영로5길 16 (자양동),,생활방범,1,,,,,02-450-7678,37.53273,127.07448,2025-10-28,I,2026-05-15 18:45:38,2025-10-29 10:49:27
3040000,202530400000800176,서울특별시 광진구청,서울특별시 광진구 자양번영로3길 16 (자양동),,생활방범,1,,,,,02-450-7678,37.53185,127.07445,2025-10-28,I,2026-05-15 18:45:38,2025-10-29 10:49:27
3040000,202530400000800177,서울특별시 광진구청,서울특별시 광진구 자양번영로1길 27 (자양동),,생활방범,1,,,,,02-450-7678,37.53084,127.07341,2025-10-28,I,2026-05-15 18:45:38,2025-10-29 10:49:27
3040000,202530400000800178,서울특별시 광진구청,서울특별시 광진구 자양번영로3나길 40 (자양동),,생활방범,1,,,,,02-450-7678,37.53016,127.07337,2025-10-28,I,2026-05-15 18:45:38,2025-10-29 10:49:27
3040000,202530400000800179,서울특별시 광진구청,서울특별시 광진구 동일로10길 42 (자양동),,생활방범,1,,,,,02-450-7678,37.53763,127.06399,2025-10-28,I,2026-05-15 18:45:38,2025-10-29 10:49:27
3040000,202530400000800180,서울특별시 광진구청,서울특별시 광진구 뚝섬로 491 (자양동),,생활방범,1,,,,,02-450-7678,37.53654,127.06519,2025-10-28,I,2026-05-15 18:45:38,2025-10-29 10:49:27
3040000,202530400000800181,서울특별시 광진구청,서울특별시 광진구 능동로3나길 10,,생활방범,1,,,,,02-450-7678,37.53411,127.06569,2025-10-28,I,2026-05-15 18:45:38,2025-10-29 10:49:27
3040000,202530400000800182,서울특별시 광진구청,서울특별시 광진구 뚝섬로24길 27 (자양동),,생활방범,1,,,,,02-450-7678,37.5353,127.0633,2025-10-28,I,2026-05-15 18:45:38,2025-10-29 10:49:27
3040000,202530400000800183,서울특별시 광진구청,서울특별시 광진구 자양강변길 73 (자양동),,생활방범,1,,,,,02-450-7678,37.53274,127.0637,2025-10-28,I,2026-05-15 18:45:38,2025-10-29 10:49:27
3040000,202530400000800184,서울특별시 광진구청,서울특별시 광진구 능동로3라길 16 (자양동),,생활방범,1,,,,,02-450-7678,37.53477,127.06491,2025-10-28,I,2026-05-15 18:45:38,2025-10-29 10:49:27
3040000,202530400000800185,서울특별시 광진구청,서울특별시 광진구 능동로3가길 12 (자양동),,생활방범,1,,,,,02-450-7678,37.5333,127.06563,2025-10-28,I,2026-05-15 18:45:38,2025-10-29 10:49:27
3040000,202530400000800186,서울특별시 광진구청,서울특별시 광진구 아차산로30길 18,,생활방범,1,,,,,02-450-7678,37.53987,127.06744,2025-10-28,I,2026-05-15 18:45:38,2025-10-29 10:49:27
3040000,202530400000800187,서울특별시 광진구청,서울특별시 광진구 아차산로32길 21 (자양동),,생활방범,1,,,,,02-450-7678,37.53901,127.06808,2025-10-28,I,2026-05-15 18:45:38,2025-10-29 10:49:27
3040000,202530400000800188,서울특별시 광진구청,서울특별시 광진구 아차산로30길 39 (자양동),,생활방범,1,,,,,02-450-7678,37.53895,127.06687,2025-10-28,I,2026-05-15 18:45:38,2025-10-29 10:49:27
3040000,202530400000800189,서울특별시 광진구청,서울특별시 광진구 동일로18길 44 (자양동),,생활방범,1,,,,,02-450-7678,37.53938,127.06526,2025-10-28,I,2026-05-15 18:45:38,2025-10-29 10:49:27
3040000,202530400000800190,서울특별시 광진구청,서울특별시 광진구 아차산로22길 27 (자양동),,생활방범,1,,,,,02-450-7678,37.54066,127.06405,2025-10-28,I,2026-05-15 18:45:38,2025-10-29 10:49:27
3040000,202530400000800191,서울특별시 광진구청,서울특별시 광진구 자양강변길 19 (자양동),,생활방범,1,,,,,02-450-7678,37.53426,127.0611,2025-10-28,I,2026-05-15 18:45:38,2025-10-29 10:49:27
3040000,202530400000800192,서울특별시 광진구청,서울특별시 광진구 뚝섬로22가길 22 (자양동),,생활방범,1,,,,,02-450-7678,37.53551,127.06238,2025-10-28,I,2026-05-15 18:45:38,2025-10-29 10:49:27
3040000,202530400000800193,서울특별시 광진구청,서울특별시 광진구 동일로4가길 9-2 (자양동),,생활방범,1,,,,,02-450-7678,37.53593,127.06282,2025-10-28,I,2026-05-15 18:45:38,2025-10-29 10:49:27
3040000,202530400000800194,서울특별시 광진구청,서울특별시 광진구 동일로 34-11 (자양동),,생활방범,1,,,,,02-450-7678,37.53574,127.06125,2025-10-28,I,2026-05-15 18:45:38,2025-10-29 10:49:27
3040000,202530400000800195,서울특별시 광진구청,서울특별시 광진구 군자로15길36,,생활방범,1,,,,,02-450-7678,37.555,127.07333,2025-10-28,I,2026-05-15 18:45:38,2025-10-29 10:49:27
3040000,202530400000800196,서울특별시 광진구청,서울특별시 광진구 동일로10길 5 (자양동),,생활방범,1,,,,,02-450-7678,37.53891,127.0626,2025-10-28,I,2026-05-15 18:45:38,2025-10-29 10:49:27
3040000,202530400000800197,서울특별시 광진구청,서울특별시 광진구 능동로9길 23,,생활방범,1,,,,,02-450-7678,37.53767,127.06797,2025-10-28,I,2026-05-15 18:45:38,2025-10-29 10:49:27
3040000,202530400000800198,서울특별시 광진구청,서울특별시 광진구 뚝섬로32길 17 (자양동),,생활방범,1,,,,,02-450-7678,37.53471,127.06713,2025-10-28,I,2026-05-15 18:45:38,2025-10-29 10:49:27
3040000,202530400000800199,서울특별시 광진구청,서울특별시 광진구 능동로5길 7,,생활방범,1,,,,,02-450-7678,37.53643,127.06745,2025-10-28,I,2026-05-15 18:45:38,2025-10-29 10:49:27
3040000,202530400000800200,서울특별시 광진구청,서울특별시 광진구 뚝섬로30길 15 (자양동),,생활방범,1,,,,,02-450-7678,37.53522,127.06655,2025-10-28,I,2026-05-15 18:45:38,2025-10-29 10:49:27
3040000,202530400000800201,서울특별시 광진구청,서울특별시 광진구 능동로3길 61-8 (자양동),,생활방범,1,,,,,02-450-7678,37.5341,127.06386,2025-10-28,I,2026-05-15 18:45:38,2025-10-29 10:49:27
3040000,202530400000800202,서울특별시 광진구청,서울특별시 광진구 동일로12길 20 (자양동),,생활방범,1,,,,,02-450-7678,37.53953,127.06335,2025-10-28,I,2026-05-15 18:45:38,2025-10-29 10:49:27
3040000,202530400000800203,서울특별시 광진구청,서울특별시 광진구 동일로10길 25 (자양동),,생활방범,1,,,,,02-450-7678,37.53829,127.06341,2025-10-28,I,2026-05-15 18:45:38,2025-10-29 10:49:27
3040000,202530400000800204,서울특별시 광진구청,서울특별시 광진구 동일로18가길 13 (자양동),,생활방범,1,,,,,02-450-7678,37.53906,127.06454,2025-10-28,I,2026-05-15 18:45:38,2025-10-29 10:49:27
3040000,202530400000800205,서울특별시 광진구청,서울특별시 광진구 동일로10나길 18 (자양동),,생활방범,1,,,,,02-450-7678,37.53828,127.06431,2025-10-28,I,2026-05-15 18:45:38,2025-10-29 10:49:27
3040000,202530400000800206,서울특별시 광진구청,서울특별시 광진구 동일로18나길 24 (자양동),,생활방범,1,,,,,02-450-7678,37.53866,127.06529,2025-10-28,I,2026-05-15 18:45:38,2025-10-29 10:49:27
3040000,202530400000800207,서울특별시 광진구청,서울특별시 광진구 뚝섬로23가길 11 (자양동),,생활방범,1,,,,,02-450-7678,37.53795,127.0654,2025-10-28,I,2026-05-15 18:45:38,2025-10-29 10:49:27
3040000,202530400000800208,서울특별시 광진구청,서울특별시 광진구 뚝섬로57길 13 (자양동),,생활방범,1,,,,,02-450-7678,37.53231,127.08359,2025-10-28,I,2026-05-15 18:45:38,2025-10-29 10:49:27
3040000,202530400000800209,서울특별시 광진구청,서울특별시 광진구 긴고랑로14길 33 (중곡동),,생활방범,1,,,,,02-450-7678,37.56123,127.08096,2025-10-28,I,2026-05-15 18:45:38,2025-10-29 10:49:27
3040000,202530400000800210,서울특별시 광진구청,서울특별시 광진구 긴고랑로5길 11 (중곡동),,생활방범,1,,,,,02-450-7678,37.56493,127.0792,2025-10-28,I,2026-05-15 18:45:38,2025-10-29 10:49:27
3040000,202530400000800211,서울특별시 광진구청,서울특별시 광진구 긴고랑로1길 11 (중곡동),,생활방범,1,,,,,02-450-7678,37.5647,127.0775,2025-10-28,I,2026-05-15 18:45:38,2025-10-29 10:49:27
3040000,202530400000800212,서울특별시 광진구청,서울특별시 광진구 긴고랑로7길 11 (중곡동),,생활방범,1,,,,,02-450-7678,37.56405,127.07937,2025-10-28,I,2026-05-15 18:45:38,2025-10-29 10:49:27
3040000,202530400000800213,서울특별시 광진구청,서울특별시 광진구 동일로70길 22 (중곡동),,생활방범,1,,,,,02-450-7678,37.56455,127.078,2025-10-28,I,2026-05-15 18:45:38,2025-10-29 10:49:27
3040000,202530400000800214,서울특별시 광진구청,서울특별시 광진구 긴고랑로14길 8 (중곡동),,생활방범,1,,,,,02-450-7678,37.56224,127.08146,2025-10-28,I,2026-05-15 18:45:38,2025-10-29 10:49:27
3040000,202530400000800215,서울특별시 광진구청,서울특별시 광진구 긴고랑로12길 12 (중곡동),,생활방범,1,,,,,02-450-7678,37.56225,127.08068,2025-10-28,I,2026-05-15 18:45:38,2025-10-29 10:49:27
3040000,202530400000800216,서울특별시 광진구청,서울특별시 광진구 능동로43길 38 (중곡동),,생활방범,1,,,,,02-450-7678,37.56177,127.0797,2025-10-28,I,2026-05-15 18:45:38,2025-10-29 10:49:27
3040000,202530400000800217,서울특별시 광진구청,서울특별시 광진구 면목로 93 (중곡동),,생활방범,1,,,,,02-450-7678,37.56199,127.07904,2025-10-28,I,2026-05-15 18:45:38,2025-10-29 10:49:27
3040000,202530400000800218,서울특별시 광진구청,서울특별시 광진구 긴고랑로6길 9 (중곡동),,생활방범,1,,,,,02-450-7678,37.56315,127.07822,2025-10-28,I,2026-05-15 18:45:38,2025-10-29 10:49:27
3040000,202530400000800219,서울특별시 광진구청,서울특별시 광진구 동일로 374 (중곡동),,생활방범,1,,,,,02-450-7678,37.56432,127.07628,2025-10-28,I,2026-05-15 18:45:38,2025-10-29 10:49:27
3040000,202530400000800220,서울특별시 광진구청,서울특별시 광진구 동일로66길 9 (중곡동),,생활방범,1,,,,,02-450-7678,37.56167,127.07581,2025-10-28,I,2026-05-15 18:45:38,2025-10-29 10:49:27
3040000,202530400000800221,서울특별시 광진구청,서울특별시 광진구 자양로43길 47 (중곡동),,생활방범,1,,,,,02-450-7678,37.55261,127.09027,2025-10-28,I,2026-05-15 18:45:38,2025-10-29 10:49:27
3040000,202530400000800222,서울특별시 광진구청,서울특별시 광진구 천호대로101길 11 (중곡동),,생활방범,1,,,,,02-450-7678,37.55981,127.07477,2025-10-28,I,2026-05-15 18:45:38,2025-10-29 10:49:27
3040000,202530400000800223,서울특별시 광진구청,서울특별시 광진구 긴고랑로8길 60 (중곡동),,생활방범,1,,,,,02-450-7678,37.56104,127.07772,2025-10-28,I,2026-05-15 18:45:38,2025-10-29 10:49:27
3040000,202530400000800224,서울특별시 광진구청,서울특별시 광진구 긴고랑로8길 90 (중곡동),,생활방범,1,,,,,02-450-7678,37.55966,127.077,2025-10-28,I,2026-05-15 18:45:38,2025-10-29 10:49:27
3040000,202530400000800225,서울특별시 광진구청,서울특별시 광진구 동일로62길 37 (중곡동),,생활방범,1,,,,,02-450-7678,37.55937,127.0761,2025-10-28,I,2026-05-15 18:45:38,2025-10-29 10:49:27
3040000,202530400000800226,서울특별시 광진구청,서울특별시 광진구 면목로 74 (중곡동),,생활방범,1,,,,,02-450-7678,37.5602,127.07954,2025-10-28,I,2026-05-15 18:45:38,2025-10-29 10:49:27
3040000,202530400000800227,서울특별시 광진구청,서울특별시 광진구 긴고랑로14길 63 (중곡동),,생활방범,1,,,,,02-450-7678,37.55993,127.08025,2025-10-28,I,2026-05-15 18:45:38,2025-10-29 10:49:27
3040000,202530400000800228,서울특별시 광진구청,서울특별시 광진구 천호대로107길 22 (중곡동),,생활방범,1,,,,,02-450-7678,37.55887,127.07889,2025-10-28,I,2026-05-15 18:45:38,2025-10-29 10:49:27
3040000,202530400000800229,서울특별시 광진구청,서울특별시 광진구 천호대로107길 8 (중곡동),,생활방범,1,,,,,02-450-7678,37.55841,127.07854,2025-10-28,I,2026-05-15 18:45:38,2025-10-29 10:49:27
3040000,202530400000800230,서울특별시 광진구청,서울특별시 광진구 능동로47길 35 (중곡동),,생활방범,1,,,,,02-450-7678,37.56427,127.0811,2025-10-28,I,2026-05-15 18:45:38,2025-10-29 10:49:27
3040000,202530400000800231,서울특별시 광진구청,서울특별시 광진구 능동로47길 35 (중곡동),,생활방범,1,,,,,02-450-7678,37.56364,127.08074,2025-10-28,I,2026-05-15 18:45:38,2025-10-29 10:49:27
3040000,202530400000800232,서울특별시 광진구청,서울특별시 광진구 능동로47길 35 (중곡동),,생활방범,1,,,,,02-450-7678,37.56338,127.08134,2025-10-28,I,2026-05-15 18:45:38,2025-10-29 10:49:27
3040000,202530400000800233,서울특별시 광진구청,서울특별시 광진구 능동로50길 8 (중곡동),,생활방범,1,,,,,02-450-7678,37.56401,127.08396,2025-10-28,I,2026-05-15 18:45:38,2025-10-29 10:49:27
3040000,202530400000800234,서울특별시 광진구청,서울특별시 광진구 능동로48가길 36 (중곡동),,생활방범,1,,,,,02-450-7678,37.56342,127.08581,2025-10-28,I,2026-05-15 18:45:38,2025-10-29 10:49:27
3040000,202530400000800235,서울특별시 광진구청,서울특별시 광진구 긴고랑로29길 47 (중곡동),,생활방범,1,,,,,02-450-7678,37.56204,127.0864,2025-10-28,I,2026-05-15 18:45:38,2025-10-29 10:49:27
3040000,202530400000800236,서울특별시 광진구청,서울특별시 광진구 용마산로21길 77 (중곡동),,생활방범,1,,,,,02-450-7678,37.56152,127.08475,2025-10-28,I,2026-05-15 18:45:38,2025-10-29 10:49:27
3040000,202530400000800237,서울특별시 광진구청,서울특별시 광진구 용마산로3길 13 (중곡동),,생활방범,1,,,,,02-450-7678,37.55631,127.08728,2025-10-28,I,2026-05-15 18:45:38,2025-10-29 10:49:27
3040000,202530400000800238,서울특별시 광진구청,서울특별시 광진구 천호대로125길 35-17 (중곡동),,생활방범,1,,,,,02-450-7678,37.55537,127.08723,2025-10-28,I,2026-05-15 18:45:38,2025-10-29 10:49:27
3040000,202530400000800239,서울특별시 광진구청,서울특별시 광진구 용마산로1길 22 (중곡동),,생활방범,1,,,,,02-450-7678,37.55503,127.08739,2025-10-28,I,2026-05-15 18:45:38,2025-10-29 10:49:27
3040000,202530400000800240,서울특별시 광진구청,서울특별시 광진구 천호대로121길 39 (중곡동),,생활방범,1,,,,,02-450-7678,37.55682,127.08643,2025-10-28,I,2026-05-15 18:45:38,2025-10-29 10:49:27
3040000,202530400000800241,서울특별시 광진구청,서울특별시 광진구 긴고랑로 110 (중곡동),,생활방범,1,,,,,02-450-7678,37.55925,127.08691,2025-10-28,I,2026-05-15 18:45:38,2025-10-29 10:49:27
3040000,202530400000800242,서울특별시 광진구청,서울특별시 광진구 천호대로119길 89 (중곡동),,생활방범,1,,,,,02-450-7678,37.55903,127.08561,2025-10-28,I,2026-05-15 18:45:38,2025-10-29 10:49:27
3040000,202530400000800243,서울특별시 광진구청,서울특별시 광진구 용마산로3길 38 (중곡동),,생활방범,1,,,,,02-450-7678,37.55615,127.08611,2025-10-28,I,2026-05-15 18:45:38,2025-10-29 10:49:27
3040000,202530400000800244,서울특별시 광진구청,서울특별시 광진구 용마산로1길 91 (중곡동),,생활방범,1,,,,,02-450-7678,37.55647,127.08356,2025-10-28,I,2026-05-15 18:45:38,2025-10-29 10:49:27
3040000,202530400000800245,서울특별시 광진구청,서울특별시 광진구 긴고랑로27길 26 (중곡동),,생활방범,1,,,,,02-450-7678,37.56144,127.08613,2025-10-28,I,2026-05-15 18:45:38,2025-10-29 10:49:27
3040000,202530400000800246,서울특별시 광진구청,서울특별시 광진구 긴고랑로31길 28 (중곡동),,생활방범,1,,,,,02-450-7678,37.5612,127.087,2025-10-28,I,2026-05-15 18:45:38,2025-10-29 10:49:27
3040000,202530400000800247,서울특별시 광진구청,서울특별시 광진구 천호대로109길 53 (중곡동),,생활방범,1,,,,,02-450-7678,37.55932,127.08201,2025-10-28,I,2026-05-15 18:45:38,2025-10-29 10:49:27
3040000,202530400000800248,서울특별시 광진구청,서울특별시 광진구 긴고랑로15길 15 (중곡동),,생활방범,1,,,,,02-450-7678,37.56276,127.08329,2025-10-28,I,2026-05-15 18:45:38,2025-10-29 10:49:27
3040000,202530400000800249,서울특별시 광진구청,서울특별시 광진구 긴고랑로19길 34-4 (중곡동),,생활방범,1,,,,,02-450-7678,37.56293,127.085,2025-10-28,I,2026-05-15 18:45:38,2025-10-29 10:49:27
3040000,202530400000800250,서울특별시 광진구청,서울특별시 광진구 용마산로21길 65 (중곡동),,생활방범,1,,,,,02-450-7678,37.56207,127.08508,2025-10-28,I,2026-05-15 18:45:38,2025-10-29 10:49:27
3040000,202530400000800251,서울특별시 광진구청,서울특별시 광진구 능동로44길 13 (중곡동),,생활방범,1,,,,,02-450-7678,37.56085,127.08229,2025-10-28,I,2026-05-15 18:45:38,2025-10-29 10:49:27
3040000,202530400000800252,서울특별시 광진구청,서울특별시 광진구 긴고랑로16길 9-9 (중곡동),,생활방범,1,,,,,02-450-7678,37.56141,127.0832,2025-10-28,I,2026-05-15 18:45:38,2025-10-29 10:49:27
3040000,202530400000800253,서울특별시 광진구청,서울특별시 광진구 긴고랑로 103,,생활방범,1,,,,,02-450-7678,37.56011,127.08674,2025-10-28,I,2026-05-15 18:45:38,2025-10-29 10:49:27
3040000,202530400000800254,서울특별시 광진구청,서울특별시 광진구 동일로76나길 20 (중곡동),,생활방범,1,,,,,02-450-7678,37.56858,127.0801,2025-10-28,I,2026-05-15 18:45:38,2025-10-29 10:49:27
3040000,202530400000800255,서울특별시 광진구청,서울특별시 광진구 능동로 411 (중곡동),,생활방범,1,,,,,02-450-7678,37.56582,127.0839,2025-10-28,I,2026-05-15 18:45:38,2025-10-29 10:49:27
3040000,202530400000800256,서울특별시 광진구청,서울특별시 광진구 용마산로31길 31 (중곡동),,생활방범,1,,,,,02-450-7678,37.56911,127.08425,2025-10-28,I,2026-05-15 18:45:38,2025-10-29 10:49:27
3040000,202530400000800257,서울특별시 광진구청,서울특별시 광진구 능동로53길 24-9 (중곡동),,생활방범,1,,,,,02-450-7678,37.56723,127.0835,2025-10-28,I,2026-05-15 18:45:38,2025-10-29 10:49:27
3040000,202530400000800258,서울특별시 광진구청,서울특별시 광진구 능동로53길 30-12 (중곡동),,생활방범,1,,,,,02-450-7678,37.56724,127.08244,2025-10-28,I,2026-05-15 18:45:38,2025-10-29 10:49:27
3040000,202530400000800259,서울특별시 광진구청,서울특별시 광진구 답십리로 78길 (중곡동),,생활방범,1,,,,,02-450-7678,37.56985,127.0813,2025-10-28,I,2026-05-15 18:45:38,2025-10-29 10:49:27
3040000,202530400000800260,서울특별시 광진구청,서울특별시 광진구 동일로76길 12 (중곡동),,생활방범,1,,,,,02-450-7678,37.56771,127.07934,2025-10-28,I,2026-05-15 18:45:38,2025-10-29 10:49:27
3040000,202530400000800261,서울특별시 광진구청,서울특별시 광진구 면목로11길 20 (중곡동),,생활방범,1,,,,,02-450-7678,37.56705,127.08054,2025-10-28,I,2026-05-15 18:45:38,2025-10-29 10:49:27
3040000,202530400000800262,서울특별시 광진구청,서울특별시 광진구 답십리로88길 19 (중곡동),,생활방범,1,,,,,02-450-7678,37.57027,127.08498,2025-10-28,I,2026-05-15 18:45:38,2025-10-29 10:49:27
3040000,202530400000800263,서울특별시 광진구청,서울특별시 광진구 용마산로31길 16 (중곡동),,생활방범,1,,,,,02-450-7678,37.56934,127.08527,2025-10-28,I,2026-05-15 18:45:38,2025-10-29 10:49:27
3040000,202530400000800264,서울특별시 광진구청,서울특별시 광진구 면목로16길 10 (중곡동),,생활방범,1,,,,,02-450-7678,37.56953,127.08376,2025-10-28,I,2026-05-15 18:45:38,2025-10-29 10:49:27
3040000,202530400000800265,서울특별시 광진구청,서울특별시 광진구 용마산로27길 10 (중곡동),,생활방범,1,,,,,02-450-7678,37.56732,127.08582,2025-10-28,I,2026-05-15 18:45:38,2025-10-29 10:49:27
3040000,202530400000800266,서울특별시 광진구청,서울특별시 광진구 용마산로29길 25 (중곡동),,생활방범,1,,,,,02-450-7678,37.56719,127.08544,2025-10-28,I,2026-05-15 18:45:38,2025-10-29 10:49:27
3040000,202530400000800267,서울특별시 광진구청,서울특별시 광진구 답십리로84길 6 (중곡동),,생활방범,1,,,,,02-450-7678,37.57098,127.08394,2025-10-28,I,2026-05-15 18:45:38,2025-10-29 10:49:27
3040000,202530400000800268,서울특별시 광진구청,서울특별시 광진구 답십리로 370 (중곡동),,생활방범,1,,,,,02-450-7678,37.57156,127.08151,2025-10-28,I,2026-05-15 18:45:38,2025-10-29 10:49:27
3040000,202530400000800269,서울특별시 광진구청,서울특별시 광진구 답십리로82길 18 (중곡동),,생활방범,1,,,,,02-450-7678,37.57055,127.08269,2025-10-28,I,2026-05-15 18:45:38,2025-10-29 10:49:27
3040000,202530400000800270,서울특별시 광진구청,서울특별시 광진구 동일로78길 20 (중곡동),,생활방범,1,,,,,02-450-7678,37.56924,127.08062,2025-10-28,I,2026-05-15 18:45:38,2025-10-29 10:49:27
3040000,202530400000800271,서울특별시 광진구청,서울특별시 광진구 동일로76길 51-22 (중곡동),,생활방범,1,,,,,02-450-7678,37.56817,127.08055,2025-10-28,I,2026-05-15 18:45:38,2025-10-29 10:49:27
3040000,202530400000800272,서울특별시 광진구청,서울특별시 광진구 동일로76길 49 (중곡동),,생활방범,1,,,,,02-450-7678,37.56803,127.08123,2025-10-28,I,2026-05-15 18:45:38,2025-10-29 10:49:27
3040000,202530400000800273,서울특별시 광진구청,서울특별시 광진구 영화사로5길 25 (중곡동),,생활방범,1,,,,,02-450-7678,37.55726,127.09219,2025-10-28,I,2026-05-15 18:45:38,2025-10-29 10:49:27
3040000,202530400000800274,서울특별시 광진구청,서울특별시 광진구 자양로45길 89 (중곡동),,생활방범,1,,,,,02-450-7678,37.55516,127.0898,2025-10-28,I,2026-05-15 18:45:38,2025-10-29 10:49:28
3040000,202530400000800275,서울특별시 광진구청,서울특별시 광진구 용마산로22길 10-10 (중곡동),,생활방범,1,,,,,02-450-7678,37.5631,127.08767,2025-10-28,I,2026-05-15 18:45:38,2025-10-29 10:49:28
3040000,202530400000800276,서울특별시 광진구청,서울특별시 광진구 영화사로3가길 9 (중곡동),,생활방범,1,,,,,02-450-7678,37.55791,127.09304,2025-10-28,I,2026-05-15 18:45:38,2025-10-29 10:49:28
3040000,202530400000800277,서울특별시 광진구청,서울특별시 광진구 영화사로3가길 25 (중곡동),,생활방범,1,,,,,02-450-7678,37.55749,127.09347,2025-10-28,I,2026-05-15 18:45:38,2025-10-29 10:49:28
3040000,202530400000800278,서울특별시 광진구청,서울특별시 광진구 영화사로9가길 61 (중곡동),,생활방범,1,,,,,02-450-7678,37.55764,127.09523,2025-10-28,I,2026-05-15 18:45:38,2025-10-29 10:49:28
3040000,202530400000800279,서울특별시 광진구청,서울특별시 광진구 영화사로9길 10 (중곡동),,생활방범,1,,,,,02-450-7678,37.55554,127.09329,2025-10-28,I,2026-05-15 18:45:38,2025-10-29 10:49:28
3040000,202530400000800280,서울특별시 광진구청,서울특별시 광진구 영화사로9길 70-12 (중곡동),,생활방범,1,,,,,02-450-7678,37.55674,127.09465,2025-10-28,I,2026-05-15 18:45:38,2025-10-29 10:49:28
3040000,202530400000800281,서울특별시 광진구청,서울특별시 광진구 영화사로7길 24 (중곡동),,생활방범,1,,,,,02-450-7678,37.55678,127.09212,2025-10-28,I,2026-05-15 18:45:38,2025-10-29 10:49:28
3040000,202530400000800282,서울특별시 광진구청,서울특별시 광진구 영화사로 51 (중곡동),,생활방범,1,,,,,02-450-7678,37.55567,127.09234,2025-10-28,I,2026-05-15 18:45:38,2025-10-29 10:49:28
3040000,202530400000800283,서울특별시 광진구청,서울특별시 광진구 용마산로8가길 26 (중곡동),,생활방범,1,,,,,02-450-7678,37.56092,127.0888,2025-10-28,I,2026-05-15 18:45:38,2025-10-29 10:49:28
3040000,202530400000800284,서울특별시 광진구청,서울특별시 광진구 용마산로8다길 23 (중곡동),,생활방범,1,,,,,02-450-7678,37.56176,127.08946,2025-10-28,I,2026-05-15 18:45:38,2025-10-29 10:49:28
3040000,202530400000800285,서울특별시 광진구청,서울특별시 광진구 용마산로36길 66 (중곡동),,생활방범,1,,,,,02-450-7678,37.56947,127.08872,2025-10-28,I,2026-05-15 18:45:38,2025-10-29 10:49:28
3040000,202530400000800286,서울특별시 광진구청,서울특별시 광진구 용마산로8길 10 (중곡동),,생활방범,1,,,,,02-450-7678,37.55968,127.08837,2025-10-28,I,2026-05-15 18:45:38,2025-10-29 10:49:28
3040000,202530400000800287,서울특별시 광진구청,서울특별시 광진구 용마산로36길 44 (중곡동),,생활방범,1,,,,,02-450-7678,37.57039,127.08833,2025-10-28,I,2026-05-15 18:45:38,2025-10-29 10:49:28
3040000,202530400000800288,서울특별시 광진구청,서울특별시 광진구 용마산로34길 15 (중곡동),,생활방범,1,,,,,02-450-7678,37.57019,127.08716,2025-10-28,I,2026-05-15 18:45:38,2025-10-29 10:49:28
3040000,202530400000800289,서울특별시 광진구청,서울특별시 광진구 긴고랑로46가길 36 (중곡동),,생활방범,1,,,,,02-450-7678,37.55864,127.09525,2025-10-28,I,2026-05-15 18:45:38,2025-10-29 10:49:28
3040000,202530400000800290,서울특별시 광진구청,서울특별시 광진구 긴고랑로46길 11,,생활방범,1,,,,,02-450-7678,37.56024,127.09561,2025-10-28,I,2026-05-15 18:45:38,2025-10-29 10:49:28
3040000,202530400000800291,서울특별시 광진구청,서울특별시 광진구 용마산로2길 45 (중곡동),,생활방범,1,,,,,02-450-7678,37.55596,127.09076,2025-10-28,I,2026-05-15 18:45:38,2025-10-29 10:49:28
3040000,202530400000800292,서울특별시 광진구청,서울특별시 광진구 자양로45길 65 (중곡동),,생활방범,1,,,,,02-450-7678,37.55399,127.09031,2025-10-28,I,2026-05-15 18:45:38,2025-10-29 10:49:28
3040000,202530400000800293,서울특별시 광진구청,서울특별시 광진구 자양로43길 86 (중곡동),,생활방범,1,,,,,02-450-7678,37.55444,127.0895,2025-10-28,I,2026-05-15 18:45:38,2025-10-29 10:49:28
3040000,202530400000800294,서울특별시 광진구청,서울특별시 광진구 아차산로21길 47 (화양동),,생활방범,1,,,,,02-450-7678,37.54421,127.06534,2025-10-28,I,2026-05-15 18:45:38,2025-10-29 10:49:28
3040000,202530400000800295,서울특별시 광진구청,서울특별시 광진구 동일로28길 16 (화양동),,생활방범,1,,,,,02-450-7678,37.54621,127.06793,2025-10-28,I,2026-05-15 18:45:38,2025-10-29 10:49:28
3040000,202530400000800296,서울특별시 광진구청,서울특별시 광진구 아차산로23길 68 (화양동),,생활방범,1,,,,,02-450-7678,37.54517,127.06748,2025-10-28,I,2026-05-15 18:45:38,2025-10-29 10:49:28
3040000,202530400000800297,서울특별시 광진구청,서울특별시 광진구 아차산로25길 27 (화양동),,생활방범,1,,,,,02-450-7678,37.54283,127.06716,2025-10-28,I,2026-05-15 18:45:38,2025-10-29 10:49:28
3040000,202530400000800298,서울특별시 광진구청,서울특별시 광진구 동일로24길 56 (화양동),,생활방범,1,,,,,02-450-7678,37.54312,127.06823,2025-10-28,I,2026-05-15 18:45:38,2025-10-29 10:49:28
3040000,202530400000800299,서울특별시 광진구청,서울특별시 광진구 동일로22길 28 (화양동),,생활방범,1,,,,,02-450-7678,37.54224,127.0659,2025-10-28,I,2026-05-15 18:45:38,2025-10-29 10:49:28
3040000,202530400000800300,서울특별시 광진구청,서울특별시 광진구 아차산로 241 (화양동),,생활방범,1,,,,,02-450-7678,37.54062,127.07054,2025-10-28,I,2026-05-15 18:45:38,2025-10-29 10:49:28
3040000,202530400000800301,서울특별시 광진구청,서울특별시 광진구 답십리로84길 56 (중곡동),,생활방범,1,,,,,02-450-7678,37.56868,127.08366,2025-10-28,I,2026-05-15 18:45:38,2025-10-29 10:49:28
3040000,202530400000800302,서울특별시 광진구청,서울특별시 광진구 군자로3길 25-16 (화양동),,생활방범,1,,,,,02-450-7678,37.54373,127.07061,2025-10-28,I,2026-05-15 18:45:38,2025-10-29 10:49:28
3040000,202530400000800303,서울특별시 광진구청,서울특별시 광진구 군자로5길 18-12 (화양동),,생활방범,1,,,,,02-450-7678,37.54558,127.06954,2025-10-28,I,2026-05-15 18:45:38,2025-10-29 10:49:28
3040000,202530400000800304,서울특별시 광진구청,서울특별시 광진구 긴고랑로46길 11 (화양동),,생활방범,1,,,,,02-450-7678,37.54556,127.0742,2025-10-28,I,2026-05-15 18:45:38,2025-10-29 10:49:28
3040000,202530400000800305,서울특별시 광진구청,서울특별시 광진구 능동로13길 88 (화양동),,생활방범,1,,,,,02-450-7678,37.54545,127.06866,2025-10-28,I,2026-05-15 18:45:38,2025-10-29 10:49:28
3040000,202530400000800306,서울특별시 광진구청,서울특별시 광진구 동일로28길 38 (화양동),,생활방범,1,,,,,02-450-7678,37.54628,127.06883,2025-10-28,I,2026-05-15 18:45:38,2025-10-29 10:49:28
3040000,202530400000800307,서울특별시 광진구청,서울특별시 광진구 아차산로25길 48 (화양동),,생활방범,1,,,,,02-450-7678,37.54343,127.06753,2025-10-28,I,2026-05-15 18:45:38,2025-10-29 10:49:28
3040000,202530400000800308,서울특별시 광진구청,서울특별시 광진구 동일로22길 71 (화양동),,생활방범,1,,,,,02-450-7678,37.54147,127.06831,2025-10-28,I,2026-05-15 18:45:38,2025-10-29 10:49:28
3040000,202530400000800309,서울특별시 광진구청,서울특별시 광진구 광나루로24길 12 (화양동),,생활방범,1,,,,,02-450-7678,37.54577,127.07609,2025-10-28,I,2026-05-15 18:45:38,2025-10-29 10:49:28
3040000,202530400000800310,서울특별시 광진구청,서울특별시 광진구 광나루로22길 7,,생활방범,1,,,,,02-450-7678,37.5463,127.07523,2025-10-28,I,2026-05-15 18:45:38,2025-10-29 10:49:28
3040000,202530400000800311,서울특별시 광진구청,서울특별시 광진구 광나루로20가길 21 (화양동),,생활방범,1,,,,,02-450-7678,37.5452,127.07528,2025-10-28,I,2026-05-15 18:45:38,2025-10-29 10:49:28
3040000,202530400000800312,서울특별시 광진구청,서울특별시 광진구 광나루로26길 24 (화양동),,생활방범,1,,,,,02-450-7678,37.54541,127.07729,2025-10-28,I,2026-05-15 18:45:38,2025-10-29 10:49:28
3040000,202530400000800313,서울특별시 광진구청,서울특별시 광진구 아차산로31길 14 (화양동),,생활방범,1,,,,,02-450-7678,37.54167,127.06953,2025-10-28,I,2026-05-15 18:45:38,2025-10-29 10:49:28
3040000,202530400000800314,서울특별시 광진구청,서울특별시 광진구 긴고랑로 19 (중곡동),,생활방범,1,,,,,02-450-7678,37.56385,127.07872,2025-10-28,I,2026-05-15 18:45:38,2025-10-29 10:49:28
3040000,202530400000800315,서울특별시 광진구청,서울특별시 광진구 긴고랑로16길 50 (중곡동),,생활방범,1,,,,,02-450-7678,37.55986,127.08172,2025-10-28,I,2026-05-15 18:45:38,2025-10-29 10:49:28
3040000,202530400000800316,서울특별시 광진구청,서울특별시 광진구 답십리로78길 9-16 (중곡동),,생활방범,1,,,,,02-450-7678,37.57104,127.08227,2025-10-28,I,2026-05-15 18:45:38,2025-10-29 10:49:28
3040000,202530400000800317,서울특별시 광진구청,서울특별시 광진구 용마산로4길 26 (중곡동),,생활방범,1,,,,,02-450-7678,37.55656,127.08957,2025-10-28,I,2026-05-15 18:45:38,2025-10-29 10:49:28
3040000,202530400000800318,서울특별시 광진구청,서울특별시 광진구 천호대로110길 122 (능동),,생활방범,1,,,,,02-450-7678,37.55231,127.07774,2025-10-28,I,2026-05-15 18:45:38,2025-10-29 10:49:28
3040000,202530400000800319,서울특별시 광진구청,서울특별시 광진구 자양로22길 58(구의동),,생활방범,1,,,,,02-450-7678,37.53982,127.08641,2025-10-28,I,2026-05-15 18:45:38,2025-10-29 10:49:28
3040000,202530400000800320,서울특별시 광진구청,서울특별시 광진구 자양로47길 11 (구의동),,생활방범,1,,,,,02-450-7678,37.55223,127.09191,2025-10-28,I,2026-05-15 18:45:38,2025-10-29 10:49:28
3040000,202530400000800321,서울특별시 광진구청,서울특별시 광진구 광나루로52길 66 (구의동),,생활방범,1,,,,,02-450-7678,37.5399,127.0923,2025-10-28,I,2026-05-15 18:45:38,2025-10-29 10:49:28
3040000,202530400000800322,서울특별시 광진구청,서울특별시 광진구 광장로7길 7 (광장동),,생활방범,1,,,,,02-450-7678,37.54825,127.10567,2025-10-28,I,2026-05-15 18:45:38,2025-10-29 10:49:28
3040000,202530400000800323,서울특별시 광진구청,서울특별시 광진구 자양로15길 108 (자양동),,생활방범,1,,,,,02-450-7678,37.5344,127.07795,2025-10-28,I,2026-05-15 18:45:38,2025-10-29 10:49:28
3040000,202530400000800324,서울특별시 광진구청,서울특별시 광진구 자양로3길 7 (자양동),,생활방범,1,,,,,02-450-7678,37.53045,127.08506,2025-10-28,I,2026-05-15 18:45:38,2025-10-29 10:49:28
3040000,202530400000800325,서울특별시 광진구청,서울특별시 광진구 뚝섬로40길 31 (자양동),,생활방범,1,,,,,02-450-7678,37.53257,127.07255,2025-10-28,I,2026-05-15 18:45:38,2025-10-29 10:49:28
3040000,202530400000800326,서울특별시 광진구청,서울특별시 광진구 뚝섬로22길 89 (자양동),,생활방범,1,,,,,02-450-7678,37.53411,127.06269,2025-10-28,I,2026-05-15 18:45:38,2025-10-29 10:49:28
3040000,202530400000800327,서울특별시 광진구청,서울특별시 광진구 군자로 38 (화양동),,생활방범,1,,,,,02-450-7678,37.5465,127.0703,2025-10-28,I,2026-05-15 18:45:38,2025-10-29 10:49:28
3040000,202530400000800328,서울특별시 광진구청,서울특별시 광진구 능동로31길 12-15 (군자동),,생활방범,1,,,,,02-450-7678,37.55639,127.0782,2025-10-28,I,2026-05-15 18:45:38,2025-10-29 10:49:28
3040000,202530400000800329,서울특별시 광진구청,서울특별시 광진구 자양로30길 29 (구의동),,생활방범,1,,,,,02-450-7678,37.54359,127.08645,2025-10-28,I,2026-05-15 18:45:38,2025-10-29 10:49:28
3040000,202530400000800330,서울특별시 광진구청,서울특별시 광진구 천호대로121길 6 (중곡동),,생활방범,1,,,,,02-450-7678,37.55551,127.08656,2025-10-28,I,2026-05-15 18:45:38,2025-10-29 10:49:28
3040000,202530400000800331,서울특별시 광진구청,서울특별시 광진구 자양번영로13길 32 (자양동),,생활방범,1,,,,,02-450-7678,37.53789,127.07513,2025-10-28,I,2026-05-15 18:45:38,2025-10-29 10:49:28
3040000,202530400000800332,서울특별시 광진구청,서울특별시 광진구 동일로20길 106 (자양동),,생활방범,1,,,,,02-450-7678,37.53933,127.06938,2025-10-28,I,2026-05-15 18:45:38,2025-10-29 10:49:28
3040000,202530400000800333,서울특별시 광진구청,서울특별시 광진구 동일로66길 28 (중곡동),,생활방범,1,,,,,02-450-7678,37.56151,127.07652,2025-10-28,I,2026-05-15 18:45:38,2025-10-29 10:49:28
3040000,202530400000800334,서울특별시 광진구청,서울특별시 광진구 능동로48길 59 (중곡동),,생활방범,1,,,,,02-450-7678,37.56199,127.08584,2025-10-28,I,2026-05-15 18:45:38,2025-10-29 10:49:28
3040000,202530400000800335,서울특별시 광진구청,서울특별시 광진구 능동로55길 20 (중곡동),,생활방범,1,,,,,02-450-7678,37.568,127.08444,2025-10-28,I,2026-05-15 18:45:38,2025-10-29 10:49:28
3040000,202530400000800336,서울특별시 광진구청,서울특별시 광진구 용마산로30길 6 (중곡동),,생활방범,1,,,,,02-450-7678,37.5683,127.08629,2025-10-28,I,2026-05-15 18:45:38,2025-10-29 10:49:28
3040000,202530400000800337,서울특별시 광진구청,서울특별시 광진구 아차산로21길 97(화양동),,생활방범,1,,,,,02-450-7678,37.54615,127.06707,2025-10-28,I,2026-05-15 18:45:38,2025-10-29 10:49:28
3040000,202530400000800338,서울특별시 광진구청,서울특별시 광진구 광나루로17길 14-14 (군자동),,생활방범,1,,,,,02-450-7678,37.54885,127.07273,2025-10-28,I,2026-05-15 18:45:38,2025-10-29 10:49:28
3040000,202530400000800339,서울특별시 광진구청,서울특별시 광진구 천호대로124길 62 (능동),,생활방범,1,,,,,02-450-7678,37.55157,127.0861,2025-10-28,I,2026-05-15 18:45:38,2025-10-29 10:49:28
3040000,202530400000800340,서울특별시 광진구청,서울특별시 광진구 자양번영로8길 7 (자양동),,생활방범,1,,,,,02-450-7678,37.53443,127.07662,2025-10-28,I,2026-05-15 18:45:38,2025-10-29 10:49:28
3040000,202530400000800341,서울특별시 광진구청,서울특별시 광진구 뚝섬로50길 6 (자양동),,생활방범,1,,,,,02-450-7678,37.53221,127.07832,2025-10-28,I,2026-05-15 18:45:38,2025-10-29 10:49:28
3040000,202530400000800342,서울특별시 광진구청,서울특별시 광진구 자양번영로 81 (자양동),,생활방범,1,,,,,02-450-7678,37.53697,127.07667,2025-10-28,I,2026-05-15 18:45:38,2025-10-29 10:49:28
3040000,202530400000800343,서울특별시 광진구청,서울특별시 광진구 자양로22길 61 (구의동),,생활방범,1,,,,,02-450-7678,37.54323,127.08783,2025-10-28,I,2026-05-15 18:45:38,2025-10-29 10:49:28
3040000,202530400000800344,서울특별시 광진구청,서울특별시 광진구 아차산로62길 14-2 (구의동),,생활방범,1,,,,,02-450-7678,37.53903,127.09365,2025-10-28,I,2026-05-15 18:45:38,2025-10-29 10:49:28
3040000,202530400000800345,서울특별시 광진구청,서울특별시 광진구 광장로 64 (광장동),,생활방범,1,,,,,02-450-7678,37.54742,127.10427,2025-10-28,I,2026-05-15 18:45:38,2025-10-29 10:49:28
3040000,202530400000800346,서울특별시 광진구청,서울특별시 광진구 동일로4길 60 (자양동),,생활방범,1,,,,,02-450-7678,37.53571,127.06409,2025-10-28,I,2026-05-15 18:45:38,2025-10-29 10:49:28
3040000,202530400000800347,서울특별시 광진구청,서울특별시 광진구 긴고랑로26길 7-1 (중곡동),,생활방범,1,,,,,02-450-7678,37.56019,127.0854,2025-10-28,I,2026-05-15 18:45:38,2025-10-29 10:49:28
3040000,202530400000800348,서울특별시 광진구청,서울특별시 광진구 능동로55길 43 (중곡동),,생활방범,1,,,,,02-450-7678,37.56801,127.08314,2025-10-28,I,2026-05-15 18:45:38,2025-10-29 10:49:28
3040000,202530400000800349,서울특별시 광진구청,서울특별시 광진구 긴고랑로44길 42 (중곡동),,생활방범,1,,,,,02-450-7678,37.55836,127.09444,2025-10-28,I,2026-05-15 18:45:38,2025-10-29 10:49:28
3040000,202530400000800350,서울특별시 광진구청,서울특별시 광진구 능동로32길 82-53 (능동),,생활방범,1,,,,,02-450-7678,37.5527,127.0818,2025-10-28,I,2026-05-15 18:45:38,2025-10-29 10:49:28
3040000,202530400000800351,서울특별시 광진구청,서울특별시 광진구 아차산로57길 41 (구의동),,생활방범,1,,,,,02-450-7678,37.54051,127.0886,2025-10-28,I,2026-05-15 18:45:38,2025-10-29 10:49:28
3040000,202530400000800352,서울특별시 광진구청,서울특별시 광진구 아차산로59길 56,,생활방범,1,,,,,02-450-7678,37.54085,127.09086,2025-10-28,I,2026-05-15 18:45:38,2025-10-29 10:49:28
3040000,202530400000800353,서울특별시 광진구청,서울특별시 광진구 자양로43길 18 (구의동),,생활방범,1,,,,,02-450-7678,37.55159,127.0907,2025-10-28,I,2026-05-15 18:45:38,2025-10-29 10:49:28
3040000,202530400000800354,서울특별시 광진구청,서울특별시 광진구 아차산로58길 77 (구의동),,생활방범,1,,,,,02-450-7678,37.53513,127.08979,2025-10-28,I,2026-05-15 18:45:38,2025-10-29 10:49:28
3040000,202530400000800355,서울특별시 광진구청,서울특별시 광진구 아차산로70길 17-16 (과장동),,생활방범,1,,,,,02-450-7678,37.54151,127.10242,2025-10-28,I,2026-05-15 18:45:38,2025-10-29 10:49:28
3040000,202530400000800356,서울특별시 광진구청,서울특별시 광진구 뚝섬로49길 59 (자양동),,생활방범,1,,,,,02-450-7678,37.53454,127.08043,2025-10-28,I,2026-05-15 18:45:38,2025-10-29 10:49:28
3040000,202530400000800357,서울특별시 광진구청,서울특별시 광진구 자양번영로2길 55 (자양동),,생활방범,1,,,,,02-450-7678,37.53006,127.07796,2025-10-28,I,2026-05-15 18:45:38,2025-10-29 10:49:28
3040000,202530400000800358,서울특별시 광진구청,서울특별시 광진구 뚝섬로36길 38 (자양동),,생활방범,1,,,,,02-450-7678,37.53294,127.07051,2025-10-28,I,2026-05-15 18:45:38,2025-10-29 10:49:28
3040000,202530400000800359,서울특별시 광진구청,서울특별시 광진구 동일로4길 74 (자양동),,생활방범,1,,,,,02-450-7678,37.53567,127.06498,2025-10-28,I,2026-05-15 18:45:38,2025-10-29 10:49:28
3040000,202530400000800360,서울특별시 광진구청,서울특별시 광진구 뚝섬로24길 48 (자양동),,생활방범,1,,,,,02-450-7678,37.5346,127.06286,2025-10-28,I,2026-05-15 18:45:38,2025-10-29 10:49:28
3040000,202530400000800361,서울특별시 광진구청,서울특별시 광진구 능동로 49 (자양동),,생활방범,1,,,,,02-450-7678,37.53444,127.06806,2025-10-28,I,2026-05-15 18:45:38,2025-10-29 10:49:29
3040000,202530400000800362,서울특별시 광진구청,서울특별시 광진구 능동로 25-1 (자양동),,생활방범,1,,,,,02-450-7678,37.53378,127.06778,2025-10-28,I,2026-05-15 18:45:38,2025-10-29 10:49:29
3040000,202530400000800363,서울특별시 광진구청,서울특별시 광진구 아차산로27길 45-6 (화양동),,생활방범,1,,,,,02-450-7678,37.54364,127.06826,2025-10-28,I,2026-05-15 18:45:38,2025-10-29 10:49:29
3040000,202530400000800364,서울특별시 광진구청,서울특별시 광진구 광나루로24길 53 (화양동),,생활방범,1,,,,,02-450-7678,37.54506,127.07811,2025-10-28,I,2026-05-15 18:45:38,2025-10-29 10:49:29
3040000,202530400000800365,서울특별시 광진구청,서울특별시 광진구 군자로13길 35 (군자동),,생활방범,1,,,,,02-450-7678,37.5519,127.07049,2025-10-28,I,2026-05-15 18:45:38,2025-10-29 10:49:29
3040000,202530400000800366,서울특별시 광진구청,서울특별시 광진구 광나루로38길 67 (구의동),,생활방범,1,,,,,02-450-7678,37.54207,127.08733,2025-10-28,I,2026-05-15 18:45:38,2025-10-29 10:49:29
3040000,202530400000800367,서울특별시 광진구청,서울특별시 광진구 광장로3길 18-21 (광장동),,생활방범,1,,,,,02-450-7678,37.54751,127.10309,2025-10-28,I,2026-05-15 18:45:38,2025-10-29 10:49:29
3040000,202530400000800368,서울특별시 광진구청,서울특별시 광진구 광장로5길 12 (광장동),,생활방범,1,,,,,02-450-7678,37.54822,127.10506,2025-10-28,I,2026-05-15 18:45:38,2025-10-29 10:49:29
3040000,202530400000800369,서울특별시 광진구청,서울특별시 광진구 광장로7길 24 (광장동),,생활방범,1,,,,,02-450-7678,37.54876,127.10537,2025-10-28,I,2026-05-15 18:45:38,2025-10-29 10:49:29
3040000,202530400000800370,서울특별시 광진구청,서울특별시 광진구 광장로1길 19 (광장동),,생활방범,1,,,,,02-450-7678,37.54783,127.10197,2025-10-28,I,2026-05-15 18:45:38,2025-10-29 10:49:29
3040000,202530400000800371,서울특별시 광진구청,서울특별시 광진구 아차산로69길 36 (광장동),,생활방범,1,,,,,02-450-7678,37.54388,127.0987,2025-10-28,I,2026-05-15 18:45:38,2025-10-29 10:49:29
3040000,202530400000800372,서울특별시 광진구청,서울특별시 광진구 아차산로66길 8 (광장동),,생활방범,1,,,,,02-450-7678,37.54133,127.09736,2025-10-28,I,2026-05-15 18:45:38,2025-10-29 10:49:29
3040000,202530400000800373,서울특별시 광진구청,서울특별시 광진구 아차산로55길 81 (구의동),,생활방범,1,,,,,02-450-7678,37.54111,127.08698,2025-10-28,I,2026-05-15 18:45:38,2025-10-29 10:49:29
3040000,202530400000800374,서울특별시 광진구청,서울특별시 광진구 자양로23길 65 (구의동),,생활방범,1,,,,,02-450-7678,37.54326,127.08366,2025-10-28,I,2026-05-15 18:45:38,2025-10-29 10:49:29
3040000,202530400000800375,서울특별시 광진구청,서울특별시 광진구 광나루로54길 20 (구의동),,생활방범,1,,,,,02-450-7678,37.54012,127.09531,2025-10-28,I,2026-05-15 18:45:38,2025-10-29 10:49:29
3040000,202530400000800376,서울특별시 광진구청,서울특별시 광진구 아차산로65길 57 (구의동),,생활방범,1,,,,,02-450-7678,37.54239,127.09235,2025-10-28,I,2026-05-15 18:45:38,2025-10-29 10:49:29
3040000,202530400000800377,서울특별시 광진구청,서울특별시 광진구 구의강변로3가길 3 (구의동),,생활방범,1,,,,,02-450-7678,37.53582,127.0916,2025-10-28,I,2026-05-15 18:45:38,2025-10-29 10:49:29
3040000,202530400000800378,서울특별시 광진구청,서울특별시 광진구 구의강변로3길 39 (구의동),,생활방범,1,,,,,02-450-7678,37.53659,127.0903,2025-10-28,I,2026-05-15 18:45:38,2025-10-29 10:49:29
3040000,202530400000800379,서울특별시 광진구청,서울특별시 광진구 동일로52길 24 (군자동),,생활방범,1,,,,,02-450-7678,37.55445,127.07243,2025-10-28,I,2026-05-15 18:45:38,2025-10-29 10:49:29
3040000,202530400000800380,서울특별시 광진구청,서울특별시 광진구 동일로46길 26 (군자동),,생활방범,1,,,,,02-450-7678,37.55355,127.07185,2025-10-28,I,2026-05-15 18:45:38,2025-10-29 10:49:29
3040000,202530400000800381,서울특별시 광진구청,서울특별시 광진구 면목로5길 59 (군자동),,생활방범,1,,,,,02-450-7678,37.55601,127.07321,2025-10-28,I,2026-05-15 18:45:38,2025-10-29 10:49:29
3040000,202530400000800382,서울특별시 광진구청,서울특별시 광진구 면목로5길 49 (군자동),,생활방범,1,,,,,02-450-7678,37.55645,127.07346,2025-10-28,I,2026-05-15 18:45:38,2025-10-29 10:49:29
3040000,202530400000800383,서울특별시 광진구청,서울특별시 광진구 동일로34길 19 (군자동),,생활방범,1,,,,,02-450-7678,37.54988,127.0697,2025-10-28,I,2026-05-15 18:45:38,2025-10-29 10:49:29
3040000,202530400000800384,서울특별시 광진구청,서울특별시 광진구 광나루로13길 30 (군자동),,생활방범,1,,,,,02-450-7678,37.54952,127.06883,2025-10-28,I,2026-05-15 18:45:38,2025-10-29 10:49:29
3040000,202530400000800385,서울특별시 광진구청,서울특별시 광진구 아차산로40길 28 (자양동),,생활방범,1,,,,,02-450-7678,37.53641,127.07814,2025-10-28,I,2026-05-15 18:45:38,2025-10-29 10:49:29
3040000,202530400000800386,서울특별시 광진구청,서울특별시 광진구 아차산로44길 26 (자양동),,생활방범,1,,,,,02-450-7678,37.53654,127.07973,2025-10-28,I,2026-05-15 18:45:38,2025-10-29 10:49:29
3040000,202530400000800387,서울특별시 광진구청,서울특별시 광진구 아차산로39길 11 (자양동),,생활방범,1,,,,,02-450-7678,37.53857,127.07718,2025-10-28,I,2026-05-15 18:45:38,2025-10-29 10:49:29
3040000,202530400000800388,서울특별시 광진구청,서울특별시 광진구 뚝섬로43길 7 (자양동),,생활방범,1,,,,,02-450-7678,37.53347,127.07673,2025-10-28,I,2026-05-15 18:45:38,2025-10-29 10:49:29
3040000,202530400000800389,서울특별시 광진구청,서울특별시 광진구 뚝섬로59길 18 (자양동),,생활방범,1,,,,,02-450-7678,37.533,127.08394,2025-10-28,I,2026-05-15 18:45:38,2025-10-29 10:49:29
3040000,202530400000800390,서울특별시 광진구청,서울특별시 광진구 아차산로41길 16 (자양동),,생활방범,1,,,,,02-450-7678,37.53858,127.07891,2025-10-28,I,2026-05-15 18:45:38,2025-10-29 10:49:29
3040000,202530400000800391,서울특별시 광진구청,서울특별시 광진구 뚝섬로56길 35 (자양동),,생활방범,1,,,,,02-450-7678,37.52999,127.08272,2025-10-28,I,2026-05-15 18:45:38,2025-10-29 10:49:29
3040000,202530400000800392,서울특별시 광진구청,서울특별시 광진구 자양번영로4길 17 (자양동),,생활방범,1,,,,,02-450-7678,37.53145,127.07655,2025-10-28,I,2026-05-15 18:45:38,2025-10-29 10:49:29
3040000,202530400000800393,서울특별시 광진구청,서울특별시 광진구 뚝섬로56길 59 (자양동),,생활방범,1,,,,,02-450-7678,37.52877,127.08288,2025-10-28,I,2026-05-15 18:45:38,2025-10-29 10:49:29
3040000,202530400000800394,서울특별시 광진구청,서울특별시 광진구 뚝섬로64길 14 (자양동),,생활방범,1,,,,,02-450-7678,37.53309,127.08886,2025-10-28,I,2026-05-15 18:45:38,2025-10-29 10:49:29
3040000,202530400000800395,서울특별시 광진구청,서울특별시 광진구 뚝섬로64길 70 (자양동),,생활방범,1,,,,,02-450-7678,37.53054,127.08914,2025-10-28,I,2026-05-15 18:45:38,2025-10-29 10:49:29
3040000,202530400000800396,서울특별시 광진구청,서울특별시 광진구 뚝섬로34길 13 (자양동),,생활방범,1,,,,,02-450-7678,37.53413,127.06976,2025-10-28,I,2026-05-15 18:45:38,2025-10-29 10:49:29
3040000,202530400000800397,서울특별시 광진구청,서울특별시 광진구 능동로4길 13 (자양동),,생활방범,1,,,,,02-450-7678,37.53338,127.06855,2025-10-28,I,2026-05-15 18:45:38,2025-10-29 10:49:29
3040000,202530400000800398,서울특별시 광진구청,서울특별시 광진구 뚝섬로37길 28 (자양동),,생활방범,1,,,,,02-450-7678,37.53545,127.07557,2025-10-28,I,2026-05-15 18:45:38,2025-10-29 10:49:29
3040000,202530400000800399,서울특별시 광진구청,서울특별시 광진구 뚝섬로22길 8 (자양동),,생활방범,1,,,,,02-450-7678,37.53653,127.06163,2025-10-28,I,2026-05-15 18:45:38,2025-10-29 10:49:29
3040000,202530400000800400,서울특별시 광진구청,서울특별시 광진구 뚝섬로25길 23 (자양동),,생활방범,1,,,,,02-450-7678,37.53706,127.06469,2025-10-28,I,2026-05-15 18:45:38,2025-10-29 10:49:29
3040000,202530400000800401,서울특별시 광진구청,서울특별시 광진구 능동로5길 7 (자양동),,생활방범,1,,,,,02-450-7678,37.53708,127.06807,2025-10-28,I,2026-05-15 18:45:38,2025-10-29 10:49:29
3040000,202530400000800402,서울특별시 광진구청,서울특별시 광진구 뚝섬로27길 43 (자양동),,생활방범,1,,,,,02-450-7678,37.53781,127.0662,2025-10-28,I,2026-05-15 18:45:38,2025-10-29 10:49:29
3040000,202530400000800403,서울특별시 광진구청,서울특별시 광진구 용마산로3길 98 (중곡동),,생활방범,1,,,,,02-450-7678,37.55732,127.0831,2025-10-28,I,2026-05-15 18:45:38,2025-10-29 10:49:29
3040000,202530400000800404,서울특별시 광진구청,서울특별시 광진구 긴고랑로7길 69 (중곡동),,생활방범,1,,,,,02-450-7678,37.56638,127.08068,2025-10-28,I,2026-05-15 18:45:38,2025-10-29 10:49:29
3040000,202530400000800405,서울특별시 광진구청,서울특별시 광진구 긴고랑로9길 46 (중곡동),,생활방범,1,,,,,02-450-7678,37.56556,127.0819,2025-10-28,I,2026-05-15 18:45:38,2025-10-29 10:49:29
3040000,202530400000800406,서울특별시 광진구청,서울특별시 광진구 용마산로28길 24 (중곡동),,생활방범,1,,,,,02-450-7678,37.56791,127.08702,2025-10-28,I,2026-05-15 18:45:38,2025-10-29 10:49:29
3040000,202530400000800407,서울특별시 광진구청,서울특별시 광진구 능동로15길 11 (화양동),,생활방범,1,,,,,02-450-7678,37.54518,127.07213,2025-10-28,I,2026-05-15 18:45:38,2025-10-29 10:49:29
3040000,202530400000800408,서울특별시 광진구청,서울특별시 광진구 능동로13길 39 (화양동),,생활방범,1,,,,,02-450-7678,37.54411,127.06975,2025-10-28,I,2026-05-15 18:45:38,2025-10-29 10:49:29
3040000,202530400000800409,서울특별시 광진구청,서울특별시 광진구 군자로2길 4 (화양동),,생활방범,1,,,,,02-450-7678,37.54433,127.07163,2025-10-28,I,2026-05-15 18:45:38,2025-10-29 10:49:29
3040000,202530400000800410,서울특별시 광진구청,서울특별시 광진구 면목로 127 (중곡동),,생활방범,1,,,,,02-450-7678,37.56515,127.08075,2025-10-28,I,2026-05-15 18:45:38,2025-10-29 10:49:29
3040000,202530400000800411,서울특별시 광진구청,서울특별시 광진구 긴고랑로3길 19-2 (중곡동),,생활방범,1,,,,,02-450-7678,37.56538,127.0783,2025-10-28,I,2026-05-15 18:45:38,2025-10-29 10:49:29
3040000,202530400000800412,서울특별시 광진구청,서울특별시 광진구 용마산로7길 59 (중곡동),,생활방범,1,,,,,02-450-7678,37.55997,127.08464,2025-10-28,I,2026-05-15 18:45:38,2025-10-29 10:49:29
3040000,202530400000800413,서울특별시 광진구청,서울특별시 광진구 긴고랑로17길11 (중곡동),,생활방범,1,,,,,02-450-7678,37.56299,127.08409,2025-10-28,I,2026-05-15 18:45:38,2025-10-29 10:49:29
3040000,202530400000800414,서울특별시 광진구청,서울특별시 광진구 답십리로74길 15 (중곡동),,생활방범,1,,,,,02-450-7678,37.57101,127.08051,2025-10-28,I,2026-05-15 18:45:38,2025-10-29 10:49:29
3040000,202530400000800415,서울특별시 광진구청,서울특별시 광진구 긴고랑로38길 14 (중곡동),,생활방범,1,,,,,02-450-7678,37.55843,127.09036,2025-10-28,I,2026-05-15 18:45:38,2025-10-29 10:49:29
3040000,202530400000800416,서울특별시 광진구청,서울특별시 광진구 자양로43길 123 (중곡동),,생활방범,1,,,,,02-450-7678,37.55593,127.08901,2025-10-28,I,2026-05-15 18:45:38,2025-10-29 10:49:29
3040000,202530400000800417,서울특별시 광진구청,서울특별시 광진구 용마산로30길 49 (중곡동),,생활방범,1,,,,,02-450-7678,37.56863,127.08898,2025-10-28,I,2026-05-15 18:45:38,2025-10-29 10:49:29
3040000,202530400000800418,서울특별시 광진구청,서울특별시 광진구 아차산로33길 16-8 (화양동),,생활방범,1,,,,,02-450-7678,37.54106,127.07033,2025-10-28,I,2026-05-15 18:45:38,2025-10-29 10:49:29
3040000,202530400000800419,서울특별시 광진구청,서울특별시 광진구 아차산로25길 76 (화양동),,생활방범,1,,,,,02-450-7678,37.54454,127.06815,2025-10-28,I,2026-05-15 18:45:38,2025-10-29 10:49:29
3040000,202530400000800420,서울특별시 광진구청,서울특별시 광진구 면목로5길 15 (군자동),,생활방범,1,,,,,02-450-7678,37.55657,127.07507,2025-10-28,I,2026-05-15 18:45:38,2025-10-29 10:49:29
3040000,202530400000800421,서울특별시 광진구청,서울특별시 광진구 능동로32길 29 (능동),,생활방범,1,,,,,02-450-7678,37.55489,127.08007,2025-10-28,I,2026-05-15 18:45:38,2025-10-29 10:49:29
3040000,202530400000800422,서울특별시 광진구청,서울특별시 광진구 능동로32길 82-26,,생활방범,1,,,,,02-450-7678,37.55332,127.08552,2025-10-28,I,2026-05-15 18:45:38,2025-10-29 10:49:29
3040000,202530400000800423,서울특별시 광진구청,서울특별시 광진구 아차산로45길 31 (자양동),,생활방범,1,,,,,02-450-7678,37.53824,127.07999,2025-10-28,I,2026-05-15 18:45:38,2025-10-29 10:49:29
3040000,202530400000800424,서울특별시 광진구청,서울특별시 광진구 뚝섬로52다길 45 (자양동),,생활방범,1,,,,,02-450-7678,37.52976,127.08148,2025-10-28,I,2026-05-15 18:45:38,2025-10-29 10:49:29
3040000,202530400000800425,서울특별시 광진구청,서울특별시 광진구 자양번영로9길 16-4 (자양동),,생활방범,1,,,,,02-450-7678,37.53645,127.0756,2025-10-28,I,2026-05-15 18:45:38,2025-10-29 10:49:29
3040000,202530400000800426,서울특별시 광진구청,서울특별시 광진구 뚝섬로40길 65 (자양동),,생활방범,1,,,,,02-450-7678,37.53137,127.07153,2025-10-28,I,2026-05-15 18:45:38,2025-10-29 10:49:29
3040000,202530400000800427,서울특별시 광진구청,서울특별시 광진구 뚝섬로27길 19 (자양동),,생활방범,1,,,,,02-450-7678,37.53693,127.06583,2025-10-28,I,2026-05-15 18:45:38,2025-10-29 10:49:29
3040000,202530400000800428,서울특별시 광진구청,서울특별시 광진구 광나루로40길 34 (구의동),,생활방범,1,,,,,02-450-7678,37.54333,127.08927,2025-10-28,I,2026-05-15 18:45:38,2025-10-29 10:49:29
3040000,202530400000800429,서울특별시 광진구청,서울특별시 광진구 천호대로134길 31 (구의동),,생활방범,1,,,,,02-450-7678,37.54821,127.08972,2025-10-28,I,2026-05-15 18:45:38,2025-10-29 10:49:29
3040000,202530400000800430,서울특별시 광진구청,서울특별시 광진구 자양로37길 22-10 (구의동),,생활방범,1,,,,,02-450-7678,37.54868,127.08741,2025-10-28,I,2026-05-15 18:45:38,2025-10-29 10:49:29
3040000,202530400000800431,서울특별시 광진구청,서울특별시 광진구 아차산로 63길 17 (구의동),,생활방범,1,,,,,02-450-7678,37.54042,127.09241,2025-10-28,I,2026-05-15 18:45:38,2025-10-29 10:49:29
3040000,202530400000800432,서울특별시 광진구청,서울특별시 광진구 자양로51길 46,,생활방범,1,,,,,02-450-7678,37.55477,127.09138,2025-10-28,I,2026-05-15 18:45:38,2025-10-29 10:49:29
3040000,202530400000800433,서울특별시 광진구청,서울특별시 광진구 아차산로 78길 153 (광장동),,생활방범,1,,,,,02-450-7678,37.5485,127.10918,2025-10-28,I,2026-05-15 18:45:38,2025-10-29 10:49:29
3040000,202530400000800434,서울특별시 광진구청,서울특별시 광진구 광장로9길 6 (광장동),,생활방범,1,,,,,02-450-7678,37.54822,127.10613,2025-10-28,I,2026-05-15 18:45:38,2025-10-29 10:49:29
3040000,202530400000800435,서울특별시 광진구청,서울특별시 광진구 능동로3다길 4 (자양동),,생활방범,1,,,,,02-450-7678,37.53398,127.06502,2025-10-28,I,2026-05-15 18:45:38,2025-10-29 10:49:29
3040000,202530400000800436,서울특별시 광진구청,서울특별시 광진구 긴고랑로 12길 40 (중곡동),,생활방범,1,,,,,02-450-7678,37.5612,127.07987,2025-10-28,I,2026-05-15 18:45:38,2025-10-29 10:49:29
3040000,202530400000800437,서울특별시 광진구청,서울특별시 광진구 긴고랑로 26길 23 (중곡동),,생활방범,1,,,,,02-450-7678,37.55858,127.08244,2025-10-28,I,2026-05-15 18:45:38,2025-10-29 10:49:29
3040000,202530400000800438,서울특별시 광진구청,서울특별시 광진구 영화사로9가길 39-15 (중곡동),,생활방범,1,,,,,02-450-7678,37.55656,127.09367,2025-10-28,I,2026-05-15 18:45:38,2025-10-29 10:49:29
3040000,202530400000800439,서울특별시 광진구청,서울특별시 광진구 동일로 44길 17 (군자동),,생활방범,1,,,,,02-450-7678,37.5531,127.07133,2025-10-28,I,2026-05-15 18:45:38,2025-10-29 10:49:29
3040000,202530400000800440,서울특별시 광진구청,서울특별시 광진구 능동로 32길 35 (능동),,생활방범,1,,,,,02-450-7678,37.55474,127.08081,2025-10-28,I,2026-05-15 18:45:38,2025-10-29 10:49:29
3040000,202530400000800441,서울특별시 광진구청,서울특별시 광진구 뚝섬로 631 (자양동),,생활방범,1,,,,,02-450-7678,37.53211,127.07974,2025-10-28,I,2026-05-15 18:45:38,2025-10-29 10:49:29
3040000,202530400000800442,서울특별시 광진구청,서울특별시 광진구 뚝섬로 700 (자양동),,생활방범,1,,,,,02-450-7678,37.53302,127.08694,2025-10-28,I,2026-05-15 18:45:38,2025-10-29 10:49:29
3040000,202530400000800443,서울특별시 광진구청,서울특별시 광진구 자양번영로 3길 27 (자양동),,생활방범,1,,,,,02-450-7678,37.53211,127.07342,2025-10-28,I,2026-05-15 18:45:38,2025-10-29 10:49:29
3040000,202530400000800444,서울특별시 광진구청,서울특별시 광진구 능동로 3길 20 (자양동),,생활방범,1,,,,,02-450-7678,37.53363,127.06658,2025-10-28,I,2026-05-15 18:45:38,2025-10-29 10:49:29
3040000,202530400000800445,서울특별시 광진구청,서울특별시 광진구 자양로28길 14 (구의동),,생활방범,1,,,,,02-450-7678,37.54236,127.08507,2025-10-28,I,2026-05-15 18:45:38,2025-10-29 10:49:29
3040000,202530400000800446,서울특별시 광진구청,서울특별시 광진구 자양로44가길 18 (구의동),,생활방범,1,,,,,02-450-7678,37.55089,127.09434,2025-10-28,I,2026-05-15 18:45:38,2025-10-29 10:49:29
3040000,202530400000800447,서울특별시 광진구청,서울특별시 광진구 구의로10길 12 (구의동),,생활방범,1,,,,,02-450-7678,37.54215,127.09092,2025-10-28,I,2026-05-15 18:45:38,2025-10-29 10:49:29
3040000,202530400000800448,서울특별시 광진구청,서울특별시 광진구 광장로1가길 49 (광장동),,생활방범,1,,,,,02-450-7678,37.54854,127.09989,2025-10-28,I,2026-05-15 18:45:38,2025-10-29 10:49:29
3040000,202530400000800449,서울특별시 광진구청,서울특별시 광진구 용마산로22길 82 (중곡동),,생활방범,1,,,,,02-450-7678,37.5672,127.08895,2025-10-28,I,2026-05-15 18:45:38,2025-10-29 10:49:29
3040000,202530400000800450,서울특별시 광진구청,서울특별시 광진구 용마산로22길 82 (중곡동),,생활방범,1,,,,,02-450-7678,37.56726,127.08838,2025-10-28,I,2026-05-15 18:45:38,2025-10-29 10:49:29
3040000,202530400000800451,서울특별시 광진구청,서울특별시 광진구 용마산로22길 82 (중곡동),,생활방범,1,,,,,02-450-7678,37.56725,127.08795,2025-10-28,I,2026-05-15 18:45:38,2025-10-29 10:49:30
3040000,202530400000800452,서울특별시 광진구청,서울특별시 광진구 용마산로22길 82 (중곡동),,생활방범,1,,,,,02-450-7678,37.56686,127.08787,2025-10-28,I,2026-05-15 18:45:38,2025-10-29 10:49:30
3040000,202530400000800453,서울특별시 광진구청,서울특별시 광진구 동일로 64길 20 (중곡동),,생활방범,1,,,,,02-450-7678,37.56058,127.0759,2025-10-28,I,2026-05-15 18:45:38,2025-10-29 10:49:30
3040000,202530400000800454,서울특별시 광진구청,서울특별시 광진구 능동로46길 28 (중곡동),,생활방범,1,,,,,02-450-7678,37.56075,127.08404,2025-10-28,I,2026-05-15 18:45:38,2025-10-29 10:49:30
3040000,202530400000800455,서울특별시 광진구청,서울특별시 광진구 동일로78길 46-33 (중곡동),,생활방범,1,,,,,02-450-7678,37.56842,127.08109,2025-10-28,I,2026-05-15 18:45:38,2025-10-29 10:49:30
3040000,202530400000800456,서울특별시 광진구청,서울특별시 광진구 긴고랑로 36길57 (중곡동),,생활방범,1,,,,,02-450-7678,37.55707,127.09126,2025-10-28,I,2026-05-15 18:45:38,2025-10-29 10:49:30
3040000,202530400000800457,서울특별시 광진구청,서울특별시 광진구 용마산로8가길 20-15 (중곡동),,생활방범,1,,,,,02-450-7678,37.56027,127.08969,2025-10-28,I,2026-05-15 18:45:38,2025-10-29 10:49:30
3040000,202530400000800458,서울특별시 광진구청,서울특별시 광진구 긴고랑로 36길 5 (중곡동),,생활방범,1,,,,,02-450-7678,37.55868,127.089,2025-10-28,I,2026-05-15 18:45:38,2025-10-29 10:49:30
3040000,202530400000800459,서울특별시 광진구청,서울특별시 광진구 광장로1다길31 (광장동),,생활방범,1,,,,,02-450-7678,37.55009,127.10233,2025-10-28,I,2026-05-15 18:45:38,2025-10-29 10:49:30
3040000,202530400000800460,서울특별시 광진구청,서울특별시 광진구 자양로 13길 31-8 (자양동),,생활방범,1,,,,,02-450-7678,37.53442,127.08288,2025-10-28,I,2026-05-15 18:45:38,2025-10-29 10:49:30
3040000,202530400000800461,서울특별시 광진구청,서울특별시 광진구 뚝섬로56길47 (자양동),,생활방범,1,,,,,02-450-7678,37.52936,127.08277,2025-10-28,I,2026-05-15 18:45:38,2025-10-29 10:49:30
3040000,202530400000800462,서울특별시 광진구청,서울특별시 광진구 자양번영로3길38-10 (자양동),,생활방범,1,,,,,02-450-7678,37.53249,127.07342,2025-10-28,I,2026-05-15 18:45:38,2025-10-29 10:49:30
3040000,202530400000800463,서울특별시 광진구청,서울특별시 광진구 동일로10가길23 (자양동),,생활방범,1,,,,,02-450-7678,37.53868,127.06383,2025-10-28,I,2026-05-15 18:45:38,2025-10-29 10:49:30
3040000,202530400000800464,서울특별시 광진구청,서울특별시 광진구 자양로28길 98 (구의동),,생활방범,1,,,,,02-450-7678,37.54154,127.0895,2025-10-28,I,2026-05-15 18:45:38,2025-10-29 10:49:30
3040000,202530400000800465,서울특별시 광진구청,서울특별시 광진구 자양로48길 20 (구의동),,생활방범,1,,,,,02-450-7678,37.55133,127.09317,2025-10-28,I,2026-05-15 18:45:38,2025-10-29 10:49:30
3040000,202530400000800466,서울특별시 광진구청,서울특별시 광진구 자양로53길21,,생활방범,1,,,,,02-450-7678,37.55441,127.09272,2025-10-28,I,2026-05-15 18:45:38,2025-10-29 10:49:30
3040000,202530400000800467,서울특별시 광진구청,서울특별시 광진구 아차산로25길 20-9 (화양동),,생활방범,1,,,,,02-450-7678,37.54213,127.06739,2025-10-28,I,2026-05-15 18:45:38,2025-10-29 10:49:30
3040000,202530400000800468,서울특별시 광진구청,서울특별시 광진구 동일로 30길 28 (화양동),,생활방범,1,,,,,02-450-7678,37.54758,127.0688,2025-10-28,I,2026-05-15 18:45:38,2025-10-29 10:49:30
3040000,202530400000800469,서울특별시 광진구청,서울특별시 광진구 면목로1길 19 (군자동),,생활방범,1,,,,,02-450-7678,37.55507,127.07453,2025-10-28,I,2026-05-15 18:45:38,2025-10-29 10:49:30
3040000,202530400000800470,서울특별시 광진구청,서울특별시 광진구 능동로 48길 36 (중곡동),,생활방범,1,,,,,02-450-7678,37.56224,127.08446,2025-10-28,I,2026-05-15 18:45:38,2025-10-29 10:49:30
3040000,202530400000800471,서울특별시 광진구청,서울특별시 광진구 아차산 순환도로 (광장동),,생활방범,1,,,,,02-450-7678,37.55117,127.1005,2025-10-28,I,2026-05-15 18:45:38,2025-10-29 10:49:30
3040000,202530400000800472,서울특별시 광진구청,서울특별시 광진구  천호대로102길 58 (군자동),,생활방범,1,,,,,02-450-7678,37.55673,127.07315,2025-10-28,I,2026-05-15 18:45:38,2025-10-29 10:49:30
3040000,202530400000800473,서울특별시 광진구청,서울특별시 광진구 자양로18길 72 (구의동),,생활방범,1,,,,,02-450-7678,37.53833,127.08744,2025-10-28,I,2026-05-15 18:45:38,2025-10-29 10:49:30
3040000,202530400000800474,서울특별시 광진구청,서울특별시 광진구 면목로 172 (중곡동),,생활방범,1,,,,,02-450-7678,37.56864,127.08282,2025-10-28,I,2026-05-15 18:45:38,2025-10-29 10:49:30
3040000,202530400000800475,서울특별시 광진구청,서울특별시 광진구 동일로22길 89 (화양동),,생활방범,1,,,,,02-450-7678,37.54116,127.06918,2025-10-28,I,2026-05-15 18:45:38,2025-10-29 10:49:30
3040000,202530400000800476,서울특별시 광진구청,서울특별시 광진구 자양로15길 56 (자양동),,생활방범,1,,,,,02-450-7678,37.53531,127.08059,2025-10-28,I,2026-05-15 18:45:38,2025-10-29 10:49:30
3040000,202530400000800477,서울특별시 광진구청,서울특별시 광진구 긴고랑로 185-2 (중곡동),,생활방범,1,,,,,02-450-7678,37.56021,127.09478,2025-10-28,I,2026-05-15 18:45:38,2025-10-29 10:49:30
3040000,202530400000800478,서울특별시 광진구청,서울특별시 광진구 자양로44길 30-1 (구의동),,생활방범,1,,,,,02-450-7678,37.55043,127.09311,2025-10-28,I,2026-05-15 18:45:38,2025-10-29 10:49:30
3040000,202530400000800479,서울특별시 광진구청,서울특별시 광진구 자양로2길 6 (자양동),,생활방범,1,,,,,02-450-7678,37.5307,127.0872,2025-10-28,I,2026-05-15 18:45:38,2025-10-29 10:49:30
3040000,202530400000800480,서울특별시 광진구청,서울특별시 광진구 동일로56가길 19-16,,생활방범,1,,,,,02-450-7678,37.55437,127.07305,2025-10-28,I,2026-05-15 18:45:38,2025-10-29 10:49:30
3040000,202530400000800481,서울특별시 광진구청,서울특별시 광진구 동일로56가길 19-16,,생활방범,1,,,,,02-450-7678,37.53395,127.09015,2025-10-28,I,2026-05-15 18:45:38,2025-10-29 10:49:30
3040000,202530400000800482,서울특별시 광진구청,서울특별시 광진구 긴고랑로38,,생활방범,1,,,,,02-450-7678,37.56283,127.08032,2025-10-28,I,2026-05-15 18:45:38,2025-10-29 10:49:30
3040000,202530400000800483,서울특별시 광진구청,서울특별시 광진구 긴고랑로30길34,,생활방범,1,,,,,02-450-7678,37.55825,127.08699,2025-10-28,I,2026-05-15 18:45:38,2025-10-29 10:49:30
3040000,202530400000800484,서울특별시 광진구청,서울특별시 광진구 능동로40길13,,생활방범,1,,,,,02-450-7678,37.55802,127.08086,2025-10-28,I,2026-05-15 18:45:38,2025-10-29 10:49:30
3040000,202530400000800485,서울특별시 광진구청,서울특별시 광진구 긴고랑로26길23,,생활방범,1,,,,,02-450-7678,37.55933,127.08501,2025-10-28,I,2026-05-15 18:45:38,2025-10-29 10:49:30
3040000,202530400000800486,서울특별시 광진구청,서울특별시 광진구 동일로78길47,,생활방범,1,,,,,02-450-7678,37.56876,127.08212,2025-10-28,I,2026-05-15 18:45:38,2025-10-29 10:49:30
3040000,202530400000800487,서울특별시 광진구청,서울특별시 광진구 능동로53길24-1,,생활방범,1,,,,,02-450-7678,37.56666,127.08318,2025-10-28,I,2026-05-15 18:45:38,2025-10-29 10:49:30
3040000,202530400000800488,서울특별시 광진구청,서울특별시 광진구 능동로50길 31-9,,생활방범,1,,,,,02-450-7678,37.56393,127.08525,2025-10-28,I,2026-05-15 18:45:38,2025-10-29 10:49:30
3040000,202530400000800489,서울특별시 광진구청,서울특별시 광진구 면목로182,,생활방범,1,,,,,02-450-7678,37.56941,127.08317,2025-10-28,I,2026-05-15 18:45:38,2025-10-29 10:49:30
3040000,202530400000800490,서울특별시 광진구청,서울특별시 광진구 면목로13길 17,,생활방범,1,,,,,02-450-7678,37.56922,127.0824,2025-10-28,I,2026-05-15 18:45:38,2025-10-29 10:49:30
3040000,202530400000800491,서울특별시 광진구청,서울특별시 광진구 용마산로33길 41,,생활방범,1,,,,,02-450-7678,37.57023,127.08382,2025-10-28,I,2026-05-15 18:45:38,2025-10-29 10:49:30
3040000,202530400000800492,서울특별시 광진구청,서울특별시 광진구 용마산로28나길15,,생활방범,1,,,,,02-450-7678,37.56825,127.08798,2025-10-28,I,2026-05-15 18:45:38,2025-10-29 10:49:30
3040000,202530400000800493,서울특별시 광진구청,서울특별시 광진구  천호대로127길19,,생활방범,1,,,,,02-450-7678,37.55366,127.08983,2025-10-28,I,2026-05-15 18:45:38,2025-10-29 10:49:30
3040000,202530400000800494,서울특별시 광진구청,서울특별시 광진구 용마산로20길9-1,,생활방범,1,,,,,02-450-7678,37.56268,127.08772,2025-10-28,I,2026-05-15 18:45:38,2025-10-29 10:49:30
3040000,202530400000800495,서울특별시 광진구청,서울특별시 광진구 용마산로8나길 36,,생활방범,1,,,,,02-450-7678,37.56015,127.09053,2025-10-28,I,2026-05-15 18:45:38,2025-10-29 10:49:30
3040000,202530400000800496,서울특별시 광진구청,서울특별시 광진구 긴고랑로 39길 54,,생활방범,1,,,,,02-450-7678,37.55932,127.09282,2025-10-28,I,2026-05-15 18:45:38,2025-10-29 10:49:30
3040000,202530400000800497,서울특별시 광진구청,서울특별시 광진구 천호대로112길 60,,생활방범,1,,,,,02-450-7678,37.55351,127.08017,2025-10-28,I,2026-05-15 18:45:38,2025-10-29 10:49:30
3040000,202530400000800498,서울특별시 광진구청,서울특별시 광진구 영화사로13길21,,생활방범,1,,,,,02-450-7678,37.55514,127.09445,2025-10-28,I,2026-05-15 18:45:38,2025-10-29 10:49:30
3040000,202530400000800499,서울특별시 광진구청,서울특별시 광진구 자양로209,,생활방범,1,,,,,02-450-7678,37.5459,127.0859,2025-10-28,I,2026-05-15 18:45:38,2025-10-29 10:49:30
3040000,202530400000800500,서울특별시 광진구청,서울특별시 광진구 광장로5길 25-1,,생활방범,1,,,,,02-450-7678,37.54865,127.10495,2025-10-28,I,2026-05-15 18:45:38,2025-10-29 10:49:30
3040000,202530400000800501,서울특별시 광진구청,서울특별시 광진구 광나루로595,,생활방범,1,,,,,02-450-7678,37.54253,127.09458,2025-10-28,I,2026-05-15 18:45:38,2025-10-29 10:49:30
3040000,202530400000800502,서울특별시 광진구청,서울특별시 광진구 천호대로 798,,생활방범,1,,,,,02-450-7678,37.54562,127.10196,2025-10-28,I,2026-05-15 18:45:38,2025-10-29 10:49:30
3040000,202530400000800503,서울특별시 광진구청,서울특별시 광진구 아차산로 78길 90,,생활방범,1,,,,,02-450-7678,37.55118,127.11069,2025-10-28,I,2026-05-15 18:45:38,2025-10-29 10:49:30
3040000,202530400000800504,서울특별시 광진구청,서울특별시 광진구 군자로 183,,생활방범,1,,,,,02-450-7678,37.55677,127.07821,2025-10-28,I,2026-05-15 18:45:38,2025-10-29 10:49:30
3040000,202530400000800505,서울특별시 광진구청,서울특별시 광진구 천호대로102길60,,생활방범,1,,,,,02-450-7678,37.55652,127.07283,2025-10-28,I,2026-05-15 18:45:38,2025-10-29 10:49:30
3040000,202530400000800506,서울특별시 광진구청,서울특별시 광진구 면목로38,,생활방범,1,,,,,02-450-7678,37.55741,127.07664,2025-10-28,I,2026-05-15 18:45:38,2025-10-29 10:49:30
3040000,202530400000800507,서울특별시 광진구청,서울특별시 광진구 능동로 267-14,,생활방범,1,,,,,02-450-7678,37.55418,127.07678,2025-10-28,I,2026-05-15 18:45:38,2025-10-29 10:49:30
3040000,202530400000800508,서울특별시 광진구청,서울특별시 광진구 자양로18길6,,생활방범,1,,,,,02-450-7678,37.53735,127.08387,2025-10-28,I,2026-05-15 18:45:38,2025-10-29 10:49:30
3040000,202530400000800509,서울특별시 광진구청,서울특별시 광진구 자양로25길 14-1,,생활방범,1,,,,,02-450-7678,37.54167,127.08301,2025-10-28,I,2026-05-15 18:45:38,2025-10-29 10:49:30
3040000,202530400000800510,서울특별시 광진구청,서울특별시 광진구 광나루로 38길 8,,생활방범,1,,,,,02-450-7678,37.54437,127.08802,2025-10-28,I,2026-05-15 18:45:38,2025-10-29 10:49:30
3040000,202530400000800511,서울특별시 광진구청,서울특별시 광진구 아차산로53길 62-14,,생활방범,1,,,,,02-450-7678,37.54027,127.08615,2025-10-28,I,2026-05-15 18:45:38,2025-10-29 10:49:30
3040000,202530400000800512,서울특별시 광진구청,서울특별시 광진구 아차산로 401-9,,생활방범,1,,,,,02-450-7678,37.53779,127.08701,2025-10-28,I,2026-05-15 18:45:38,2025-10-29 10:49:30
3040000,202530400000800513,서울특별시 광진구청,서울특별시 광진구 광나루로44길55,,생활방범,1,,,,,02-450-7678,37.54186,127.09121,2025-10-28,I,2026-05-15 18:45:38,2025-10-29 10:49:30
3040000,202530400000800514,서울특별시 광진구청,서울특별시 광진구 아차산로58가길15,,생활방범,1,,,,,02-450-7678,37.5359,127.09036,2025-10-28,I,2026-05-15 18:45:38,2025-10-29 10:49:30
3040000,202530400000800515,서울특별시 광진구청,서울특별시 광진구 뚝섬로47길29,,생활방범,1,,,,,02-450-7678,37.53369,127.07867,2025-10-28,I,2026-05-15 18:45:38,2025-10-29 10:49:30
3040000,202530400000800516,서울특별시 광진구청,서울특별시 광진구 자양로13다길10,,생활방범,1,,,,,02-450-7678,37.53271,127.07928,2025-10-28,I,2026-05-15 18:45:38,2025-10-29 10:49:30
3040000,202530400000800517,서울특별시 광진구청,서울특별시 광진구 뚝섬로681,,생활방범,1,,,,,02-450-7678,37.53227,127.08502,2025-10-28,I,2026-05-15 18:45:38,2025-10-29 10:49:30
3040000,202530400000800518,서울특별시 광진구청,서울특별시 광진구 자양로 117,,생활방범,1,,,,,02-450-7678,37.5389,127.08241,2025-10-28,I,2026-05-15 18:45:38,2025-10-29 10:49:30
3040000,202530400000800519,서울특별시 광진구청,서울특별시 광진구 자양로11길 11-1,,생활방범,1,,,,,02-450-7678,37.53456,127.08328,2025-10-28,I,2026-05-15 18:45:38,2025-10-29 10:49:30
3040000,202530400000800520,서울특별시 광진구청,서울특별시 광진구 자양로13길 20,,생활방범,1,,,,,02-450-7678,37.53526,127.08295,2025-10-28,I,2026-05-15 18:45:38,2025-10-29 10:49:30
3040000,202530400000800521,서울특별시 광진구청,서울특별시 광진구 자양로4가길6-10,,생활방범,1,,,,,02-450-7678,37.53204,127.08727,2025-10-28,I,2026-05-15 18:45:38,2025-10-29 10:49:30
3040000,202530400000800522,서울특별시 광진구청,서울특별시 광진구 뚝섬로52길 71,,생활방범,1,,,,,02-450-7678,37.52922,127.07837,2025-10-28,I,2026-05-15 18:45:38,2025-10-29 10:49:30
3040000,202530400000800523,서울특별시 광진구청,서울특별시 광진구 뚝섬로703-1,,생활방범,1,,,,,02-450-7678,37.53318,127.08757,2025-10-28,I,2026-05-15 18:45:38,2025-10-29 10:49:30
3040000,202530400000800524,서울특별시 광진구청,서울특별시 광진구 뚝섬로 54길 61,,생활방범,1,,,,,02-450-7678,37.52895,127.07978,2025-10-28,I,2026-05-15 18:45:38,2025-10-29 10:49:30
3040000,202530400000800525,서울특별시 광진구청,서울특별시 광진구 자양번영로1길15,,생활방범,1,,,,,02-450-7678,37.53058,127.07412,2025-10-28,I,2026-05-15 18:45:38,2025-10-29 10:49:30
3040000,202530400000800526,서울특별시 광진구청,서울특별시 광진구 자양번영로 7길 3,,생활방범,1,,,,,02-450-7678,37.53551,127.07636,2025-10-28,I,2026-05-15 18:45:38,2025-10-29 10:49:30
3040000,202530400000800527,서울특별시 광진구청,서울특별시 광진구 자양동 84-27,,생활방범,1,,,,,02-450-7678,37.53305,127.06438,2025-10-28,I,2026-05-15 18:45:38,2025-10-29 10:49:30
3040000,202530400000800528,서울특별시 광진구청,서울특별시 광진구 뚝섬로27길3,,생활방범,1,,,,,02-450-7678,37.5361,127.06594,2025-10-28,I,2026-05-15 18:45:38,2025-10-29 10:49:30
3040000,202530400000800529,서울특별시 광진구청,서울특별시 광진구 아차산로24길 17,,생활방범,1,,,,,02-450-7678,37.54017,127.06485,2025-10-28,I,2026-05-15 18:45:38,2025-10-29 10:49:30
3040000,202530400000800530,서울특별시 광진구청,서울특별시 광진구 아차산로192,,생활방범,1,,,,,02-450-7678,37.54129,127.0645,2025-10-28,I,2026-05-15 18:45:38,2025-10-29 10:49:30
3040000,202530400000800531,서울특별시 광진구청,서울특별시 광진구 자양강변길 119,,생활방범,1,,,,,02-450-7678,37.53216,127.06511,2025-10-28,I,2026-05-15 18:45:38,2025-10-29 10:49:30
3040000,202530400000800532,서울특별시 광진구청,서울특별시 광진구 동일로26길 47,,생활방범,1,,,,,02-450-7678,37.54463,127.06861,2025-10-28,I,2026-05-15 18:45:38,2025-10-29 10:49:30
3040000,202530400000800533,서울특별시 광진구청,서울특별시 광진구 동일로28길54,,생활방범,1,,,,,02-450-7678,37.54592,127.06948,2025-10-28,I,2026-05-15 18:45:38,2025-10-29 10:49:30
3040000,202530400000800534,서울특별시 광진구청,서울특별시 광진구 아차산로 23길 45,,생활방범,1,,,,,02-450-7678,37.54392,127.06687,2025-10-28,I,2026-05-15 18:45:38,2025-10-29 10:49:30
3040000,202530400000800535,서울특별시 광진구청,서울특별시 광진구 아차산로 21길 109,,생활방범,1,,,,,02-450-7678,37.54655,127.06739,2025-10-28,I,2026-05-15 18:45:38,2025-10-29 10:49:30
3040000,202530400000800536,서울특별시 광진구청,서울특별시 광진구 광나루로 14길 26,,생활방범,1,,,,,02-450-7678,37.54683,127.06836,2025-10-28,I,2026-05-15 18:45:38,2025-10-29 10:49:30
3040000,202530400000800537,서울특별시 광진구청,서울특별시 광진구 능동로 16길 14,,생활방범,1,,,,,02-450-7678,37.54483,127.07387,2025-10-28,I,2026-05-15 18:45:38,2025-10-29 10:49:30
3040000,202530400000800538,서울특별시 광진구청,서울특별시 광진구 긴고랑로7길 101,,생활방범,1,,,,,02-450-7678,37.56751,127.08137,2025-10-28,I,2026-05-15 18:45:38,2025-10-29 10:49:30
3040000,202530400000800539,서울특별시 광진구청,서울특별시 광진구 천호대로119길 16,,생활방범,1,,,,,02-450-7678,37.55537,127.08617,2025-10-28,I,2026-05-15 18:45:38,2025-10-29 10:49:31
3040000,202530400000800540,서울특별시 광진구청,서울특별시 광진구 용마산로 33길 9-7,,생활방범,1,,,,,02-450-7678,37.56975,127.08539,2025-10-28,I,2026-05-15 18:45:38,2025-10-29 10:49:31
3040000,202530400000800541,서울특별시 광진구청,서울특별시 광진구 영화사로 16,,생활방범,1,,,,,02-450-7678,37.55773,127.08931,2025-10-28,I,2026-05-15 18:45:38,2025-10-29 10:49:31
3040000,202530400000800542,서울특별시 광진구청,서울특별시 광진구 긴고랑로 44길 26-12,,생활방범,1,,,,,02-450-7678,37.55857,127.0945,2025-10-28,I,2026-05-15 18:45:38,2025-10-29 10:49:31
3040000,202530400000800543,서울특별시 광진구청,서울특별시 광진구 천호대로 114길 58,,생활방범,1,,,,,02-450-7678,37.55323,127.08162,2025-10-28,I,2026-05-15 18:45:38,2025-10-29 10:49:31
3040000,202530400000800544,서울특별시 광진구청,서울특별시 광진구 자양로 237-1,,생활방범,1,,,,,02-450-7678,37.54782,127.08806,2025-10-28,I,2026-05-15 18:45:38,2025-10-29 10:49:31
3040000,202530400000800545,서울특별시 광진구청,서울특별시 광진구 영화사로 11길 39,,생활방범,1,,,,,02-450-7678,37.55604,127.09512,2025-10-28,I,2026-05-15 18:45:38,2025-10-29 10:49:31
3040000,202530400000800546,서울특별시 광진구청,서울특별시 광진구 광장로 7길 27,,생활방범,1,,,,,02-450-7678,37.54898,127.10556,2025-10-28,I,2026-05-15 18:45:38,2025-10-29 10:49:31
3040000,202530400000800547,서울특별시 광진구청,서울특별시 광진구 동일로56길 48,,생활방범,1,,,,,02-450-7678,37.55536,127.07461,2025-10-28,I,2026-05-15 18:45:38,2025-10-29 10:49:31
3040000,202530400000800548,서울특별시 광진구청,서울특별시 광진구 동일로38길 17,,생활방범,1,,,,,02-450-7678,37.55124,127.07041,2025-10-28,I,2026-05-15 18:45:38,2025-10-29 10:49:31
3040000,202530400000800549,서울특별시 광진구청,서울특별시 광진구 동일로 212,,생활방범,1,,,,,02-450-7678,37.55053,127.06923,2025-10-28,I,2026-05-15 18:45:38,2025-10-29 10:49:31
3040000,202530400000800550,서울특별시 광진구청,서울특별시 광진구 군자로10길22,,생활방범,1,,,,,02-450-7678,37.54887,127.07189,2025-10-28,I,2026-05-15 18:45:38,2025-10-29 10:49:31
3040000,202530400000800551,서울특별시 광진구청,서울특별시 광진구 천호대로 104길22,,생활방범,1,,,,,02-450-7678,37.55755,127.07535,2025-10-28,I,2026-05-15 18:45:38,2025-10-29 10:49:31
3040000,202530400000800552,서울특별시 광진구청,서울특별시 광진구 광나루로 19길51,,생활방범,1,,,,,02-450-7678,37.54976,127.07265,2025-10-28,I,2026-05-15 18:45:38,2025-10-29 10:49:31
3040000,202530400000800553,서울특별시 광진구청,서울특별시 광진구 광나루로19길 31,,생활방범,1,,,,,02-450-7678,37.54897,127.0733,2025-10-28,I,2026-05-15 18:45:38,2025-10-29 10:49:31
3040000,202530400000800554,서울특별시 광진구청,서울특별시 광진구 광나루로 16길 18,,생활방범,1,,,,,02-450-7678,37.5468,127.06919,2025-10-28,I,2026-05-15 18:45:38,2025-10-29 10:49:31
3040000,202530400000800555,서울특별시 광진구청,서울특별시 광진구 군자로 43,,생활방범,1,,,,,02-450-7678,37.54706,127.07027,2025-10-28,I,2026-05-15 18:45:38,2025-10-29 10:49:31
3040000,202530400000800556,서울특별시 광진구청,서울특별시 광진구 능동로 17길 6,,생활방범,1,,,,,02-450-7678,37.54611,127.07297,2025-10-28,I,2026-05-15 18:45:38,2025-10-29 10:49:31
3040000,202530400000800557,서울특별시 광진구청,서울특별시 광진구 군자로 5길 29,,생활방범,1,,,,,02-450-7678,37.5448,127.06951,2025-10-28,I,2026-05-15 18:45:38,2025-10-29 10:49:31
3040000,202530400000800558,서울특별시 광진구청,서울특별시 광진구 능동로 13길 39,,생활방범,1,,,,,02-450-7678,37.54333,127.0704,2025-10-28,I,2026-05-15 18:45:38,2025-10-29 10:49:31
3040000,202530400000800559,서울특별시 광진구청,서울특별시 광진구 광나루로 14길 31,,생활방범,1,,,,,02-450-7678,37.54634,127.06813,2025-10-28,I,2026-05-15 18:45:38,2025-10-29 10:49:31
3040000,202530400000800560,서울특별시 광진구청,서울특별시 광진구 아차산로39길 36,,생활방범,1,,,,,02-450-7678,37.53894,127.07569,2025-10-28,I,2026-05-15 18:45:38,2025-10-29 10:49:31
3040000,202530400000800561,서울특별시 광진구청,서울특별시 광진구 아차산로 78길 18,,생활방범,1,,,,,02-450-7678,37.5504,127.10976,2025-10-28,I,2026-05-15 18:45:38,2025-10-29 10:49:31
3040000,202530400000800562,서울특별시 광진구청,서울특별시 광진구 아차산로 75길 9,,생활방범,1,,,,,02-450-7678,37.54628,127.10468,2025-10-28,I,2026-05-15 18:45:38,2025-10-29 10:49:31
3040000,202530400000800563,서울특별시 광진구청,서울특별시 광진구 능동로 25길 48,,생활방범,1,,,,,02-450-7678,37.5531,127.07471,2025-10-28,I,2026-05-15 18:45:38,2025-10-29 10:49:31
3040000,202530400000800564,서울특별시 광진구청,서울특별시 광진구 능동로 21길 14-10,,생활방범,1,,,,,02-450-7678,37.55175,127.07582,2025-10-28,I,2026-05-15 18:45:38,2025-10-29 10:49:31
3040000,202530400000800565,서울특별시 광진구청,서울특별시 광진구 군자로 160-1,,생활방범,1,,,,,02-450-7678,37.55511,127.07674,2025-10-28,I,2026-05-15 18:45:38,2025-10-29 10:49:31
3040000,202530400000800566,서울특별시 광진구청,서울특별시 광진구 동일로 26길 9,,생활방범,1,,,,,02-450-7678,37.54531,127.06668,2025-10-28,I,2026-05-15 18:45:38,2025-10-29 10:49:31
3040000,202530400000800567,서울특별시 광진구청,서울특별시 광진구 면목로9길31,,생활방범,1,,,,,02-450-7678,37.56079,127.07662,2025-10-28,I,2026-05-15 18:45:38,2025-10-29 10:49:31
3040000,202530400000800568,서울특별시 광진구청,서울특별시 광진구 천호대로123길83-13,,생활방범,1,,,,,02-450-7678,37.55913,127.08591,2025-10-28,I,2026-05-15 18:45:38,2025-10-29 10:49:31
3040000,202530400000800569,서울특별시 광진구청,서울특별시 광진구 면목로15길30,,생활방범,1,,,,,02-450-7678,37.56907,127.0813,2025-10-28,I,2026-05-15 18:45:38,2025-10-29 10:49:31
3040000,202530400000800570,서울특별시 광진구청,서울특별시 광진구 용마산로22길9,,생활방범,1,,,,,02-450-7678,37.56358,127.08772,2025-10-28,I,2026-05-15 18:45:38,2025-10-29 10:49:31
3040000,202530400000800571,서울특별시 광진구청,서울특별시 광진구 능동로24길60-84길,,생활방범,1,,,,,02-450-7678,37.55254,127.08014,2025-10-28,I,2026-05-15 18:45:38,2025-10-29 10:49:31
3040000,202530400000800572,서울특별시 광진구청,서울특별시 광진구 군자로11길11,,생활방범,1,,,,,02-450-7678,37.55078,127.07019,2025-10-28,I,2026-05-15 18:45:38,2025-10-29 10:49:31
3040000,202530400000800573,서울특별시 광진구청,서울특별시 광진구 군자로15길21,,생활방범,1,,,,,02-450-7678,37.55442,127.07351,2025-10-28,I,2026-05-15 18:45:38,2025-10-29 10:49:31
3040000,202530400000800574,서울특별시 광진구청,서울특별시 광진구 광장로1-20,,생활방범,1,,,,,02-450-7678,37.54638,127.10153,2025-10-28,I,2026-05-15 18:45:38,2025-10-29 10:49:31
3040000,202530400000800575,서울특별시 광진구청,서울특별시 광진구 광장로77,,생활방범,1,,,,,02-450-7678,37.54771,127.10573,2025-10-28,I,2026-05-15 18:45:38,2025-10-29 10:49:31
3040000,202530400000800576,서울특별시 광진구청,서울특별시 광진구 광장로89,,생활방범,1,,,,,02-450-7678,37.548,127.10692,2025-10-28,I,2026-05-15 18:45:38,2025-10-29 10:49:31
3040000,202530400000800577,서울특별시 광진구청,서울특별시 광진구 영화사로3나길 28,,생활방범,1,,,,,02-450-7678,37.55709,127.09369,2025-10-28,I,2026-05-15 18:45:38,2025-10-29 10:49:31
3040000,202530400000800578,서울특별시 광진구청,서울특별시 광진구 용마사로30길 37,,생활방범,1,,,,,02-450-7678,37.56865,127.08808,2025-10-28,I,2026-05-15 18:45:38,2025-10-29 10:49:31
3040000,202530400000800579,서울특별시 광진구청,서울특별시 광진구 자양로37길 85,,생활방범,1,,,,,02-450-7678,37.54747,127.0858,2025-10-28,I,2026-05-15 18:45:38,2025-10-29 10:49:31
3040000,202530400000800580,서울특별시 광진구청,서울특별시 광진구 광장로1나길 8,,생활방범,1,,,,,02-450-7678,37.54818,127.10197,2025-10-28,I,2026-05-15 18:45:38,2025-10-29 10:49:31
3040000,202530400000800581,서울특별시 광진구청,서울특별시 광진구 자양로15길 27,,생활방범,1,,,,,02-450-7678,37.53556,127.08238,2025-10-28,I,2026-05-15 18:45:38,2025-10-29 10:49:31
3040000,202530400000800582,서울특별시 광진구청,서울특별시 광진구 아차산로44가길 16,,생활방범,1,,,,,02-450-7678,37.53565,127.07975,2025-10-28,I,2026-05-15 18:45:38,2025-10-29 10:49:31
3040000,202530400000800583,서울특별시 광진구청,서울특별시 광진구 뚝섬로58길 58,,생활방범,1,,,,,02-450-7678,37.52958,127.08522,2025-10-28,I,2026-05-15 18:45:38,2025-10-29 10:49:31
3040000,202530400000800584,서울특별시 광진구청,서울특별시 광진구 뚝섬로33길 34,,생활방범,1,,,,,02-450-7678,37.53634,127.06992,2025-10-28,I,2026-05-15 18:45:38,2025-10-29 10:49:31
3040000,202530400000800585,서울특별시 광진구청,서울특별시 광진구 아차산로21길 62,,생활방범,1,,,,,02-450-7678,37.54446,127.06622,2025-10-28,I,2026-05-15 18:45:38,2025-10-29 10:49:31
3040000,202530400000800586,서울특별시 광진구청,서울특별시 광진구 면목로114,,생활방범,1,,,,,02-450-7678,37.56366,127.08013,2025-10-28,I,2026-05-15 18:45:38,2025-10-29 10:49:31
3040000,202530400000800587,서울특별시 광진구청,서울특별시 광진구 능동로 237,,생활방범,1,,,,,02-450-7678,37.55104,127.07614,2025-10-28,I,2026-05-15 18:45:38,2025-10-29 10:49:31
3040000,202530400000800588,서울특별시 광진구청,서울특별시 광진구 군자로 114,,생활방범,1,,,,,02-450-7678,37.54914,127.07518,2025-10-28,I,2026-05-15 18:45:38,2025-10-29 10:49:31
3040000,202530400000800589,서울특별시 광진구청,서울특별시 광진구 아차산로39길 38-7,,생활방범,1,,,,,02-450-7678,37.53923,127.0752,2025-10-28,I,2026-05-15 18:45:38,2025-10-29 10:49:31
3040000,202530400000800590,서울특별시 광진구청,서울특별시 광진구 아차산로39가길 8,,생활방범,1,,,,,02-450-7678,37.53915,127.07675,2025-10-28,I,2026-05-15 18:45:38,2025-10-29 10:49:31
3040000,202530400000800591,서울특별시 광진구청,서울특별시 광진구 광장로1다길 23,,생활방범,1,,,,,02-450-7678,37.54511,127.09887,2025-10-28,I,2026-05-15 18:45:38,2025-10-29 10:49:31
3040000,202530400000800592,서울특별시 광진구청,서울특별시 광진구 광장동 5-119,,생활방범,1,,,,,02-450-7678,37.55141,127.10197,2025-10-28,I,2026-05-15 18:45:38,2025-10-29 10:49:31
3040000,202530400000800593,서울특별시 광진구청,서울특별시 광진구 광장동 5-116,,생활방범,1,,,,,02-450-7678,37.55175,127.1035,2025-10-28,I,2026-05-15 18:45:38,2025-10-29 10:49:31
3040000,202530400000800594,서울특별시 광진구청,서울특별시 광진구 용마산로22길 76,,생활방범,1,,,,,02-450-7678,37.56586,127.08827,2025-10-28,I,2026-05-15 18:45:38,2025-10-29 10:49:31
3040000,202530400000800595,서울특별시 광진구청,서울특별시 광진구 군자동 111-2,,생활방범,1,,,,,02-450-7678,37.55324,127.07325,2025-10-28,I,2026-05-15 18:45:38,2025-10-29 10:49:31
3040000,202530400000800596,서울특별시 광진구청,서울특별시 광진구 자양로37길 43,,생활방범,1,,,,,02-450-7678,37.54895,127.08595,2025-10-28,I,2026-05-15 18:45:38,2025-10-29 10:49:31
3040000,202530400000800597,서울특별시 광진구청,서울특별시 광진구 자양로37길 38-6,,생활방범,1,,,,,02-450-7678,37.54884,127.08663,2025-10-28,I,2026-05-15 18:45:38,2025-10-29 10:49:31
3040000,202530400000800598,서울특별시 광진구청,서울특별시 광진구 구의동 4-20,,생활방범,1,,,,,02-450-7678,37.55317,127.09835,2025-10-28,I,2026-05-15 18:45:38,2025-10-29 10:49:31
3040000,202530400000800599,서울특별시 광진구청,서울특별시 광진구 워커힐로 32,,생활방범,1,,,,,02-450-7678,37.54473,127.09759,2025-10-28,I,2026-05-15 18:45:38,2025-10-29 10:49:31
3040000,202530400000800600,서울특별시 광진구청,서울특별시 광진구 강변역로 18,,생활방범,1,,,,,02-450-7678,37.53772,127.09166,2025-10-28,I,2026-05-15 18:45:38,2025-10-29 10:49:31
3040000,202530400000800601,서울특별시 광진구청,서울특별시 광진구 자양강변길 301,,생활방범,1,,,,,02-450-7678,37.52944,127.07532,2025-10-28,I,2026-05-15 18:45:38,2025-10-29 10:49:31
3040000,202530400000800602,서울특별시 광진구청,서울특별시 광진구 뚝섬로44길 56,,생활방범,1,,,,,02-450-7678,37.53031,127.0756,2025-10-28,I,2026-05-15 18:45:38,2025-10-29 10:49:31
3040000,202530400000800603,서울특별시 광진구청,서울특별시 광진구 뚝섬로 561,,생활방범,1,,,,,02-450-7678,37.53397,127.07253,2025-10-28,I,2026-05-15 18:45:38,2025-10-29 10:49:31
3040000,202530400000800604,서울특별시 광진구청,서울특별시 광진구 천호대로138길 40,,생활방범,1,,,,,02-450-7678,37.54739,127.0921,2025-10-28,I,2026-05-15 18:45:38,2025-10-29 10:49:31
3040000,202530400000800605,서울특별시 광진구청,서울특별시 광진구 광장로1가길 13,,생활방범,1,,,,,02-450-7678,37.54749,127.10122,2025-10-28,I,2026-05-15 18:45:38,2025-10-29 10:49:31
3040000,202530400000800606,서울특별시 광진구청,서울특별시 광진구 자양로 35,,생활방범,1,,,,,02-450-7678,37.53091,127.08628,2025-10-28,I,2026-05-15 18:45:38,2025-10-29 10:49:31
3040000,202530400000800607,서울특별시 광진구청,서울특별시 광진구 자양로3길 16,,생활방범,1,,,,,02-450-7678,37.53061,127.08561,2025-10-28,I,2026-05-15 18:45:38,2025-10-29 10:49:31
3040000,202530400000800608,서울특별시 광진구청,서울특별시 광진구 뚝섬로64길 45,,생활방범,1,,,,,02-450-7678,37.53114,127.09032,2025-10-28,I,2026-05-15 18:45:38,2025-10-29 10:49:31
3040000,202530400000800609,서울특별시 광진구청,서울특별시 광진구 자양동 783-2,,생활방범,1,,,,,02-450-7678,37.53575,127.07439,2025-10-28,I,2026-05-15 18:45:38,2025-10-29 10:49:31
3040000,202530400000800610,서울특별시 광진구청,서울특별시 광진구 능동로3길 61-8,,생활방범,1,,,,,02-450-7678,37.53382,127.06383,2025-10-28,I,2026-05-15 18:45:38,2025-10-29 10:49:31
3040000,202530400000800611,서울특별시 광진구청,서울특별시 광진구 자양동 57-2,,생활방범,1,,,,,02-450-7678,37.53273,127.06291,2025-10-28,I,2026-05-15 18:45:38,2025-10-29 10:49:31
3040000,202530400000800612,서울특별시 광진구청,서울특별시 광진구 광나루로30길 80,,생활방범,1,,,,,02-450-7678,37.54307,127.08037,2025-10-28,I,2026-05-15 18:45:38,2025-10-29 10:49:31
3040000,202530400000800613,서울특별시 광진구청,서울특별시 광진구 뚝섬로58길 68,,생활방범,1,,,,,02-450-7678,37.52926,127.08454,2025-10-28,I,2026-05-15 18:45:38,2025-10-29 10:49:32
3040000,202530400000800614,서울특별시 광진구청,서울특별시 광진구 아차산로70 17-16,,생활방범,1,,,,,02-450-7678,37.54058,127.10275,2025-10-28,I,2026-05-15 18:45:38,2025-10-29 10:49:32
3040000,202530400000800615,서울특별시 광진구청,서울특별시 광진구 동일로22길 117-20,,생활방범,1,,,,,02-450-7678,37.54128,127.07084,2025-10-28,I,2026-05-15 18:45:38,2025-10-29 10:49:32
3040000,202530400000800616,서울특별시 광진구청,서울특별시 광진구 아차산로27길 60,,생활방범,1,,,,,02-450-7678,37.54406,127.06899,2025-10-28,I,2026-05-15 18:45:38,2025-10-29 10:49:32
3040000,202530400000800617,서울특별시 광진구청,서울특별시 광진구 능동로103,,생활방범,1,,,,,02-450-7678,37.54017,127.07055,2025-10-28,I,2026-05-15 18:45:38,2025-10-29 10:49:32
3040000,202530400000800618,서울특별시 광진구청,서울특별시 광진구 아차산로27길 20,,생활방범,1,,,,,02-450-7678,37.54261,127.06802,2025-10-28,I,2026-05-15 18:45:38,2025-10-29 10:49:32
3040000,202530400000800619,서울특별시 광진구청,서울특별시 광진구 광나루로22가길 12,,생활방범,1,,,,,02-450-7678,37.54597,127.07553,2025-10-28,I,2026-05-15 18:45:38,2025-10-29 10:49:32
3040000,202530400000800620,서울특별시 광진구청,서울특별시 광진구 아차산로23길 23-5,,생활방범,1,,,,,02-450-7678,37.54327,127.06614,2025-10-28,I,2026-05-15 18:45:38,2025-10-29 10:49:32
3040000,202530400000800621,서울특별시 광진구청,서울특별시 광진구 군자로6길 20,,생활방범,1,,,,,02-450-7678,37.54593,127.07174,2025-10-28,I,2026-05-15 18:45:38,2025-10-29 10:49:32
3040000,202530400000800622,서울특별시 광진구청,서울특별시 광진구 군자로6길 51,,생활방범,1,,,,,02-450-7678,37.54581,127.0723,2025-10-28,I,2026-05-15 18:45:38,2025-10-29 10:49:32
3040000,202530400000800623,서울특별시 광진구청,서울특별시 광진구 천호대로111길 9,,생활방범,1,,,,,02-450-7678,37.55694,127.08217,2025-10-28,I,2026-05-15 18:45:38,2025-10-29 10:49:32
3040000,202530400000800624,서울특별시 광진구청,서울특별시 광진구 천호대로 585,,생활방범,1,,,,,02-450-7678,37.55594,127.08322,2025-10-28,I,2026-05-15 18:45:38,2025-10-29 10:49:32
3040000,202530400000800625,서울특별시 광진구청,서울특별시 광진구 천호대로 115길 29,,생활방범,1,,,,,02-450-7678,37.5571,127.08394,2025-10-28,I,2026-05-15 18:45:38,2025-10-29 10:49:32
3040000,202530400000800626,서울특별시 광진구청,서울특별시 광진구 긴고랑로20길 28,,생활방범,1,,,,,02-450-7678,37.56003,127.08321,2025-10-28,I,2026-05-15 18:45:38,2025-10-29 10:49:32
3040000,202530400000800627,서울특별시 광진구청,서울특별시 광진구 동일로 338,,생활방범,1,,,,,02-450-7678,37.56084,127.07502,2025-10-28,I,2026-05-15 18:45:38,2025-10-29 10:49:32
3040000,202530400000800628,서울특별시 광진구청,서울특별시 광진구 동일로 360,,생활방범,1,,,,,02-450-7678,37.56299,127.07579,2025-10-28,I,2026-05-15 18:45:38,2025-10-29 10:49:32
3040000,202530400000800629,서울특별시 광진구청,서울특별시 광진구 동일로68길 49,,생활방범,1,,,,,02-450-7678,37.5612,127.07835,2025-10-28,I,2026-05-15 18:45:38,2025-10-29 10:49:32
3040000,202530400000800630,서울특별시 광진구청,서울특별시 광진구 용마산로 183,,생활방범,1,,,,,02-450-7678,37.57009,127.08609,2025-10-28,I,2026-05-15 18:45:38,2025-10-29 10:49:32
3040000,202530400000800631,서울특별시 광진구청,서울특별시 광진구 용마산로22길 5-8,,생활방범,1,,,,,02-450-7678,37.56121,127.08725,2025-10-28,I,2026-05-15 18:45:38,2025-10-29 10:49:32
3040000,202530400000800632,서울특별시 광진구청,서울특별시 광진구 용마산로22길 19-19,,생활방범,1,,,,,02-450-7678,37.5646,127.088,2025-10-28,I,2026-05-15 18:45:38,2025-10-29 10:49:32
3040000,202530400000800633,서울특별시 광진구청,서울특별시 광진구 용마산로8라길 30,,생활방범,1,,,,,02-450-7678,37.56121,127.09047,2025-10-28,I,2026-05-15 18:45:38,2025-10-29 10:49:32
3040000,202530400000800634,서울특별시 광진구청,서울특별시 광진구 자양로51길 28,,생활방범,1,,,,,02-450-7678,37.55401,127.09231,2025-10-28,I,2026-05-15 18:45:38,2025-10-29 10:49:32
3040000,202530400000800635,서울특별시 광진구청,서울특별시 광진구 천호대로 623-1,,생활방범,1,,,,,02-450-7678,37.55435,127.18707,2025-10-28,I,2026-05-15 18:45:38,2025-10-29 10:49:32
3040000,202530400000800636,서울특별시 광진구청,서울특별시 광진구 능동로36길 186,,생활방범,1,,,,,02-450-7678,37.55238,127.08842,2025-10-28,I,2026-05-15 18:45:38,2025-10-29 10:49:32
3040000,202530400000800637,서울특별시 광진구청,서울특별시 광진구 자양로41길 26-9,,생활방범,1,,,,,02-450-7678,37.55039,127.08989,2025-10-28,I,2026-05-15 18:45:38,2025-10-29 10:49:32
3040000,202530400000800638,서울특별시 광진구청,서울특별시 광진구 자양로 282,,생활방범,1,,,,,02-450-7678,37.55092,127.09155,2025-10-28,I,2026-05-15 18:45:38,2025-10-29 10:49:32
3040000,202530400000800639,서울특별시 광진구청,서울특별시 광진구 자양로37길 38,,생활방범,1,,,,,02-450-7678,37.54872,127.08639,2025-10-28,I,2026-05-15 18:45:38,2025-10-29 10:49:32
3040000,202530400000800640,서울특별시 광진구청,서울특별시 광진구 뚝섬로52가길 42,,생활방범,1,,,,,02-450-7678,37.53081,127.08158,2025-10-28,I,2026-05-15 18:45:38,2025-10-29 10:49:32
3040000,202530400000800641,서울특별시 광진구청,서울특별시 광진구 뚝섬로52가길 10,,생활방범,1,,,,,02-450-7678,37.53125,127.07997,2025-10-28,I,2026-05-15 18:45:38,2025-10-29 10:49:32
3040000,202530400000800642,서울특별시 광진구청,서울특별시 광진구 뚝섬로24길 74,,생활방범,1,,,,,02-450-7678,37.53301,127.06225,2025-10-28,I,2026-05-15 18:45:38,2025-10-29 10:49:32
3040000,202530400000800643,서울특별시 광진구청,서울특별시 광진구 용마산로 160,,생활방범,1,,,,,02-450-7678,37.56804,127.08617,2025-10-28,I,2026-05-15 18:45:38,2025-10-29 10:49:32
3040000,202530400000800644,서울특별시 광진구청,서울특별시 광진구 뚝섬로31가길 12,,생활방범,1,,,,,02-450-7678,37.53612,127.06733,2025-10-28,I,2026-05-15 18:45:38,2025-10-29 10:49:32
3040000,202530400000800645,서울특별시 광진구청,서울특별시 광진구 자양로15길 72,,생활방범,1,,,,,02-450-7678,37.53502,127.07974,2025-10-28,I,2026-05-15 18:45:38,2025-10-29 10:49:32
3040000,202530400000800646,서울특별시 광진구청,서울특별시 광진구 군자로 96-14,,생활방범,1,,,,,02-450-7678,37.55133,127.07181,2025-10-28,I,2026-05-15 18:45:38,2025-10-29 10:49:32
3040000,202530400000800647,서울특별시 광진구청,서울특별시 광진구 군자로2길 4,,생활방범,1,,,,,02-450-7678,37.54446,127.01526,2025-10-28,I,2026-05-15 18:45:38,2025-10-29 10:49:32
3040000,202530400000800648,서울특별시 광진구청,서울특별시 광진구 용마산로8마길 26,,생활방범,1,,,,,02-450-7678,37.56131,127.09084,2025-10-28,I,2026-05-15 18:45:38,2025-10-29 10:49:32
3040000,202530400000800649,서울특별시 광진구청,서울특별시 광진구 면목로 136-1,,생활방범,1,,,,,02-450-7678,37.56551,127.08112,2025-10-28,I,2026-05-15 18:45:38,2025-10-29 10:49:32
3040000,202530400000800650,서울특별시 광진구청,서울특별시 광진구 뚝섬로58가길 9,,생활방범,1,,,,,02-450-7678,37.53072,127.08424,2025-10-28,I,2026-05-15 18:45:38,2025-10-29 10:49:32
3040000,202530400000800651,서울특별시 광진구청,서울특별시 광진구 강변역로 53,,생활방범,1,,,,,02-450-7678,37.53559,127.09385,2025-10-28,I,2026-05-15 18:45:38,2025-10-29 10:49:32
3040000,202530400000800652,서울특별시 광진구청,서울특별시 광진구 자양로 96,,생활방범,1,,,,,02-450-7678,37.53621,127.0839,2025-10-28,I,2026-05-15 18:45:38,2025-10-29 10:49:32
3040000,202530400000800653,서울특별시 광진구청,서울특별시 광진구 구의로3길 11,,생활방범,1,,,,,02-450-7678,37.54025,127.08794,2025-10-28,I,2026-05-15 18:45:38,2025-10-29 10:49:32
3040000,202530400000800654,서울특별시 광진구청,서울특별시 광진구 구의로 19,,생활방범,1,,,,,02-450-7678,37.53969,127.08939,2025-10-28,I,2026-05-15 18:45:38,2025-10-29 10:49:32
3040000,202530400000800655,서울특별시 광진구청,서울특별시 광진구 천호대로107길 40,,생활방범,1,,,,,02-450-7678,37.5594,127.07916,2025-10-28,I,2026-05-15 18:45:38,2025-10-29 10:49:32
3040000,202530400000800656,서울특별시 광진구청,서울특별시 광진구 동일로32길 14-6,,생활방범,1,,,,,02-450-7678,37.54908,127.0689,2025-10-28,I,2026-05-15 18:45:38,2025-10-29 10:49:32
3040000,202530400000800657,서울특별시 광진구청,서울특별시 광진구 면목로 5길 36,,생활방범,1,,,,,02-450-7678,37.55658,127.07408,2025-10-28,I,2026-05-15 18:45:38,2025-10-29 10:49:32
3040000,202530400000800658,서울특별시 광진구청,서울특별시 광진구 아차산로 241,,생활방범,1,,,,,02-450-7678,37.54029,127.07021,2025-10-28,I,2026-05-15 18:45:38,2025-10-29 10:49:32
3040000,202530400000800659,서울특별시 광진구청,서울특별시 광진구 영화사로3길 53,,생활방범,1,,,,,02-450-7678,37.55824,127.09265,2025-10-28,I,2026-05-15 18:45:38,2025-10-29 10:49:32
3040000,202530400000800660,서울특별시 광진구청,서울특별시 광진구 뚝섬로50길 39,,생활방범,1,,,,,02-450-7678,37.53063,127.07782,2025-10-28,I,2026-05-15 18:45:38,2025-10-29 10:49:32
3040000,202530400000800661,서울특별시 광진구청,서울특별시 광진구 구의강변로 77,,생활방범,1,,,,,02-450-7678,37.53769,127.0933,2025-10-28,I,2026-05-15 18:45:38,2025-10-29 10:49:32
3040000,202530400000800662,서울특별시 광진구청,서울특별시 광진구 자양로 130,,생활방범,1,,,,,02-450-7678,37.5395,127.08337,2025-10-28,I,2026-05-15 18:45:38,2025-10-29 10:49:32
3040000,202530400000800663,서울특별시 광진구청,서울특별시 광진구 뚝섬로23가길 35,,생활방범,1,,,,,02-450-7678,37.53867,127.0659,2025-10-28,I,2026-05-15 18:45:38,2025-10-29 10:49:32
3040000,202530400000800664,서울특별시 광진구청,서울특별시 광진구 뚝섬로 515,,생활방범,1,,,,,02-450-7678,37.53564,127.06755,2025-10-28,I,2026-05-15 18:45:38,2025-10-29 10:49:32
3040000,202530400000800665,서울특별시 광진구청,서울특별시 광진구 광나루로13길 16,,생활방범,1,,,,,02-450-7678,37.549,127.0686,2025-10-28,I,2026-05-15 18:45:38,2025-10-29 10:49:32
3040000,202530400000800666,서울특별시 광진구청,서울특별시 광진구 능동로 160,,생활방범,1,,,,,02-450-7678,37.54487,127.07313,2025-10-28,I,2026-05-15 18:45:38,2025-10-29 10:49:32
3040000,202530400000800667,서울특별시 광진구청,서울특별시 광진구 능동로19길 10,,생활방범,1,,,,,02-450-7678,37.54705,127.07328,2025-10-28,I,2026-05-15 18:45:38,2025-10-29 10:49:32
3040000,202530400000800668,서울특별시 광진구청,서울특별시 광진구 광나루로 424,,생활방범,1,,,,,02-450-7678,37.54607,127.07634,2025-10-28,I,2026-05-15 18:45:38,2025-10-29 10:49:32
3040000,202530400000800669,서울특별시 광진구청,서울특별시 광진구 능동로23길 12,,생활방범,1,,,,,02-450-7678,37.55212,127.07614,2025-10-28,I,2026-05-15 18:45:38,2025-10-29 10:49:32
3040000,202530400000800670,서울특별시 광진구청,서울특별시 광진구 아차산로 306,,생활방범,1,,,,,02-450-7678,37.538,127.07703,2025-10-28,I,2026-05-15 18:45:38,2025-10-29 10:49:32
3040000,202530400000800671,서울특별시 광진구청,서울특별시 광진구 자양로23나길 7,,생활방범,1,,,,,02-450-7678,37.54222,127.08263,2025-10-28,I,2026-05-15 18:45:38,2025-10-29 10:49:32
3040000,202530400000800672,서울특별시 광진구청,서울특별시 광진구 아차산로 401,,생활방범,1,,,,,02-450-7678,37.53759,127.08735,2025-10-28,I,2026-05-15 18:45:38,2025-10-29 10:49:32
3040000,202530400000800673,서울특별시 광진구청,서울특별시 광진구 뚝섬로64길 50,,생활방범,1,,,,,02-450-7678,37.5313,127.08904,2025-10-28,I,2026-05-15 18:45:38,2025-10-29 10:49:32
3040000,202530400000800674,서울특별시 광진구청,서울특별시 광진구 자양로44길 113,,생활방범,1,,,,,02-450-7678,37.55089,127.09696,2025-10-28,I,2026-05-15 18:45:38,2025-10-29 10:49:32
3040000,202530400000800675,서울특별시 광진구청,서울특별시 광진구 아차산로76길 34,,생활방범,1,,,,,02-450-7678,37.54665,127.10738,2025-10-28,I,2026-05-15 18:45:38,2025-10-29 10:49:32
3040000,202530400000800676,서울특별시 광진구청,서울특별시 광진구 아차산로78가길 3,,생활방범,1,,,,,02-450-7678,37.54951,127.10931,2025-10-28,I,2026-05-15 18:45:38,2025-10-29 10:49:32
3040000,202530400000800677,서울특별시 광진구청,서울특별시 광진구 아차산로55길 61,,생활방범,1,,,,,02-450-7678,37.54012,127.08655,2025-10-28,I,2026-05-15 18:45:38,2025-10-29 10:49:32
3040000,202530400000800678,서울특별시 광진구청,서울특별시 광진구 뚝섬로57길 50,,생활방범,1,,,,,02-450-7678,37.53394,127.08245,2025-10-28,I,2026-05-15 18:45:38,2025-10-29 10:49:32
3040000,202530400000800679,서울특별시 광진구청,서울특별시 광진구 자양로3길 65-9,,생활방범,1,,,,,02-450-7678,37.52926,127.08315,2025-10-28,I,2026-05-15 18:45:38,2025-10-29 10:49:32
3040000,202530400000800680,서울특별시 광진구청,서울특별시 광진구 군자로13길 18-7,,생활방범,1,,,,,02-450-7678,37.55272,127.07094,2025-10-28,I,2026-05-15 18:45:38,2025-10-29 10:49:32
3040000,202530400000800681,서울특별시 광진구청,서울특별시 광진구 동일로60길 14,,생활방범,1,,,,,02-450-7678,37.55848,127.07405,2025-10-28,I,2026-05-15 18:45:38,2025-10-29 10:49:32
3040000,202530400000800682,서울특별시 광진구청,서울특별시 광진구 천호대로129길 49,,생활방범,1,,,,,02-450-7678,37.55369,127.09187,2025-10-28,I,2026-05-15 18:45:38,2025-10-29 10:49:32
3040000,202530400000800683,서울특별시 광진구청,서울특별시 광진구 뚝섬로26길 5,,생활방범,1,,,,,02-450-7678,37.53615,127.06454,2025-10-28,I,2026-05-15 18:45:38,2025-10-29 10:49:32
3040000,202530400000800684,서울특별시 광진구청,서울특별시 광진구 영화사로9나길 32,,생활방범,1,,,,,02-450-7678,37.55759,127.09572,2025-10-28,I,2026-05-15 18:45:38,2025-10-29 10:49:32
3040000,202530400000800685,서울특별시 광진구청,서울특별시 광진구 광나루로40길 56,,생활방범,1,,,,,02-450-7678,37.54229,127.08899,2025-10-28,I,2026-05-15 18:45:38,2025-10-29 10:49:32
3040000,202530400000800686,서울특별시 광진구청,서울특별시 광진구 자양로50길 22-8,,생활방범,1,,,,,02-450-7678,37.55182,127.09369,2025-10-28,I,2026-05-15 18:45:38,2025-10-29 10:49:32
3040000,202530400000800687,서울특별시 광진구청,서울특별시 광진구 용마산로14길 9-5,,생활방범,1,,,,,02-450-7678,37.56152,127.08798,2025-10-28,I,2026-05-15 18:45:38,2025-10-29 10:49:32
3040000,202530400000800688,서울특별시 광진구청,서울특별시 광진구 천호대로119길 61,,생활방범,1,,,,,02-450-7678,37.55755,127.08585,2025-10-28,I,2026-05-15 18:45:38,2025-10-29 10:49:32
3040000,202530400000800689,서울특별시 광진구청,서울특별시 광진구 자양로42길 44 (구의동),,생활방범,1,,,,,02-450-7678,37.54832,127.09216,2025-10-28,I,2026-05-15 18:45:38,2025-10-29 10:49:32
3040000,202530400000800690,서울특별시 광진구청,서울특별시 광진구 광나루로52길 12 (구의동),,생활방범,1,,,,,02-450-7678,37.54125,127.09432,2025-10-28,I,2026-05-15 18:45:38,2025-10-29 10:49:32
3040000,202530400000800691,서울특별시 광진구청,서울특별시 광진구 아차산로60길 13-8,,생활방범,1,,,,,02-450-7678,37.53804,127.09237,2025-10-28,I,2026-05-15 18:45:38,2025-10-29 10:49:32
3040000,202530400000800692,서울특별시 광진구청,서울특별시 광진구 아차산로59길 49 (구의동),,생활방범,1,,,,,02-450-7678,37.5406,127.09066,2025-10-28,I,2026-05-15 18:45:38,2025-10-29 10:49:32
3040000,202530400000800693,서울특별시 광진구청,서울특별시 광진구 광나루로44길 32 (구의동),,생활방범,1,,,,,02-450-7678,37.54288,127.09113,2025-10-28,I,2026-05-15 18:45:38,2025-10-29 10:49:32
3040000,202530400000800694,서울특별시 광진구청,서울특별시 광진구 광나루로56길 86 (구의동),,생활방범,1,,,,,02-450-7678,37.53675,127.09481,2025-10-28,I,2026-05-15 18:45:38,2025-10-29 10:49:32
3040000,202530400000800695,서울특별시 광진구청,서울특별시 광진구 광나루로56길 86 (구의동),,생활방범,1,,,,,02-450-7678,37.53735,127.09452,2025-10-28,I,2026-05-15 18:45:38,2025-10-29 10:49:32
3040000,202530400000800696,서울특별시 광진구청,서울특별시 광진구 동일로56길 29 (군자동),,생활방범,1,,,,,02-450-7678,37.55601,127.07374,2025-10-28,I,2026-05-15 18:45:38,2025-10-29 10:49:32
3040000,202530400000800697,서울특별시 광진구청,서울특별시 광진구 천호대로116길 66 (능동),,생활방범,1,,,,,02-450-7678,37.55242,127.08298,2025-10-28,I,2026-05-15 18:45:38,2025-10-29 10:49:32
3040000,202530400000800698,서울특별시 광진구청,서울특별시 광진구 능동로30길 23 (능동),,생활방범,1,,,,,02-450-7678,37.55356,127.07928,2025-10-28,I,2026-05-15 18:45:38,2025-10-29 10:49:32
3040000,202530400000800699,서울특별시 광진구청,서울특별시 광진구 능동로30길 23 (능동),,생활방범,1,,,,,02-450-7678,37.55374,127.07943,2025-10-28,I,2026-05-15 18:45:38,2025-10-29 10:49:32
3040000,202530400000800700,서울특별시 광진구청,서울특별시 광진구 자양로13길 41 (자양동),,생활방범,1,,,,,02-450-7678,37.53435,127.08221,2025-10-28,I,2026-05-15 18:45:38,2025-10-29 10:49:32
3040000,202530400000800701,서울특별시 광진구청,서울특별시 광진구 아차산로40길 46 (자양동),,생활방범,1,,,,,02-450-7678,37.53582,127.07771,2025-10-28,I,2026-05-15 18:45:38,2025-10-29 10:49:32
3040000,202530400000800702,서울특별시 광진구청,서울특별시 광진구 뚝섬로62길 24 (자양동),,생활방범,1,,,,,02-450-7678,37.53213,127.08783,2025-10-28,I,2026-05-15 18:45:38,2025-10-29 10:49:32
3040000,202530400000800703,서울특별시 광진구청,서울특별시 광진구 뚝섬로34길 25-19 (자양동),,생활방범,1,,,,,02-450-7678,37.53366,127.06985,2025-10-28,I,2026-05-15 18:45:38,2025-10-29 10:49:32
3040000,202530400000800704,서울특별시 광진구청,서울특별시 광진구 아차산로32길 17 (자양동),,생활방범,1,,,,,02-450-7678,37.53926,127.06823,2025-10-28,I,2026-05-15 18:45:38,2025-10-29 10:49:32
3040000,202530400000800705,서울특별시 광진구청,서울특별시 광진구 아차산로32길 17 (자양동),,생활방범,1,,,,,02-450-7678,37.53913,127.06856,2025-10-28,I,2026-05-15 18:45:38,2025-10-29 10:49:32
3040000,202530400000800706,서울특별시 광진구청,서울특별시 광진구 자양1동 859-1,,생활방범,1,,,,,02-450-7678,37.53859,127.08173,2025-10-28,I,2026-05-15 18:45:38,2025-10-29 10:49:32
3040000,202530400000800707,서울특별시 광진구청,서울특별시 광진구 자양4동 553-22,,생활방범,1,,,,,02-450-7678,37.53507,127.06781,2025-10-28,I,2026-05-15 18:45:38,2025-10-29 10:49:32
3040000,202530400000800708,서울특별시 광진구청,서울특별시 광진구 자양4동 74-21,,생활방범,1,,,,,02-450-7678,37.53294,127.06637,2025-10-28,I,2026-05-15 18:45:38,2025-10-29 10:49:32
3040000,202530400000800709,서울특별시 광진구청,서울특별시 광진구 긴고랑로5길 10 (중곡동),,생활방범,1,,,,,02-450-7678,37.56471,127.07935,2025-10-28,I,2026-05-15 18:45:38,2025-10-29 10:49:32
3040000,202530400000800710,서울특별시 광진구청,서울특별시 광진구 긴고랑로5길 10 (중곡동),,생활방범,1,,,,,02-450-7678,37.55964,127.0841,2025-10-28,I,2026-05-15 18:45:38,2025-10-29 10:49:32
3040000,202530400000800711,서울특별시 광진구청,서울특별시 광진구 용마산로33길 25 (중곡동),,생활방범,1,,,,,02-450-7678,37.56999,127.08449,2025-10-28,I,2026-05-15 18:45:38,2025-10-29 10:49:32
3040000,202530400000800712,서울특별시 광진구청,서울특별시 광진구 영화사로7길 25 (중곡동),,생활방범,1,,,,,02-450-7678,37.55694,127.09214,2025-10-28,I,2026-05-15 18:45:38,2025-10-29 10:49:32
3040000,202530400000800713,서울특별시 광진구청,서울특별시 광진구 영화사로7길 25 (중곡동),,생활방범,1,,,,,02-450-7678,37.55905,127.09091,2025-10-28,I,2026-05-15 18:45:38,2025-10-29 10:49:32
3040000,202530400000800714,서울특별시 광진구청,서울특별시 광진구 동일로28길 16 (화양동),,생활방범,1,,,,,02-450-7678,37.54655,127.06769,2025-10-28,I,2026-05-15 18:45:38,2025-10-29 10:49:32
3040000,202530400000800715,서울특별시 광진구청,서울특별시 광진구 아차산로25길 27 (화양동),,생활방범,1,,,,,02-450-7678,37.54288,127.06681,2025-10-28,I,2026-05-15 18:45:38,2025-10-29 10:49:32
3040000,202530400000800716,서울특별시 광진구청,서울특별시 광진구 화양동 110-34,,생활방범,1,,,,,02-450-7678,37.54656,127.07183,2025-10-28,I,2026-05-15 18:45:38,2025-10-29 10:49:32
3040000,202530400000800717,서울특별시 광진구청,서울특별시 광진구 군자로3길 15 (화양동),,생활방범,1,,,,,02-450-7678,37.54455,127.07065,2025-10-28,I,2026-05-15 18:45:38,2025-10-29 10:49:32
3040000,202530400000800718,서울특별시 광진구청,서울특별시 광진구 아차산로31길 14 (화양동),,생활방범,1,,,,,02-450-7678,37.54153,127.06978,2025-10-28,I,2026-05-15 18:45:38,2025-10-29 10:49:32
3040000,202530400000800719,서울특별시 광진구청,서울특별시 광진구 뚝섬로56길 28 (자양동),,생활방범,1,,,,,02-450-7678,37.53016,127.08234,2025-10-28,I,2026-05-15 18:45:38,2025-10-29 10:49:32
3040000,202530400000800720,서울특별시 광진구청,서울특별시 광진구 천호대로 717-18 (구의동),,생활방범,1,,,,,02-450-7678,37.54927,127.09471,2025-10-28,I,2026-05-15 18:45:38,2025-10-29 10:49:32
3040000,202530400000800721,서울특별시 광진구청,서울특별시 광진구 천호대로 717-18 (구의동),,생활방범,1,,,,,02-450-7678,37.54811,127.09644,2025-10-28,I,2026-05-15 18:45:38,2025-10-29 10:49:32
3040000,202530400000800722,서울특별시 광진구청,서울특별시 광진구 천호대로 717-18 (구의동),,생활방범,1,,,,,02-450-7678,37.54793,127.09702,2025-10-28,I,2026-05-15 18:45:38,2025-10-29 10:49:33
3040000,202530400000800723,서울특별시 광진구청,서울특별시 광진구 천호대로 717-18 (구의동),,생활방범,1,,,,,02-450-7678,37.54787,127.0982,2025-10-28,I,2026-05-15 18:45:38,2025-10-29 10:49:33
3040000,202530400000800724,서울특별시 광진구청,서울특별시 광진구 천호대로 717-18 (구의동),,생활방범,1,,,,,02-450-7678,37.54751,127.09834,2025-10-28,I,2026-05-15 18:45:38,2025-10-29 10:49:33
3040000,202530400000800725,서울특별시 광진구청,서울특별시 광진구 천호대로 760,,생활방범,1,,,,,02-450-7678,37.54635,127.09823,2025-10-28,I,2026-05-15 18:45:38,2025-10-29 10:49:33
3040000,202530400000800726,서울특별시 광진구청,서울특별시 광진구 동일로52길 27,,생활방범,1,,,,,02-450-7678,37.55433,127.07298,2025-10-28,I,2026-05-15 18:45:38,2025-10-29 10:49:33
3040000,202530400000800727,서울특별시 광진구청,서울특별시 광진구  구의동 560-5,,생활방범,1,,,,,02-450-7678,37.55531,127.09516,2025-10-28,I,2026-05-15 18:45:38,2025-10-29 10:49:33
3040000,202530400000800728,서울특별시 광진구청,서울특별시 광진구 구의강변로3길 39,,생활방범,1,,,,,02-450-7678,37.53659,127.0903,2025-10-28,I,2026-05-15 18:45:38,2025-10-29 10:49:33
3040000,202530400000800729,서울특별시 광진구청,서울특별시 광진구 자양로13다길 34,,생활방범,1,,,,,02-450-7678,37.53321,127.07812,2025-10-28,I,2026-05-15 18:45:38,2025-10-29 10:49:33
3040000,202530400000800730,서울특별시 광진구청,서울특별시 광진구  자양동 689-6,,생활방범,1,,,,,02-450-7678,37.53084,127.0886,2025-10-28,I,2026-05-15 18:45:38,2025-10-29 10:49:33
3040000,202530400000800731,서울특별시 광진구청,서울특별시 광진구 자양번영로3길 16 (자양동),,생활방범,1,,,,,02-450-7678,37.53207,127.0744,2025-10-28,I,2026-05-15 18:45:38,2025-10-29 10:49:33
3040000,202530400000800732,서울특별시 광진구청,서울특별시 광진구 아차산로73길 15 (광장동),,생활방범,1,,,,,02-450-7678,37.54594,127.1039,2025-10-28,I,2026-05-15 18:45:38,2025-10-29 10:49:33
3040000,202530400000800733,서울특별시 광진구청,서울특별시 광진구 광장로1가길 31 (광장동),,생활방범,1,,,,,02-450-7678,37.54813,127.10059,2025-10-28,I,2026-05-15 18:45:38,2025-10-29 10:49:33
3040000,202530400000800734,서울특별시 광진구청,서울특별시 광진구 천호대로 760,,생활방범,1,,,,,02-450-7678,37.54624,127.09873,2025-10-28,I,2026-05-15 18:45:38,2025-10-29 10:49:33
3040000,202530400000800735,서울특별시 광진구청,서울특별시 광진구 천호대로 760,,생활방범,1,,,,,02-450-7678,37.54656,127.09898,2025-10-28,I,2026-05-15 18:45:38,2025-10-29 10:49:33
3040000,202530400000800736,서울특별시 광진구청,서울특별시 광진구 도로명주소 없음,,생활방범,1,,,,,02-450-7678,37.56863,127.07793,2025-10-28,I,2026-05-15 18:45:38,2025-10-29 10:49:33
3040000,202530400000800737,서울특별시 광진구청,서울특별시 광진구 도로명주소 없음,,생활방범,1,,,,,02-450-7678,37.54926,127.10142,2025-10-28,I,2026-05-15 18:45:38,2025-10-29 10:49:33
3040000,202530400000800738,서울특별시 광진구청,서울특별시 광진구 도로명주소 없음,,생활방범,1,,,,,02-450-7678,37.54976,127.10132,2025-10-28,I,2026-05-15 18:45:38,2025-10-29 10:49:33
3040000,202530400000800739,서울특별시 광진구청,서울특별시 광진구 천호대로140길 60,,생활방범,1,,,,,02-450-7678,37.54413,127.09922,2025-10-28,I,2026-05-15 18:45:38,2025-10-29 10:49:33
3040000,202530400000800740,서울특별시 광진구청,서울특별시 광진구 천호대로140길 60,,생활방범,1,,,,,02-450-7678,37.54433,127.09974,2025-10-28,I,2026-05-15 18:45:38,2025-10-29 10:49:33
3040000,202530400000800741,서울특별시 광진구청,서울특별시 광진구 천호대로140길 60,,생활방범,1,,,,,02-450-7678,37.54464,127.09932,2025-10-28,I,2026-05-15 18:45:38,2025-10-29 10:49:33
3040000,202530400000800742,서울특별시 광진구청,서울특별시 광진구 천호대로140길 60,,생활방범,1,,,,,02-450-7678,37.54576,127.10073,2025-10-28,I,2026-05-15 18:45:38,2025-10-29 10:49:33
3040000,202530400000800743,서울특별시 광진구청,서울특별시 광진구 자양4동 199-4,,생활방범,1,,,,,02-450-7678,37.5363,127.06177,2025-10-28,I,2026-05-15 18:45:38,2025-10-29 10:49:33
3040000,202530400000800744,서울특별시 광진구청,서울특별시 광진구 구의1동 668-5,,생활방범,1,,,,,02-450-7678,37.54585,127.08845,2025-10-28,I,2026-05-15 18:45:38,2025-10-29 10:49:33
3040000,202530400000800745,서울특별시 광진구청,서울특별시 광진구 광장동 344-10,,생활방범,1,,,,,02-450-7678,37.54904,127.1074,2025-10-28,I,2026-05-15 18:45:38,2025-10-29 10:49:33
3040000,202530400000800746,서울특별시 광진구청,서울특별시 광진구 자양3동 784-2,,생활방범,1,,,,,02-450-7678,37.53584,127.0677,2025-10-28,I,2026-05-15 18:45:38,2025-10-29 10:49:33
3040000,202530400000800747,서울특별시 광진구청,서울특별시 광진구 광장동 381-44,,생활방범,1,,,,,02-450-7678,37.5495,127.0991,2025-10-28,I,2026-05-15 18:45:38,2025-10-29 10:49:33
3040000,202530400000800748,서울특별시 광진구청,서울특별시 광진구 용마도시자연공원-사무실,,생활방범,1,,,,,02-450-7678,37.56227,127.09624,2025-10-28,I,2026-05-15 18:45:38,2025-10-29 10:49:33
3040000,202530400000800749,서울특별시 광진구청,서울특별시 광진구 용마도시자연공원-입구,,생활방범,1,,,,,02-450-7678,37.56224,127.09614,2025-10-28,I,2026-05-15 18:45:38,2025-10-29 10:49:33
3040000,202530400000800750,서울특별시 광진구청,서울특별시 광진구 용마도시자연공원-화장실 뒤,,생활방범,1,,,,,02-450-7678,37.5622,127.09556,2025-10-28,I,2026-05-15 18:45:38,2025-10-29 10:49:33
3040000,202530400000800751,서울특별시 광진구청,서울특별시 광진구 용마도시자연공원-체험장,,생활방범,1,,,,,02-450-7678,37.56305,127.09617,2025-10-28,I,2026-05-15 18:45:38,2025-10-29 10:49:33
3040000,202530400000800752,서울특별시 광진구청,서울특별시 광진구 용마도시자연공원-사방댐,,생활방범,1,,,,,02-450-7678,37.56302,127.09658,2025-10-28,I,2026-05-15 18:45:38,2025-10-29 10:49:33
3040000,202530400000800753,서울특별시 광진구청,서울특별시 광진구 용마도시자연공원-산불장비,,생활방범,1,,,,,02-450-7678,37.56339,127.09635,2025-10-28,I,2026-05-15 18:45:38,2025-10-29 10:49:33
3040000,202530400000800754,서울특별시 광진구청,서울특별시 광진구 용마도시자연공원-쌍용골,,생활방범,1,,,,,02-450-7678,37.56416,127.09639,2025-10-28,I,2026-05-15 18:45:38,2025-10-29 10:49:33
3040000,202530400000800755,서울특별시 광진구청,서울특별시 광진구 용마도시자연공원-유화교,,생활방범,1,,,,,02-450-7678,37.56512,127.0974,2025-10-28,I,2026-05-15 18:45:38,2025-10-29 10:49:33
3040000,202530400000800756,서울특별시 광진구청,서울특별시 광진구 용마도시자연공원-청용골,,생활방범,1,,,,,02-450-7678,37.56605,127.0984,2025-10-28,I,2026-05-15 18:45:38,2025-10-29 10:49:33
3040000,202530400000800757,서울특별시 광진구청,서울특별시 광진구 용마도시자연공원-마지막골,,생활방범,1,,,,,02-450-7678,37.56649,127.09872,2025-10-28,I,2026-05-15 18:45:38,2025-10-29 10:49:33
3040000,202530400000800758,서울특별시 광진구청,서울특별시 광진구 아차산생태공원-사무실,,생활방범,1,,,,,02-450-7678,37.55303,127.09978,2025-10-28,I,2026-05-15 18:45:38,2025-10-29 10:49:33
3040000,202530400000800759,서울특별시 광진구청,서울특별시 광진구 아차산생태공원-공원입구,,생활방범,1,,,,,02-450-7678,37.55258,127.09969,2025-10-28,I,2026-05-15 18:45:38,2025-10-29 10:49:33
3040000,202530400000800760,서울특별시 광진구청,서울특별시 광진구 아차산생태공원-소각장,,생활방범,1,,,,,02-450-7678,37.55221,127.10066,2025-10-28,I,2026-05-15 18:45:38,2025-10-29 10:49:33
3040000,202530400000800761,서울특별시 광진구청,서울특별시 광진구 아차산생태공원-다목적,,생활방범,1,,,,,02-450-7678,37.55247,127.10064,2025-10-28,I,2026-05-15 18:45:38,2025-10-29 10:49:33
3040000,202530400000800762,서울특별시 광진구청,서울특별시 광진구 아차산생태공원-생태자료,,생활방범,1,,,,,02-450-7678,37.55179,127.10103,2025-10-28,I,2026-05-15 18:45:38,2025-10-29 10:49:33
3040000,202530400000800763,서울특별시 광진구청,서울특별시 광진구 아차산생태공원-습지,,생활방범,1,,,,,02-450-7678,37.55106,127.10113,2025-10-28,I,2026-05-15 18:45:38,2025-10-29 10:49:33
3040000,202530400000800764,서울특별시 광진구청,서울특별시 광진구 아차산생태공원-토요,,생활방범,1,,,,,02-450-7678,37.55414,127.10133,2025-10-28,I,2026-05-15 18:45:38,2025-10-29 10:49:33
3040000,202530400000800765,서울특별시 광진구청,서울특별시 광진구 아차산생태공원-상록천,,생활방범,1,,,,,02-450-7678,37.55514,127.10162,2025-10-28,I,2026-05-15 18:45:38,2025-10-29 10:49:33
3040000,202530400000800766,서울특별시 광진구청,서울특별시 광진구 아차산생태공원-고구려정1,,생활방범,1,,,,,02-450-7678,37.55816,127.10236,2025-10-28,I,2026-05-15 18:45:38,2025-10-29 10:49:33
3040000,202530400000800767,서울특별시 광진구청,서울특별시 광진구 아차산생태공원-고구려정2,,생활방범,1,,,,,02-450-7678,37.55798,127.10261,2025-10-28,I,2026-05-15 18:45:38,2025-10-29 10:49:33
3040000,202530400000800768,서울특별시 광진구청,서울특별시 광진구 아차산생태공원-공영주차,,생활방범,1,,,,,02-450-7678,37.55168,127.10022,2025-10-28,I,2026-05-15 18:45:38,2025-10-29 10:49:33
3040000,202530400000800769,서울특별시 광진구청,서울특별시 광진구 아차산생태공원-해맞이공원,,생활방범,1,,,,,02-450-7678,37.55996,127.10157,2025-10-28,I,2026-05-15 18:45:38,2025-10-29 10:49:33
3040000,202530400000800770,서울특별시 광진구청,서울특별시 광진구 중곡 4동 30-75,,생활방범,1,,,,,02-450-7678,37.56602,127.08498,2025-10-28,I,2026-05-15 18:45:38,2025-10-29 10:49:33
3040000,202530400000800771,서울특별시 광진구청,서울특별시 광진구 자양4동 547-16,,생활방범,1,,,,,02-450-7678,37.53682,127.069,2025-10-28,I,2026-05-15 18:45:38,2025-10-29 10:49:33
3040000,202530400000800772,서울특별시 광진구청,서울특별시 광진구 공원방범(아차산어울림광장1),,생활방범,1,,,,,02-450-7678,37.55225,127.09979,2025-10-28,I,2026-05-15 18:45:38,2025-10-29 10:49:33
3040000,202530400000800773,서울특별시 광진구청,서울특별시 광진구 공원방범(아차산어울림광장2),,생활방범,1,,,,,02-450-7678,37.55179,127.10084,2025-10-28,I,2026-05-15 18:45:38,2025-10-29 10:49:33
3040000,202530400000800774,서울특별시 광진구청,서울특별시 광진구 영화사로107,,생활방범,1,,,,,02-450-7678,37.55535,127.09849,2025-10-28,I,2026-05-15 18:45:38,2025-10-29 10:49:33
3040000,202530400000800775,서울특별시 광진구청,서울특별시 광진구 구의동3-11,,생활방범,1,,,,,02-450-7678,37.55318,127.10115,2025-10-28,I,2026-05-15 18:45:38,2025-10-29 10:49:33
3040000,202530400000800776,서울특별시 광진구청,서울특별시 광진구 천호대로 717-18,,생활방범,1,,,,,02-450-7678,37.54934,127.09481,2025-10-28,I,2026-05-15 18:45:38,2025-10-29 10:49:33
3040000,202530400000800777,서울특별시 광진구청,서울특별시 광진구 광장동 5-113,,생활방범,1,,,,,02-450-7678,37.55223,127.10375,2025-10-28,I,2026-05-15 18:45:38,2025-10-29 10:49:33
3040000,202530400000800778,서울특별시 광진구청,서울특별시 광진구 자양로13다길 34,,생활방범,1,,,,,02-450-7678,37.53297,127.07834,2025-10-28,I,2026-05-15 18:45:38,2025-10-29 10:49:33
3040000,202530400000800779,서울특별시 광진구청,서울특별시 광진구 자양동 553-22,,생활방범,1,,,,,02-450-7678,37.53512,127.06822,2025-10-28,I,2026-05-15 18:45:38,2025-10-29 10:49:33
3040000,202530400000800780,서울특별시 광진구청,서울특별시 광진구 동일로 399,,생활방범,1,,,,,02-450-7678,37.56631,127.07736,2025-10-28,I,2026-05-15 18:45:38,2025-10-29 10:49:33
3040000,202530400000800781,서울특별시 광진구청,서울특별시 광진구 영화사로 7길 25,,생활방범,1,,,,,02-450-7678,37.55673,127.09204,2025-10-28,I,2026-05-15 18:45:38,2025-10-29 10:49:33
3040000,202530400000800782,서울특별시 광진구청,서울특별시 광진구 긴고랑로 143,,생활방범,1,,,,,02-450-7678,37.55878,127.09099,2025-10-28,I,2026-05-15 18:45:38,2025-10-29 10:49:33
3040000,202530400000800783,서울특별시 광진구청,서울특별시 광진구 능동로 216,,생활방범,1,,,,,02-450-7678,37.55167,127.08878,2025-10-28,I,2026-05-15 18:45:38,2025-10-29 10:49:33
3040000,202530400000800784,서울특별시 광진구청,서울특별시 광진구 구의동 38-17,,생활방범,1,,,,,02-450-7678,37.54743,127.09813,2025-10-28,I,2026-05-15 18:45:38,2025-10-29 10:49:33
3040000,202530400000800785,서울특별시 광진구청,서울특별시 광진구 광나루로 56길 86,,생활방범,1,,,,,02-450-7678,37.53687,127.09459,2025-10-28,I,2026-05-15 18:45:38,2025-10-29 10:49:33
3040000,202530400000800786,서울특별시 광진구청,서울특별시 광진구 광나루로 44길 32,,생활방범,1,,,,,02-450-7678,37.54277,127.09105,2025-10-28,I,2026-05-15 18:45:38,2025-10-29 10:49:33
3040000,202530400000800787,서울특별시 광진구청,서울특별시 광진구 아차산로40길 46,,생활방범,1,,,,,02-450-7678,37.53568,127.07767,2025-10-28,I,2026-05-15 18:45:38,2025-10-29 10:49:33
3040000,202530400000800788,서울특별시 광진구청,서울특별시 광진구 뚝섬로 62길24,,생활방범,1,,,,,02-450-7678,37.53192,127.08784,2025-10-28,I,2026-05-15 18:45:38,2025-10-29 10:49:33
3040000,202530400000800789,서울특별시 광진구청,서울특별시 광진구 동일로28길 16,,생활방범,1,,,,,02-450-7678,37.54625,127.06801,2025-10-28,I,2026-05-15 18:45:38,2025-10-29 10:49:33
3040000,202530400000800790,서울특별시 광진구청,서울특별시 광진구 아차산로 31길 14,,생활방범,1,,,,,02-450-7678,37.54145,127.06965,2025-10-28,I,2026-05-15 18:45:38,2025-10-29 10:49:33
3040000,202530400000800791,서울특별시 광진구청,서울특별시 광진구 영화사로 139,,생활방범,1,,,,,02-450-7678,37.55218,127.10131,2025-10-28,I,2026-05-15 18:45:38,2025-10-29 10:49:33
3040000,202530400000800792,서울특별시 광진구청,서울특별시 광진구 영화사로 139,,생활방범,1,,,,,02-450-7678,37.55435,127.09721,2025-10-28,I,2026-05-15 18:45:38,2025-10-29 10:49:33
3040000,202530400000800793,서울특별시 광진구청,서울특별시 광진구 광나루로 389,,생활방범,1,,,,,02-450-7678,37.5475,127.07347,2025-10-28,I,2026-05-15 18:45:38,2025-10-29 10:49:33
3040000,202530400000800794,서울특별시 광진구청,서울특별시 광진구 구의동 624-1,,생활방범,1,,,,,02-450-7678,37.5324,127.09218,2025-10-28,I,2026-05-15 18:45:38,2025-10-29 10:49:33
3040000,202530400000800795,서울특별시 광진구청,서울특별시 광진구 광나루로52길 12,,생활방범,1,,,,,02-450-7678,37.54135,127.09448,2025-10-28,I,2026-05-15 18:45:38,2025-10-29 10:49:33
3040000,202530400000800796,서울특별시 광진구청,서울특별시 광진구 광나루로56길 86,,생활방범,1,,,,,02-450-7678,37.53692,127.09502,2025-10-28,I,2026-05-15 18:45:38,2025-10-29 10:49:34
3040000,202530400000800797,서울특별시 광진구청,서울특별시 광진구 중곡동 68-19,,생활방범,1,,,,,02-450-7678,37.55903,127.091,2025-10-28,I,2026-05-15 18:45:38,2025-10-29 10:49:34
3040000,202530400000800798,서울특별시 광진구청,서울특별시 광진구 광장동 378-76,,생활방범,1,,,,,02-450-7678,37.55025,127.10119,2025-10-28,I,2026-05-15 18:45:38,2025-10-29 10:49:34
3040000,202530400000800799,서울특별시 광진구청,서울특별시 광진구 자양로42길 44,,생활방범,1,,,,,02-450-7678,37.54832,127.09216,2025-10-28,I,2026-05-15 18:45:38,2025-10-29 10:49:34
3040000,202530400000800800,서울특별시 광진구청,서울특별시 광진구 구의강변로 69,,생활방범,1,,,,,02-450-7678,37.53804,127.09237,2025-10-28,I,2026-05-15 18:45:38,2025-10-29 10:49:34
3040000,202530400000800801,서울특별시 광진구청,서울특별시 광진구 동일로28길 16,,생활방범,1,,,,,02-450-7678,37.54655,127.06769,2025-10-28,I,2026-05-15 18:45:38,2025-10-29 10:49:34
3040000,202530400000800802,서울특별시 광진구청,서울특별시 광진구 중곡1동 248-29,,생활방범,1,,,,,02-450-7678,37.56272,127.07687,2025-10-28,I,2026-05-15 18:45:38,2025-10-29 10:49:34
3040000,202530400000800803,서울특별시 광진구청,서울특별시 광진구 능동 237-3,,생활방범,1,,,,,02-450-7678,37.55531,127.08359,2025-10-28,I,2026-05-15 18:45:38,2025-10-29 10:49:34
3040000,202530400000800804,서울특별시 광진구청,서울특별시 광진구 구의2동 612-35,,생활방범,1,,,,,02-450-7678,37.54817,127.08566,2025-10-28,I,2026-05-15 18:45:38,2025-10-29 10:49:34
3040000,202530400000800805,서울특별시 광진구청,서울특별시 광진구 화양동 523-2,,생활방범,1,,,,,02-450-7678,37.54508,127.07627,2025-10-28,I,2026-05-15 18:45:38,2025-10-29 10:49:34
3040000,202530400000800806,서울특별시 광진구청,서울특별시 광진구 중곡4동 72-122,,생활방범,1,,,,,02-450-7678,37.56103,127.09553,2025-10-28,I,2026-05-15 18:45:38,2025-10-29 10:49:34
3040000,202530400000800807,서울특별시 광진구청,서울특별시 광진구 광장동 236-1,,생활방범,1,,,,,02-450-7678,37.54308,127.10213,2025-10-28,I,2026-05-15 18:45:38,2025-10-29 10:49:34
3040000,202530400000800808,서울특별시 광진구청,서울특별시 광진구 자양2동 813-1,,생활방범,1,,,,,02-450-7678,37.52995,127.08908,2025-10-28,I,2026-05-15 18:45:38,2025-10-29 10:49:34
3040000,202530400000800809,서울특별시 광진구청,서울특별시 광진구 군자동 340-10,,생활방범,1,,,,,02-450-7678,37.55272,127.07022,2025-10-28,I,2026-05-15 18:45:38,2025-10-29 10:49:34
3040000,202530400000800810,서울특별시 광진구청,서울특별시 광진구 자양1동 231-63,,생활방범,1,,,,,02-450-7678,37.53635,127.07986,2025-10-28,I,2026-05-15 18:45:38,2025-10-29 10:49:34
3040000,202530400000800811,서울특별시 광진구청,서울특별시 광진구 구의3동 624-5,,생활방범,1,,,,,02-450-7678,37.53103,127.09197,2025-10-28,I,2026-05-15 18:45:38,2025-10-29 10:49:34
3040000,202530400000800812,서울특별시 광진구청,서울특별시 광진구 강변역로 40-2,,생활방범,1,,,,,02-450-7678,37.53613,127.09466,2025-10-28,I,2026-05-15 18:45:38,2025-10-29 10:49:34
3040000,202530400000800813,서울특별시 광진구청,서울특별시 광진구 광장동 516-2,,생활방범,1,,,,,02-450-7678,37.54163,127.09615,2025-10-28,I,2026-05-15 18:45:38,2025-10-29 10:49:34
3040000,202530400000800814,서울특별시 광진구청,서울특별시 광진구 천호대로 717-18,,생활방범,1,,,,,02-450-7678,37.54913,127.09393,2025-10-28,I,2026-05-15 18:45:38,2025-10-29 10:49:34
3040000,202530400000800815,서울특별시 광진구청,서울특별시 광진구 천호대로 717-18,,생활방범,1,,,,,02-450-7678,37.54916,127.09446,2025-10-28,I,2026-05-15 18:45:38,2025-10-29 10:49:34
3040000,202530400000800816,서울특별시 광진구청,서울특별시 광진구 자양1동 859-1,,생활방범,1,,,,,02-450-7678,37.53845,127.08144,2025-10-28,I,2026-05-15 18:45:38,2025-10-29 10:49:34
3040000,202530400000800817,서울특별시 광진구청,서울특별시 광진구 영화사로 139,,생활방범,1,,,,,02-450-7678,37.55215,127.10267,2025-10-28,I,2026-05-15 18:45:38,2025-10-29 10:49:34
3040000,202530400000800818,서울특별시 광진구청,서울특별시 광진구 광장동 5-112,,생활방범,1,,,,,02-450-7678,37.55226,127.10307,2025-10-28,I,2026-05-15 18:45:38,2025-10-29 10:49:34
3040000,202530400000800819,서울특별시 광진구청,서울특별시 광진구 광장동 5-143,,생활방범,1,,,,,02-450-7678,37.55193,127.10433,2025-10-28,I,2026-05-15 18:45:38,2025-10-29 10:49:34
3040000,202530400000800820,서울특별시 광진구청,서울특별시 광진구 광장동 5-112,,생활방범,1,,,,,02-450-7678,37.55261,127.10373,2025-10-28,I,2026-05-15 18:45:38,2025-10-29 10:49:34
3040000,202530400000800821,서울특별시 광진구청,서울특별시 광진구 광장동 5-112,,생활방범,1,,,,,02-450-7678,37.55316,127.10352,2025-10-28,I,2026-05-15 18:45:38,2025-10-29 10:49:34
3040000,202530400000800822,서울특별시 광진구청,서울특별시 광진구 광장동 5-112,,생활방범,1,,,,,02-450-7678,37.55383,127.10405,2025-10-28,I,2026-05-15 18:45:38,2025-10-29 10:49:34
3040000,202530400000800823,서울특별시 광진구청,서울특별시 광진구 광장동 5-112,,생활방범,1,,,,,02-450-7678,37.55435,127.10407,2025-10-28,I,2026-05-15 18:45:38,2025-10-29 10:49:34
3040000,202530400000800824,서울특별시 광진구청,서울특별시 광진구 구의동 3,,생활방범,1,,,,,02-450-7678,37.55312,127.10055,2025-10-28,I,2026-05-15 18:45:38,2025-10-29 10:49:34
3040000,202530400000800825,서울특별시 광진구청,서울특별시 광진구 광장동 5-127,,생활방범,1,,,,,02-450-7678,37.55287,127.10095,2025-10-28,I,2026-05-15 18:45:38,2025-10-29 10:49:34
3040000,202530400000800826,서울특별시 광진구청,서울특별시 광진구 광장동 5-124,,생활방범,1,,,,,02-450-7678,37.55293,127.10112,2025-10-28,I,2026-05-15 18:45:38,2025-10-29 10:49:34
3040000,202530400000800827,서울특별시 광진구청,서울특별시 광진구 영화사로 107,,생활방범,1,,,,,02-450-7678,37.55481,127.09804,2025-10-28,I,2026-05-15 18:45:38,2025-10-29 10:49:34
3040000,202530400000800828,서울특별시 광진구청,서울특별시 광진구 구의동 3-3,,생활방범,1,,,,,02-450-7678,37.55611,127.09823,2025-10-28,I,2026-05-15 18:45:38,2025-10-29 10:49:34
3040000,202530400000800829,서울특별시 광진구청,서울특별시 광진구 구의동 3-3,,생활방범,1,,,,,02-450-7678,37.55614,127.09762,2025-10-28,I,2026-05-15 18:45:38,2025-10-29 10:49:34
3040000,202530400000800830,서울특별시 광진구청,서울특별시 광진구 구의동 3-3,,생활방범,1,,,,,02-450-7678,37.55633,127.09678,2025-10-28,I,2026-05-15 18:45:38,2025-10-29 10:49:34
3040000,202530400000800831,서울특별시 광진구청,서울특별시 광진구 구의동 3-3,,생활방범,1,,,,,02-450-7678,37.55646,127.09633,2025-10-28,I,2026-05-15 18:45:38,2025-10-29 10:49:34
3040000,202530400000800832,서울특별시 광진구청,서울특별시 광진구 중곡동 143-141,,생활방범,1,,,,,02-450-7678,37.55663,127.09605,2025-10-28,I,2026-05-15 18:45:38,2025-10-29 10:49:34
3040000,202530400000800833,서울특별시 광진구청,서울특별시 광진구 구의동 3-3,,생활방범,1,,,,,02-450-7678,37.55673,127.09676,2025-10-28,I,2026-05-15 18:45:38,2025-10-29 10:49:34
3040000,202530400000800834,서울특별시 광진구청,서울특별시 광진구 중곡동 143-141,,생활방범,1,,,,,02-450-7678,37.55669,127.0957,2025-10-28,I,2026-05-15 18:45:38,2025-10-29 10:49:34
3040000,202530400000800835,서울특별시 광진구청,서울특별시 광진구 중곡동 143-119,,생활방범,1,,,,,02-450-7678,37.56185,127.09081,2025-10-28,I,2026-05-15 18:45:38,2025-10-29 10:49:34
3040000,202530400000800836,서울특별시 광진구청,서울특별시 광진구 용마산로22길 26,,생활방범,1,,,,,02-450-7678,37.56289,127.09128,2025-10-28,I,2026-05-15 18:45:38,2025-10-29 10:49:34
3040000,202530400000800837,서울특별시 광진구청,서울특별시 광진구 중곡동 176-122,,생활방범,1,,,,,02-450-7678,37.56814,127.090123,2025-10-28,I,2026-05-15 18:45:38,2025-10-29 10:49:34
3040000,202530400000800838,서울특별시 광진구청,서울특별시 광진구 중곡동 176-122,,생활방범,1,,,,,02-450-7678,37.56811,127.09044,2025-10-28,I,2026-05-15 18:45:38,2025-10-29 10:49:34
3040000,202530400000800839,서울특별시 광진구청,서울특별시 광진구 중곡동 176-122,,생활방범,1,,,,,02-450-7678,37.56787,127.09047,2025-10-28,I,2026-05-15 18:45:38,2025-10-29 10:49:34
3040000,202530400000800840,서울특별시 광진구청,서울특별시 광진구 중곡동 176-112,,생활방범,1,,,,,02-450-7678,37.56759,127.08988,2025-10-28,I,2026-05-15 18:45:38,2025-10-29 10:49:34
3040000,202530400000800841,서울특별시 광진구청,서울특별시 광진구 구의동 3-17,,생활방범,1,,,,,02-450-7678,37.55537,127.09911,2025-10-28,I,2026-05-15 18:45:38,2025-10-29 10:49:34
3040000,202530400000800842,서울특별시 광진구청,서울특별시 광진구 구의동 3-17,,생활방범,1,,,,,02-450-7678,37.55511,127.0997,2025-10-28,I,2026-05-15 18:45:38,2025-10-29 10:49:34
3040000,202530400000800843,서울특별시 광진구청,서울특별시 광진구 구의동 3-17,,생활방범,1,,,,,02-450-7678,37.5549,127.10037,2025-10-28,I,2026-05-15 18:45:38,2025-10-29 10:49:34
3040000,202530400000800844,서울특별시 광진구청,서울특별시 광진구 구의동 3-17,,생활방범,1,,,,,02-450-7678,37.55492,127.10072,2025-10-28,I,2026-05-15 18:45:38,2025-10-29 10:49:34
3040000,202530400000800845,서울특별시 광진구청,서울특별시 광진구 아차산로25길 27,,생활방범,1,,,,,02-450-7678,37.54274,127.06706,2025-10-28,I,2026-05-15 18:45:38,2025-10-29 10:49:34
3040000,202530400000800846,서울특별시 광진구청,서울특별시 광진구 아차산로59길 49,,생활방범,1,,,,,02-450-7678,37.54056,127.09067,2025-10-28,I,2026-05-15 18:45:38,2025-10-29 10:49:34
3040000,202530400000800847,서울특별시 광진구청,서울특별시 광진구 중곡동 176-133,,생활방범,1,,,,,02-450-7678,37.56843,127.090039,2025-10-28,I,2026-05-15 18:45:38,2025-10-29 10:49:34
3040000,202530400000800848,서울특별시 광진구청,서울특별시 광진구 중곡동 143-146,,생활방범,1,,,,,02-450-7678,37.56276,127.0964,2025-10-28,I,2026-05-15 18:45:38,2025-10-29 10:49:34
3040000,202530400000800849,서울특별시 광진구청,서울특별시 광진구 중곡동 143-146,,생활방범,1,,,,,02-450-7678,37.56373,127.09699,2025-10-28,I,2026-05-15 18:45:38,2025-10-29 10:49:34
3040000,202530400000800850,서울특별시 광진구청,서울특별시 광진구 광장동 5-117,,생활방범,1,,,,,02-450-7678,37.55186,127.101886,2025-10-28,I,2026-05-15 18:45:38,2025-10-29 10:49:34
3040000,202530400000800851,서울특별시 광진구청,서울특별시 광진구 광장동 5-117,,생활방범,1,,,,,02-450-7678,37.55189,127.10278,2025-10-28,I,2026-05-15 18:45:38,2025-10-29 10:49:34
3040000,202530400000800852,서울특별시 광진구청,서울특별시 광진구 광장동 5-115,,생활방범,1,,,,,02-450-7678,37.55196,127.10315,2025-10-28,I,2026-05-15 18:45:38,2025-10-29 10:49:34
3040000,202530400000800853,서울특별시 광진구청,서울특별시 광진구 광장동 5-125,,생활방범,1,,,,,02-450-7678,37.55223,127.10206,2025-10-28,I,2026-05-15 18:45:38,2025-10-29 10:49:34
3040000,202530400000800854,서울특별시 광진구청,서울특별시 광진구 광장동 5-123,,생활방범,1,,,,,02-450-7678,37.5525401,127.10256,2025-10-28,I,2026-05-15 18:45:38,2025-10-29 10:49:34
3040000,202530400000800855,서울특별시 광진구청,서울특별시 광진구 광장동 5-124,,생활방범,1,,,,,02-450-7678,37.55278,127.101693,2025-10-28,I,2026-05-15 18:45:38,2025-10-29 10:49:34
3040000,202530400000800856,서울특별시 광진구청,서울특별시 광진구 구의동 3-10,,생활방범,1,,,,,02-450-7678,37.55336,127.10222,2025-10-28,I,2026-05-15 18:45:38,2025-10-29 10:49:34
3040000,202530400000800857,서울특별시 광진구청,서울특별시 광진구 구의동 3-12,,생활방범,1,,,,,02-450-7678,37.55387,127.10315,2025-10-28,I,2026-05-15 18:45:38,2025-10-29 10:49:34
3040000,202530400000800858,서울특별시 광진구청,서울특별시 광진구 구의동 3-10,,생활방범,1,,,,,02-450-7678,37.55496,127.10399,2025-10-28,I,2026-05-15 18:45:38,2025-10-29 10:49:34
3040000,202530400000800859,서울특별시 광진구청,서울특별시 광진구 구의동 3-10,,생활방범,1,,,,,02-450-7678,37.556044,127.1044,2025-10-28,I,2026-05-15 18:45:38,2025-10-29 10:49:34
3040000,202530400000800860,서울특별시 광진구청,서울특별시 광진구 구의동 3-8,,생활방범,1,,,,,02-450-7678,37.55713,127.10434,2025-10-28,I,2026-05-15 18:45:38,2025-10-29 10:49:34
3040000,202530400000800861,서울특별시 광진구청,서울특별시 광진구 동일로76나길 20,,생활방범,1,,,,,02-450-7678,37.56844,127.08026,2025-10-28,I,2026-05-15 18:45:38,2025-10-29 10:49:34
3040000,202530400000800862,서울특별시 광진구청,서울특별시 광진구 동일로76나길 20,,생활방범,1,,,,,02-450-7678,37.56843,127.08038,2025-10-28,I,2026-05-15 18:45:38,2025-10-29 10:49:34
3040000,202530400000800863,서울특별시 광진구청,서울특별시 광진구 구의동 3-8,,생활방범,1,,,,,02-450-7678,37.55601,127.10272,2025-10-28,I,2026-05-15 18:45:38,2025-10-29 10:49:34
3040000,202530400000800864,서울특별시 광진구청,서울특별시 광진구 구의동 3-8,,생활방범,1,,,,,02-450-7678,37.55694,127.10302,2025-10-28,I,2026-05-15 18:45:38,2025-10-29 10:49:34
3040000,202530400000800865,서울특별시 광진구청,서울특별시 광진구 구의동 3-3,,생활방범,1,,,,,02-450-7678,37.55783,127.1039,2025-10-28,I,2026-05-15 18:45:38,2025-10-29 10:49:34
3040000,202530400000800866,서울특별시 광진구청,서울특별시 광진구 구의동 3-3,,생활방범,1,,,,,02-450-7678,37.55908,127.10237,2025-10-28,I,2026-05-15 18:45:38,2025-10-29 10:49:35
3040000,202530400000800867,서울특별시 광진구청,서울특별시 광진구 동일로 381-1,,생활방범,1,,,,,02-450-7678,37.56497,127.07613,2025-10-28,I,2026-05-15 18:45:38,2025-10-29 10:49:35
3040000,202530400000800868,서울특별시 광진구청,서울특별시 광진구 동일로 419-1,,생활방범,1,,,,,02-450-7678,37.56795,127.07792,2025-10-28,I,2026-05-15 18:45:38,2025-10-29 10:49:35
3040000,202530400000800869,서울특별시 광진구청,서울특별시 광진구 용마산로 33길 25,,생활방범,1,,,,,02-450-7678,37.57018,127.08446,2025-10-28,I,2026-05-15 18:45:38,2025-10-29 10:49:35
3040000,202530400000800870,서울특별시 광진구청,서울특별시 광진구 동일로 76나길 20,,생활방범,1,,,,,02-450-7678,37.56834,127.08032,2025-10-28,I,2026-05-15 18:45:38,2025-10-29 10:49:35
3040000,202530400000800871,서울특별시 광진구청,서울특별시 광진구 광나루로 447,,생활방범,1,,,,,02-450-7678,37.54568,127.07923,2025-10-28,I,2026-05-15 18:45:38,2025-10-29 10:49:35
3040000,202530400000800872,서울특별시 광진구청,서울특별시 광진구 영화사로 135-2,,생활방범,1,,,,,02-450-7678,37.55439,127.10096,2025-10-28,I,2026-05-15 18:45:38,2025-10-29 10:49:35
3040000,202530400000800873,서울특별시 광진구청,서울특별시 광진구 영화사로 135-1,,생활방범,1,,,,,02-450-7678,37.55372,127.09939,2025-10-28,I,2026-05-15 18:45:38,2025-10-29 10:49:35
3040000,202530400000800874,서울특별시 광진구청,서울특별시 광진구 천호대로 717-17,,생활방범,1,,,,,02-450-7678,37.54913,127.09495,2025-10-28,I,2026-05-15 18:45:38,2025-10-29 10:49:35
3040000,202530400000800875,서울특별시 광진구청,서울특별시 광진구 광나루로 52길 12,,생활방범,1,,,,,02-450-7678,37.54142,127.09438,2025-10-28,I,2026-05-15 18:45:38,2025-10-29 10:49:35
3040000,202530400000800876,서울특별시 광진구청,서울특별시 광진구 아차산로 59길 49,,생활방범,1,,,,,02-450-7678,37.5405,127.09069,2025-10-28,I,2026-05-15 18:45:38,2025-10-29 10:49:35
3040000,202530400000800877,서울특별시 광진구청,서울특별시 광진구 아차산로 73길15길,,생활방범,1,,,,,02-450-7678,37.54584,127.10403,2025-10-28,I,2026-05-15 18:45:38,2025-10-29 10:49:35
3040000,202530400000800878,서울특별시 광진구청,서울특별시 광진구 광장로1가길 31,,생활방범,1,,,,,02-450-7678,37.54792,127.10084,2025-10-28,I,2026-05-15 18:45:38,2025-10-29 10:49:35
3040000,202530400000800879,서울특별시 광진구청,서울특별시 광진구 영화사로 145,,생활방범,1,,,,,02-450-7678,37.55226,127.10056,2025-10-28,I,2026-05-15 18:45:38,2025-10-29 10:49:35
3040000,202530400000800880,서울특별시 광진구청,서울특별시 광진구 아차산로 78길 133,,생활방범,1,,,,,02-450-7678,37.54899,127.10995,2025-10-28,I,2026-05-15 18:45:38,2025-10-29 10:49:35
3040000,202530400000800881,서울특별시 광진구청,서울특별시 광진구 천호대로 760,,생활방범,1,,,,,02-450-7678,37.54656,127.09829,2025-10-28,I,2026-05-15 18:45:38,2025-10-29 10:49:35
3040000,202530400000800882,서울특별시 광진구청,서울특별시 광진구 자양로 13다길 34,,생활방범,1,,,,,02-450-7678,37.53317,127.07809,2025-10-28,I,2026-05-15 18:45:38,2025-10-29 10:49:35
3040000,202530400000800883,서울특별시 광진구청,서울특별시 광진구 자양로 13길 41,,생활방범,1,,,,,02-450-7678,37.5342,127.0822,2025-10-28,I,2026-05-15 18:45:38,2025-10-29 10:49:35
3040000,202530400000800884,서울특별시 광진구청,서울특별시 광진구 뚝섬로 56길 28,,생활방범,1,,,,,02-450-7678,37.53019,127.08248,2025-10-28,I,2026-05-15 18:45:38,2025-10-29 10:49:35
3040000,202530400000800885,서울특별시 광진구청,서울특별시 광진구 뚝섬로 52길 62,,생활방범,1,,,,,02-450-7678,37.5294,127.07831,2025-10-28,I,2026-05-15 18:45:38,2025-10-29 10:49:35
3040000,202530400000800886,서울특별시 광진구청,서울특별시 광진구 아차산로 25길 27,,생활방범,1,,,,,02-450-7678,37.54261,127.06706,2025-10-28,I,2026-05-15 18:45:38,2025-10-29 10:49:35
3040000,202530400000800887,서울특별시 광진구청,서울특별시 광진구 군자로 3길 15,,생활방범,1,,,,,02-450-7678,37.5444,127.07057,2025-10-28,I,2026-05-15 18:45:38,2025-10-29 10:49:35
3040000,202530400000800888,서울특별시 광진구청,서울특별시 광진구 광나루로 389,,생활방범,1,,,,,02-450-7678,37.54774,127.07322,2025-10-28,I,2026-05-15 18:45:38,2025-10-29 10:49:35
3040000,202530400000800889,서울특별시 광진구청,서울특별시 광진구 동일로 52길 27,,생활방범,1,,,,,02-450-7678,37.55427,127.07291,2025-10-28,I,2026-05-15 18:45:38,2025-10-29 10:49:35
3040000,202530400000800890,서울특별시 광진구청,서울특별시 광진구 아차산로 400,,생활방범,1,,,,,02-450-7678,37.53662,127.08717,2025-10-28,I,2026-05-15 18:45:38,2025-10-29 10:49:35
3040000,202530400000800891,서울특별시 광진구청,서울특별시 광진구 아차산로 400,,생활방범,1,,,,,02-450-7678,37.53695,127.08706,2025-10-28,I,2026-05-15 18:45:38,2025-10-29 10:49:35
3040000,202530400000800892,서울특별시 광진구청,서울특별시 광진구 아차산로 400,,생활방범,1,,,,,02-450-7678,37.53746,127.08826,2025-10-28,I,2026-05-15 18:45:38,2025-10-29 10:49:35
3040000,202530400000800893,서울특별시 광진구청,서울특별시 광진구 아차산로 400,,생활방범,1,,,,,02-450-7678,37.53748,127.08901,2025-10-28,I,2026-05-15 18:45:38,2025-10-29 10:49:35
3040000,202530400000800894,서울특별시 광진구청,서울특별시 광진구 광나루로36길 9-9,,생활방범,1,,,,,02-450-7678,37.5444,127.08733,2025-10-28,I,2026-05-15 18:45:38,2025-10-29 10:49:35
3040000,202530400000800895,서울특별시 광진구청,서울특별시 광진구 구의로9길 15,,생활방범,1,,,,,02-450-7678,37.54236,127.08815,2025-10-28,I,2026-05-15 18:45:38,2025-10-29 10:49:35
3040000,202530400000800896,서울특별시 광진구청,서울특별시 광진구 자양로38길 17-7,,생활방범,1,,,,,02-450-7678,37.54731,127.08919,2025-10-28,I,2026-05-15 18:45:38,2025-10-29 10:49:35
3040000,202530400000800897,서울특별시 광진구청,서울특별시 광진구 동일로52길 11-13,,생활방범,1,,,,,02-450-7678,37.55528,127.07219,2025-10-28,I,2026-05-15 18:45:38,2025-10-29 10:49:35
3040000,202530400000800898,서울특별시 광진구청,서울특별시 광진구 천호대로116길 97,,생활방범,1,,,,,02-450-7678,37.55263,127.08133,2025-10-28,I,2026-05-15 18:45:38,2025-10-29 10:49:35
3040000,202530400000800899,서울특별시 광진구청,서울특별시 광진구 천호대로110길 8,,생활방범,1,,,,,02-450-7678,37.55636,127.08009,2025-10-28,I,2026-05-15 18:45:38,2025-10-29 10:49:35
3040000,202530400000800900,서울특별시 광진구청,서울특별시 광진구 능동로34길 11-19,,생활방범,1,,,,,02-450-7678,37.55545,127.08079,2025-10-28,I,2026-05-15 18:45:38,2025-10-29 10:49:35
3040000,202530400000800901,서울특별시 광진구청,서울특별시 광진구 천호대로112길 53,,생활방범,1,,,,,02-450-7678,37.55388,127.0803,2025-10-28,I,2026-05-15 18:45:38,2025-10-29 10:49:35
3040000,202530400000800902,서울특별시 광진구청,서울특별시 광진구 능동로36길 87,,생활방범,1,,,,,02-450-7678,37.55472,127.08384,2025-10-28,I,2026-05-15 18:45:38,2025-10-29 10:49:35
3040000,202530400000800903,서울특별시 광진구청,서울특별시 광진구 천호대로116길 36,,생활방범,1,,,,,02-450-7678,37.55368,127.08338,2025-10-28,I,2026-05-15 18:45:38,2025-10-29 10:49:35
3040000,202530400000800904,서울특별시 광진구청,서울특별시 광진구 능동로32길 106-13,,생활방범,1,,,,,02-450-7678,37.55274,127.08369,2025-10-28,I,2026-05-15 18:45:38,2025-10-29 10:49:35
3040000,202530400000800905,서울특별시 광진구청,서울특별시 광진구 능동로36길 141,,생활방범,1,,,,,02-450-7678,37.55361,127.08652,2025-10-28,I,2026-05-15 18:45:38,2025-10-29 10:49:35
3040000,202530400000800906,서울특별시 광진구청,서울특별시 광진구 천호대로118길 33-17,,생활방범,1,,,,,02-450-7678,37.55296,127.08555,2025-10-28,I,2026-05-15 18:45:38,2025-10-29 10:49:35
3040000,202530400000800907,서울특별시 광진구청,서울특별시 광진구 능동로32길 139,,생활방범,1,,,,,02-450-7678,37.55272,127.08575,2025-10-28,I,2026-05-15 18:45:38,2025-10-29 10:49:35
3040000,202530400000800908,서울특별시 광진구청,서울특별시 광진구 천호대로122길 33,,생활방범,1,,,,,02-450-7678,37.55209,127.08765,2025-10-28,I,2026-05-15 18:45:38,2025-10-29 10:49:35
3040000,202530400000800909,서울특별시 광진구청,서울특별시 광진구 능동로30길 8,,생활방범,1,,,,,02-450-7678,37.5541,127.07856,2025-10-28,I,2026-05-15 18:45:38,2025-10-29 10:49:35
3040000,202530400000800910,서울특별시 광진구청,서울특별시 광진구 능동로24길 23,,생활방범,1,,,,,02-450-7678,37.55199,127.07818,2025-10-28,I,2026-05-15 18:45:38,2025-10-29 10:49:35
3040000,202530400000800911,서울특별시 광진구청,서울특별시 광진구 능동로32길 12,,생활방범,1,,,,,02-450-7678,37.55523,127.07916,2025-10-28,I,2026-05-15 18:45:38,2025-10-29 10:49:35
3040000,202530400000800912,서울특별시 광진구청,서울특별시 광진구 능동로30길 38,,생활방범,1,,,,,02-450-7678,37.55321,127.07942,2025-10-28,I,2026-05-15 18:45:38,2025-10-29 10:49:35
3040000,202530400000800913,서울특별시 광진구청,서울특별시 광진구 능동로43길 37-16,,생활방범,1,,,,,02-450-7678,37.56143,127.07937,2025-10-28,I,2026-05-15 18:45:38,2025-10-29 10:49:35
3040000,202530400000800914,서울특별시 광진구청,서울특별시 광진구 천호대로125길 58,,생활방범,1,,,,,02-450-7678,37.55706,127.08731,2025-10-28,I,2026-05-15 18:45:38,2025-10-29 10:49:35
3040000,202530400000800915,서울특별시 광진구청,서울특별시 광진구 용마산로5길 40-22,,생활방범,1,,,,,02-450-7678,37.55849,127.08544,2025-10-28,I,2026-05-15 18:45:38,2025-10-29 10:49:35
3040000,202530400000800916,서울특별시 광진구청,서울특별시 광진구 능동로 386-16,,생활방범,1,,,,,02-450-7678,37.56299,127.08316,2025-10-28,I,2026-05-15 18:45:38,2025-10-29 10:49:35
3040000,202530400000800917,서울특별시 광진구청,서울특별시 광진구 용마산로21길 23,,생활방범,1,,,,,02-450-7678,37.5637,127.08589,2025-10-28,I,2026-05-15 18:45:38,2025-10-29 10:49:35
3040000,202530400000800918,서울특별시 광진구청,서울특별시 광진구 동일로74길 31,,생활방범,1,,,,,02-450-7678,37.56674,127.07984,2025-10-28,I,2026-05-15 18:45:38,2025-10-29 10:49:35
3040000,202530400000800919,서울특별시 광진구청,서울특별시 광진구 능동로51길 37-10,,생활방범,1,,,,,02-450-7678,37.56609,127.08193,2025-10-28,I,2026-05-15 18:45:38,2025-10-29 10:49:35
3040000,202530400000800920,서울특별시 광진구청,서울특별시 광진구 능동로51길 19-8,,생활방범,1,,,,,02-450-7678,37.56597,127.08305,2025-10-28,I,2026-05-15 18:45:38,2025-10-29 10:49:35
3040000,202530400000800921,서울특별시 광진구청,서울특별시 광진구 능동로51길 25-12,,생활방범,1,,,,,02-450-7678,37.56569,127.08242,2025-10-28,I,2026-05-15 18:45:38,2025-10-29 10:49:35
3040000,202530400000800922,서울특별시 광진구청,서울특별시 광진구 용마산로27길 28,,생활방범,1,,,,,02-450-7678,37.56662,127.08543,2025-10-28,I,2026-05-15 18:45:38,2025-10-29 10:49:35
3040000,202530400000800923,서울특별시 광진구청,서울특별시 광진구 용마산로8길 66,,생활방범,1,,,,,02-450-7678,37.55946,127.09137,2025-10-28,I,2026-05-15 18:45:38,2025-10-29 10:49:35
3040000,202530400000800924,서울특별시 광진구청,서울특별시 광진구 긴고랑로42길 3-28,,생활방범,1,,,,,02-450-7678,37.55893,127.09438,2025-10-28,I,2026-05-15 18:45:38,2025-10-29 10:49:35
3040000,202530400000800925,서울특별시 광진구청,서울특별시 광진구 용마산로36길 28-10,,생활방범,1,,,,,02-450-7678,37.57042,127.08788,2025-10-28,I,2026-05-15 18:45:38,2025-10-29 10:49:35
3040000,202530400000800926,서울특별시 광진구청,서울특별시 광진구 용마산로36길 22,,생활방범,1,,,,,02-450-7678,37.57082,127.0875,2025-10-28,I,2026-05-15 18:45:38,2025-10-29 10:49:35
3040000,202530400000800927,서울특별시 광진구청,서울특별시 광진구 긴고랑로47길 19,,생활방범,1,,,,,02-450-7678,37.5619,127.09556,2025-10-28,I,2026-05-15 18:45:38,2025-10-29 10:49:35
3040000,202530400000800928,서울특별시 광진구청,서울특별시 광진구 긴고랑로49길 27,,생활방범,1,,,,,02-450-7678,37.56104,127.09502,2025-10-28,I,2026-05-15 18:45:38,2025-10-29 10:49:35
3040000,202530400000800929,서울특별시 광진구청,서울특별시 광진구 긴고랑로42길 3-8,,생활방범,1,,,,,02-450-7678,37.55871,127.0934,2025-10-28,I,2026-05-15 18:45:38,2025-10-29 10:49:35
3040000,202530400000800930,서울특별시 광진구청,서울특별시 광진구 긴고랑로42길 3-15,,생활방범,1,,,,,02-450-7678,37.55879,127.0941,2025-10-28,I,2026-05-15 18:45:38,2025-10-29 10:49:35
3040000,202530400000800931,서울특별시 광진구청,서울특별시 광진구 동일로24길 80-5,,생활방범,1,,,,,02-450-7678,37.54254,127.06935,2025-10-28,I,2026-05-15 18:45:38,2025-10-29 10:49:35
3040000,202530400000800932,서울특별시 광진구청,서울특별시 광진구 광나루로30다길 30,,생활방범,1,,,,,02-450-7678,37.54285,127.08303,2025-10-28,I,2026-05-15 18:45:38,2025-10-29 10:49:35
3040000,202530400000800933,서울특별시 광진구청,서울특별시 광진구 천호대로136길 43,,생활방범,1,,,,,02-450-7678,37.5478,127.09027,2025-10-28,I,2026-05-15 18:45:38,2025-10-29 10:49:35
3040000,202530400000800934,서울특별시 광진구청,서울특별시 광진구 천호대로136길 13,,생활방범,1,,,,,02-450-7678,37.54879,127.09141,2025-10-28,I,2026-05-15 18:45:38,2025-10-29 10:49:35
3040000,202530400000800935,서울특별시 광진구청,서울특별시 광진구 천호대로136길 64,,생활방범,1,,,,,02-450-7678,37.54719,127.08952,2025-10-28,I,2026-05-15 18:45:38,2025-10-29 10:49:35
3040000,202530400000800936,서울특별시 광진구청,서울특별시 광진구 아차산로42길 16,,생활방범,1,,,,,02-450-7678,37.53693,127.07894,2025-10-28,I,2026-05-15 18:45:38,2025-10-29 10:49:35
3040000,202530400000800937,서울특별시 광진구청,서울특별시 광진구 용마산로5길 40,,생활방범,1,,,,,02-450-7678,37.55752,127.08559,2025-10-28,I,2026-05-15 18:45:38,2025-10-29 10:49:35
3040000,202530400000800938,서울특별시 광진구청,서울특별시 광진구 동일로74길 15,,생활방범,1,,,,,02-450-7678,37.56701,127.07892,2025-10-28,I,2026-05-15 18:45:38,2025-10-29 10:49:35
3040000,202530400000800939,서울특별시 광진구청,서울특별시 광진구 천호대로 548,,시설물관리,1,,,,,02-450-7678,37.55704,127.07914,2025-10-28,I,2026-05-15 18:45:38,2025-10-29 10:49:35
3040000,202530400000800940,서울특별시 광진구청,서울특별시 광진구 천호대로 661,,시설물관리,1,,,,,02-450-7678,37.55215,127.0899,2025-10-28,I,2026-05-15 18:45:38,2025-10-29 10:49:35
3040000,202530400000800941,서울특별시 광진구청,서울특별시 광진구 자양로3길 7,,시설물관리,1,,,,,02-450-7678,37.53086,127.08643,2025-10-28,I,2026-05-15 18:45:38,2025-10-29 10:49:35
3040000,202530400000800942,서울특별시 광진구청,서울특별시 광진구 능동로 10,,시설물관리,1,,,,,02-450-7678,37.53214,127.06722,2025-10-28,I,2026-05-15 18:45:38,2025-10-29 10:49:35
3040000,202530400000800943,서울특별시 광진구청,서울특별시 광진구 능동로 110,,시설물관리,1,,,,,02-450-7678,37.54006,127.07096,2025-10-28,I,2026-05-15 18:45:38,2025-10-29 10:49:35
3040000,202530400000800944,서울특별시 광진구청,서울특별시 광진구 능동로 110,,시설물관리,1,,,,,02-450-7678,37.54006,127.07096,2025-10-28,I,2026-05-15 18:45:38,2025-10-29 10:49:35
3040000,202530400000800945,서울특별시 광진구청,서울특별시 광진구 아차산로 383,,시설물관리,1,,,,,02-450-7678,37.53714,127.08541,2025-10-28,I,2026-05-15 18:45:38,2025-10-29 10:49:35
3040000,202530400000800946,서울특별시 광진구청,서울특별시 광진구 광나루로 377-2,,시설물관리,1,,,,,02-450-7678,37.54784,127.07433,2025-10-28,I,2026-05-15 18:45:38,2025-10-29 10:49:35
3040000,202530400000800947,서울특별시 광진구청,서울특별시 광진구 천호대로 549,,시설물관리,1,,,,,02-450-7678,37.55741,127.07946,2025-10-28,I,2026-05-15 18:45:38,2025-10-29 10:49:35
3040000,202530400000800948,서울특별시 광진구청,서울특별시 광진구 능동로 419,,시설물관리,1,,,,,02-450-7678,37.56643,127.08435,2025-10-28,I,2026-05-15 18:45:38,2025-10-29 10:49:35
3040000,202530400000800949,서울특별시 광진구청,서울특별시 광진구 동일로 419,,기타,1,,,,,02-450-7678,37.56832,127.07829,2025-10-28,I,2026-05-15 18:45:38,2025-10-29 10:49:35
3040000,202530400000800950,서울특별시 광진구청,서울특별시 광진구 동일로 403,,기타,1,,,,,02-450-7678,37.56659,127.07726,2025-10-28,I,2026-05-15 18:45:38,2025-10-29 10:49:35
3040000,202530400000800951,서울특별시 광진구청,서울특별시 광진구 중곡3동 485-7,,기타,1,,,,,02-450-7678,37.56727,127.07705,2025-10-28,I,2026-05-15 18:45:38,2025-10-29 10:49:35
3040000,202530400000800952,서울특별시 광진구청,서울특별시 광진구 아차산로 397,,시설물관리,1,,,,,02-450-7678,37.53745,127.08674,2025-10-28,I,2026-05-15 18:45:38,2025-10-29 10:49:35
3040000,202530400000800953,서울특별시 광진구청,서울특별시 광진구 아차산로 236,,시설물관리,1,,,,,02-450-7678,37.54018,127.06944,2025-10-28,I,2026-05-15 18:45:38,2025-10-29 10:49:35
3040000,202530400000800954,서울특별시 광진구청,서울특별시 광진구 광나루로 389,,시설물관리,1,,,,,02-450-7678,37.54753,127.07397,2025-10-28,I,2026-05-15 18:45:38,2025-10-29 10:49:35
3040000,202530400000800955,서울특별시 광진구청,서울특별시 광진구 아차산로 370,,시설물관리,1,,,,,02-450-7678,37.53645,127.08385,2025-10-28,I,2026-05-15 18:45:38,2025-10-29 10:49:35
3040000,202530400000800956,서울특별시 광진구청,서울특별시 광진구 능동로 120-1,,시설물관리,1,,,,,02-450-7678,37.53974,127.07188,2025-10-28,I,2026-05-15 18:45:38,2025-10-29 10:49:35
3040000,202530400000800957,서울특별시 광진구청,서울특별시 광진구 능동로 90,,시설물관리,1,,,,,02-450-7678,37.53899,127.07045,2025-10-28,I,2026-05-15 18:45:38,2025-10-29 10:49:35
3040000,202530400000800958,서울특별시 광진구청,서울특별시 광진구 자양4동 72-1,,시설물관리,1,,,,,02-450-7678,37.53192,127.06629,2025-10-28,I,2026-05-15 18:45:38,2025-10-29 10:49:35
3040000,202530400000800959,서울특별시 광진구청,서울특별시 광진구 천호대로 556,,시설물관리,1,,,,,02-450-7678,37.55688,127.07959,2025-10-28,I,2026-05-15 18:45:38,2025-10-29 10:49:35
3040000,202530400000800960,서울특별시 광진구청,서울특별시 광진구 강변역로 53,,시설물관리,1,,,,,02-450-7678,37.53586,127.09434,2025-10-28,I,2026-05-15 18:45:38,2025-10-29 10:49:35
3040000,202530400000800961,서울특별시 광진구청,서울특별시 광진구 화양동 4-14,,시설물관리,1,,,,,02-450-7678,37.54098,127.07155,2025-10-28,I,2026-05-15 18:45:38,2025-10-29 10:49:35
3040000,202530400000800962,서울특별시 광진구청,서울특별시 광진구 광나루로56길 85,,재난재해,1,,,,,02-450-7678,37.53587,127.09525,2025-10-28,I,2026-05-15 18:45:38,2025-10-29 10:49:35
3040000,202530400000800963,서울특별시 광진구청,서울특별시 광진구 아차산로 563,,시설물관리,1,,,,,02-450-7678,37.54378,127.10308,2025-10-28,I,2026-05-15 18:45:38,2025-10-29 10:49:35
3040000,202530400000800964,서울특별시 광진구청,서울특별시 광진구  능동로 90,,시설물관리,1,,,,,02-450-7678,37.5392,127.07035,2025-10-28,I,2026-05-15 18:45:38,2025-10-29 10:49:36
3040000,202530400000800965,서울특별시 광진구청,서울특별시 광진구 아차산로 361,,재난재해,1,,,,,02-450-7678,37.53672,127.08335,2025-10-28,I,2026-05-15 18:45:38,2025-10-29 10:49:36
3040000,202530400000800966,서울특별시 광진구청,서울특별시 광진구 자양로 117,,시설물관리,1,,,,,02-450-7678,37.53834,127.08327,2025-10-28,I,2026-05-15 18:45:38,2025-10-29 10:49:36
3040000,202530400000800967,서울특별시 광진구청,서울특별시 광진구 광장동 401-33,,생활방범,1,,,,,02-450-7678,37.54642,127.1014,2025-10-28,I,2026-05-15 18:45:38,2025-10-29 10:49:36
3040000,202530400000800968,서울특별시 광진구청,서울특별시 광진구 중곡동 30-51,,시설물관리,1,,,,,02-450-7678,37.56596,127.08454,2025-10-28,I,2026-05-15 18:45:38,2025-10-29 10:49:36
3040000,202530400000800969,서울특별시 광진구청,서울특별시 광진구 아차산로 355,,시설물관리,1,,,,,02-450-7678,37.53702,127.08216,2025-10-28,I,2026-05-15 18:45:38,2025-10-29 10:49:36
3040000,202530400000800970,서울특별시 광진구청,서울특별시 광진구 자양로 59-2,,시설물관리,1,,,,,02-450-7678,37.53298,127.08483,2025-10-28,I,2026-05-15 18:45:38,2025-10-29 10:49:36
3040000,202530400000800971,서울특별시 광진구청,서울특별시 광진구 뚝섬로46길 64,,시설물관리,1,,,,,02-450-7678,37.5304,127.07492,2025-10-28,I,2026-05-15 18:45:38,2025-10-29 10:49:36
3040000,202530400000800972,서울특별시 광진구청,서울특별시 광진구 능동로 172,,시설물관리,1,,,,,02-450-7678,37.54603,127.0737,2025-10-28,I,2026-05-15 18:45:38,2025-10-29 10:49:36
3040000,202530400000800973,서울특별시 광진구청,서울특별시 광진구 능동로 295-2,,시설물관리,1,,,,,02-450-7678,37.55631,127.0788,2025-10-28,I,2026-05-15 18:45:38,2025-10-29 10:49:36
3040000,202530400000800974,서울특별시 광진구청,서울특별시 광진구 면목로 98,,시설물관리,1,,,,,02-450-7678,37.56243,127.07947,2025-10-28,I,2026-05-15 18:45:38,2025-10-29 10:49:36
3040000,202530400000800975,서울특별시 광진구청,서울특별시 광진구 광장로1길 27 (광장동),,어린이보호,1,,,,,02-450-7678,37.54795,127.10103,2025-10-28,I,2026-05-15 18:45:38,2025-10-29 10:49:36
3040000,202530400000800976,서울특별시 광진구청,서울특별시 광진구 아차산로70길 62 (광장동),,어린이보호,1,,,,,02-450-7678,37.5416,127.10094,2025-10-28,I,2026-05-15 18:45:38,2025-10-29 10:49:36
3040000,202530400000800977,서울특별시 광진구청,서울특별시 광진구 아차산로70길 35 (광장동),,어린이보호,1,,,,,02-450-7678,37.54205,127.10177,2025-10-28,I,2026-05-15 18:45:38,2025-10-29 10:49:36
3040000,202530400000800978,서울특별시 광진구청,"서울특별시 광진구 아차산로 503-23 (광장동, 청구아파트)",,어린이보호,1,,,,,02-450-7678,37.54345,127.09653,2025-10-28,I,2026-05-15 18:45:38,2025-10-29 10:49:36
3040000,202530400000800979,서울특별시 광진구청,"서울특별시 광진구 아차산로 503-23 (광장동 ), 워커힐로 13 건너편",,어린이보호,1,,,,,02-450-7678,37.5433,127.09551,2025-10-28,I,2026-05-15 18:45:38,2025-10-29 10:49:36
3040000,202530400000800980,서울특별시 광진구청,서울특별시 광진구 아차산로73길 48 (광장동),,어린이보호,1,,,,,02-450-7678,37.54683,127.10224,2025-10-28,I,2026-05-15 18:45:38,2025-10-29 10:49:36
3040000,202530400000800981,서울특별시 광진구청,서울특별시 광진구 광장로3길 19 (광장동),,어린이보호,1,,,,,02-450-7678,37.54788,127.10277,2025-10-28,I,2026-05-15 18:45:38,2025-10-29 10:49:36
3040000,202530400000800982,서울특별시 광진구청,서울특별시 광진구 아차산로69길 29 (광장동),,어린이보호,1,,,,,02-450-7678,37.54399,127.09728,2025-10-28,I,2026-05-15 18:45:38,2025-10-29 10:49:36
3040000,202530400000800983,서울특별시 광진구청,서울특별시 광진구 아차산로 511 (광장동),,어린이보호,1,,,,,02-450-7678,37.54215,127.09821,2025-10-28,I,2026-05-15 18:45:38,2025-10-29 10:49:36
3040000,202530400000800984,서울특별시 광진구청,"서울특별시 광진구 아차산로70길 61 (광장동), 아차산로70길 17-62 광남중",,어린이보호,1,,,,,02-450-7678,37.54018,127.10219,2025-10-28,I,2026-05-15 18:45:38,2025-10-29 10:49:36
3040000,202530400000800985,서울특별시 광진구청,"서울특별시 광진구 아차산로70길 61 (광장동, 광장현대아파트)",,어린이보호,1,,,,,02-450-7678,37.54063,127.1,2025-10-28,I,2026-05-15 18:45:38,2025-10-29 10:49:36
3040000,202530400000800986,서울특별시 광진구청,서울특별시 광진구 광나루로38길 73 (구의동),,어린이보호,1,,,,,02-450-7678,37.54174,127.08724,2025-10-28,I,2026-05-15 18:45:38,2025-10-29 10:49:36
3040000,202530400000800987,서울특별시 광진구청,서울특별시 광진구 광나루로30다길 3 (구의동),,어린이보호,1,,,,,02-450-7678,37.5434,127.0815,2025-10-28,I,2026-05-15 18:45:38,2025-10-29 10:49:36
3040000,202530400000800988,서울특별시 광진구청,서울특별시 광진구 자양로23가길 16 (구의동),,어린이보호,1,,,,,02-450-7678,37.54212,127.08166,2025-10-28,I,2026-05-15 18:45:38,2025-10-29 10:49:36
3040000,202530400000800989,서울특별시 광진구청,서울특별시 광진구 자양로23길 21 (구의동),,어린이보호,1,,,,,02-450-7678,37.54171,127.08243,2025-10-28,I,2026-05-15 18:45:38,2025-10-29 10:49:36
3040000,202530400000800990,서울특별시 광진구청,서울특별시 광진구 영화사로 105 (구의동),,어린이보호,1,,,,,02-450-7678,37.55396,127.09782,2025-10-28,I,2026-05-15 18:45:38,2025-10-29 10:49:36
3040000,202530400000800991,서울특별시 광진구청,서울특별시 광진구 워커힐로 93 (구의동),,어린이보호,1,,,,,02-450-7678,37.55029,127.09654,2025-10-28,I,2026-05-15 18:45:38,2025-10-29 10:49:36
3040000,202530400000800992,서울특별시 광진구청,서울특별시 광진구 천호대로130길 26 (구의동),,어린이보호,1,,,,,02-450-7678,37.55067,127.08879,2025-10-28,I,2026-05-15 18:45:38,2025-10-29 10:49:36
3040000,202530400000800993,서울특별시 광진구청,서울특별시 광진구 자양로 247 (구의동),,어린이보호,1,,,,,02-450-7678,37.54865,127.089,2025-10-28,I,2026-05-15 18:45:38,2025-10-29 10:49:36
3040000,202530400000800994,서울특별시 광진구청,서울특별시 광진구 영화사로 77-1 (구의동),,어린이보호,1,,,,,02-450-7678,37.55471,127.0947,2025-10-28,I,2026-05-15 18:45:38,2025-10-29 10:49:36
3040000,202530400000800995,서울특별시 광진구청,서울특별시 광진구 영화사로 98-1 (구의동),,어린이보호,1,,,,,02-450-7678,37.55441,127.09686,2025-10-28,I,2026-05-15 18:45:38,2025-10-29 10:49:36
3040000,202530400000800996,서울특별시 광진구청,"서울특별시 광진구 자양로50길 53 (구의동, 남광하이츠빌라)",,어린이보호,1,,,,,02-450-7678,37.55267,127.09534,2025-10-28,I,2026-05-15 18:45:38,2025-10-29 10:49:36
3040000,202530400000800997,서울특별시 광진구청,"서울특별시 광진구 자양로50길 79 (구의동, 유진아트빌라)",,어린이보호,1,,,,,02-450-7678,37.55291,127.09677,2025-10-28,I,2026-05-15 18:45:38,2025-10-29 10:49:36
3040000,202530400000800998,서울특별시 광진구청,서울특별시 광진구 자양로52길 21-19 (구의동),,어린이보호,1,,,,,02-450-7678,37.55354,127.09498,2025-10-28,I,2026-05-15 18:45:38,2025-10-29 10:49:36
3040000,202530400000800999,서울특별시 광진구청,서울특별시 광진구 자양로52길 3-9 (구의동),,어린이보호,1,,,,,02-450-7678,37.5537,127.09394,2025-10-28,I,2026-05-15 18:45:38,2025-10-29 10:49:36
3040000,202530400000801000,서울특별시 광진구청,서울특별시 광진구 자양로50길 13 (구의동),,어린이보호,1,,,,,02-450-7678,37.55215,127.09313,2025-10-28,I,2026-05-15 18:45:38,2025-10-29 10:49:36
3040000,202530400000801001,서울특별시 광진구청,서울특별시 광진구 구의2동 613-38,,어린이보호,1,,,,,02-450-7678,37.54902,127.08716,2025-10-28,I,2026-05-15 18:45:38,2025-10-29 10:49:36
3040000,202530400000801002,서울특별시 광진구청,서울특별시 광진구 구의강변로3길 19 (구의동),,어린이보호,1,,,,,02-450-7678,37.53604,127.09105,2025-10-28,I,2026-05-15 18:45:38,2025-10-29 10:49:36
3040000,202530400000801003,서울특별시 광진구청,"서울특별시 광진구 구의강변로 84 (구의동, 세양아파트)",,어린이보호,1,,,,,02-450-7678,37.53708,127.0938,2025-10-28,I,2026-05-15 18:45:38,2025-10-29 10:49:36
3040000,202530400000801004,서울특별시 광진구청,서울특별시 광진구 구의강변로 86 세양아파트 입구,,어린이보호,1,,,,,02-450-7678,37.53805,127.09368,2025-10-28,I,2026-05-15 18:45:38,2025-10-29 10:49:36
3040000,202530400000801005,서울특별시 광진구청,서울특별시 광진구 구의3동 215-10 교통섬,,어린이보호,1,,,,,02-450-7678,37.53722,127.0934,2025-10-28,I,2026-05-15 18:45:38,2025-10-29 10:49:36
3040000,202530400000801006,서울특별시 광진구청,서울특별시 광진구 광나루로44길 32 (구의동),,어린이보호,1,,,,,02-450-7678,37.54273,127.09124,2025-10-28,I,2026-05-15 18:45:38,2025-10-29 10:49:36
3040000,202530400000801007,서울특별시 광진구청,서울특별시 광진구 아차산로 426 (구의동),,어린이보호,1,,,,,02-450-7678,37.53792,127.08953,2025-10-28,I,2026-05-15 18:45:38,2025-10-29 10:49:36
3040000,202530400000801008,서울특별시 광진구청,서울특별시 광진구 강변역로2길 18 (구의동),,어린이보호,1,,,,,02-450-7678,37.5373,127.09119,2025-10-28,I,2026-05-15 18:45:38,2025-10-29 10:49:36
3040000,202530400000801009,서울특별시 광진구청,"서울특별시 광진구 구의강변로3가길 24 (구의동, 동서울빌라)",,어린이보호,1,,,,,02-450-7678,37.53666,127.09179,2025-10-28,I,2026-05-15 18:45:38,2025-10-29 10:49:36
3040000,202530400000801010,서울특별시 광진구청,서울특별시 광진구 구의강변로 69 구남초교 정문 앞,,어린이보호,1,,,,,02-450-7678,37.53711,127.09293,2025-10-28,I,2026-05-15 18:45:38,2025-10-29 10:49:36
3040000,202530400000801011,서울특별시 광진구청,서울특별시 광진구 구의강변로 35 (구의동),,어린이보호,1,,,,,02-450-7678,37.53398,127.09151,2025-10-28,I,2026-05-15 18:45:38,2025-10-29 10:49:36
3040000,202530400000801012,서울특별시 광진구청,서울특별시 광진구 광나루로56길 5 (구의동),,어린이보호,1,,,,,02-450-7678,37.53881,127.09805,2025-10-28,I,2026-05-15 18:45:38,2025-10-29 10:49:36
3040000,202530400000801013,서울특별시 광진구청,서울특별시 광진구 영화사로 111 (구의동),,어린이보호,1,,,,,02-450-7678,37.55349,127.09944,2025-10-28,I,2026-05-15 18:45:38,2025-10-29 10:49:36
3040000,202530400000801014,서울특별시 광진구청,서울특별시 광진구 구의로4길 15 (구의동),,어린이보호,1,,,,,02-450-7678,37.5401,127.09062,2025-10-28,I,2026-05-15 18:45:38,2025-10-29 10:49:36
3040000,202530400000801015,서울특별시 광진구청,서울특별시 광진구 광나루로 532 (구의동),,어린이보호,1,,,,,02-450-7678,37.54483,127.08837,2025-10-28,I,2026-05-15 18:45:38,2025-10-29 10:49:36
3040000,202530400000801016,서울특별시 광진구청,서울특별시 광진구 아차산로 435 강변SK뷰 교통섬,,어린이보호,1,,,,,02-450-7678,37.53822,127.09068,2025-10-28,I,2026-05-15 18:45:38,2025-10-29 10:49:36
3040000,202530400000801017,서울특별시 광진구청,"서울특별시 광진구 영화사로 87-1 (구의동, 동성주택)",,어린이보호,1,,,,,02-450-7678,37.55491,127.09584,2025-10-28,I,2026-05-15 18:45:38,2025-10-29 10:49:36
3040000,202530400000801018,서울특별시 광진구청,서울특별시 광진구 천호대로134길 2 (구의동),,어린이보호,1,,,,,02-450-7678,37.54921,127.09081,2025-10-28,I,2026-05-15 18:45:38,2025-10-29 10:49:36
3040000,202530400000801019,서울특별시 광진구청,서울특별시 광진구 능동로 209 (군자동),,어린이보호,1,,,,,02-450-7678,37.5529,127.07235,2025-10-28,I,2026-05-15 18:45:38,2025-10-29 10:49:36
3040000,202530400000801020,서울특별시 광진구청,서울특별시 광진구 면목로 20 (군자동),,어린이보호,1,,,,,02-450-7678,37.55585,127.07581,2025-10-28,I,2026-05-15 18:45:38,2025-10-29 10:49:36
3040000,202530400000801021,서울특별시 광진구청,서울특별시 광진구 군자로12길 45 (군자동),,어린이보호,1,,,,,02-450-7678,37.55221,127.07252,2025-10-28,I,2026-05-15 18:45:38,2025-10-29 10:49:36
3040000,202530400000801022,서울특별시 광진구청,서울특별시 광진구 동일로52길 27 (군자동),,어린이보호,1,,,,,02-450-7678,37.55433,127.07298,2025-10-28,I,2026-05-15 18:45:38,2025-10-29 10:49:36
3040000,202530400000801023,서울특별시 광진구청,"서울특별시 광진구 동일로52길 10 (군자동, 파인하우스)",,어린이보호,1,,,,,02-450-7678,37.55474,127.07157,2025-10-28,I,2026-05-15 18:45:38,2025-10-29 10:49:36
3040000,202530400000801024,서울특별시 광진구청,서울특별시 광진구 군자로 127 세종대 기숙사 코너,,어린이보호,1,,,,,02-450-7678,37.55368,127.07347,2025-10-28,I,2026-05-15 18:45:38,2025-10-29 10:49:36
3040000,202530400000801025,서울특별시 광진구청,서울특별시 광진구 동일로 222 (군자동),,어린이보호,1,,,,,02-450-7678,37.55162,127.06948,2025-10-28,I,2026-05-15 18:45:38,2025-10-29 10:49:36
3040000,202530400000801026,서울특별시 광진구청,서울특별시 광진구 군자로 70 화양슈퍼 코너,,어린이보호,1,,,,,02-450-7678,37.54971,127.07093,2025-10-28,I,2026-05-15 18:45:38,2025-10-29 10:49:36
3040000,202530400000801027,서울특별시 광진구청,서울특별시 광진구 군자로 74 (군자동),,어린이보호,1,,,,,02-450-7678,37.55105,127.07162,2025-10-28,I,2026-05-15 18:45:38,2025-10-29 10:49:36
3040000,202530400000801028,서울특별시 광진구청,서울특별시 광진구 천호대로102길 36 (군자동),,어린이보호,1,,,,,02-450-7678,37.55754,127.07347,2025-10-28,I,2026-05-15 18:45:38,2025-10-29 10:49:36
3040000,202530400000801029,서울특별시 광진구청,서울특별시 광진구 천호대로 664 (능동),,어린이보호,1,,,,,02-450-7678,37.54943,127.08758,2025-10-28,I,2026-05-15 18:45:38,2025-10-29 10:49:36
3040000,202530400000801030,서울특별시 광진구청,서울특별시 광진구 천호대로114길 25 (능동),,어린이보호,1,,,,,02-450-7678,37.55458,127.08241,2025-10-28,I,2026-05-15 18:45:38,2025-10-29 10:49:36
3040000,202530400000801031,서울특별시 광진구청,서울특별시 광진구 자양로23길 7 (자양동),,어린이보호,1,,,,,02-450-7678,37.54132,127.08317,2025-10-28,I,2026-05-15 18:45:38,2025-10-29 10:49:36
3040000,202530400000801032,서울특별시 광진구청,서울특별시 광진구 아차산로 344 (자양동),,어린이보호,1,,,,,02-450-7678,37.53709,127.08071,2025-10-28,I,2026-05-15 18:45:38,2025-10-29 10:49:36
3040000,202530400000801033,서울특별시 광진구청,서울특별시 광진구 아차산로44길 36 (자양동),,어린이보호,1,,,,,02-450-7678,37.53645,127.07894,2025-10-28,I,2026-05-15 18:45:38,2025-10-29 10:49:36
3040000,202530400000801034,서울특별시 광진구청,서울특별시 광진구 자양로 61,,어린이보호,1,,,,,02-450-7678,37.53325,127.08471,2025-10-28,I,2026-05-15 18:45:38,2025-10-29 10:49:36
3040000,202530400000801035,서울특별시 광진구청,서울특별시 광진구 자양번영로 32,,어린이보호,1,,,,,02-450-7678,37.53259,127.07558,2025-10-28,I,2026-05-15 18:45:38,2025-10-29 10:49:36
3040000,202530400000801036,서울특별시 광진구청,서울특별시 광진구 자양번영로6길 20 (자양동),,어린이보호,1,,,,,02-450-7678,37.53226,127.07681,2025-10-28,I,2026-05-15 18:45:38,2025-10-29 10:49:36
3040000,202530400000801037,서울특별시 광진구청,"서울특별시 광진구 자양로6길 40 (자양동, 대양샤인빌)",,어린이보호,1,,,,,02-450-7678,37.53241,127.08897,2025-10-28,I,2026-05-15 18:45:38,2025-10-29 10:49:36
3040000,202530400000801038,서울특별시 광진구청,"서울특별시 광진구 뚝섬로62길 47 (자양동, 효성맨션)",,어린이보호,1,,,,,02-450-7678,37.53084,127.0886,2025-10-28,I,2026-05-15 18:45:38,2025-10-29 10:49:36
3040000,202530400000801039,서울특별시 광진구청,"서울특별시 광진구 자양강변길 297 (자양동, 신호빌라트)",,어린이보호,1,,,,,02-450-7678,37.5298,127.07477,2025-10-28,I,2026-05-15 18:45:38,2025-10-29 10:49:36
3040000,202530400000801040,서울특별시 광진구청,서울특별시 광진구 자양번영로4길 42-22 (자양동),,어린이보호,1,,,,,02-450-7678,37.53011,127.07731,2025-10-28,I,2026-05-15 18:45:38,2025-10-29 10:49:37
3040000,202530400000801041,서울특별시 광진구청,서울특별시 광진구 뚝섬로 656 성자초교앞 사거리,,어린이보호,1,,,,,02-450-7678,37.53144,127.08258,2025-10-28,I,2026-05-15 18:45:38,2025-10-29 10:49:37
3040000,202530400000801042,서울특별시 광진구청,서울특별시 광진구 뚝섬로58길 13 노인보호센터 앞,,어린이보호,1,,,,,02-450-7678,37.53134,127.08443,2025-10-28,I,2026-05-15 18:45:38,2025-10-29 10:49:37
3040000,202530400000801043,서울특별시 광진구청,서울특별시 광진구 자양로5길 33 (자양동,,어린이보호,1,,,,,02-450-7678,37.53112,127.08394,2025-10-28,I,2026-05-15 18:45:38,2025-10-29 10:49:37
3040000,202530400000801044,서울특별시 광진구청,서울특별시 광진구 자양로5길 33 (자양동,,어린이보호,1,,,,,02-450-7678,37.53061,127.08386,2025-10-28,I,2026-05-15 18:45:38,2025-10-29 10:49:37
3040000,202530400000801045,서울특별시 광진구청,서울특별시 광진구 자양로6길 8 (자양동),,어린이보호,1,,,,,02-450-7678,37.53198,127.08639,2025-10-28,I,2026-05-15 18:45:38,2025-10-29 10:49:37
3040000,202530400000801046,서울특별시 광진구청,"서울특별시 광진구 뚝섬로62길 33-8 (자양동, 목화맨션)",,어린이보호,1,,,,,02-450-7678,37.53183,127.0884,2025-10-28,I,2026-05-15 18:45:38,2025-10-29 10:49:37
3040000,202530400000801047,서울특별시 광진구청,서울특별시 광진구 자양로4길 63,,어린이보호,1,,,,,02-450-7678,37.53352,127.09021,2025-10-28,I,2026-05-15 18:45:38,2025-10-29 10:49:37
3040000,202530400000801048,서울특별시 광진구청,서울특별시 광진구 뚝섬로40길 12 (자양동),,어린이보호,1,,,,,02-450-7678,37.53355,127.07302,2025-10-28,I,2026-05-15 18:45:38,2025-10-29 10:49:37
3040000,202530400000801049,서울특별시 광진구청,서울특별시 광진구 능동로 42 (자양동),,어린이보호,1,,,,,02-450-7678,37.53453,127.0683,2025-10-28,I,2026-05-15 18:45:38,2025-10-29 10:49:37
3040000,202530400000801050,서울특별시 광진구청,서울특별시 광진구 뚝섬로 585 (자양동),,어린이보호,1,,,,,02-450-7678,37.53355,127.07487,2025-10-28,I,2026-05-15 18:45:38,2025-10-29 10:49:37
3040000,202530400000801051,서울특별시 광진구청,서울특별시 광진구 뚝섬로35길 16-20 (자양동),,어린이보호,1,,,,,02-450-7678,37.53531,127.07138,2025-10-28,I,2026-05-15 18:45:38,2025-10-29 10:49:37
3040000,202530400000801052,서울특별시 광진구청,서울특별시 광진구 뚝섬로 561 (자양동),,어린이보호,1,,,,,02-450-7678,37.53451,127.07179,2025-10-28,I,2026-05-15 18:45:38,2025-10-29 10:49:37
3040000,202530400000801053,서울특별시 광진구청,서울특별시 광진구 능동로4길 88 (자양동),,어린이보호,1,,,,,02-450-7678,37.53085,127.07147,2025-10-28,I,2026-05-15 18:45:38,2025-10-29 10:49:37
3040000,202530400000801054,서울특별시 광진구청,서울특별시 광진구 능동로 42 신양초교 후문입구,,어린이보호,1,,,,,02-450-7678,37.53481,127.07009,2025-10-28,I,2026-05-15 18:45:38,2025-10-29 10:49:37
3040000,202530400000801055,서울특별시 광진구청,서울특별시 광진구 동일로4길 51 (자양동),,어린이보호,1,,,,,02-450-7678,37.53596,127.06357,2025-10-28,I,2026-05-15 18:45:38,2025-10-29 10:49:37
3040000,202530400000801056,서울특별시 광진구청,서울특별시 광진구 동일로4가길 2 (자양동),,어린이보호,1,,,,,02-450-7678,37.53625,127.06223,2025-10-28,I,2026-05-15 18:45:38,2025-10-29 10:49:37
3040000,202530400000801057,서울특별시 광진구청,서울특별시 광진구 뚝섬로 476 (자양동),,어린이보호,1,,,,,02-450-7678,37.53666,127.06322,2025-10-28,I,2026-05-15 18:45:38,2025-10-29 10:49:37
3040000,202530400000801058,서울특별시 광진구청,서울특별시 광진구 뚝섬로23길 44 (자양동),,어린이보호,1,,,,,02-450-7678,37.53715,127.06589,2025-10-28,I,2026-05-15 18:45:38,2025-10-29 10:49:37
3040000,202530400000801059,서울특별시 광진구청,서울특별시 광진구 능동로5길 17 (자양동),,어린이보호,1,,,,,02-450-7678,37.53681,127.06675,2025-10-28,I,2026-05-15 18:45:38,2025-10-29 10:49:37
3040000,202530400000801060,서울특별시 광진구청,서울특별시 광진구 뚝섬로64길 71 (자양동),,어린이보호,1,,,,,02-450-7678,37.53025,127.08919,2025-10-28,I,2026-05-15 18:45:38,2025-10-29 10:49:37
3040000,202530400000801061,서울특별시 광진구청,서울특별시 광진구 뚝섬로46길 74 (자양동),,어린이보호,1,,,,,02-450-7678,37.52937,127.07592,2025-10-28,I,2026-05-15 18:45:38,2025-10-29 10:49:37
3040000,202530400000801062,서울특별시 광진구청,서울특별시 광진구 아차산로 326 (자양동),,어린이보호,1,,,,,02-450-7678,37.53748,127.0792,2025-10-28,I,2026-05-15 18:45:38,2025-10-29 10:49:37
3040000,202530400000801063,서울특별시 광진구청,서울특별시 광진구 자양로 43 (자양동),,어린이보호,1,,,,,02-450-7678,37.53191,127.08563,2025-10-28,I,2026-05-15 18:45:38,2025-10-29 10:49:37
3040000,202530400000801064,서울특별시 광진구청,서울특별시 광진구 긴고랑로13길 10 (중곡동),,어린이보호,1,,,,,02-450-7678,37.56313,127.08198,2025-10-28,I,2026-05-15 18:45:38,2025-10-29 10:49:37
3040000,202530400000801065,서울특별시 광진구청,서울특별시 광진구 긴고랑로 51 (중곡동),,어린이보호,1,,,,,02-450-7678,37.5626,127.08206,2025-10-28,I,2026-05-15 18:45:38,2025-10-29 10:49:37
3040000,202530400000801066,서울특별시 광진구청,서울특별시 광진구 능동로49길 9 (중곡동),,어린이보호,1,,,,,02-450-7678,37.56445,127.08273,2025-10-28,I,2026-05-15 18:45:38,2025-10-29 10:49:37
3040000,202530400000801067,서울특별시 광진구청,서울특별시 광진구 동일로72길 34 (중곡동),,어린이보호,1,,,,,02-450-7678,37.56564,127.07955,2025-10-28,I,2026-05-15 18:45:38,2025-10-29 10:49:37
3040000,202530400000801068,서울특별시 광진구청,서울특별시 광진구 긴고랑로22길 29,,어린이보호,1,,,,,02-450-7678,37.55984,127.08381,2025-10-28,I,2026-05-15 18:45:38,2025-10-29 10:49:37
3040000,202530400000801069,서울특별시 광진구청,서울특별시 광진구 천호대로113길 50-4 (중곡동),,어린이보호,1,,,,,02-450-7678,37.55926,127.08417,2025-10-28,I,2026-05-15 18:45:38,2025-10-29 10:49:37
3040000,202530400000801070,서울특별시 광진구청,서울특별시 광진구 용마산로 111 (중곡동),,어린이보호,1,,,,,02-450-7678,37.56347,127.0868,2025-10-28,I,2026-05-15 18:45:38,2025-10-29 10:49:37
3040000,202530400000801071,서울특별시 광진구청,서울특별시 광진구 용마산로5길 27 (중곡동),,어린이보호,1,,,,,02-450-7678,37.55759,127.08654,2025-10-28,I,2026-05-15 18:45:38,2025-10-29 10:49:37
3040000,202530400000801072,서울특별시 광진구청,서울특별시 광진구 용마산로 47 (중곡동),,어린이보호,1,,,,,02-450-7678,37.55783,127.08777,2025-10-28,I,2026-05-15 18:45:38,2025-10-29 10:49:37
3040000,202530400000801073,서울특별시 광진구청,서울특별시 광진구 용마산로1길 65 (중곡동),,어린이보호,1,,,,,02-450-7678,37.55595,127.08486,2025-10-28,I,2026-05-15 18:45:38,2025-10-29 10:49:37
3040000,202530400000801074,서울특별시 광진구청,서울특별시 광진구 용마산로3길 57 (중곡동),,어린이보호,1,,,,,02-450-7678,37.55645,127.08508,2025-10-28,I,2026-05-15 18:45:38,2025-10-29 10:49:37
3040000,202530400000801075,서울특별시 광진구청,서울특별시 광진구 용마산로3길 57 (중곡동),,어린이보호,1,,,,,02-450-7678,37.55867,127.08383,2025-10-28,I,2026-05-15 18:45:38,2025-10-29 10:49:37
3040000,202530400000801076,서울특별시 광진구청,서울특별시 광진구 용마산로3길 57 (중곡동),,어린이보호,1,,,,,02-450-7678,37.55777,127.08332,2025-10-28,I,2026-05-15 18:45:38,2025-10-29 10:49:37
3040000,202530400000801077,서울특별시 광진구청,서울특별시 광진구 천호대로111길 41 (중곡동),,어린이보호,1,,,,,02-450-7678,37.5581,127.08281,2025-10-28,I,2026-05-15 18:45:38,2025-10-29 10:49:37
3040000,202530400000801078,서울특별시 광진구청,서울특별시 광진구 동일로80길 13 (중곡동),,어린이보호,1,,,,,02-450-7678,37.5704,127.08059,2025-10-28,I,2026-05-15 18:45:38,2025-10-29 10:49:37
3040000,202530400000801079,서울특별시 광진구청,"서울특별시 광진구 능동로53길 13 (중곡동, 정인주택)",,어린이보호,1,,,,,02-450-7678,37.56658,127.08385,2025-10-28,I,2026-05-15 18:45:38,2025-10-29 10:49:37
3040000,202530400000801080,서울특별시 광진구청,서울특별시 광진구 동일로80길 24 (중곡동),,어린이보호,1,,,,,02-450-7678,37.5702,127.08117,2025-10-28,I,2026-05-15 18:45:38,2025-10-29 10:49:37
3040000,202530400000801081,서울특별시 광진구청,서울특별시 광진구 동일로72길 23-5 (중곡동),,어린이보호,1,,,,,02-450-7678,37.56604,127.07916,2025-10-28,I,2026-05-15 18:45:38,2025-10-29 10:49:37
3040000,202530400000801082,서울특별시 광진구청,"서울특별시 광진구 동일로72길 17 (중곡동, 중곡아파트)",,어린이보호,1,,,,,02-450-7678,37.56606,127.07838,2025-10-28,I,2026-05-15 18:45:38,2025-10-29 10:49:37
3040000,202530400000801083,서울특별시 광진구청,"서울특별시 광진구 긴고랑로7길 60 (중곡동, 주원그린빌)",,어린이보호,1,,,,,02-450-7678,37.56604,127.0805,2025-10-28,I,2026-05-15 18:45:38,2025-10-29 10:49:37
3040000,202530400000801084,서울특별시 광진구청,서울특별시 광진구 동일로 399 (중곡동),,어린이보호,1,,,,,02-450-7678,37.56635,127.07749,2025-10-28,I,2026-05-15 18:45:38,2025-10-29 10:49:37
3040000,202530400000801085,서울특별시 광진구청,서울특별시 광진구 답십리로78길 11 (중곡동),,어린이보호,1,,,,,02-450-7678,37.57107,127.08138,2025-10-28,I,2026-05-15 18:45:38,2025-10-29 10:49:37
3040000,202530400000801086,서울특별시 광진구청,서울특별시 광진구 동일로 462 (중곡동),,어린이보호,1,,,,,02-450-7678,37.57162,127.08024,2025-10-28,I,2026-05-15 18:45:38,2025-10-29 10:49:37
3040000,202530400000801087,서울특별시 광진구청,서울특별시 광진구 동일로 452-1 (중곡동),,어린이보호,1,,,,,02-450-7678,37.57057,127.07999,2025-10-28,I,2026-05-15 18:45:38,2025-10-29 10:49:37
3040000,202530400000801088,서울특별시 광진구청,서울특별시 광진구 용마산로 191 (중곡동),,어린이보호,1,,,,,02-450-7678,37.57086,127.08603,2025-10-28,I,2026-05-15 18:45:38,2025-10-29 10:49:37
3040000,202530400000801089,서울특별시 광진구청,서울특별시 광진구 긴고랑로 136 (중곡동),,어린이보호,1,,,,,02-450-7678,37.55909,127.09011,2025-10-28,I,2026-05-15 18:45:38,2025-10-29 10:49:37
3040000,202530400000801090,서울특별시 광진구청,서울특별시 광진구 용마산로8가길 80 (중곡동),,어린이보호,1,,,,,02-450-7678,37.56227,127.0885,2025-10-28,I,2026-05-15 18:45:38,2025-10-29 10:49:37
3040000,202530400000801091,서울특별시 광진구청,서울특별시 광진구 용마산로28길 62 (중곡동),,어린이보호,1,,,,,02-450-7678,37.5671,127.08966,2025-10-28,I,2026-05-15 18:45:38,2025-10-29 10:49:37
3040000,202530400000801092,서울특별시 광진구청,서울특별시 광진구 용마산로22길 76 (중곡동),,어린이보호,1,,,,,02-450-7678,37.56539,127.08844,2025-10-28,I,2026-05-15 18:45:38,2025-10-29 10:49:37
3040000,202530400000801093,서울특별시 광진구청,서울특별시 광진구 용마산로 128 (중곡동) 원방빌딩,,어린이보호,1,,,,,02-450-7678,37.56523,127.087,2025-10-28,I,2026-05-15 18:45:38,2025-10-29 10:49:37
3040000,202530400000801094,서울특별시 광진구청,서울특별시 광진구 용마산로22길 24 (중곡동),,어린이보호,1,,,,,02-450-7678,37.56372,127.08848,2025-10-28,I,2026-05-15 18:45:38,2025-10-29 10:49:37
3040000,202530400000801095,서울특별시 광진구청,서울특별시 광진구 용마산로30길 17 (중곡동),,어린이보호,1,,,,,02-450-7678,37.56876,127.08682,2025-10-28,I,2026-05-15 18:45:38,2025-10-29 10:49:37
3040000,202530400000801096,서울특별시 광진구청,서울특별시 광진구 긴고랑로 152 (중곡동),,어린이보호,1,,,,,02-450-7678,37.55865,127.09167,2025-10-28,I,2026-05-15 18:45:38,2025-10-29 10:49:37
3040000,202530400000801097,서울특별시 광진구청,서울특별시 광진구 용마산로6길 13 (중곡동),,어린이보호,1,,,,,02-450-7678,37.55744,127.08874,2025-10-28,I,2026-05-15 18:45:38,2025-10-29 10:49:37
3040000,202530400000801098,서울특별시 광진구청,서울특별시 광진구 동일로80길 34 (중곡동),,어린이보호,1,,,,,02-450-7678,37.57008,127.08177,2025-10-28,I,2026-05-15 18:45:38,2025-10-29 10:49:37
3040000,202530400000801099,서울특별시 광진구청,서울특별시 광진구 용마산로28길 43 (중곡동),,어린이보호,1,,,,,02-450-7678,37.56741,127.0886,2025-10-28,I,2026-05-15 18:45:38,2025-10-29 10:49:37
3040000,202530400000801100,서울특별시 광진구청,서울특별시 광진구 아차산로21길 47 (화양동),,어린이보호,1,,,,,02-450-7678,37.54403,127.0659,2025-10-28,I,2026-05-15 18:45:38,2025-10-29 10:49:37
3040000,202530400000801101,서울특별시 광진구청,서울특별시 광진구 군자로 18 (화양동),,어린이보호,1,,,,,02-450-7678,37.54501,127.07124,2025-10-28,I,2026-05-15 18:45:38,2025-10-29 10:49:37
3040000,202530400000801102,서울특별시 광진구청,서울특별시 광진구 광나루로30길 49 (화양동),,어린이보호,1,,,,,02-450-7678,37.54311,127.08135,2025-10-28,I,2026-05-15 18:45:38,2025-10-29 10:49:37
3040000,202530400000801103,서울특별시 광진구청,서울특별시 광진구 능동로13길 15 (화양동),,어린이보호,1,,,,,02-450-7678,37.54284,127.07099,2025-10-28,I,2026-05-15 18:45:38,2025-10-29 10:49:37
3040000,202530400000801104,서울특별시 광진구청,서울특별시 광진구 군자로 27 (화양동),,어린이보호,1,,,,,02-450-7678,37.54567,127.07065,2025-10-28,I,2026-05-15 18:45:38,2025-10-29 10:49:37
3040000,202530400000801105,서울특별시 광진구청,서울특별시 광진구 광나루로 448 (화양동),,어린이보호,1,,,,,02-450-7678,37.54539,127.07905,2025-10-28,I,2026-05-15 18:45:38,2025-10-29 10:49:37
3040000,202530400000801106,서울특별시 광진구청,서울특별시 광진구 능동로 145 (화양동),,어린이보호,1,,,,,02-450-7678,37.54362,127.07222,2025-10-28,I,2026-05-15 18:45:38,2025-10-29 10:49:37
3040000,202530400000801107,서울특별시 광진구청,서울특별시 광진구 아차산로21길 15 (화양동),,어린이보호,1,,,,,02-450-7678,37.54356,127.06563,2025-10-28,I,2026-05-15 18:45:38,2025-10-29 10:49:37
3040000,202530400000801108,서울특별시 광진구청,서울특별시 광진구 아차산로 191 (화양동),,어린이보호,1,,,,,02-450-7678,37.54248,127.06512,2025-10-28,I,2026-05-15 18:45:38,2025-10-29 10:49:37
3040000,202530400000801109,서울특별시 광진구청,서울특별시 광진구 자양로40길 53 (구의동),,어린이보호,1,,,,,02-450-7678,37.54685,127.09174,2025-10-28,I,2026-05-15 18:45:38,2025-10-29 10:49:37
3040000,202530400000801110,서울특별시 광진구청,서울특별시 광진구 뚝섬로 52길,,어린이보호,1,,,,,02-450-7678,37.53181,127.08409,2025-10-28,I,2026-05-15 18:45:38,2025-10-29 10:49:37
3040000,202530400000801111,서울특별시 광진구청,서울특별시 광진구 아차산로58길 47 (구의동),,어린이보호,1,,,,,02-450-7678,37.53569,127.08928,2025-10-28,I,2026-05-15 18:45:38,2025-10-29 10:49:37
3040000,202530400000801112,서울특별시 광진구청,서울특별시 광진구 뚝섬로 741 (구의동),,어린이보호,1,,,,,02-450-7678,37.53442,127.09112,2025-10-28,I,2026-05-15 18:45:38,2025-10-29 10:49:37
3040000,202530400000801113,서울특별시 광진구청,서울특별시 광진구 아차산로 44가길 5,,어린이보호,1,,,,,02-450-7678,37.53629,127.0797,2025-10-28,I,2026-05-15 18:45:38,2025-10-29 10:49:37
3040000,202530400000801114,서울특별시 광진구청,서울특별시 광진구 자양로 219,,어린이보호,1,,,,,02-450-7678,37.54691,127.08703,2025-10-28,I,2026-05-15 18:45:38,2025-10-29 10:49:37
3040000,202530400000801115,서울특별시 광진구청,서울특별시 광진구 자양로23길 79,,어린이보호,1,,,,,02-450-7678,37.54379,127.08379,2025-10-28,I,2026-05-15 18:45:38,2025-10-29 10:49:37
3040000,202530400000801116,서울특별시 광진구청,서울특별시 광진구 자양로23길 79,,어린이보호,1,,,,,02-450-7678,37.53037,127.0905,2025-10-28,I,2026-05-15 18:45:38,2025-10-29 10:49:37
3040000,202530400000801117,서울특별시 광진구청,서울특별시 광진구 자양로43길 115,,어린이보호,1,,,,,02-450-7678,37.55547,127.08903,2025-10-28,I,2026-05-15 18:45:38,2025-10-29 10:49:37
3040000,202530400000801118,서울특별시 광진구청,서울특별시 광진구 자양로41길 20,,어린이보호,1,,,,,02-450-7678,37.54998,127.08957,2025-10-28,I,2026-05-15 18:45:38,2025-10-29 10:49:37
3040000,202530400000801119,서울특별시 광진구청,서울특별시 광진구 광나루로15길 23,,어린이보호,1,,,,,02-450-7678,37.54908,127.06954,2025-10-28,I,2026-05-15 18:45:38,2025-10-29 10:49:37
3040000,202530400000801120,서울특별시 광진구청,서울특별시 광진구 군자로 142,,어린이보호,1,,,,,02-450-7678,37.55421,127.07517,2025-10-28,I,2026-05-15 18:45:38,2025-10-29 10:49:37
3040000,202530400000801121,서울특별시 광진구청,서울특별시 광진구 구의강변로 96,,어린이보호,1,,,,,02-450-7678,37.5391,127.09406,2025-10-28,I,2026-05-15 18:45:38,2025-10-29 10:49:37
3040000,202530400000801122,서울특별시 광진구청,서울특별시 광진구 아차산로73길 7-4 (광장동),,쓰레기단속,1,,,,,02-450-7678,37.54582,127.10427,2025-10-28,I,2026-05-15 18:45:38,2025-10-29 10:49:37
3040000,202530400000801123,서울특별시 광진구청,서울특별시 광진구 광장로1길 23 (광장동),,쓰레기단속,1,,,,,02-450-7678,37.54795,127.10205,2025-10-28,I,2026-05-15 18:45:38,2025-10-29 10:49:37
3040000,202530400000801124,서울특별시 광진구청,서울특별시 광진구 자양로32길 14 (구의동),,쓰레기단속,1,,,,,02-450-7678,37.54433,127.0859,2025-10-28,I,2026-05-15 18:45:38,2025-10-29 10:49:37
3040000,202530400000801125,서울특별시 광진구청,"서울특별시 광진구 자양로26길 59 (구의동, 한일익스프레스)",,쓰레기단속,1,,,,,02-450-7678,37.54101,127.08723,2025-10-28,I,2026-05-15 18:45:38,2025-10-29 10:49:37
3040000,202530400000801126,서울특별시 광진구청,서울특별시 광진구 아차산로51길 86-12 (구의동),,쓰레기단속,1,,,,,02-450-7678,37.54124,127.08565,2025-10-28,I,2026-05-15 18:45:38,2025-10-29 10:49:37
3040000,202530400000801127,서울특별시 광진구청,"서울특별시 광진구 광나루로38길 74 (구의동, 삼영)",,쓰레기단속,1,,,,,02-450-7678,37.5416,127.08715,2025-10-28,I,2026-05-15 18:45:38,2025-10-29 10:49:37
3040000,202530400000801128,서울특별시 광진구청,서울특별시 광진구 아차산로49길 89 (구의동),,쓰레기단속,1,,,,,02-450-7678,37.54092,127.08447,2025-10-28,I,2026-05-15 18:45:38,2025-10-29 10:49:37
3040000,202530400000801129,서울특별시 광진구청,"서울특별시 광진구 아차산로55길 23 (구의동, 신일아트빌라)",,쓰레기단속,1,,,,,02-450-7678,37.53835,127.08643,2025-10-28,I,2026-05-15 18:45:38,2025-10-29 10:49:37
3040000,202530400000801130,서울특별시 광진구청,서울특별시 광진구 자양로44다길 28 (구의동),,쓰레기단속,1,,,,,02-450-7678,37.55089,127.09595,2025-10-28,I,2026-05-15 18:45:38,2025-10-29 10:49:37
3040000,202530400000801131,서울특별시 광진구청,서울특별시 광진구 광나루로52길 94 (구의동),,쓰레기단속,1,,,,,02-450-7678,37.53928,127.09104,2025-10-28,I,2026-05-15 18:45:38,2025-10-29 10:49:37
3040000,202530400000801132,서울특별시 광진구청,서울특별시 광진구 강변역로 17 (구의동),,쓰레기단속,1,,,,,02-450-7678,37.5381,127.09204,2025-10-28,I,2026-05-15 18:45:38,2025-10-29 10:49:37
3040000,202530400000801133,서울특별시 광진구청,서울특별시 광진구 동일로58길 20 (군자동),,쓰레기단속,1,,,,,02-450-7678,37.55718,127.07382,2025-10-28,I,2026-05-15 18:45:38,2025-10-29 10:49:37
3040000,202530400000801134,서울특별시 광진구청,서울특별시 광진구 군자로 129-5 (군자동),,쓰레기단속,1,,,,,02-450-7678,37.55389,127.07373,2025-10-28,I,2026-05-15 18:45:38,2025-10-29 10:49:37
3040000,202530400000801135,서울특별시 광진구청,서울특별시 광진구 천호대로102길 55 (군자동),,쓰레기단속,1,,,,,02-450-7678,37.55679,127.07303,2025-10-28,I,2026-05-15 18:45:38,2025-10-29 10:49:37
3040000,202530400000801136,서울특별시 광진구청,서울특별시 광진구 긴고랑로13길 33 (중곡동),,쓰레기단속,1,,,,,02-450-7678,37.56406,127.0824,2025-10-28,I,2026-05-15 18:45:38,2025-10-29 10:49:37
3040000,202530400000801137,서울특별시 광진구청,서울특별시 광진구 긴고랑로30길 16 (중곡동),,쓰레기단속,1,,,,,02-450-7678,37.55902,127.08688,2025-10-28,I,2026-05-15 18:45:38,2025-10-29 10:49:37
3040000,202530400000801138,서울특별시 광진구청,서울특별시 광진구 아차산로63길 31,,쓰레기단속,1,,,,,02-450-7678,37.54087,127.09226,2025-10-28,I,2026-05-15 18:45:38,2025-10-29 10:49:37
3040000,202530400000801139,서울특별시 광진구청,서울특별시 광진구 자양번영로8길 7 (자양동),,쓰레기단속,1,,,,,02-450-7678,37.53443,127.07644,2025-10-28,I,2026-05-15 18:45:38,2025-10-29 10:49:37
3040000,202530400000801140,서울특별시 광진구청,서울특별시 광진구 뚝섬로57가길 38 (자양동),,쓰레기단속,1,,,,,02-450-7678,37.53201,127.08161,2025-10-28,I,2026-05-15 18:45:38,2025-10-29 10:49:37
3040000,202530400000801141,서울특별시 광진구청,서울특별시 광진구 아차산로40길 49 (자양동),,쓰레기단속,1,,,,,02-450-7678,37.53554,127.07791,2025-10-28,I,2026-05-15 18:45:38,2025-10-29 10:49:37
3040000,202530400000801142,서울특별시 광진구청,서울특별시 광진구 뚝섬로64길 45 (자양동),,쓰레기단속,1,,,,,02-450-7678,37.53239,127.08891,2025-10-28,I,2026-05-15 18:45:38,2025-10-29 10:49:37
3040000,202530400000801143,서울특별시 광진구청,서울특별시 광진구 뚝섬로58길 90 (자양동),,쓰레기단속,1,,,,,02-450-7678,37.52903,127.08357,2025-10-28,I,2026-05-15 18:45:38,2025-10-29 10:49:37
3040000,202530400000801144,서울특별시 광진구청,서울특별시 광진구 뚝섬로52라길 61-12 (자양동),,쓰레기단속,1,,,,,02-450-7678,37.52968,127.08182,2025-10-28,I,2026-05-15 18:45:38,2025-10-29 10:49:37
3040000,202530400000801145,서울특별시 광진구청,서울특별시 광진구 뚝섬로58길 13 (자양동),,쓰레기단속,1,,,,,02-450-7678,37.53126,127.08429,2025-10-28,I,2026-05-15 18:45:38,2025-10-29 10:49:37
3040000,202530400000801146,서울특별시 광진구청,서울특별시 광진구 용마산로30길 37 (중곡동),,쓰레기단속,1,,,,,02-450-7678,37.56877,127.08814,2025-10-28,I,2026-05-15 18:45:38,2025-10-29 10:49:37
3040000,202530400000801147,서울특별시 광진구청,서울특별시 광진구 뚝섬로40길 14 (자양동),,쓰레기단속,1,,,,,02-450-7678,37.53339,127.07284,2025-10-28,I,2026-05-15 18:45:38,2025-10-29 10:49:37
3040000,202530400000801148,서울특별시 광진구청,"서울특별시 광진구 뚝섬로35길 18 (자양동, 무지개빌라)",,쓰레기단속,1,,,,,02-450-7678,37.53558,127.07051,2025-10-28,I,2026-05-15 18:45:38,2025-10-29 10:49:37
3040000,202530400000801149,서울특별시 광진구청,서울특별시 광진구 뚝섬로36가길 26 (자양동),,쓰레기단속,1,,,,,02-450-7678,37.53163,127.07187,2025-10-28,I,2026-05-15 18:45:38,2025-10-29 10:49:37
3040000,202530400000801150,서울특별시 광진구청,서울특별시 광진구 뚝섬로27길 39 (자양동),,쓰레기단속,1,,,,,02-450-7678,37.53776,127.06596,2025-10-28,I,2026-05-15 18:45:38,2025-10-29 10:49:37
3040000,202530400000801151,서울특별시 광진구청,서울특별시 광진구 아차산로32길 21 (자양동),,쓰레기단속,1,,,,,02-450-7678,37.53901,127.06816,2025-10-28,I,2026-05-15 18:45:38,2025-10-29 10:49:37
3040000,202530400000801152,서울특별시 광진구청,서울특별시 광진구 동일로2길 2-8 (자양동),,쓰레기단속,1,,,,,02-450-7678,37.53488,127.06062,2025-10-28,I,2026-05-15 18:45:38,2025-10-29 10:49:37
3040000,202530400000801153,서울특별시 광진구청,서울특별시 광진구 군자로13길 6 (군자동),,쓰레기단속,1,,,,,02-450-7678,37.55286,127.07163,2025-10-28,I,2026-05-15 18:45:38,2025-10-29 10:49:37
3040000,202530400000801154,서울특별시 광진구청,서울특별시 광진구 뚝섬로30가길 18 (자양동),,쓰레기단속,1,,,,,02-450-7678,37.53514,127.06536,2025-10-28,I,2026-05-15 18:45:38,2025-10-29 10:49:37
3040000,202530400000801155,서울특별시 광진구청,서울특별시 광진구 동일로4길 68-8 (자양동),,쓰레기단속,1,,,,,02-450-7678,37.53532,127.0647,2025-10-28,I,2026-05-15 18:45:38,2025-10-29 10:49:37
3040000,202530400000801156,서울특별시 광진구청,서울특별시 광진구 능동로7길 14 (자양동),,쓰레기단속,1,,,,,02-450-7678,37.53699,127.06819,2025-10-28,I,2026-05-15 18:45:38,2025-10-29 10:49:37
3040000,202530400000801157,서울특별시 광진구청,서울특별시 광진구 뚝섬로23길 48  (자양동),,쓰레기단속,1,,,,,02-450-7678,37.53727,127.06602,2025-10-28,I,2026-05-15 18:45:38,2025-10-29 10:49:37
3040000,202530400000801158,서울특별시 광진구청,서울특별시 광진구 뚝섬로23길 8 (자양동),,쓰레기단속,1,,,,,02-450-7678,37.53743,127.06544,2025-10-28,I,2026-05-15 18:45:38,2025-10-29 10:49:37
3040000,202530400000801159,서울특별시 광진구청,서울특별시 광진구 긴고랑로4길 5 (중곡동),,쓰레기단속,1,,,,,02-450-7678,37.56357,127.0776,2025-10-28,I,2026-05-15 18:45:38,2025-10-29 10:49:37
3040000,202530400000801160,서울특별시 광진구청,서울특별시 광진구 용마산로28길 30 (중곡동),,쓰레기단속,1,,,,,02-450-7678,37.56764,127.08797,2025-10-28,I,2026-05-15 18:45:38,2025-10-29 10:49:38
3040000,202530400000801161,서울특별시 광진구청,서울특별시 광진구 천호대로101길 11 (중곡동),,쓰레기단속,1,,,,,02-450-7678,37.55983,127.07462,2025-10-28,I,2026-05-15 18:45:38,2025-10-29 10:49:38
3040000,202530400000801162,서울특별시 광진구청,"서울특별시 광진구 동일로66길 36 (중곡동, 건일)",,쓰레기단속,1,,,,,02-450-7678,37.56121,127.0771,2025-10-28,I,2026-05-15 18:45:38,2025-10-29 10:49:38
3040000,202530400000801163,서울특별시 광진구청,서울특별시 광진구 면목로 63-2,,쓰레기단속,1,,,,,02-450-7678,37.5596,127.07778,2025-10-28,I,2026-05-15 18:45:38,2025-10-29 10:49:38
3040000,202530400000801164,서울특별시 광진구청,서울특별시 광진구 용마산로 47 (중곡동),,쓰레기단속,1,,,,,02-450-7678,37.55774,127.08731,2025-10-28,I,2026-05-15 18:45:38,2025-10-29 10:49:38
3040000,202530400000801165,서울특별시 광진구청,서울특별시 광진구 용마산로1길 69 (중곡동),,쓰레기단속,1,,,,,02-450-7678,37.55595,127.08476,2025-10-28,I,2026-05-15 18:45:38,2025-10-29 10:49:38
3040000,202530400000801166,서울특별시 광진구청,서울특별시 광진구 긴고랑로2길 25 (중곡동 마을마당),,쓰레기단속,1,,,,,02-450-7678,37.56267,127.07681,2025-10-28,I,2026-05-15 18:45:38,2025-10-29 10:49:38
3040000,202530400000801167,서울특별시 광진구청,서울특별시 광진구 용마산로1길 89 (중곡동),,쓰레기단속,1,,,,,02-450-7678,37.55632,127.0839,2025-10-28,I,2026-05-15 18:45:38,2025-10-29 10:49:38
3040000,202530400000801168,서울특별시 광진구청,서울특별시 광진구 광진구천호대로120길16,,쓰레기단속,1,,,,,02-450-7678,37.55348,127.08655,2025-10-28,I,2026-05-15 18:45:38,2025-10-29 10:49:38
3040000,202530400000801169,서울특별시 광진구청,서울특별시 광진구 능동로57길 30-5 (중곡동),,쓰레기단속,1,,,,,02-450-7678,37.56831,127.08396,2025-10-28,I,2026-05-15 18:45:38,2025-10-29 10:49:38
3040000,202530400000801170,서울특별시 광진구청,서울특별시 광진구 동일로80길 12 (중곡동),,쓰레기단속,1,,,,,02-450-7678,37.57029,127.08056,2025-10-28,I,2026-05-15 18:45:38,2025-10-29 10:49:38
3040000,202530400000801171,서울특별시 광진구청,서울특별시 광진구 동일로38길 17-5 (군자동),,쓰레기단속,1,,,,,02-450-7678,37.55152,127.07046,2025-10-28,I,2026-05-15 18:45:38,2025-10-29 10:49:38
3040000,202530400000801172,서울특별시 광진구청,서울특별시 광진구 용마산로25길 22 (중곡동),,쓰레기단속,1,,,,,02-450-7678,37.56607,127.08569,2025-10-28,I,2026-05-15 18:45:38,2025-10-29 10:49:38
3040000,202530400000801173,서울특별시 광진구청,서울특별시 광진구 면목로12길 37 (중곡동),,쓰레기단속,1,,,,,02-450-7678,37.56785,127.08383,2025-10-28,I,2026-05-15 18:45:38,2025-10-29 10:49:38
3040000,202530400000801174,서울특별시 광진구청,서울특별시 광진구 광나루로40길 84 (구의동),,쓰레기단속,1,,,,,02-450-7678,37.54107,127.08867,2025-10-28,I,2026-05-15 18:45:38,2025-10-29 10:49:38
3040000,202530400000801175,서울특별시 광진구청,서울특별시 광진구 천호대로127길 16 (중곡동),,쓰레기단속,1,,,,,02-450-7678,37.5536,127.08978,2025-10-28,I,2026-05-15 18:45:38,2025-10-29 10:49:38
3040000,202530400000801176,서울특별시 광진구청,서울특별시 광진구 용마산로32길 33 (중곡동),,쓰레기단속,1,,,,,02-450-7678,37.56942,127.08813,2025-10-28,I,2026-05-15 18:45:38,2025-10-29 10:49:38
3040000,202530400000801177,서울특별시 광진구청,서울특별시 광진구 자양로45길 103 (중곡동),,쓰레기단속,1,,,,,02-450-7678,37.55552,127.08984,2025-10-28,I,2026-05-15 18:45:38,2025-10-29 10:49:38
3040000,202530400000801178,서울특별시 광진구청,서울특별시 광진구 자양로50길 48 (구의동),,쓰레기단속,1,,,,,02-450-7678,37.55256,127.09511,2025-10-28,I,2026-05-15 18:45:38,2025-10-29 10:49:38
3040000,202530400000801179,서울특별시 광진구청,서울특별시 광진구 군자로 15 (화양동),,쓰레기단속,1,,,,,02-450-7678,37.54473,127.07138,2025-10-28,I,2026-05-15 18:45:38,2025-10-29 10:49:38
3040000,202530400000801180,서울특별시 광진구청,서울특별시 광진구 능동로17길 53 (화양동),,쓰레기단속,1,,,,,02-450-7678,37.5469,127.07062,2025-10-28,I,2026-05-15 18:45:38,2025-10-29 10:49:38
3040000,202530400000801181,서울특별시 광진구청,서울특별시 광진구 광진구아차산로21길 64-43 (화양동),,쓰레기단속,1,,,,,02-450-7678,37.54437,127.06714,2025-10-28,I,2026-05-15 18:45:38,2025-10-29 10:49:38
3040000,202530400000801182,서울특별시 광진구청,서울특별시 광진구 아차산로23길 31 (화양동),,쓰레기단속,1,,,,,02-450-7678,37.54336,127.06655,2025-10-28,I,2026-05-15 18:45:38,2025-10-29 10:49:38
3040000,202530400000801183,서울특별시 광진구청,서울특별시 광진구 광나루로20가길 14 (화양동),,쓰레기단속,1,,,,,02-450-7678,37.54521,127.07499,2025-10-28,I,2026-05-15 18:45:38,2025-10-29 10:49:38
3040000,202530400000801184,서울특별시 광진구청,서울특별시 광진구 광나루로44길 44 (구의동),,쓰레기단속,1,,,,,02-450-7678,37.54238,127.09118,2025-10-28,I,2026-05-15 18:45:38,2025-10-29 10:49:38
3040000,202530400000801185,서울특별시 광진구청,"서울특별시 광진구 아차산성, 구의지구쪽",,재난재해,1,,,,,02-450-7678,37.55428,127.1034,2025-10-28,I,2026-05-15 18:45:38,2025-10-29 10:49:38
3040000,202530400000801186,서울특별시 광진구청,"서울특별시 광진구 아차산 능선, 긴골지구쪽",,재난재해,1,,,,,02-450-7678,37.56313,127.10078,2025-10-28,I,2026-05-15 18:45:38,2025-10-29 10:49:38
3040000,202530400000801187,서울특별시 광진구청,"서울특별시 광진구 뻥튀기골, 길목",,재난재해,1,,,,,02-450-7678,37.56823,127.0892,2025-10-28,I,2026-05-15 18:45:38,2025-10-29 10:49:38
3040000,202530400000801188,서울특별시 광진구청,"서울특별시 광진구 아차산 능선, 긴골지구쪽",,재난재해,1,,,,,02-450-7678,37.56849,127.10314,2025-10-28,I,2026-05-15 18:45:38,2025-10-29 10:49:38
3040000,202530400000801189,서울특별시 광진구청,서울특별시 광진구 긴고랑계곡,,재난재해,1,,,,,02-450-7678,37.56383,127.09632,2025-10-28,I,2026-05-15 18:45:38,2025-10-29 10:49:38
3040000,202530400000801190,서울특별시 광진구청,서울특별시 광진구 아차산 해맞이공원 서쪽,,재난재해,1,,,,,02-450-7678,37.55992,127.09899,2025-10-28,I,2026-05-15 18:45:38,2025-10-29 10:49:38
3040000,202530400000801191,서울특별시 광진구청,서울특별시 광진구 아차산 해맞이공원 남동쪽,,재난재해,1,,,,,02-450-7678,37.55823,127.10268,2025-10-28,I,2026-05-15 18:45:38,2025-10-29 10:49:38
3040000,202530400000801192,서울특별시 광진구청,서울특별시 광진구 용마산로 127,,재난재해,1,,,,,02-450-7678,37.56479,127.08457,2025-10-28,I,2026-05-15 18:45:38,2025-10-29 10:49:38
3040000,202530400000801193,서울특별시 광진구청,서울특별시 광진구 능동로 90,,재난재해,1,,,,,02-450-7678,37.53824,127.07089,2025-10-28,I,2026-05-15 18:45:38,2025-10-29 10:49:38
3040000,202530400000801194,서울특별시 광진구청,서울특별시 광진구 광나루로56길 85,,재난재해,1,,,,,02-450-7678,37.53584,127.09572,2025-10-28,I,2026-05-15 18:45:38,2025-10-29 10:49:38
3040000,202530400000801195,서울특별시 광진구청,서울특별시 광진구 아차산로 612,,교통단속,1,,,,,02-450-7678,37.54763,127.10684,2025-10-28,I,2026-05-15 18:45:38,2025-10-29 10:49:38
3040000,202530400000801196,서울특별시 광진구청,서울특별시 광진구 아차산로 553 (광장동),,교통단속,1,,,,,02-450-7678,37.54352,127.10243,2025-10-28,I,2026-05-15 18:45:38,2025-10-29 10:49:38
3040000,202530400000801197,서울특별시 광진구청,서울특별시 광진구 천호대로 665-2,,교통단속,1,,,,,02-450-7678,37.55185,127.08944,2025-10-28,I,2026-05-15 18:45:38,2025-10-29 10:49:38
3040000,202530400000801198,서울특별시 광진구청,서울특별시 광진구 광나루로 529 (구의동),,교통단속,1,,,,,02-450-7678,37.54512,127.08798,2025-10-28,I,2026-05-15 18:45:38,2025-10-29 10:49:38
3040000,202530400000801199,서울특별시 광진구청,서울특별시 광진구 자양로 216 (구의동),,교통단속,1,,,,,02-450-7678,37.54593,127.08628,2025-10-28,I,2026-05-15 18:45:38,2025-10-29 10:49:38
3040000,202530400000801200,서울특별시 광진구청,서울특별시 광진구 강변역로 50 (구의동),,교통단속,1,,,,,02-450-7678,37.53271,127.09312,2025-10-28,I,2026-05-15 18:45:38,2025-10-29 10:49:38
3040000,202530400000801201,서울특별시 광진구청,서울특별시 광진구 강변역로4길 10 (구의동),,교통단속,1,,,,,02-450-7678,37.53504,127.09313,2025-10-28,I,2026-05-15 18:45:38,2025-10-29 10:49:38
3040000,202530400000801202,서울특별시 광진구청,서울특별시 광진구 광나루로56길 86 (구의동),,교통단속,1,,,,,02-450-7678,37.53776,127.09638,2025-10-28,I,2026-05-15 18:45:38,2025-10-29 10:49:38
3040000,202530400000801203,서울특별시 광진구청,서울특별시 광진구 강변역로 53 (구의동),,교통단속,1,,,,,02-450-7678,37.53565,127.09455,2025-10-28,I,2026-05-15 18:45:38,2025-10-29 10:49:38
3040000,202530400000801204,서울특별시 광진구청,서울특별시 광진구 강변역로 53 (구의동),,교통단속,1,,,,,02-450-7678,37.53553,127.09431,2025-10-28,I,2026-05-15 18:45:38,2025-10-29 10:49:38
3040000,202530400000801205,서울특별시 광진구청,서울특별시 광진구 강변역로4길 56 (구의동),,교통단속,1,,,,,02-450-7678,37.53381,127.09229,2025-10-28,I,2026-05-15 18:45:38,2025-10-29 10:49:38
3040000,202530400000801206,서울특별시 광진구청,서울특별시 광진구 구의동 611 (구의),,교통단속,1,,,,,02-450-7678,37.53792,127.09699,2025-10-28,I,2026-05-15 18:45:38,2025-10-29 10:49:38
3040000,202530400000801207,서울특별시 광진구청,서울특별시 광진구 구의강변로 45 (구의동),,교통단속,1,,,,,02-450-7678,37.53472,127.09164,2025-10-28,I,2026-05-15 18:45:38,2025-10-29 10:49:38
3040000,202530400000801208,서울특별시 광진구청,서울특별시 광진구 군자로 88 (군자동),,교통단속,1,,,,,02-450-7678,37.55116,127.07119,2025-10-28,I,2026-05-15 18:45:38,2025-10-29 10:49:38
3040000,202530400000801209,서울특별시 광진구청,서울특별시 광진구 능동로 295 (군자동),,교통단속,1,,,,,02-450-7678,37.55592,127.07854,2025-10-28,I,2026-05-15 18:45:38,2025-10-29 10:49:38
3040000,202530400000801210,서울특별시 광진구청,서울특별시 광진구 천호대로 512 (군자동),,교통단속,1,,,,,02-450-7678,37.55856,127.07546,2025-10-28,I,2026-05-15 18:45:38,2025-10-29 10:49:38
3040000,202530400000801211,서울특별시 광진구청,서울특별시 광진구 능동로 216 (능동),,교통단속,1,,,,,02-450-7678,37.5491,127.07545,2025-10-28,I,2026-05-15 18:45:38,2025-10-29 10:49:38
3040000,202530400000801212,서울특별시 광진구청,서울특별시 광진구 천호대로 616 (능동),,교통단속,1,,,,,02-450-7678,37.55457,127.08569,2025-10-28,I,2026-05-15 18:45:38,2025-10-29 10:49:38
3040000,202530400000801213,서울특별시 광진구청,서울특별시 광진구 능동로 248 (능동),,교통단속,1,,,,,02-450-7678,37.5524,127.07715,2025-10-28,I,2026-05-15 18:45:38,2025-10-29 10:49:38
3040000,202530400000801214,서울특별시 광진구청,서울특별시 광진구 능동로 209(군자동),,교통단속,1,,,,,02-450-7678,37.55065,127.076,2025-10-28,I,2026-05-15 18:45:38,2025-10-29 10:49:38
3040000,202530400000801215,서울특별시 광진구청,서울특별시 광진구 뚝섬로 626 (자양동),,교통단속,1,,,,,02-450-7678,37.53215,127.07903,2025-10-28,I,2026-05-15 18:45:38,2025-10-29 10:49:38
3040000,202530400000801216,서울특별시 광진구청,서울특별시 광진구 아차산로 218 (자양동),,교통단속,1,,,,,02-450-7678,37.54091,127.06739,2025-10-28,I,2026-05-15 18:45:38,2025-10-29 10:49:38
3040000,202530400000801217,서울특별시 광진구청,서울특별시 광진구 뚝섬로 472 (자양동),,교통단속,1,,,,,02-450-7678,37.5366,127.06336,2025-10-28,I,2026-05-15 18:45:38,2025-10-29 10:49:38
3040000,202530400000801218,서울특별시 광진구청,서울특별시 광진구 능동로 385 (중곡동),,교통단속,1,,,,,02-450-7678,37.56359,127.08285,2025-10-28,I,2026-05-15 18:45:38,2025-10-29 10:49:38
3040000,202530400000801219,서울특별시 광진구청,서울특별시 광진구 긴고랑로 18 (중곡동),,교통단속,1,,,,,02-450-7678,37.56363,127.07825,2025-10-28,I,2026-05-15 18:45:38,2025-10-29 10:49:38
3040000,202530400000801220,서울특별시 광진구청,서울특별시 광진구 동일로 341 (중곡동),,교통단속,1,,,,,02-450-7678,37.5615,127.07475,2025-10-28,I,2026-05-15 18:45:38,2025-10-29 10:49:38
3040000,202530400000801221,서울특별시 광진구청,서울특별시 광진구 능동로 324-1 (중곡동),,교통단속,1,,,,,02-450-7678,37.55859,127.08044,2025-10-28,I,2026-05-15 18:45:38,2025-10-29 10:49:38
3040000,202530400000801222,서울특별시 광진구청,서울특별시 광진구 용마산로 44 (중곡동),,교통단속,1,,,,,02-450-7678,37.5577,127.08805,2025-10-28,I,2026-05-15 18:45:38,2025-10-29 10:49:38
3040000,202530400000801223,서울특별시 광진구청,서울특별시 광진구 천호대로 655 (중곡동),,교통단속,1,,,,,02-450-7678,37.55252,127.08969,2025-10-28,I,2026-05-15 18:45:38,2025-10-29 10:49:38
3040000,202530400000801224,서울특별시 광진구청,서울특별시 광진구 아차산로 219,,교통단속,1,,,,,02-450-7678,37.54111,127.06778,2025-10-28,I,2026-05-15 18:45:38,2025-10-29 10:49:38
3040000,202530400000801225,서울특별시 광진구청,서울특별시 광진구 능동로 110 (화양동),,교통단속,1,,,,,02-450-7678,37.54096,127.07128,2025-10-28,I,2026-05-15 18:45:38,2025-10-29 10:49:38
3040000,202530400000801226,서울특별시 광진구청,서울특별시 광진구 능동로 125 (화양동),,교통단속,1,,,,,02-450-7678,37.54204,127.07143,2025-10-28,I,2026-05-15 18:45:38,2025-10-29 10:49:38
3040000,202530400000801227,서울특별시 광진구청,서울특별시 광진구 능동로 109 (화양동),,교통단속,1,,,,,02-450-7678,37.54086,127.07091,2025-10-28,I,2026-05-15 18:45:38,2025-10-29 10:49:38
3040000,202530400000801228,서울특별시 광진구청,서울특별시 광진구 면목로 127,,교통단속,1,,,,,02-450-7678,37.56502,127.08069,2025-10-28,I,2026-05-15 18:45:38,2025-10-29 10:49:38
3040000,202530400000801229,서울특별시 광진구청,서울특별시 광진구 뚝섬로 666,,교통단속,1,,,,,02-450-7678,37.53163,127.0835,2025-10-28,I,2026-05-15 18:45:38,2025-10-29 10:49:38
3040000,202530400000801230,서울특별시 광진구청,서울특별시 광진구 자양로 45 (자양동),,교통단속,1,,,,,02-450-7678,37.53205,127.08547,2025-10-28,I,2026-05-15 18:45:38,2025-10-29 10:49:38
3040000,202530400000801231,서울특별시 광진구청,서울특별시 광진구 능동로 433 (중곡동),,교통단속,1,,,,,02-450-7678,37.56755,127.08499,2025-10-28,I,2026-05-15 18:45:38,2025-10-29 10:49:38
3040000,202530400000801232,서울특별시 광진구청,서울특별시 광진구 아차산로 537-17 (광장동),,교통단속,1,,,,,02-450-7678,37.54226,127.09959,2025-10-28,I,2026-05-15 18:45:38,2025-10-29 10:49:38
3040000,202530400000801233,서울특별시 광진구청,서울특별시 광진구 자양로 185,,교통단속,1,,,,,02-450-7678,37.54417,127.08478,2025-10-28,I,2026-05-15 18:45:38,2025-10-29 10:49:38
3040000,202530400000801234,서울특별시 광진구청,서울특별시 광진구 자양로 116,,교통단속,1,,,,,02-450-7678,37.53794,127.08352,2025-10-28,I,2026-05-15 18:45:38,2025-10-29 10:49:39
3040000,202530400000801235,서울특별시 광진구청,서울특별시 광진구 영화사로 97,,교통단속,1,,,,,02-450-7678,37.55464,127.0967,2025-10-28,I,2026-05-15 18:45:38,2025-10-29 10:49:39
3040000,202530400000801236,서울특별시 광진구청,서울특별시 광진구 능동로4길 17,,교통단속,1,,,,,02-450-7678,37.53338,127.06855,2025-10-28,I,2026-05-15 18:45:38,2025-10-29 10:49:39
3040000,202530400000801237,서울특별시 광진구청,서울특별시 광진구 광나루로 375-1,,교통단속,1,,,,,02-450-7678,37.54803,127.0718,2025-10-28,I,2026-05-15 18:45:38,2025-10-29 10:49:39
3040000,202530400000801238,서울특별시 광진구청,서울특별시 광진구 자양로 81,,교통단속,1,,,,,02-450-7678,37.53525,127.08387,2025-10-28,I,2026-05-15 18:45:38,2025-10-29 10:49:39
3040000,202530400000801239,서울특별시 광진구청,서울특별시 광진구 용마산로 134,,교통단속,1,,,,,02-450-7678,37.56503,127.08656,2025-10-28,I,2026-05-15 18:45:38,2025-10-29 10:49:39
3040000,202530400000801240,서울특별시 광진구청,서울특별시 광진구 뚝섬로31길51,,교통단속,1,,,,,02-450-7678,37.53761,127.06853,2025-10-28,I,2026-05-15 18:45:38,2025-10-29 10:49:39
3040000,202530400000801241,서울특별시 광진구청,서울특별시 광진구 능동로69,,교통단속,1,,,,,02-450-7678,37.53716,127.06922,2025-10-28,I,2026-05-15 18:45:38,2025-10-29 10:49:39
3040000,202530400000801242,서울특별시 광진구청,서울특별시 광진구 광나루로30길,,교통단속,1,,,,,02-450-7678,37.54374,127.08169,2025-10-28,I,2026-05-15 18:45:38,2025-10-29 10:49:39
3040000,202530400000801243,서울특별시 광진구청,서울특별시 광진구 능동로 81,,교통단속,1,,,,,02-450-7678,37.53792,127.06952,2025-10-28,I,2026-05-15 18:45:38,2025-10-29 10:49:39
3040000,202530400000801244,서울특별시 광진구청,서울특별시 광진구 광나루로619,,교통단속,1,,,,,02-450-7678,37.54106,127.09613,2025-10-28,I,2026-05-15 18:45:38,2025-10-29 10:49:39
3040000,202530400000801245,서울특별시 광진구청,서울특별시 광진구 면목로178,,교통단속,1,,,,,02-450-7678,37.56889,127.08302,2025-10-28,I,2026-05-15 18:45:38,2025-10-29 10:49:39
3040000,202530400000801246,서울특별시 광진구청,서울특별시 광진구 아차산로 343,,교통단속,1,,,,,02-450-7678,37.53731,127.08117,2025-10-28,I,2026-05-15 18:45:38,2025-10-29 10:49:39
3040000,202530400000801247,서울특별시 광진구청,서울특별시 광진구 자양로 40길 41,,교통단속,1,,,,,02-450-7678,37.54777,127.09033,2025-10-28,I,2026-05-15 18:45:38,2025-10-29 10:49:39
3040000,202530400000801248,서울특별시 광진구청,서울특별시 광진구 천호대로 113길 7,,교통단속,1,,,,,02-450-7678,37.55762,127.0833,2025-10-28,I,2026-05-15 18:45:38,2025-10-29 10:49:39
3040000,202530400000801249,서울특별시 광진구청,서울특별시 광진구 뚝섬로 558,,교통단속,1,,,,,02-450-7678,37.53427,127.07162,2025-10-28,I,2026-05-15 18:45:38,2025-10-29 10:49:39
3040000,202530400000801250,서울특별시 광진구청,서울특별시 광진구 능동로 87,,교통단속,1,,,,,02-450-7678,37.53916,127.06937,2025-10-28,I,2026-05-15 18:45:38,2025-10-29 10:49:39
3040000,202530400000801251,서울특별시 광진구청,서울특별시 광진구 영화사로 111,,교통단속,1,,,,,02-450-7678,37.55284,127.09923,2025-10-28,I,2026-05-15 18:45:38,2025-10-29 10:49:39
3040000,202530400000801252,서울특별시 광진구청,서울특별시 광진구 능동로 368,,교통단속,1,,,,,02-450-7678,37.56222,127.08211,2025-10-28,I,2026-05-15 18:45:38,2025-10-29 10:49:39
3040000,202530400000801253,서울특별시 광진구청,서울특별시 광진구 뚝섬로 467,,교통단속,1,,,,,02-450-7678,37.53907,127.06237,2025-10-28,I,2026-05-15 18:45:38,2025-10-29 10:49:39
3040000,202530400000801254,서울특별시 광진구청,서울특별시 광진구 아차산로70길 35 (광장동),,교통단속,1,,,,,02-450-7678,37.54205,127.10177,2025-10-28,I,2026-05-15 18:45:38,2025-10-29 10:49:39
3040000,202530400000801255,서울특별시 광진구청,서울특별시 광진구 구의강변로 69 구남초교 정문 앞,,교통단속,1,,,,,02-450-7678,37.53666,127.0927,2025-10-28,I,2026-05-15 18:45:38,2025-10-29 10:49:39
3040000,202530400000801256,서울특별시 광진구청,서울특별시 광진구 광장로1길 19,,교통단속,1,,,,,02-450-7678,37.54783,127.10197,2025-10-28,I,2026-05-15 18:45:38,2025-10-29 10:49:39
3040000,202530400000801257,서울특별시 광진구청,서울특별시 광진구 천호대로 541,,교통단속,1,,,,,02-450-7678,37.55772,127.07862,2025-10-28,I,2026-05-15 18:45:38,2025-10-29 10:49:39
3040000,202530400000801258,서울특별시 광진구청,서울특별시 광진구 자양2동 680-63,,교통단속,1,,,,,02-450-7678,37.53497,127.08764,2025-10-28,I,2026-05-15 18:45:38,2025-10-29 10:49:39
3040000,202530400000801259,서울특별시 광진구청,서울특별시 광진구 자양2동 680-63,,교통단속,1,,,,,02-450-7678,37.53604,127.08927,2025-10-28,I,2026-05-15 18:45:38,2025-10-29 10:49:39
3040000,202530400000801260,서울특별시 광진구청,서울특별시 광진구 자양2동 680-63,,교통단속,1,,,,,02-450-7678,37.53402,127.08998,2025-10-28,I,2026-05-15 18:45:38,2025-10-29 10:49:39
3040000,202530400000801261,서울특별시 광진구청,서울특별시 광진구 자양4동 41-9,,교통단속,1,,,,,02-450-7678,37.5378,127.06193,2025-10-28,I,2026-05-15 18:45:38,2025-10-29 10:49:39
3040000,202530400000801262,서울특별시 광진구청,서울특별시 광진구 구의강변로 11,,교통단속,1,,,,,02-450-7678,37.5326,127.09163,2025-10-28,I,2026-05-15 18:45:38,2025-10-29 10:49:39
3040000,202530400000801263,서울특별시 광진구청,서울특별시 광진구 뚝섬로46길 64 (자양동),,교통단속,1,,,,,02-450-7678,37.5303,127.07621,2025-10-28,I,2026-05-15 18:45:38,2025-10-29 10:49:39
3040000,202530400000801264,서울특별시 광진구청,서울특별시 광진구 천호대로140길 40 (광장동),,교통단속,1,,,,,02-450-7678,37.54428,127.10024,2025-10-28,I,2026-05-15 18:45:38,2025-10-29 10:49:39
3040000,202530400000801265,서울특별시 광진구청,서울특별시 광진구 뚝섬로 41길 33,,교통단속,1,,,,,02-450-7678,37.53493,127.07531,2025-10-28,I,2026-05-15 18:45:38,2025-10-29 10:49:39
3040000,202530400000801266,서울특별시 광진구청,서울특별시 광진구 긴고랑로13길 69 (중곡동),,교통단속,1,,,,,02-450-7678,37.56547,127.08318,2025-10-28,I,2026-05-15 18:45:38,2025-10-29 10:49:39
3040000,202530400000801267,서울특별시 광진구청,서울특별시 광진구 긴고랑로9길 40 (중곡동),,교통단속,1,,,,,02-450-7678,37.56531,127.08172,2025-10-28,I,2026-05-15 18:45:38,2025-10-29 10:49:39
3040000,202530400000801268,서울특별시 광진구청,서울특별시 광진구 자양로38길 55 (구의동),,교통단속,1,,,,,02-450-7678,37.54674,127.09055,2025-10-28,I,2026-05-15 18:45:38,2025-10-29 10:49:39
3040000,202530400000801269,서울특별시 광진구청,서울특별시 광진구 아차산로70길 17-21,,다목적,1,,,,,02-450-7678,37.54106,127.1033,2025-10-28,I,2026-05-15 18:45:38,2025-10-29 10:49:39
3040000,202530400000801270,서울특별시 광진구청,서울특별시 광진구 광나루로40길 80-4 (구의동),,다목적,1,,,,,02-450-7678,37.54129,127.08875,2025-10-28,I,2026-05-15 18:45:38,2025-10-29 10:49:39
3040000,202530400000801271,서울특별시 광진구청,서울특별시 광진구 광나루로30나길 17 (구의동),,다목적,1,,,,,02-450-7678,37.54358,127.08268,2025-10-28,I,2026-05-15 18:45:38,2025-10-29 10:49:39
3040000,202530400000801272,서울특별시 광진구청,서울특별시 광진구 구의로16길 68 (구의동),,다목적,1,,,,,02-450-7678,37.54235,127.09358,2025-10-28,I,2026-05-15 18:45:38,2025-10-29 10:49:39
3040000,202530400000801273,서울특별시 광진구청,서울특별시 광진구 능동로32길 67 (능동),,다목적,1,,,,,02-450-7678,37.55414,127.08212,2025-10-28,I,2026-05-15 18:45:38,2025-10-29 10:49:39
3040000,202530400000801274,서울특별시 광진구청,서울특별시 광진구 자양로9길 32 (자양동),,다목적,1,,,,,02-450-7678,37.5336,127.08278,2025-10-28,I,2026-05-15 18:45:38,2025-10-29 10:49:39
3040000,202530400000801275,서울특별시 광진구청,서울특별시 광진구 자양번영로6길 67 (자양동),,다목적,1,,,,,02-450-7678,37.53159,127.07932,2025-10-28,I,2026-05-15 18:45:38,2025-10-29 10:49:39
3040000,202530400000801276,서울특별시 광진구청,서울특별시 광진구 능동로4길 51 (자양동),,다목적,1,,,,,02-450-7678,37.53218,127.0701,2025-10-28,I,2026-05-15 18:45:38,2025-10-29 10:49:39
3040000,202530400000801277,서울특별시 광진구청,서울특별시 광진구 긴고랑로4길 30 (중곡동) 도로명 주소 X,,교통단속,1,,,,,02-450-7678,37.5625,127.07705,2025-10-28,I,2026-05-15 18:45:38,2025-10-29 10:49:39
3040000,202530400000801278,서울특별시 광진구청,서울특별시 광진구 면목로 53 (중곡동),,교통단속,1,,,,,02-450-7678,37.55889,127.0773,2025-10-28,I,2026-05-15 18:45:38,2025-10-29 10:49:39
3040000,202530400000801279,서울특별시 광진구청,서울특별시 광진구 천호대로109길 13 (중곡동),,다목적,1,,,,,02-450-7678,37.5575,127.08104,2025-10-28,I,2026-05-15 18:45:38,2025-10-29 10:49:39
3040000,202530400000801280,서울특별시 광진구청,서울특별시 광진구 능동로51길 37-1 (중곡동),,교통단속,1,,,,,02-450-7678,37.56647,127.08204,2025-10-28,I,2026-05-15 18:45:38,2025-10-29 10:49:39
3040000,202530400000801281,서울특별시 광진구청,서울특별시 광진구 광나루로 18길 21 (화양동),,다목적,1,,,,,02-450-7678,37.54675,127.07203,2025-10-28,I,2026-05-15 18:45:38,2025-10-29 10:49:39
3040000,202530400000801282,서울특별시 광진구청,서울특별시 광진구 아차산로 384-1,,다목적,1,,,,,02-450-7678,37.5377,127.0879,2025-10-28,I,2026-05-15 18:45:38,2025-10-29 10:49:39
3040000,202530400000801283,서울특별시 광진구청,서울특별시 광진구 자양로39길 19 (구의동),,다목적,1,,,,,02-450-7678,37.54917,127.08833,2025-10-28,I,2026-05-15 18:45:38,2025-10-29 10:49:39
3040000,202530400000801284,서울특별시 광진구청,서울특별시 광진구 광나루로56길 34 (구의동),,다목적,1,,,,,02-450-7678,37.53921,127.09525,2025-10-28,I,2026-05-15 18:45:38,2025-10-29 10:49:39
3040000,202530400000801285,서울특별시 광진구청,서울특별시 광진구 능동로 32길 145,,다목적,1,,,,,02-450-7678,37.5525,127.086,2025-10-28,I,2026-05-15 18:45:38,2025-10-29 10:49:39
3040000,202530400000801286,서울특별시 광진구청,서울특별시 광진구 뚝섬로52길 74 (자양동),,다목적,1,,,,,02-450-7678,37.52986,127.07848,2025-10-28,I,2026-05-15 18:45:38,2025-10-29 10:49:39
3040000,202530400000801287,서울특별시 광진구청,서울특별시 광진구 뚝섬로56길 7 (자양동),,다목적,1,,,,,02-450-7678,37.53089,127.08265,2025-10-28,I,2026-05-15 18:45:38,2025-10-29 10:49:39
3040000,202530400000801288,서울특별시 광진구청,서울특별시 광진구 능동로 42 (자양동),,다목적,1,,,,,02-450-7678,37.53522,127.06863,2025-10-28,I,2026-05-15 18:45:38,2025-10-29 10:49:39
3040000,202530400000801289,서울특별시 광진구청,서울특별시 광진구 용마산로3길 104 (중곡동),,다목적,1,,,,,02-450-7678,37.5575,127.08256,2025-10-28,I,2026-05-15 18:45:38,2025-10-29 10:49:39
3040000,202530400000801290,서울특별시 광진구청,서울특별시 광진구 천호대로113길 10,,교통단속,1,,,,,02-450-7678,37.55807,127.08509,2025-10-28,I,2026-05-15 18:45:38,2025-10-29 10:49:39
3040000,202530400000801291,서울특별시 광진구청,서울특별시 광진구 동일로72길 43 (중곡동),,다목적,1,,,,,02-450-7678,37.56544,127.08013,2025-10-28,I,2026-05-15 18:45:38,2025-10-29 10:49:39
3040000,202530400000801292,서울특별시 광진구청,"서울특별시 광진구 용마산로22길 19-34 (중곡동, 삼보드림빌)",,다목적,1,,,,,02-450-7678,37.56533,127.08794,2025-10-28,I,2026-05-15 18:45:38,2025-10-29 10:49:40
3040000,202530400000801293,서울특별시 광진구청,서울특별시 광진구 뚝섬로 561,,다목적,1,,,,,02-450-7678,37.5361,127.07356,2025-10-28,I,2026-05-15 18:45:38,2025-10-29 10:49:40
3040000,202530400000801294,서울특별시 광진구청,"서울특별시 광진구 자양로42길 53 (구의동, 광진로얄빌라)",,다목적,1,,,,,02-450-7678,37.5482,127.09302,2025-10-28,I,2026-05-15 18:45:38,2025-10-29 10:49:40
3040000,202530400000801295,서울특별시 광진구청,서울특별시 광진구 능동로6길 16 학교 정문 앞,,다목적,1,,,,,02-450-7678,37.53434,127.06896,2025-10-28,I,2026-05-15 18:45:38,2025-10-29 10:49:40
3040000,202530400000801296,서울특별시 광진구청,서울특별시 광진구 자양번영로 12 (자양동),,다목적,1,,,,,02-450-7678,37.53057,127.07501,2025-10-28,I,2026-05-15 18:45:38,2025-10-29 10:49:40
3040000,202530400000801297,서울특별시 광진구청,서울특별시 광진구 군자로 70 두산위브 앞,,다목적,1,,,,,02-450-7678,37.54883,127.07078,2025-10-28,I,2026-05-15 18:45:38,2025-10-29 10:49:40
3040000,202530400000801298,서울특별시 광진구청,서울특별시 광진구 아차산로76길 19 (광장동),,다목적,1,,,,,02-450-7678,37.54747,127.10795,2025-10-28,I,2026-05-15 18:45:38,2025-10-29 10:49:40
3040000,202530400000801299,서울특별시 광진구청,서울특별시 광진구 아차산로69길,,다목적,1,,,,,02-450-7678,37.54275,127.09831,2025-10-28,I,2026-05-15 18:45:38,2025-10-29 10:49:40
3040000,202530400000801300,서울특별시 광진구청,서울특별시 광진구 아차산로 200 (자양동),,다목적,1,,,,,02-450-7678,37.54094,127.06606,2025-10-28,I,2026-05-15 18:45:38,2025-10-29 10:49:40
3040000,202530400000801301,서울특별시 광진구청,서울특별시 광진구 뚝섬로 716 (자양동),,다목적,1,,,,,02-450-7678,37.53367,127.08823,2025-10-28,I,2026-05-15 18:45:38,2025-10-29 10:49:40
3040000,202530400000801302,서울특별시 광진구청,서울특별시 광진구 구의강변로 11,,다목적,1,,,,,02-450-7678,37.53241,127.0902,2025-10-28,I,2026-05-15 18:45:38,2025-10-29 10:49:40
3040000,202530400000801303,서울특별시 광진구청,서울특별시 광진구 자양로40길 41 (구의동),,어린이보호,1,,,,,02-450-7678,37.54751,127.09079,2025-10-28,I,2026-05-15 18:45:38,2025-10-29 10:49:40
3040000,202530400000801304,서울특별시 광진구청,서울특별시 광진구 구의로 7,,생활방범,1,,,,,02-450-7678,37.53876,127.08923,2025-10-28,I,2026-05-15 18:45:38,2025-10-29 10:49:40
