시설명,시설유형,주소,위도,경도
CCTV,CCTV,서울특별시 광진구 광장로3길 22 (광장동),37.5485,127.103
CCTV,CCTV,서울특별시 광진구 아차산로 540 (광장동),37.54244,127.10147
CCTV,CCTV,서울특별시 광진구 아차산로78길 53 (광장동),37.55144,127.10983
CCTV,CCTV,서울특별시 광진구 아차산로 636 (광장동),37.54891,127.10899
CCTV,CCTV,서울특별시 광진구 천호대로 809 (광장동),37.54587,127.10359
CCTV,CCTV,서울특별시 광진구 천호대로 143길 23,37.54656,127.10345
CCTV,CCTV,서울특별시 광진구 아차산로78길 176 (광장동),37.54802,127.10806
CCTV,CCTV,서울특별시 광진구 광장로1다길 60 (광장동),37.55079,127.10133
CCTV,CCTV,서울특별시 광진구 광장로1나길 16 (광장동),37.54876,127.10183
CCTV,CCTV,서울특별시 광진구 광장로 1 (광장동),37.54543,127.09779
CCTV,CCTV,서울특별시 광진구 아차산로70길 62,37.54127,127.09891
CCTV,CCTV,서울특별시 광진구 구의로 13-6 (구의동),37.53938,127.08895
CCTV,CCTV,서울특별시 광진구 아차산로57길 14 (구의동),37.53914,127.08831
CCTV,CCTV,서울특별시 광진구 자양로26길 91-14 (구의동),37.54099,127.089
CCTV,CCTV,서울특별시 광진구 광나루로40길 17 (구의동),37.54403,127.08944
CCTV,CCTV,서울특별시 광진구 자양로30길 79 (구의동),37.54298,127.08942
CCTV,CCTV,서울특별시 광진구 구의로 65 (구의동),37.54398,127.09043
CCTV,CCTV,서울특별시 광진구 자양로30길 87-10 (구의동),37.54348,127.08962
CCTV,CCTV,서울특별시 광진구 광나루로38길 27 (구의동),37.54371,127.08807
CCTV,CCTV,서울특별시 광진구 구의로11길 28 (구의동),37.54369,127.08876
CCTV,CCTV,서울특별시 광진구 자양로30길 43 (구의동),37.5434,127.08723
CCTV,CCTV,서울특별시 광진구 자양로32길 31 (구의동),37.54432,127.0866
CCTV,CCTV,서울특별시 광진구 자양로30길 14,37.54363,127.08565
CCTV,CCTV,서울특별시 광진구 자양로28길 73 (구의동),37.54173,127.08823
CCTV,CCTV,서울특별시 광진구 자양로26길 95,37.54019,127.08915
CCTV,CCTV,서울특별시 광진구 구의로1길 12 (구의동),37.53916,127.08758
CCTV,CCTV,서울특별시 광진구 구의로1길 26 (구의동),37.53907,127.0868
CCTV,CCTV,서울특별시 광진구 아차산로53길 77 (구의동),37.54073,127.08608
CCTV,CCTV,서울특별시 광진구 자양로26길 45-7,37.54162,127.08668
CCTV,CCTV,서울특별시 광진구 광나루로36길 68 (구의동),37.54217,127.08583
CCTV,CCTV,서울특별시 광진구 자양로26길 14 (구의동),37.54181,127.08488
CCTV,CCTV,서울특별시 광진구 아차산로49길 70 (구의동),37.54003,127.08419
CCTV,CCTV,서울특별시 광진구 아차산로51길 23 (구의동),37.53822,127.08502
CCTV,CCTV,서울특별시 광진구 아차산로49길 32 (구의동),37.53848,127.08438
CCTV,CCTV,서울특별시 광진구 아차산로49길 50 (구의동),37.53916,127.08429
CCTV,CCTV,서울특별시 광진구 자양로23길 86 (구의동),37.54425,127.084
CCTV,CCTV,서울특별시 광진구 아차산로55길 23 (구의동),37.53854,127.0865
CCTV,CCTV,서울특별시 광진구 아차산로53길 53 (구의동),37.53972,127.08565
CCTV,CCTV,서울특별시 광진구 아차산로53길 29 (구의동),37.53854,127.0858
CCTV,CCTV,서울특별시 광진구 아차산로53길 38-12 (구의동),37.53915,127.08609
CCTV,CCTV,서울특별시 광진구 광나루로30가길 9 (구의동),37.54423,127.08247
CCTV,CCTV,서울특별시 광진구 자양로44길 141-7 (구의동),37.55164,127.09554
CCTV,CCTV,서울특별시 광진구 자양로44길 69 (구의동),37.54979,127.09498
CCTV,CCTV,서울특별시 광진구 자양로45길 13 (구의동),37.55178,127.09139
CCTV,CCTV,서울특별시 광진구 광나루로 517-10 (구의동),37.54564,127.08721
CCTV,CCTV,서울특별시 광진구 자양로37가길 10 (구의동),37.54771,127.08726
CCTV,CCTV,서울특별시 광진구 자양로51길 11 (구의동),37.55364,127.09286
CCTV,CCTV,서울특별시 광진구 영화사로16가길 21 (구의동),37.55362,127.09558
CCTV,CCTV,서울특별시 광진구 자양로53길 10 (구의동),37.55417,127.09335
CCTV,CCTV,서울특별시 광진구 자양로54길 11 (구의동),37.55387,127.09458
CCTV,CCTV,서울특별시 광진구 자양로51길 10-9 (구의동),37.55386,127.09343
CCTV,CCTV,서울특별시 광진구 영화사로16길 19 (구의동),37.55454,127.09594
CCTV,CCTV,서울특별시 광진구 영화사로16나길 21 (구의동),37.55324,127.09606
CCTV,CCTV,서울특별시 광진구 자양로52길 11 (구의동),37.55306,127.09405
CCTV,CCTV,서울특별시 광진구 자양로44길 125 (구의동),37.55131,127.09655
CCTV,CCTV,서울특별시 광진구 자양로44나길 26-14 (구의동),37.55089,127.09595
CCTV,CCTV,서울특별시 광진구 자양로44나길 39 (구의동),37.55157,127.09456
CCTV,CCTV,서울특별시 광진구 천호대로137길 38 (구의동),37.55076,127.09368
CCTV,CCTV,서울특별시 광진구 자양로49길 15-2 (구의동),37.55289,127.09189
CCTV,CCTV,서울특별시 광진구 자양로43길 8 (구의동),37.55123,127.09106
CCTV,CCTV,서울특별시 광진구 영화사로11길 22 (구의동),37.55551,127.09424
CCTV,CCTV,서울특별시 광진구 영화사로15길 25,37.55511,127.09508
CCTV,CCTV,서울특별시 광진구 천호대로135길 16 (구의동),37.55012,127.09224
CCTV,CCTV,서울특별시 광진구 천호대로137길 10 (구의동),37.54978,127.09315
CCTV,CCTV,서울특별시 광진구 자양로42길 42-24 (구의동),37.54794,127.09165
CCTV,CCTV,서울특별시 광진구 자양로35길 35,37.54811,127.08595
CCTV,CCTV,서울특별시 광진구 자양로37길 21 (구의동),37.54836,127.08697
CCTV,CCTV,서울특별시 광진구 자양로33길 44 (구의동),37.54784,127.08634
CCTV,CCTV,서울특별시 광진구 천호대로134길 55 (구의동),37.54723,127.08858
CCTV,CCTV,서울특별시 광진구 자양로36길 17-12 (구의동),37.54649,127.08829
CCTV,CCTV,서울특별시 광진구 자양로36길 11 (구의동),37.54627,127.08754
CCTV,CCTV,서울특별시 광진구 천호대로132길 27-7 (구의동),37.54939,127.08908
CCTV,CCTV,서울특별시 광진구 광나루로44길 9 (구의동),37.54383,127.09155
CCTV,CCTV,서울특별시 광진구 구의로16길 36 (구의동),37.54344,127.0926
CCTV,CCTV,서울특별시 광진구 광나루로52길 12 (구의동),37.54127,127.09471
CCTV,CCTV,서울특별시 광진구 아차산로65길 14 (구의동),37.54097,127.09414
CCTV,CCTV,서울특별시 광진구 구의로4길 51 (구의동),37.54071,127.09224
CCTV,CCTV,서울특별시 광진구 구의로6길 21 (구의동),37.5415,127.09104
CCTV,CCTV,서울특별시 광진구 아차산로63길 37 (구의동),37.54131,127.09216
CCTV,CCTV,서울특별시 광진구 구의로4길 40 (구의동),37.54045,127.09164
CCTV,CCTV,서울특별시 광진구 구의로4길 60 (구의동),37.54109,127.09275
CCTV,CCTV,서울특별시 광진구 광나루로52길 43 (구의동),37.54043,127.09325
CCTV,CCTV,서울특별시 광진구 아차산로60길 13-13 (구의동),37.5383,127.09237
CCTV,CCTV,서울특별시 광진구 광나루로52길 83 (구의동),37.53933,127.0915
CCTV,CCTV,서울특별시 광진구 아차산로59길 21-13 (구의동),37.53973,127.09007
CCTV,CCTV,서울특별시 광진구 구의로4길 7-16 (구의동),37.54083,127.09014
CCTV,CCTV,서울특별시 광진구 구의로 56 (구의동),37.54292,127.09031
CCTV,CCTV,서울특별시 광진구 아차산로59길 13 (구의동),37.53948,127.0907
CCTV,CCTV,서울특별시 광진구 뚝섬로67길 23 (구의동),37.53546,127.09062
CCTV,CCTV,서울특별시 광진구 천호대로104나길 8 (군자동),37.55718,127.07503
CCTV,CCTV,서울특별시 광진구 면목로 27 (군자동),37.55671,127.07609
CCTV,CCTV,서울특별시 광진구 면목로6길 18 (군자동),37.55611,127.07658
CCTV,CCTV,서울특별시 광진구 능동로27길 33 (군자동),37.55472,127.07657
CCTV,CCTV,서울특별시 광진구 능동로27나길 17 (군자동),37.55418,127.07581
CCTV,CCTV,서울특별시 광진구 능동로25길 22 (군자동),37.55299,127.07587
CCTV,CCTV,서울특별시 광진구 동일로52길 15-14 (군자동),37.55536,127.07253
CCTV,CCTV,서울특별시 광진구 동일로48길 14-10 (군자동),37.55391,127.07102
CCTV,CCTV,서울특별시 광진구 군자로15길 10-6 (군자동),37.55406,127.07362
CCTV,CCTV,서울특별시 광진구 능동로29가길 24 (군자동),37.55572,127.07791
CCTV,CCTV,서울특별시 광진구 능동로27길 9 (군자동),37.55384,127.07682
CCTV,CCTV,서울특별시 광진구 능동로27길 9 (군자동),37.55243,127.07496
CCTV,CCTV,서울특별시 광진구 능동로27길 9 (군자동),37.55046,127.07053
CCTV,CCTV,서울특별시 광진구 광나루로17길 14 (군자동),37.54838,127.07269
CCTV,CCTV,서울특별시 광진구 동일로60길 25 (군자동),37.55829,127.07474
CCTV,CCTV,서울특별시 광진구 군자로17길 34 (군자동),37.55676,127.07722
CCTV,CCTV,서울특별시 광진구 면목로5길 30-6 (군자동),37.55685,127.07461
CCTV,CCTV,서울특별시 광진구 천호대로116길 88 (능동),37.55231,127.08184
CCTV,CCTV,서울특별시 광진구 능동로24길 76 (능동),37.55322,127.08056
CCTV,CCTV,서울특별시 광진구 천호대로110길 34 (능동),37.55581,127.07947
CCTV,CCTV,서울특별시 광진구 능동로36길 12 (능동),37.55623,127.0798
CCTV,CCTV,서울특별시 광진구 천호대로112길 10 (능동),37.55572,127.08112
CCTV,CCTV,서울특별시 광진구 천호대로112길 25 (능동),37.55509,127.08119
CCTV,CCTV,서울특별시 광진구 천호대로116길 26 (능동),37.55412,127.08363
CCTV,CCTV,서울특별시 광진구 능동로32길 82-34 (능동),37.55304,127.08239
CCTV,CCTV,서울특별시 광진구 천호대로116길 57 (능동),37.55259,127.08284
CCTV,CCTV,서울특별시 광진구 천호대로118길 36 (능동),37.55318,127.08466
CCTV,CCTV,서울특별시 광진구 천호대로118길 16 (능동),37.55412,127.08523
CCTV,CCTV,서울특별시 광진구 천호대로124길 86 (능동),37.55214,127.08481
CCTV,CCTV,서울특별시 광진구 천호대로120길 21 (능동),37.55313,127.08636
CCTV,CCTV,서울특별시 광진구 천호대로120길 21 (능동),37.55311,127.08794
CCTV,CCTV,서울특별시 광진구 천호대로122길 33 (능동),37.55211,127.08732
CCTV,CCTV,서울특별시 광진구 천호대로110길 87 (능동),37.55361,127.07842
CCTV,CCTV,서울특별시 광진구 능동로24길 41 (능동),37.55239,127.07913
CCTV,CCTV,서울특별시 광진구 능동로26길 23 (능동),37.55269,127.07855
CCTV,CCTV,서울특별시 광진구 능동로32길 16-16 (능동),37.5546,127.07917
CCTV,CCTV,서울특별시 광진구 능동로32길 16-16 (능동),37.55393,127.0792
CCTV,CCTV,서울특별시 광진구 자양로13길 41 (자양동),37.53437,127.08195
CCTV,CCTV,서울특별시 광진구 자양로21길 35 (자양동),37.53952,127.08133
CCTV,CCTV,서울특별시 광진구 아차산로46길 23 (자양동),37.53609,127.08083
CCTV,CCTV,서울특별시 광진구 아차산로46가길 19 (자양동),37.53637,127.08196
CCTV,CCTV,서울특별시 광진구 자양로15길 6 (자양동),37.53604,127.08312
CCTV,CCTV,서울특별시 광진구 뚝섬로47길 49 (자양동),37.53455,127.07948
CCTV,CCTV,서울특별시 광진구 자양로15길84,37.53479,127.0789
CCTV,CCTV,서울특별시 광진구 자양로13길 100 (자양동),37.5326,127.07981
CCTV,CCTV,서울특별시 광진구 뚝섬로51길 24 (자양동),37.53368,127.08009
CCTV,CCTV,서울특별시 광진구 자양로13다길 34 (자양동),37.53321,127.07812
CCTV,CCTV,서울특별시 광진구 자양로13나길 14 (자양동),37.53388,127.08039
CCTV,CCTV,서울특별시 광진구 자양로9길 24-3 (자양동),37.53385,127.08294
CCTV,CCTV,서울특별시 광진구 자양로13길 73 (자양동),37.53351,127.08096
CCTV,CCTV,서울특별시 광진구 자양로11길 45-8 (자양동),37.53343,127.08219
CCTV,CCTV,서울특별시 광진구 뚝섬로57가길 55 (자양동),37.53239,127.08055
CCTV,CCTV,서울특별시 광진구 뚝섬로55길 19 (자양동),37.53238,127.08236
CCTV,CCTV,서울특별시 광진구 자양로21길 14 (자양동),37.53992,127.08225
CCTV,CCTV,서울특별시 광진구 자양로19길 48-4 (자양동),37.53846,127.08097
CCTV,CCTV,서울특별시 광진구 자양로19길 54 (자양동),37.53818,127.08046
CCTV,CCTV,서울특별시 광진구 뚝섬로52마길 60 (자양동),37.52873,127.08111
CCTV,CCTV,서울특별시 광진구 뚝섬로52마길 60 (자양동),37.52783,127.0844
CCTV,CCTV,서울특별시 광진구 자양로5길 13 (자양동),37.53164,127.08507
CCTV,CCTV,서울특별시 광진구 자양로6길 40 (자양동),37.53278,127.08788
CCTV,CCTV,서울특별시 광진구 뚝섬로48길 52 (자양동),37.52967,127.07684
CCTV,CCTV,서울특별시 광진구 뚝섬로50길 28 (자양동),37.53119,127.07791
CCTV,CCTV,서울특별시 광진구 뚝섬로54길 24 (자양동),37.53064,127.08049
CCTV,CCTV,서울특별시 광진구 뚝섬로54길 46 (자양동),37.52968,127.07999
CCTV,CCTV,서울특별시 광진구 뚝섬로52마길 42-15 (자양동),37.52797,127.08024
CCTV,CCTV,서울특별시 광진구 자양로3길 49 (자양동),37.52914,127.08391
CCTV,CCTV,서울특별시 광진구 자양로3길 39-3 (자양동),37.52987,127.08455
CCTV,CCTV,서울특별시 광진구 자양로3가길 36 (자양동),37.52866,127.08511
CCTV,CCTV,서울특별시 광진구 자양로3가길 37 (자양동),37.53642,127.08465
CCTV,CCTV,서울특별시 광진구 뚝섬로60길 6 (자양동),37.53257,127.08654
CCTV,CCTV,서울특별시 광진구 자양로4길 12-1 (자양동),37.53147,127.08679
CCTV,CCTV,서울특별시 광진구 자양로2길 29 (자양동),37.53153,127.08817
CCTV,CCTV,서울특별시 광진구 자양로4나길 31 (자양동),37.53045,127.08796
CCTV,CCTV,서울특별시 광진구 자양번영로11길 4-9 (자양동),37.53753,127.07667
CCTV,CCTV,서울특별시 광진구 자양번영로11길 29 (자양동),37.53738,127.07507
CCTV,CCTV,서울특별시 광진구 아차산로 288 (자양동),37.53852,127.07501
CCTV,CCTV,서울특별시 광진구 자양번영로11길 37-14 (자양동),37.53695,127.07443
CCTV,CCTV,서울특별시 광진구 자양번영로9길 6-7 (자양동),37.53656,127.07618
CCTV,CCTV,서울특별시 광진구 자양번영로7길 12-7 (자양동),37.5362,127.07578
CCTV,CCTV,서울특별시 광진구 자양번영로3다길 11-5,37.53136,127.07352
CCTV,CCTV,서울특별시 광진구 아차산로38길 5-16 (자양동),37.53818,127.07537
CCTV,CCTV,서울특별시 광진구 뚝섬로36가길 43 (자양동),37.53117,127.07272
CCTV,CCTV,서울특별시 광진구 뚝섬로36길 49-8 (자양동),37.53204,127.07084
CCTV,CCTV,서울특별시 광진구 능동로8길 28 (자양동),37.53603,127.07073
CCTV,CCTV,서울특별시 광진구 뚝섬로36길 15 (자양동),37.53368,127.0714
CCTV,CCTV,서울특별시 광진구 자양번영로5길 16 (자양동),37.53273,127.07448
CCTV,CCTV,서울특별시 광진구 자양번영로3길 16 (자양동),37.53185,127.07445
CCTV,CCTV,서울특별시 광진구 자양번영로1길 27 (자양동),37.53084,127.07341
CCTV,CCTV,서울특별시 광진구 자양번영로3나길 40 (자양동),37.53016,127.07337
CCTV,CCTV,서울특별시 광진구 동일로10길 42 (자양동),37.53763,127.06399
CCTV,CCTV,서울특별시 광진구 뚝섬로 491 (자양동),37.53654,127.06519
CCTV,CCTV,서울특별시 광진구 능동로3나길 10,37.53411,127.06569
CCTV,CCTV,서울특별시 광진구 뚝섬로24길 27 (자양동),37.5353,127.0633
CCTV,CCTV,서울특별시 광진구 자양강변길 73 (자양동),37.53274,127.0637
CCTV,CCTV,서울특별시 광진구 능동로3라길 16 (자양동),37.53477,127.06491
CCTV,CCTV,서울특별시 광진구 능동로3가길 12 (자양동),37.5333,127.06563
CCTV,CCTV,서울특별시 광진구 아차산로30길 18,37.53987,127.06744
CCTV,CCTV,서울특별시 광진구 아차산로32길 21 (자양동),37.53901,127.06808
CCTV,CCTV,서울특별시 광진구 아차산로30길 39 (자양동),37.53895,127.06687
CCTV,CCTV,서울특별시 광진구 동일로18길 44 (자양동),37.53938,127.06526
CCTV,CCTV,서울특별시 광진구 아차산로22길 27 (자양동),37.54066,127.06405
CCTV,CCTV,서울특별시 광진구 자양강변길 19 (자양동),37.53426,127.0611
CCTV,CCTV,서울특별시 광진구 뚝섬로22가길 22 (자양동),37.53551,127.06238
CCTV,CCTV,서울특별시 광진구 동일로4가길 9-2 (자양동),37.53593,127.06282
CCTV,CCTV,서울특별시 광진구 동일로 34-11 (자양동),37.53574,127.06125
CCTV,CCTV,서울특별시 광진구 군자로15길36,37.555,127.07333
CCTV,CCTV,서울특별시 광진구 동일로10길 5 (자양동),37.53891,127.0626
CCTV,CCTV,서울특별시 광진구 능동로9길 23,37.53767,127.06797
CCTV,CCTV,서울특별시 광진구 뚝섬로32길 17 (자양동),37.53471,127.06713
CCTV,CCTV,서울특별시 광진구 능동로5길 7,37.53643,127.06745
CCTV,CCTV,서울특별시 광진구 뚝섬로30길 15 (자양동),37.53522,127.06655
CCTV,CCTV,서울특별시 광진구 능동로3길 61-8 (자양동),37.5341,127.06386
CCTV,CCTV,서울특별시 광진구 동일로12길 20 (자양동),37.53953,127.06335
CCTV,CCTV,서울특별시 광진구 동일로10길 25 (자양동),37.53829,127.06341
CCTV,CCTV,서울특별시 광진구 동일로18가길 13 (자양동),37.53906,127.06454
CCTV,CCTV,서울특별시 광진구 동일로10나길 18 (자양동),37.53828,127.06431
CCTV,CCTV,서울특별시 광진구 동일로18나길 24 (자양동),37.53866,127.06529
CCTV,CCTV,서울특별시 광진구 뚝섬로23가길 11 (자양동),37.53795,127.0654
CCTV,CCTV,서울특별시 광진구 뚝섬로57길 13 (자양동),37.53231,127.08359
CCTV,CCTV,서울특별시 광진구 긴고랑로14길 33 (중곡동),37.56123,127.08096
CCTV,CCTV,서울특별시 광진구 긴고랑로5길 11 (중곡동),37.56493,127.0792
CCTV,CCTV,서울특별시 광진구 긴고랑로1길 11 (중곡동),37.5647,127.0775
CCTV,CCTV,서울특별시 광진구 긴고랑로7길 11 (중곡동),37.56405,127.07937
CCTV,CCTV,서울특별시 광진구 동일로70길 22 (중곡동),37.56455,127.078
CCTV,CCTV,서울특별시 광진구 긴고랑로14길 8 (중곡동),37.56224,127.08146
CCTV,CCTV,서울특별시 광진구 긴고랑로12길 12 (중곡동),37.56225,127.08068
CCTV,CCTV,서울특별시 광진구 능동로43길 38 (중곡동),37.56177,127.0797
CCTV,CCTV,서울특별시 광진구 면목로 93 (중곡동),37.56199,127.07904
CCTV,CCTV,서울특별시 광진구 긴고랑로6길 9 (중곡동),37.56315,127.07822
CCTV,CCTV,서울특별시 광진구 동일로 374 (중곡동),37.56432,127.07628
CCTV,CCTV,서울특별시 광진구 동일로66길 9 (중곡동),37.56167,127.07581
CCTV,CCTV,서울특별시 광진구 자양로43길 47 (중곡동),37.55261,127.09027
CCTV,CCTV,서울특별시 광진구 천호대로101길 11 (중곡동),37.55981,127.07477
CCTV,CCTV,서울특별시 광진구 긴고랑로8길 60 (중곡동),37.56104,127.07772
CCTV,CCTV,서울특별시 광진구 긴고랑로8길 90 (중곡동),37.55966,127.077
CCTV,CCTV,서울특별시 광진구 동일로62길 37 (중곡동),37.55937,127.0761
CCTV,CCTV,서울특별시 광진구 면목로 74 (중곡동),37.5602,127.07954
CCTV,CCTV,서울특별시 광진구 긴고랑로14길 63 (중곡동),37.55993,127.08025
CCTV,CCTV,서울특별시 광진구 천호대로107길 22 (중곡동),37.55887,127.07889
CCTV,CCTV,서울특별시 광진구 천호대로107길 8 (중곡동),37.55841,127.07854
CCTV,CCTV,서울특별시 광진구 능동로47길 35 (중곡동),37.56427,127.0811
CCTV,CCTV,서울특별시 광진구 능동로47길 35 (중곡동),37.56364,127.08074
CCTV,CCTV,서울특별시 광진구 능동로47길 35 (중곡동),37.56338,127.08134
CCTV,CCTV,서울특별시 광진구 능동로50길 8 (중곡동),37.56401,127.08396
CCTV,CCTV,서울특별시 광진구 능동로48가길 36 (중곡동),37.56342,127.08581
CCTV,CCTV,서울특별시 광진구 긴고랑로29길 47 (중곡동),37.56204,127.0864
CCTV,CCTV,서울특별시 광진구 용마산로21길 77 (중곡동),37.56152,127.08475
CCTV,CCTV,서울특별시 광진구 용마산로3길 13 (중곡동),37.55631,127.08728
CCTV,CCTV,서울특별시 광진구 천호대로125길 35-17 (중곡동),37.55537,127.08723
CCTV,CCTV,서울특별시 광진구 용마산로1길 22 (중곡동),37.55503,127.08739
CCTV,CCTV,서울특별시 광진구 천호대로121길 39 (중곡동),37.55682,127.08643
CCTV,CCTV,서울특별시 광진구 긴고랑로 110 (중곡동),37.55925,127.08691
CCTV,CCTV,서울특별시 광진구 천호대로119길 89 (중곡동),37.55903,127.08561
CCTV,CCTV,서울특별시 광진구 용마산로3길 38 (중곡동),37.55615,127.08611
CCTV,CCTV,서울특별시 광진구 용마산로1길 91 (중곡동),37.55647,127.08356
CCTV,CCTV,서울특별시 광진구 긴고랑로27길 26 (중곡동),37.56144,127.08613
CCTV,CCTV,서울특별시 광진구 긴고랑로31길 28 (중곡동),37.5612,127.087
CCTV,CCTV,서울특별시 광진구 천호대로109길 53 (중곡동),37.55932,127.08201
CCTV,CCTV,서울특별시 광진구 긴고랑로15길 15 (중곡동),37.56276,127.08329
CCTV,CCTV,서울특별시 광진구 긴고랑로19길 34-4 (중곡동),37.56293,127.085
CCTV,CCTV,서울특별시 광진구 용마산로21길 65 (중곡동),37.56207,127.08508
CCTV,CCTV,서울특별시 광진구 능동로44길 13 (중곡동),37.56085,127.08229
CCTV,CCTV,서울특별시 광진구 긴고랑로16길 9-9 (중곡동),37.56141,127.0832
CCTV,CCTV,서울특별시 광진구 긴고랑로 103,37.56011,127.08674
CCTV,CCTV,서울특별시 광진구 동일로76나길 20 (중곡동),37.56858,127.0801
CCTV,CCTV,서울특별시 광진구 능동로 411 (중곡동),37.56582,127.0839
CCTV,CCTV,서울특별시 광진구 용마산로31길 31 (중곡동),37.56911,127.08425
CCTV,CCTV,서울특별시 광진구 능동로53길 24-9 (중곡동),37.56723,127.0835
CCTV,CCTV,서울특별시 광진구 능동로53길 30-12 (중곡동),37.56724,127.08244
CCTV,CCTV,서울특별시 광진구 답십리로 78길 (중곡동),37.56985,127.0813
CCTV,CCTV,서울특별시 광진구 동일로76길 12 (중곡동),37.56771,127.07934
CCTV,CCTV,서울특별시 광진구 면목로11길 20 (중곡동),37.56705,127.08054
CCTV,CCTV,서울특별시 광진구 답십리로88길 19 (중곡동),37.57027,127.08498
CCTV,CCTV,서울특별시 광진구 용마산로31길 16 (중곡동),37.56934,127.08527
CCTV,CCTV,서울특별시 광진구 면목로16길 10 (중곡동),37.56953,127.08376
CCTV,CCTV,서울특별시 광진구 용마산로27길 10 (중곡동),37.56732,127.08582
CCTV,CCTV,서울특별시 광진구 용마산로29길 25 (중곡동),37.56719,127.08544
CCTV,CCTV,서울특별시 광진구 답십리로84길 6 (중곡동),37.57098,127.08394
CCTV,CCTV,서울특별시 광진구 답십리로 370 (중곡동),37.57156,127.08151
CCTV,CCTV,서울특별시 광진구 답십리로82길 18 (중곡동),37.57055,127.08269
CCTV,CCTV,서울특별시 광진구 동일로78길 20 (중곡동),37.56924,127.08062
CCTV,CCTV,서울특별시 광진구 동일로76길 51-22 (중곡동),37.56817,127.08055
CCTV,CCTV,서울특별시 광진구 동일로76길 49 (중곡동),37.56803,127.08123
CCTV,CCTV,서울특별시 광진구 영화사로5길 25 (중곡동),37.55726,127.09219
CCTV,CCTV,서울특별시 광진구 자양로45길 89 (중곡동),37.55516,127.0898
CCTV,CCTV,서울특별시 광진구 용마산로22길 10-10 (중곡동),37.5631,127.08767
CCTV,CCTV,서울특별시 광진구 영화사로3가길 9 (중곡동),37.55791,127.09304
CCTV,CCTV,서울특별시 광진구 영화사로3가길 25 (중곡동),37.55749,127.09347
CCTV,CCTV,서울특별시 광진구 영화사로9가길 61 (중곡동),37.55764,127.09523
CCTV,CCTV,서울특별시 광진구 영화사로9길 10 (중곡동),37.55554,127.09329
CCTV,CCTV,서울특별시 광진구 영화사로9길 70-12 (중곡동),37.55674,127.09465
CCTV,CCTV,서울특별시 광진구 영화사로7길 24 (중곡동),37.55678,127.09212
CCTV,CCTV,서울특별시 광진구 영화사로 51 (중곡동),37.55567,127.09234
CCTV,CCTV,서울특별시 광진구 용마산로8가길 26 (중곡동),37.56092,127.0888
CCTV,CCTV,서울특별시 광진구 용마산로8다길 23 (중곡동),37.56176,127.08946
CCTV,CCTV,서울특별시 광진구 용마산로36길 66 (중곡동),37.56947,127.08872
CCTV,CCTV,서울특별시 광진구 용마산로8길 10 (중곡동),37.55968,127.08837
CCTV,CCTV,서울특별시 광진구 용마산로36길 44 (중곡동),37.57039,127.08833
CCTV,CCTV,서울특별시 광진구 용마산로34길 15 (중곡동),37.57019,127.08716
CCTV,CCTV,서울특별시 광진구 긴고랑로46가길 36 (중곡동),37.55864,127.09525
CCTV,CCTV,서울특별시 광진구 긴고랑로46길 11,37.56024,127.09561
CCTV,CCTV,서울특별시 광진구 용마산로2길 45 (중곡동),37.55596,127.09076
CCTV,CCTV,서울특별시 광진구 자양로45길 65 (중곡동),37.55399,127.09031
CCTV,CCTV,서울특별시 광진구 자양로43길 86 (중곡동),37.55444,127.0895
CCTV,CCTV,서울특별시 광진구 아차산로21길 47 (화양동),37.54421,127.06534
CCTV,CCTV,서울특별시 광진구 동일로28길 16 (화양동),37.54621,127.06793
CCTV,CCTV,서울특별시 광진구 아차산로23길 68 (화양동),37.54517,127.06748
CCTV,CCTV,서울특별시 광진구 아차산로25길 27 (화양동),37.54283,127.06716
CCTV,CCTV,서울특별시 광진구 동일로24길 56 (화양동),37.54312,127.06823
CCTV,CCTV,서울특별시 광진구 동일로22길 28 (화양동),37.54224,127.0659
CCTV,CCTV,서울특별시 광진구 아차산로 241 (화양동),37.54062,127.07054
CCTV,CCTV,서울특별시 광진구 답십리로84길 56 (중곡동),37.56868,127.08366
CCTV,CCTV,서울특별시 광진구 군자로3길 25-16 (화양동),37.54373,127.07061
CCTV,CCTV,서울특별시 광진구 군자로5길 18-12 (화양동),37.54558,127.06954
CCTV,CCTV,서울특별시 광진구 긴고랑로46길 11 (화양동),37.54556,127.0742
CCTV,CCTV,서울특별시 광진구 능동로13길 88 (화양동),37.54545,127.06866
CCTV,CCTV,서울특별시 광진구 동일로28길 38 (화양동),37.54628,127.06883
CCTV,CCTV,서울특별시 광진구 아차산로25길 48 (화양동),37.54343,127.06753
CCTV,CCTV,서울특별시 광진구 동일로22길 71 (화양동),37.54147,127.06831
CCTV,CCTV,서울특별시 광진구 광나루로24길 12 (화양동),37.54577,127.07609
CCTV,CCTV,서울특별시 광진구 광나루로22길 7,37.5463,127.07523
CCTV,CCTV,서울특별시 광진구 광나루로20가길 21 (화양동),37.5452,127.07528
CCTV,CCTV,서울특별시 광진구 광나루로26길 24 (화양동),37.54541,127.07729
CCTV,CCTV,서울특별시 광진구 아차산로31길 14 (화양동),37.54167,127.06953
CCTV,CCTV,서울특별시 광진구 긴고랑로 19 (중곡동),37.56385,127.07872
CCTV,CCTV,서울특별시 광진구 긴고랑로16길 50 (중곡동),37.55986,127.08172
CCTV,CCTV,서울특별시 광진구 답십리로78길 9-16 (중곡동),37.57104,127.08227
CCTV,CCTV,서울특별시 광진구 용마산로4길 26 (중곡동),37.55656,127.08957
CCTV,CCTV,서울특별시 광진구 천호대로110길 122 (능동),37.55231,127.07774
CCTV,CCTV,서울특별시 광진구 자양로22길 58(구의동),37.53982,127.08641
CCTV,CCTV,서울특별시 광진구 자양로47길 11 (구의동),37.55223,127.09191
CCTV,CCTV,서울특별시 광진구 광나루로52길 66 (구의동),37.5399,127.0923
CCTV,CCTV,서울특별시 광진구 광장로7길 7 (광장동),37.54825,127.10567
CCTV,CCTV,서울특별시 광진구 자양로15길 108 (자양동),37.5344,127.07795
CCTV,CCTV,서울특별시 광진구 자양로3길 7 (자양동),37.53045,127.08506
CCTV,CCTV,서울특별시 광진구 뚝섬로40길 31 (자양동),37.53257,127.07255
CCTV,CCTV,서울특별시 광진구 뚝섬로22길 89 (자양동),37.53411,127.06269
CCTV,CCTV,서울특별시 광진구 군자로 38 (화양동),37.5465,127.0703
CCTV,CCTV,서울특별시 광진구 능동로31길 12-15 (군자동),37.55639,127.0782
CCTV,CCTV,서울특별시 광진구 자양로30길 29 (구의동),37.54359,127.08645
CCTV,CCTV,서울특별시 광진구 천호대로121길 6 (중곡동),37.55551,127.08656
CCTV,CCTV,서울특별시 광진구 자양번영로13길 32 (자양동),37.53789,127.07513
CCTV,CCTV,서울특별시 광진구 동일로20길 106 (자양동),37.53933,127.06938
CCTV,CCTV,서울특별시 광진구 동일로66길 28 (중곡동),37.56151,127.07652
CCTV,CCTV,서울특별시 광진구 능동로48길 59 (중곡동),37.56199,127.08584
CCTV,CCTV,서울특별시 광진구 능동로55길 20 (중곡동),37.568,127.08444
CCTV,CCTV,서울특별시 광진구 용마산로30길 6 (중곡동),37.5683,127.08629
CCTV,CCTV,서울특별시 광진구 아차산로21길 97(화양동),37.54615,127.06707
CCTV,CCTV,서울특별시 광진구 광나루로17길 14-14 (군자동),37.54885,127.07273
CCTV,CCTV,서울특별시 광진구 천호대로124길 62 (능동),37.55157,127.0861
CCTV,CCTV,서울특별시 광진구 자양번영로8길 7 (자양동),37.53443,127.07662
CCTV,CCTV,서울특별시 광진구 뚝섬로50길 6 (자양동),37.53221,127.07832
CCTV,CCTV,서울특별시 광진구 자양번영로 81 (자양동),37.53697,127.07667
CCTV,CCTV,서울특별시 광진구 자양로22길 61 (구의동),37.54323,127.08783
CCTV,CCTV,서울특별시 광진구 아차산로62길 14-2 (구의동),37.53903,127.09365
CCTV,CCTV,서울특별시 광진구 광장로 64 (광장동),37.54742,127.10427
CCTV,CCTV,서울특별시 광진구 동일로4길 60 (자양동),37.53571,127.06409
CCTV,CCTV,서울특별시 광진구 긴고랑로26길 7-1 (중곡동),37.56019,127.0854
CCTV,CCTV,서울특별시 광진구 능동로55길 43 (중곡동),37.56801,127.08314
CCTV,CCTV,서울특별시 광진구 긴고랑로44길 42 (중곡동),37.55836,127.09444
CCTV,CCTV,서울특별시 광진구 능동로32길 82-53 (능동),37.5527,127.0818
CCTV,CCTV,서울특별시 광진구 아차산로57길 41 (구의동),37.54051,127.0886
CCTV,CCTV,서울특별시 광진구 아차산로59길 56,37.54085,127.09086
CCTV,CCTV,서울특별시 광진구 자양로43길 18 (구의동),37.55159,127.0907
CCTV,CCTV,서울특별시 광진구 아차산로58길 77 (구의동),37.53513,127.08979
CCTV,CCTV,서울특별시 광진구 아차산로70길 17-16 (과장동),37.54151,127.10242
CCTV,CCTV,서울특별시 광진구 뚝섬로49길 59 (자양동),37.53454,127.08043
CCTV,CCTV,서울특별시 광진구 자양번영로2길 55 (자양동),37.53006,127.07796
CCTV,CCTV,서울특별시 광진구 뚝섬로36길 38 (자양동),37.53294,127.07051
CCTV,CCTV,서울특별시 광진구 동일로4길 74 (자양동),37.53567,127.06498
CCTV,CCTV,서울특별시 광진구 뚝섬로24길 48 (자양동),37.5346,127.06286
CCTV,CCTV,서울특별시 광진구 능동로 49 (자양동),37.53444,127.06806
CCTV,CCTV,서울특별시 광진구 능동로 25-1 (자양동),37.53378,127.06778
CCTV,CCTV,서울특별시 광진구 아차산로27길 45-6 (화양동),37.54364,127.06826
CCTV,CCTV,서울특별시 광진구 광나루로24길 53 (화양동),37.54506,127.07811
CCTV,CCTV,서울특별시 광진구 군자로13길 35 (군자동),37.5519,127.07049
CCTV,CCTV,서울특별시 광진구 광나루로38길 67 (구의동),37.54207,127.08733
CCTV,CCTV,서울특별시 광진구 광장로3길 18-21 (광장동),37.54751,127.10309
CCTV,CCTV,서울특별시 광진구 광장로5길 12 (광장동),37.54822,127.10506
CCTV,CCTV,서울특별시 광진구 광장로7길 24 (광장동),37.54876,127.10537
CCTV,CCTV,서울특별시 광진구 광장로1길 19 (광장동),37.54783,127.10197
CCTV,CCTV,서울특별시 광진구 아차산로69길 36 (광장동),37.54388,127.0987
CCTV,CCTV,서울특별시 광진구 아차산로66길 8 (광장동),37.54133,127.09736
CCTV,CCTV,서울특별시 광진구 아차산로55길 81 (구의동),37.54111,127.08698
CCTV,CCTV,서울특별시 광진구 자양로23길 65 (구의동),37.54326,127.08366
CCTV,CCTV,서울특별시 광진구 광나루로54길 20 (구의동),37.54012,127.09531
CCTV,CCTV,서울특별시 광진구 아차산로65길 57 (구의동),37.54239,127.09235
CCTV,CCTV,서울특별시 광진구 구의강변로3가길 3 (구의동),37.53582,127.0916
CCTV,CCTV,서울특별시 광진구 구의강변로3길 39 (구의동),37.53659,127.0903
CCTV,CCTV,서울특별시 광진구 동일로52길 24 (군자동),37.55445,127.07243
CCTV,CCTV,서울특별시 광진구 동일로46길 26 (군자동),37.55355,127.07185
CCTV,CCTV,서울특별시 광진구 면목로5길 59 (군자동),37.55601,127.07321
CCTV,CCTV,서울특별시 광진구 면목로5길 49 (군자동),37.55645,127.07346
CCTV,CCTV,서울특별시 광진구 동일로34길 19 (군자동),37.54988,127.0697
CCTV,CCTV,서울특별시 광진구 광나루로13길 30 (군자동),37.54952,127.06883
CCTV,CCTV,서울특별시 광진구 아차산로40길 28 (자양동),37.53641,127.07814
CCTV,CCTV,서울특별시 광진구 아차산로44길 26 (자양동),37.53654,127.07973
CCTV,CCTV,서울특별시 광진구 아차산로39길 11 (자양동),37.53857,127.07718
CCTV,CCTV,서울특별시 광진구 뚝섬로43길 7 (자양동),37.53347,127.07673
CCTV,CCTV,서울특별시 광진구 뚝섬로59길 18 (자양동),37.533,127.08394
CCTV,CCTV,서울특별시 광진구 아차산로41길 16 (자양동),37.53858,127.07891
CCTV,CCTV,서울특별시 광진구 뚝섬로56길 35 (자양동),37.52999,127.08272
CCTV,CCTV,서울특별시 광진구 자양번영로4길 17 (자양동),37.53145,127.07655
CCTV,CCTV,서울특별시 광진구 뚝섬로56길 59 (자양동),37.52877,127.08288
CCTV,CCTV,서울특별시 광진구 뚝섬로64길 14 (자양동),37.53309,127.08886
CCTV,CCTV,서울특별시 광진구 뚝섬로64길 70 (자양동),37.53054,127.08914
CCTV,CCTV,서울특별시 광진구 뚝섬로34길 13 (자양동),37.53413,127.06976
CCTV,CCTV,서울특별시 광진구 능동로4길 13 (자양동),37.53338,127.06855
CCTV,CCTV,서울특별시 광진구 뚝섬로37길 28 (자양동),37.53545,127.07557
CCTV,CCTV,서울특별시 광진구 뚝섬로22길 8 (자양동),37.53653,127.06163
CCTV,CCTV,서울특별시 광진구 뚝섬로25길 23 (자양동),37.53706,127.06469
CCTV,CCTV,서울특별시 광진구 능동로5길 7 (자양동),37.53708,127.06807
CCTV,CCTV,서울특별시 광진구 뚝섬로27길 43 (자양동),37.53781,127.0662
CCTV,CCTV,서울특별시 광진구 용마산로3길 98 (중곡동),37.55732,127.0831
CCTV,CCTV,서울특별시 광진구 긴고랑로7길 69 (중곡동),37.56638,127.08068
CCTV,CCTV,서울특별시 광진구 긴고랑로9길 46 (중곡동),37.56556,127.0819
CCTV,CCTV,서울특별시 광진구 용마산로28길 24 (중곡동),37.56791,127.08702
CCTV,CCTV,서울특별시 광진구 능동로15길 11 (화양동),37.54518,127.07213
CCTV,CCTV,서울특별시 광진구 능동로13길 39 (화양동),37.54411,127.06975
CCTV,CCTV,서울특별시 광진구 군자로2길 4 (화양동),37.54433,127.07163
CCTV,CCTV,서울특별시 광진구 면목로 127 (중곡동),37.56515,127.08075
CCTV,CCTV,서울특별시 광진구 긴고랑로3길 19-2 (중곡동),37.56538,127.0783
CCTV,CCTV,서울특별시 광진구 용마산로7길 59 (중곡동),37.55997,127.08464
CCTV,CCTV,서울특별시 광진구 긴고랑로17길11 (중곡동),37.56299,127.08409
CCTV,CCTV,서울특별시 광진구 답십리로74길 15 (중곡동),37.57101,127.08051
CCTV,CCTV,서울특별시 광진구 긴고랑로38길 14 (중곡동),37.55843,127.09036
CCTV,CCTV,서울특별시 광진구 자양로43길 123 (중곡동),37.55593,127.08901
CCTV,CCTV,서울특별시 광진구 용마산로30길 49 (중곡동),37.56863,127.08898
CCTV,CCTV,서울특별시 광진구 아차산로33길 16-8 (화양동),37.54106,127.07033
CCTV,CCTV,서울특별시 광진구 아차산로25길 76 (화양동),37.54454,127.06815
CCTV,CCTV,서울특별시 광진구 면목로5길 15 (군자동),37.55657,127.07507
CCTV,CCTV,서울특별시 광진구 능동로32길 29 (능동),37.55489,127.08007
CCTV,CCTV,서울특별시 광진구 능동로32길 82-26,37.55332,127.08552
CCTV,CCTV,서울특별시 광진구 아차산로45길 31 (자양동),37.53824,127.07999
CCTV,CCTV,서울특별시 광진구 뚝섬로52다길 45 (자양동),37.52976,127.08148
CCTV,CCTV,서울특별시 광진구 자양번영로9길 16-4 (자양동),37.53645,127.0756
CCTV,CCTV,서울특별시 광진구 뚝섬로40길 65 (자양동),37.53137,127.07153
CCTV,CCTV,서울특별시 광진구 뚝섬로27길 19 (자양동),37.53693,127.06583
CCTV,CCTV,서울특별시 광진구 광나루로40길 34 (구의동),37.54333,127.08927
CCTV,CCTV,서울특별시 광진구 천호대로134길 31 (구의동),37.54821,127.08972
CCTV,CCTV,서울특별시 광진구 자양로37길 22-10 (구의동),37.54868,127.08741
CCTV,CCTV,서울특별시 광진구 아차산로 63길 17 (구의동),37.54042,127.09241
CCTV,CCTV,서울특별시 광진구 자양로51길 46,37.55477,127.09138
CCTV,CCTV,서울특별시 광진구 아차산로 78길 153 (광장동),37.5485,127.10918
CCTV,CCTV,서울특별시 광진구 광장로9길 6 (광장동),37.54822,127.10613
CCTV,CCTV,서울특별시 광진구 능동로3다길 4 (자양동),37.53398,127.06502
CCTV,CCTV,서울특별시 광진구 긴고랑로 12길 40 (중곡동),37.5612,127.07987
CCTV,CCTV,서울특별시 광진구 긴고랑로 26길 23 (중곡동),37.55858,127.08244
CCTV,CCTV,서울특별시 광진구 영화사로9가길 39-15 (중곡동),37.55656,127.09367
CCTV,CCTV,서울특별시 광진구 동일로 44길 17 (군자동),37.5531,127.07133
CCTV,CCTV,서울특별시 광진구 능동로 32길 35 (능동),37.55474,127.08081
CCTV,CCTV,서울특별시 광진구 뚝섬로 631 (자양동),37.53211,127.07974
CCTV,CCTV,서울특별시 광진구 뚝섬로 700 (자양동),37.53302,127.08694
CCTV,CCTV,서울특별시 광진구 자양번영로 3길 27 (자양동),37.53211,127.07342
CCTV,CCTV,서울특별시 광진구 능동로 3길 20 (자양동),37.53363,127.06658
CCTV,CCTV,서울특별시 광진구 자양로28길 14 (구의동),37.54236,127.08507
CCTV,CCTV,서울특별시 광진구 자양로44가길 18 (구의동),37.55089,127.09434
CCTV,CCTV,서울특별시 광진구 구의로10길 12 (구의동),37.54215,127.09092
CCTV,CCTV,서울특별시 광진구 광장로1가길 49 (광장동),37.54854,127.09989
CCTV,CCTV,서울특별시 광진구 용마산로22길 82 (중곡동),37.5672,127.08895
CCTV,CCTV,서울특별시 광진구 용마산로22길 82 (중곡동),37.56726,127.08838
CCTV,CCTV,서울특별시 광진구 용마산로22길 82 (중곡동),37.56725,127.08795
CCTV,CCTV,서울특별시 광진구 용마산로22길 82 (중곡동),37.56686,127.08787
CCTV,CCTV,서울특별시 광진구 동일로 64길 20 (중곡동),37.56058,127.0759
CCTV,CCTV,서울특별시 광진구 능동로46길 28 (중곡동),37.56075,127.08404
CCTV,CCTV,서울특별시 광진구 동일로78길 46-33 (중곡동),37.56842,127.08109
CCTV,CCTV,서울특별시 광진구 긴고랑로 36길57 (중곡동),37.55707,127.09126
CCTV,CCTV,서울특별시 광진구 용마산로8가길 20-15 (중곡동),37.56027,127.08969
CCTV,CCTV,서울특별시 광진구 긴고랑로 36길 5 (중곡동),37.55868,127.089
CCTV,CCTV,서울특별시 광진구 광장로1다길31 (광장동),37.55009,127.10233
CCTV,CCTV,서울특별시 광진구 자양로 13길 31-8 (자양동),37.53442,127.08288
CCTV,CCTV,서울특별시 광진구 뚝섬로56길47 (자양동),37.52936,127.08277
CCTV,CCTV,서울특별시 광진구 자양번영로3길38-10 (자양동),37.53249,127.07342
CCTV,CCTV,서울특별시 광진구 동일로10가길23 (자양동),37.53868,127.06383
CCTV,CCTV,서울특별시 광진구 자양로28길 98 (구의동),37.54154,127.0895
CCTV,CCTV,서울특별시 광진구 자양로48길 20 (구의동),37.55133,127.09317
CCTV,CCTV,서울특별시 광진구 자양로53길21,37.55441,127.09272
CCTV,CCTV,서울특별시 광진구 아차산로25길 20-9 (화양동),37.54213,127.06739
CCTV,CCTV,서울특별시 광진구 동일로 30길 28 (화양동),37.54758,127.0688
CCTV,CCTV,서울특별시 광진구 면목로1길 19 (군자동),37.55507,127.07453
CCTV,CCTV,서울특별시 광진구 능동로 48길 36 (중곡동),37.56224,127.08446
CCTV,CCTV,서울특별시 광진구 아차산 순환도로 (광장동),37.55117,127.1005
CCTV,CCTV,서울특별시 광진구  천호대로102길 58 (군자동),37.55673,127.07315
CCTV,CCTV,서울특별시 광진구 자양로18길 72 (구의동),37.53833,127.08744
CCTV,CCTV,서울특별시 광진구 면목로 172 (중곡동),37.56864,127.08282
CCTV,CCTV,서울특별시 광진구 동일로22길 89 (화양동),37.54116,127.06918
CCTV,CCTV,서울특별시 광진구 자양로15길 56 (자양동),37.53531,127.08059
CCTV,CCTV,서울특별시 광진구 긴고랑로 185-2 (중곡동),37.56021,127.09478
CCTV,CCTV,서울특별시 광진구 자양로44길 30-1 (구의동),37.55043,127.09311
CCTV,CCTV,서울특별시 광진구 자양로2길 6 (자양동),37.5307,127.0872
CCTV,CCTV,서울특별시 광진구 동일로56가길 19-16,37.55437,127.07305
CCTV,CCTV,서울특별시 광진구 동일로56가길 19-16,37.53395,127.09015
CCTV,CCTV,서울특별시 광진구 긴고랑로38,37.56283,127.08032
CCTV,CCTV,서울특별시 광진구 긴고랑로30길34,37.55825,127.08699
CCTV,CCTV,서울특별시 광진구 능동로40길13,37.55802,127.08086
CCTV,CCTV,서울특별시 광진구 긴고랑로26길23,37.55933,127.08501
CCTV,CCTV,서울특별시 광진구 동일로78길47,37.56876,127.08212
CCTV,CCTV,서울특별시 광진구 능동로53길24-1,37.56666,127.08318
CCTV,CCTV,서울특별시 광진구 능동로50길 31-9,37.56393,127.08525
CCTV,CCTV,서울특별시 광진구 면목로182,37.56941,127.08317
CCTV,CCTV,서울특별시 광진구 면목로13길 17,37.56922,127.0824
CCTV,CCTV,서울특별시 광진구 용마산로33길 41,37.57023,127.08382
CCTV,CCTV,서울특별시 광진구 용마산로28나길15,37.56825,127.08798
CCTV,CCTV,서울특별시 광진구  천호대로127길19,37.55366,127.08983
CCTV,CCTV,서울특별시 광진구 용마산로20길9-1,37.56268,127.08772
CCTV,CCTV,서울특별시 광진구 용마산로8나길 36,37.56015,127.09053
CCTV,CCTV,서울특별시 광진구 긴고랑로 39길 54,37.55932,127.09282
CCTV,CCTV,서울특별시 광진구 천호대로112길 60,37.55351,127.08017
CCTV,CCTV,서울특별시 광진구 영화사로13길21,37.55514,127.09445
CCTV,CCTV,서울특별시 광진구 자양로209,37.5459,127.0859
CCTV,CCTV,서울특별시 광진구 광장로5길 25-1,37.54865,127.10495
CCTV,CCTV,서울특별시 광진구 광나루로595,37.54253,127.09458
CCTV,CCTV,서울특별시 광진구 천호대로 798,37.54562,127.10196
CCTV,CCTV,서울특별시 광진구 아차산로 78길 90,37.55118,127.11069
CCTV,CCTV,서울특별시 광진구 군자로 183,37.55677,127.07821
CCTV,CCTV,서울특별시 광진구 천호대로102길60,37.55652,127.07283
CCTV,CCTV,서울특별시 광진구 면목로38,37.55741,127.07664
CCTV,CCTV,서울특별시 광진구 능동로 267-14,37.55418,127.07678
CCTV,CCTV,서울특별시 광진구 자양로18길6,37.53735,127.08387
CCTV,CCTV,서울특별시 광진구 자양로25길 14-1,37.54167,127.08301
CCTV,CCTV,서울특별시 광진구 광나루로 38길 8,37.54437,127.08802
CCTV,CCTV,서울특별시 광진구 아차산로53길 62-14,37.54027,127.08615
CCTV,CCTV,서울특별시 광진구 아차산로 401-9,37.53779,127.08701
CCTV,CCTV,서울특별시 광진구 광나루로44길55,37.54186,127.09121
CCTV,CCTV,서울특별시 광진구 아차산로58가길15,37.5359,127.09036
CCTV,CCTV,서울특별시 광진구 뚝섬로47길29,37.53369,127.07867
CCTV,CCTV,서울특별시 광진구 자양로13다길10,37.53271,127.07928
CCTV,CCTV,서울특별시 광진구 뚝섬로681,37.53227,127.08502
CCTV,CCTV,서울특별시 광진구 자양로 117,37.5389,127.08241
CCTV,CCTV,서울특별시 광진구 자양로11길 11-1,37.53456,127.08328
CCTV,CCTV,서울특별시 광진구 자양로13길 20,37.53526,127.08295
CCTV,CCTV,서울특별시 광진구 자양로4가길6-10,37.53204,127.08727
CCTV,CCTV,서울특별시 광진구 뚝섬로52길 71,37.52922,127.07837
CCTV,CCTV,서울특별시 광진구 뚝섬로703-1,37.53318,127.08757
CCTV,CCTV,서울특별시 광진구 뚝섬로 54길 61,37.52895,127.07978
CCTV,CCTV,서울특별시 광진구 자양번영로1길15,37.53058,127.07412
CCTV,CCTV,서울특별시 광진구 자양번영로 7길 3,37.53551,127.07636
CCTV,CCTV,서울특별시 광진구 자양동 84-27,37.53305,127.06438
CCTV,CCTV,서울특별시 광진구 뚝섬로27길3,37.5361,127.06594
CCTV,CCTV,서울특별시 광진구 아차산로24길 17,37.54017,127.06485
CCTV,CCTV,서울특별시 광진구 아차산로192,37.54129,127.0645
CCTV,CCTV,서울특별시 광진구 자양강변길 119,37.53216,127.06511
CCTV,CCTV,서울특별시 광진구 동일로26길 47,37.54463,127.06861
CCTV,CCTV,서울특별시 광진구 동일로28길54,37.54592,127.06948
CCTV,CCTV,서울특별시 광진구 아차산로 23길 45,37.54392,127.06687
CCTV,CCTV,서울특별시 광진구 아차산로 21길 109,37.54655,127.06739
CCTV,CCTV,서울특별시 광진구 광나루로 14길 26,37.54683,127.06836
CCTV,CCTV,서울특별시 광진구 능동로 16길 14,37.54483,127.07387
CCTV,CCTV,서울특별시 광진구 긴고랑로7길 101,37.56751,127.08137
CCTV,CCTV,서울특별시 광진구 천호대로119길 16,37.55537,127.08617
CCTV,CCTV,서울특별시 광진구 용마산로 33길 9-7,37.56975,127.08539
CCTV,CCTV,서울특별시 광진구 영화사로 16,37.55773,127.08931
CCTV,CCTV,서울특별시 광진구 긴고랑로 44길 26-12,37.55857,127.0945
CCTV,CCTV,서울특별시 광진구 천호대로 114길 58,37.55323,127.08162
CCTV,CCTV,서울특별시 광진구 자양로 237-1,37.54782,127.08806
CCTV,CCTV,서울특별시 광진구 영화사로 11길 39,37.55604,127.09512
CCTV,CCTV,서울특별시 광진구 광장로 7길 27,37.54898,127.10556
CCTV,CCTV,서울특별시 광진구 동일로56길 48,37.55536,127.07461
CCTV,CCTV,서울특별시 광진구 동일로38길 17,37.55124,127.07041
CCTV,CCTV,서울특별시 광진구 동일로 212,37.55053,127.06923
CCTV,CCTV,서울특별시 광진구 군자로10길22,37.54887,127.07189
CCTV,CCTV,서울특별시 광진구 천호대로 104길22,37.55755,127.07535
CCTV,CCTV,서울특별시 광진구 광나루로 19길51,37.54976,127.07265
CCTV,CCTV,서울특별시 광진구 광나루로19길 31,37.54897,127.0733
CCTV,CCTV,서울특별시 광진구 광나루로 16길 18,37.5468,127.06919
CCTV,CCTV,서울특별시 광진구 군자로 43,37.54706,127.07027
CCTV,CCTV,서울특별시 광진구 능동로 17길 6,37.54611,127.07297
CCTV,CCTV,서울특별시 광진구 군자로 5길 29,37.5448,127.06951
CCTV,CCTV,서울특별시 광진구 능동로 13길 39,37.54333,127.0704
CCTV,CCTV,서울특별시 광진구 광나루로 14길 31,37.54634,127.06813
CCTV,CCTV,서울특별시 광진구 아차산로39길 36,37.53894,127.07569
CCTV,CCTV,서울특별시 광진구 아차산로 78길 18,37.5504,127.10976
CCTV,CCTV,서울특별시 광진구 아차산로 75길 9,37.54628,127.10468
CCTV,CCTV,서울특별시 광진구 능동로 25길 48,37.5531,127.07471
CCTV,CCTV,서울특별시 광진구 능동로 21길 14-10,37.55175,127.07582
CCTV,CCTV,서울특별시 광진구 군자로 160-1,37.55511,127.07674
CCTV,CCTV,서울특별시 광진구 동일로 26길 9,37.54531,127.06668
CCTV,CCTV,서울특별시 광진구 면목로9길31,37.56079,127.07662
CCTV,CCTV,서울특별시 광진구 천호대로123길83-13,37.55913,127.08591
CCTV,CCTV,서울특별시 광진구 면목로15길30,37.56907,127.0813
CCTV,CCTV,서울특별시 광진구 용마산로22길9,37.56358,127.08772
CCTV,CCTV,서울특별시 광진구 능동로24길60-84길,37.55254,127.08014
CCTV,CCTV,서울특별시 광진구 군자로11길11,37.55078,127.07019
CCTV,CCTV,서울특별시 광진구 군자로15길21,37.55442,127.07351
CCTV,CCTV,서울특별시 광진구 광장로1-20,37.54638,127.10153
CCTV,CCTV,서울특별시 광진구 광장로77,37.54771,127.10573
CCTV,CCTV,서울특별시 광진구 광장로89,37.548,127.10692
CCTV,CCTV,서울특별시 광진구 영화사로3나길 28,37.55709,127.09369
CCTV,CCTV,서울특별시 광진구 용마사로30길 37,37.56865,127.08808
CCTV,CCTV,서울특별시 광진구 자양로37길 85,37.54747,127.0858
CCTV,CCTV,서울특별시 광진구 광장로1나길 8,37.54818,127.10197
CCTV,CCTV,서울특별시 광진구 자양로15길 27,37.53556,127.08238
CCTV,CCTV,서울특별시 광진구 아차산로44가길 16,37.53565,127.07975
CCTV,CCTV,서울특별시 광진구 뚝섬로58길 58,37.52958,127.08522
CCTV,CCTV,서울특별시 광진구 뚝섬로33길 34,37.53634,127.06992
CCTV,CCTV,서울특별시 광진구 아차산로21길 62,37.54446,127.06622
CCTV,CCTV,서울특별시 광진구 면목로114,37.56366,127.08013
CCTV,CCTV,서울특별시 광진구 능동로 237,37.55104,127.07614
CCTV,CCTV,서울특별시 광진구 군자로 114,37.54914,127.07518
CCTV,CCTV,서울특별시 광진구 아차산로39길 38-7,37.53923,127.0752
CCTV,CCTV,서울특별시 광진구 아차산로39가길 8,37.53915,127.07675
CCTV,CCTV,서울특별시 광진구 광장로1다길 23,37.54511,127.09887
CCTV,CCTV,서울특별시 광진구 광장동 5-119,37.55141,127.10197
CCTV,CCTV,서울특별시 광진구 광장동 5-116,37.55175,127.1035
CCTV,CCTV,서울특별시 광진구 용마산로22길 76,37.56586,127.08827
CCTV,CCTV,서울특별시 광진구 군자동 111-2,37.55324,127.07325
CCTV,CCTV,서울특별시 광진구 자양로37길 43,37.54895,127.08595
CCTV,CCTV,서울특별시 광진구 자양로37길 38-6,37.54884,127.08663
CCTV,CCTV,서울특별시 광진구 구의동 4-20,37.55317,127.09835
CCTV,CCTV,서울특별시 광진구 워커힐로 32,37.54473,127.09759
CCTV,CCTV,서울특별시 광진구 강변역로 18,37.53772,127.09166
CCTV,CCTV,서울특별시 광진구 자양강변길 301,37.52944,127.07532
CCTV,CCTV,서울특별시 광진구 뚝섬로44길 56,37.53031,127.0756
CCTV,CCTV,서울특별시 광진구 뚝섬로 561,37.53397,127.07253
CCTV,CCTV,서울특별시 광진구 천호대로138길 40,37.54739,127.0921
CCTV,CCTV,서울특별시 광진구 광장로1가길 13,37.54749,127.10122
CCTV,CCTV,서울특별시 광진구 자양로 35,37.53091,127.08628
CCTV,CCTV,서울특별시 광진구 자양로3길 16,37.53061,127.08561
CCTV,CCTV,서울특별시 광진구 뚝섬로64길 45,37.53114,127.09032
CCTV,CCTV,서울특별시 광진구 자양동 783-2,37.53575,127.07439
CCTV,CCTV,서울특별시 광진구 능동로3길 61-8,37.53382,127.06383
CCTV,CCTV,서울특별시 광진구 자양동 57-2,37.53273,127.06291
CCTV,CCTV,서울특별시 광진구 광나루로30길 80,37.54307,127.08037
CCTV,CCTV,서울특별시 광진구 뚝섬로58길 68,37.52926,127.08454
CCTV,CCTV,서울특별시 광진구 아차산로70 17-16,37.54058,127.10275
CCTV,CCTV,서울특별시 광진구 동일로22길 117-20,37.54128,127.07084
CCTV,CCTV,서울특별시 광진구 아차산로27길 60,37.54406,127.06899
CCTV,CCTV,서울특별시 광진구 능동로103,37.54017,127.07055
CCTV,CCTV,서울특별시 광진구 아차산로27길 20,37.54261,127.06802
CCTV,CCTV,서울특별시 광진구 광나루로22가길 12,37.54597,127.07553
CCTV,CCTV,서울특별시 광진구 아차산로23길 23-5,37.54327,127.06614
CCTV,CCTV,서울특별시 광진구 군자로6길 20,37.54593,127.07174
CCTV,CCTV,서울특별시 광진구 군자로6길 51,37.54581,127.0723
CCTV,CCTV,서울특별시 광진구 천호대로111길 9,37.55694,127.08217
CCTV,CCTV,서울특별시 광진구 천호대로 585,37.55594,127.08322
CCTV,CCTV,서울특별시 광진구 천호대로 115길 29,37.5571,127.08394
CCTV,CCTV,서울특별시 광진구 긴고랑로20길 28,37.56003,127.08321
CCTV,CCTV,서울특별시 광진구 동일로 338,37.56084,127.07502
CCTV,CCTV,서울특별시 광진구 동일로 360,37.56299,127.07579
CCTV,CCTV,서울특별시 광진구 동일로68길 49,37.5612,127.07835
CCTV,CCTV,서울특별시 광진구 용마산로 183,37.57009,127.08609
CCTV,CCTV,서울특별시 광진구 용마산로22길 5-8,37.56121,127.08725
CCTV,CCTV,서울특별시 광진구 용마산로22길 19-19,37.5646,127.088
CCTV,CCTV,서울특별시 광진구 용마산로8라길 30,37.56121,127.09047
CCTV,CCTV,서울특별시 광진구 자양로51길 28,37.55401,127.09231
CCTV,CCTV,서울특별시 광진구 천호대로 623-1,37.55435,127.18707
CCTV,CCTV,서울특별시 광진구 능동로36길 186,37.55238,127.08842
CCTV,CCTV,서울특별시 광진구 자양로41길 26-9,37.55039,127.08989
CCTV,CCTV,서울특별시 광진구 자양로 282,37.55092,127.09155
CCTV,CCTV,서울특별시 광진구 자양로37길 38,37.54872,127.08639
CCTV,CCTV,서울특별시 광진구 뚝섬로52가길 42,37.53081,127.08158
CCTV,CCTV,서울특별시 광진구 뚝섬로52가길 10,37.53125,127.07997
CCTV,CCTV,서울특별시 광진구 뚝섬로24길 74,37.53301,127.06225
CCTV,CCTV,서울특별시 광진구 용마산로 160,37.56804,127.08617
CCTV,CCTV,서울특별시 광진구 뚝섬로31가길 12,37.53612,127.06733
CCTV,CCTV,서울특별시 광진구 자양로15길 72,37.53502,127.07974
CCTV,CCTV,서울특별시 광진구 군자로 96-14,37.55133,127.07181
CCTV,CCTV,서울특별시 광진구 군자로2길 4,37.54446,127.01526
CCTV,CCTV,서울특별시 광진구 용마산로8마길 26,37.56131,127.09084
CCTV,CCTV,서울특별시 광진구 면목로 136-1,37.56551,127.08112
CCTV,CCTV,서울특별시 광진구 뚝섬로58가길 9,37.53072,127.08424
CCTV,CCTV,서울특별시 광진구 강변역로 53,37.53559,127.09385
CCTV,CCTV,서울특별시 광진구 자양로 96,37.53621,127.0839
CCTV,CCTV,서울특별시 광진구 구의로3길 11,37.54025,127.08794
CCTV,CCTV,서울특별시 광진구 구의로 19,37.53969,127.08939
CCTV,CCTV,서울특별시 광진구 천호대로107길 40,37.5594,127.07916
CCTV,CCTV,서울특별시 광진구 동일로32길 14-6,37.54908,127.0689
CCTV,CCTV,서울특별시 광진구 면목로 5길 36,37.55658,127.07408
CCTV,CCTV,서울특별시 광진구 아차산로 241,37.54029,127.07021
CCTV,CCTV,서울특별시 광진구 영화사로3길 53,37.55824,127.09265
CCTV,CCTV,서울특별시 광진구 뚝섬로50길 39,37.53063,127.07782
CCTV,CCTV,서울특별시 광진구 구의강변로 77,37.53769,127.0933
CCTV,CCTV,서울특별시 광진구 자양로 130,37.5395,127.08337
CCTV,CCTV,서울특별시 광진구 뚝섬로23가길 35,37.53867,127.0659
CCTV,CCTV,서울특별시 광진구 뚝섬로 515,37.53564,127.06755
CCTV,CCTV,서울특별시 광진구 광나루로13길 16,37.549,127.0686
CCTV,CCTV,서울특별시 광진구 능동로 160,37.54487,127.07313
CCTV,CCTV,서울특별시 광진구 능동로19길 10,37.54705,127.07328
CCTV,CCTV,서울특별시 광진구 광나루로 424,37.54607,127.07634
CCTV,CCTV,서울특별시 광진구 능동로23길 12,37.55212,127.07614
CCTV,CCTV,서울특별시 광진구 아차산로 306,37.538,127.07703
CCTV,CCTV,서울특별시 광진구 자양로23나길 7,37.54222,127.08263
CCTV,CCTV,서울특별시 광진구 아차산로 401,37.53759,127.08735
CCTV,CCTV,서울특별시 광진구 뚝섬로64길 50,37.5313,127.08904
CCTV,CCTV,서울특별시 광진구 자양로44길 113,37.55089,127.09696
CCTV,CCTV,서울특별시 광진구 아차산로76길 34,37.54665,127.10738
CCTV,CCTV,서울특별시 광진구 아차산로78가길 3,37.54951,127.10931
CCTV,CCTV,서울특별시 광진구 아차산로55길 61,37.54012,127.08655
CCTV,CCTV,서울특별시 광진구 뚝섬로57길 50,37.53394,127.08245
CCTV,CCTV,서울특별시 광진구 자양로3길 65-9,37.52926,127.08315
CCTV,CCTV,서울특별시 광진구 군자로13길 18-7,37.55272,127.07094
CCTV,CCTV,서울특별시 광진구 동일로60길 14,37.55848,127.07405
CCTV,CCTV,서울특별시 광진구 천호대로129길 49,37.55369,127.09187
CCTV,CCTV,서울특별시 광진구 뚝섬로26길 5,37.53615,127.06454
CCTV,CCTV,서울특별시 광진구 영화사로9나길 32,37.55759,127.09572
CCTV,CCTV,서울특별시 광진구 광나루로40길 56,37.54229,127.08899
CCTV,CCTV,서울특별시 광진구 자양로50길 22-8,37.55182,127.09369
CCTV,CCTV,서울특별시 광진구 용마산로14길 9-5,37.56152,127.08798
CCTV,CCTV,서울특별시 광진구 천호대로119길 61,37.55755,127.08585
CCTV,CCTV,서울특별시 광진구 자양로42길 44 (구의동),37.54832,127.09216
CCTV,CCTV,서울특별시 광진구 광나루로52길 12 (구의동),37.54125,127.09432
CCTV,CCTV,서울특별시 광진구 아차산로60길 13-8,37.53804,127.09237
CCTV,CCTV,서울특별시 광진구 아차산로59길 49 (구의동),37.5406,127.09066
CCTV,CCTV,서울특별시 광진구 광나루로44길 32 (구의동),37.54288,127.09113
CCTV,CCTV,서울특별시 광진구 광나루로56길 86 (구의동),37.53675,127.09481
CCTV,CCTV,서울특별시 광진구 광나루로56길 86 (구의동),37.53735,127.09452
CCTV,CCTV,서울특별시 광진구 동일로56길 29 (군자동),37.55601,127.07374
CCTV,CCTV,서울특별시 광진구 천호대로116길 66 (능동),37.55242,127.08298
CCTV,CCTV,서울특별시 광진구 능동로30길 23 (능동),37.55356,127.07928
CCTV,CCTV,서울특별시 광진구 능동로30길 23 (능동),37.55374,127.07943
CCTV,CCTV,서울특별시 광진구 자양로13길 41 (자양동),37.53435,127.08221
CCTV,CCTV,서울특별시 광진구 아차산로40길 46 (자양동),37.53582,127.07771
CCTV,CCTV,서울특별시 광진구 뚝섬로62길 24 (자양동),37.53213,127.08783
CCTV,CCTV,서울특별시 광진구 뚝섬로34길 25-19 (자양동),37.53366,127.06985
CCTV,CCTV,서울특별시 광진구 아차산로32길 17 (자양동),37.53926,127.06823
CCTV,CCTV,서울특별시 광진구 아차산로32길 17 (자양동),37.53913,127.06856
CCTV,CCTV,서울특별시 광진구 자양1동 859-1,37.53859,127.08173
CCTV,CCTV,서울특별시 광진구 자양4동 553-22,37.53507,127.06781
CCTV,CCTV,서울특별시 광진구 자양4동 74-21,37.53294,127.06637
CCTV,CCTV,서울특별시 광진구 긴고랑로5길 10 (중곡동),37.56471,127.07935
CCTV,CCTV,서울특별시 광진구 긴고랑로5길 10 (중곡동),37.55964,127.0841
CCTV,CCTV,서울특별시 광진구 용마산로33길 25 (중곡동),37.56999,127.08449
CCTV,CCTV,서울특별시 광진구 영화사로7길 25 (중곡동),37.55694,127.09214
CCTV,CCTV,서울특별시 광진구 영화사로7길 25 (중곡동),37.55905,127.09091
CCTV,CCTV,서울특별시 광진구 동일로28길 16 (화양동),37.54655,127.06769
CCTV,CCTV,서울특별시 광진구 아차산로25길 27 (화양동),37.54288,127.06681
CCTV,CCTV,서울특별시 광진구 화양동 110-34,37.54656,127.07183
CCTV,CCTV,서울특별시 광진구 군자로3길 15 (화양동),37.54455,127.07065
CCTV,CCTV,서울특별시 광진구 아차산로31길 14 (화양동),37.54153,127.06978
CCTV,CCTV,서울특별시 광진구 뚝섬로56길 28 (자양동),37.53016,127.08234
CCTV,CCTV,서울특별시 광진구 천호대로 717-18 (구의동),37.54927,127.09471
CCTV,CCTV,서울특별시 광진구 천호대로 717-18 (구의동),37.54811,127.09644
CCTV,CCTV,서울특별시 광진구 천호대로 717-18 (구의동),37.54793,127.09702
CCTV,CCTV,서울특별시 광진구 천호대로 717-18 (구의동),37.54787,127.0982
CCTV,CCTV,서울특별시 광진구 천호대로 717-18 (구의동),37.54751,127.09834
CCTV,CCTV,서울특별시 광진구 천호대로 760,37.54635,127.09823
CCTV,CCTV,서울특별시 광진구 동일로52길 27,37.55433,127.07298
CCTV,CCTV,서울특별시 광진구  구의동 560-5,37.55531,127.09516
CCTV,CCTV,서울특별시 광진구 구의강변로3길 39,37.53659,127.0903
CCTV,CCTV,서울특별시 광진구 자양로13다길 34,37.53321,127.07812
CCTV,CCTV,서울특별시 광진구  자양동 689-6,37.53084,127.0886
CCTV,CCTV,서울특별시 광진구 자양번영로3길 16 (자양동),37.53207,127.0744
CCTV,CCTV,서울특별시 광진구 아차산로73길 15 (광장동),37.54594,127.1039
CCTV,CCTV,서울특별시 광진구 광장로1가길 31 (광장동),37.54813,127.10059
CCTV,CCTV,서울특별시 광진구 천호대로 760,37.54624,127.09873
CCTV,CCTV,서울특별시 광진구 천호대로 760,37.54656,127.09898
CCTV,CCTV,서울특별시 광진구 도로명주소 없음,37.56863,127.07793
CCTV,CCTV,서울특별시 광진구 도로명주소 없음,37.54926,127.10142
CCTV,CCTV,서울특별시 광진구 도로명주소 없음,37.54976,127.10132
CCTV,CCTV,서울특별시 광진구 천호대로140길 60,37.54413,127.09922
CCTV,CCTV,서울특별시 광진구 천호대로140길 60,37.54433,127.09974
CCTV,CCTV,서울특별시 광진구 천호대로140길 60,37.54464,127.09932
CCTV,CCTV,서울특별시 광진구 천호대로140길 60,37.54576,127.10073
CCTV,CCTV,서울특별시 광진구 자양4동 199-4,37.5363,127.06177
CCTV,CCTV,서울특별시 광진구 구의1동 668-5,37.54585,127.08845
CCTV,CCTV,서울특별시 광진구 광장동 344-10,37.54904,127.1074
CCTV,CCTV,서울특별시 광진구 자양3동 784-2,37.53584,127.0677
CCTV,CCTV,서울특별시 광진구 광장동 381-44,37.5495,127.0991
CCTV,CCTV,서울특별시 광진구 용마도시자연공원-사무실,37.56227,127.09624
CCTV,CCTV,서울특별시 광진구 용마도시자연공원-입구,37.56224,127.09614
CCTV,CCTV,서울특별시 광진구 용마도시자연공원-화장실 뒤,37.5622,127.09556
CCTV,CCTV,서울특별시 광진구 용마도시자연공원-체험장,37.56305,127.09617
CCTV,CCTV,서울특별시 광진구 용마도시자연공원-사방댐,37.56302,127.09658
CCTV,CCTV,서울특별시 광진구 용마도시자연공원-산불장비,37.56339,127.09635
CCTV,CCTV,서울특별시 광진구 용마도시자연공원-쌍용골,37.56416,127.09639
CCTV,CCTV,서울특별시 광진구 용마도시자연공원-유화교,37.56512,127.0974
CCTV,CCTV,서울특별시 광진구 용마도시자연공원-청용골,37.56605,127.0984
CCTV,CCTV,서울특별시 광진구 용마도시자연공원-마지막골,37.56649,127.09872
CCTV,CCTV,서울특별시 광진구 아차산생태공원-사무실,37.55303,127.09978
CCTV,CCTV,서울특별시 광진구 아차산생태공원-공원입구,37.55258,127.09969
CCTV,CCTV,서울특별시 광진구 아차산생태공원-소각장,37.55221,127.10066
CCTV,CCTV,서울특별시 광진구 아차산생태공원-다목적,37.55247,127.10064
CCTV,CCTV,서울특별시 광진구 아차산생태공원-생태자료,37.55179,127.10103
CCTV,CCTV,서울특별시 광진구 아차산생태공원-습지,37.55106,127.10113
CCTV,CCTV,서울특별시 광진구 아차산생태공원-토요,37.55414,127.10133
CCTV,CCTV,서울특별시 광진구 아차산생태공원-상록천,37.55514,127.10162
CCTV,CCTV,서울특별시 광진구 아차산생태공원-고구려정1,37.55816,127.10236
CCTV,CCTV,서울특별시 광진구 아차산생태공원-고구려정2,37.55798,127.10261
CCTV,CCTV,서울특별시 광진구 아차산생태공원-공영주차,37.55168,127.10022
CCTV,CCTV,서울특별시 광진구 아차산생태공원-해맞이공원,37.55996,127.10157
CCTV,CCTV,서울특별시 광진구 중곡 4동 30-75,37.56602,127.08498
CCTV,CCTV,서울특별시 광진구 자양4동 547-16,37.53682,127.069
CCTV,CCTV,서울특별시 광진구 공원방범(아차산어울림광장1),37.55225,127.09979
CCTV,CCTV,서울특별시 광진구 공원방범(아차산어울림광장2),37.55179,127.10084
CCTV,CCTV,서울특별시 광진구 영화사로107,37.55535,127.09849
CCTV,CCTV,서울특별시 광진구 구의동3-11,37.55318,127.10115
CCTV,CCTV,서울특별시 광진구 천호대로 717-18,37.54934,127.09481
CCTV,CCTV,서울특별시 광진구 광장동 5-113,37.55223,127.10375
CCTV,CCTV,서울특별시 광진구 자양로13다길 34,37.53297,127.07834
CCTV,CCTV,서울특별시 광진구 자양동 553-22,37.53512,127.06822
CCTV,CCTV,서울특별시 광진구 동일로 399,37.56631,127.07736
CCTV,CCTV,서울특별시 광진구 영화사로 7길 25,37.55673,127.09204
CCTV,CCTV,서울특별시 광진구 긴고랑로 143,37.55878,127.09099
CCTV,CCTV,서울특별시 광진구 능동로 216,37.55167,127.08878
CCTV,CCTV,서울특별시 광진구 구의동 38-17,37.54743,127.09813
CCTV,CCTV,서울특별시 광진구 광나루로 56길 86,37.53687,127.09459
CCTV,CCTV,서울특별시 광진구 광나루로 44길 32,37.54277,127.09105
CCTV,CCTV,서울특별시 광진구 아차산로40길 46,37.53568,127.07767
CCTV,CCTV,서울특별시 광진구 뚝섬로 62길24,37.53192,127.08784
CCTV,CCTV,서울특별시 광진구 동일로28길 16,37.54625,127.06801
CCTV,CCTV,서울특별시 광진구 아차산로 31길 14,37.54145,127.06965
CCTV,CCTV,서울특별시 광진구 영화사로 139,37.55218,127.10131
CCTV,CCTV,서울특별시 광진구 영화사로 139,37.55435,127.09721
CCTV,CCTV,서울특별시 광진구 광나루로 389,37.5475,127.07347
CCTV,CCTV,서울특별시 광진구 구의동 624-1,37.5324,127.09218
CCTV,CCTV,서울특별시 광진구 광나루로52길 12,37.54135,127.09448
CCTV,CCTV,서울특별시 광진구 광나루로56길 86,37.53692,127.09502
CCTV,CCTV,서울특별시 광진구 중곡동 68-19,37.55903,127.091
CCTV,CCTV,서울특별시 광진구 광장동 378-76,37.55025,127.10119
CCTV,CCTV,서울특별시 광진구 자양로42길 44,37.54832,127.09216
CCTV,CCTV,서울특별시 광진구 구의강변로 69,37.53804,127.09237
CCTV,CCTV,서울특별시 광진구 동일로28길 16,37.54655,127.06769
CCTV,CCTV,서울특별시 광진구 중곡1동 248-29,37.56272,127.07687
CCTV,CCTV,서울특별시 광진구 능동 237-3,37.55531,127.08359
CCTV,CCTV,서울특별시 광진구 구의2동 612-35,37.54817,127.08566
CCTV,CCTV,서울특별시 광진구 화양동 523-2,37.54508,127.07627
CCTV,CCTV,서울특별시 광진구 중곡4동 72-122,37.56103,127.09553
CCTV,CCTV,서울특별시 광진구 광장동 236-1,37.54308,127.10213
CCTV,CCTV,서울특별시 광진구 자양2동 813-1,37.52995,127.08908
CCTV,CCTV,서울특별시 광진구 군자동 340-10,37.55272,127.07022
CCTV,CCTV,서울특별시 광진구 자양1동 231-63,37.53635,127.07986
CCTV,CCTV,서울특별시 광진구 구의3동 624-5,37.53103,127.09197
CCTV,CCTV,서울특별시 광진구 강변역로 40-2,37.53613,127.09466
CCTV,CCTV,서울특별시 광진구 광장동 516-2,37.54163,127.09615
CCTV,CCTV,서울특별시 광진구 천호대로 717-18,37.54913,127.09393
CCTV,CCTV,서울특별시 광진구 천호대로 717-18,37.54916,127.09446
CCTV,CCTV,서울특별시 광진구 자양1동 859-1,37.53845,127.08144
CCTV,CCTV,서울특별시 광진구 영화사로 139,37.55215,127.10267
CCTV,CCTV,서울특별시 광진구 광장동 5-112,37.55226,127.10307
CCTV,CCTV,서울특별시 광진구 광장동 5-143,37.55193,127.10433
CCTV,CCTV,서울특별시 광진구 광장동 5-112,37.55261,127.10373
CCTV,CCTV,서울특별시 광진구 광장동 5-112,37.55316,127.10352
CCTV,CCTV,서울특별시 광진구 광장동 5-112,37.55383,127.10405
CCTV,CCTV,서울특별시 광진구 광장동 5-112,37.55435,127.10407
CCTV,CCTV,서울특별시 광진구 구의동 3,37.55312,127.10055
CCTV,CCTV,서울특별시 광진구 광장동 5-127,37.55287,127.10095
CCTV,CCTV,서울특별시 광진구 광장동 5-124,37.55293,127.10112
CCTV,CCTV,서울특별시 광진구 영화사로 107,37.55481,127.09804
CCTV,CCTV,서울특별시 광진구 구의동 3-3,37.55611,127.09823
CCTV,CCTV,서울특별시 광진구 구의동 3-3,37.55614,127.09762
CCTV,CCTV,서울특별시 광진구 구의동 3-3,37.55633,127.09678
CCTV,CCTV,서울특별시 광진구 구의동 3-3,37.55646,127.09633
CCTV,CCTV,서울특별시 광진구 중곡동 143-141,37.55663,127.09605
CCTV,CCTV,서울특별시 광진구 구의동 3-3,37.55673,127.09676
CCTV,CCTV,서울특별시 광진구 중곡동 143-141,37.55669,127.0957
CCTV,CCTV,서울특별시 광진구 중곡동 143-119,37.56185,127.09081
CCTV,CCTV,서울특별시 광진구 용마산로22길 26,37.56289,127.09128
CCTV,CCTV,서울특별시 광진구 중곡동 176-122,37.56814,127.090123
CCTV,CCTV,서울특별시 광진구 중곡동 176-122,37.56811,127.09044
CCTV,CCTV,서울특별시 광진구 중곡동 176-122,37.56787,127.09047
CCTV,CCTV,서울특별시 광진구 중곡동 176-112,37.56759,127.08988
CCTV,CCTV,서울특별시 광진구 구의동 3-17,37.55537,127.09911
CCTV,CCTV,서울특별시 광진구 구의동 3-17,37.55511,127.0997
CCTV,CCTV,서울특별시 광진구 구의동 3-17,37.5549,127.10037
CCTV,CCTV,서울특별시 광진구 구의동 3-17,37.55492,127.10072
CCTV,CCTV,서울특별시 광진구 아차산로25길 27,37.54274,127.06706
CCTV,CCTV,서울특별시 광진구 아차산로59길 49,37.54056,127.09067
CCTV,CCTV,서울특별시 광진구 중곡동 176-133,37.56843,127.090039
CCTV,CCTV,서울특별시 광진구 중곡동 143-146,37.56276,127.0964
CCTV,CCTV,서울특별시 광진구 중곡동 143-146,37.56373,127.09699
CCTV,CCTV,서울특별시 광진구 광장동 5-117,37.55186,127.101886
CCTV,CCTV,서울특별시 광진구 광장동 5-117,37.55189,127.10278
CCTV,CCTV,서울특별시 광진구 광장동 5-115,37.55196,127.10315
CCTV,CCTV,서울특별시 광진구 광장동 5-125,37.55223,127.10206
CCTV,CCTV,서울특별시 광진구 광장동 5-123,37.5525401,127.10256
CCTV,CCTV,서울특별시 광진구 광장동 5-124,37.55278,127.101693
CCTV,CCTV,서울특별시 광진구 구의동 3-10,37.55336,127.10222
CCTV,CCTV,서울특별시 광진구 구의동 3-12,37.55387,127.10315
CCTV,CCTV,서울특별시 광진구 구의동 3-10,37.55496,127.10399
CCTV,CCTV,서울특별시 광진구 구의동 3-10,37.556044,127.1044
CCTV,CCTV,서울특별시 광진구 구의동 3-8,37.55713,127.10434
CCTV,CCTV,서울특별시 광진구 동일로76나길 20,37.56844,127.08026
CCTV,CCTV,서울특별시 광진구 동일로76나길 20,37.56843,127.08038
CCTV,CCTV,서울특별시 광진구 구의동 3-8,37.55601,127.10272
CCTV,CCTV,서울특별시 광진구 구의동 3-8,37.55694,127.10302
CCTV,CCTV,서울특별시 광진구 구의동 3-3,37.55783,127.1039
CCTV,CCTV,서울특별시 광진구 구의동 3-3,37.55908,127.10237
CCTV,CCTV,서울특별시 광진구 동일로 381-1,37.56497,127.07613
CCTV,CCTV,서울특별시 광진구 동일로 419-1,37.56795,127.07792
CCTV,CCTV,서울특별시 광진구 용마산로 33길 25,37.57018,127.08446
CCTV,CCTV,서울특별시 광진구 동일로 76나길 20,37.56834,127.08032
CCTV,CCTV,서울특별시 광진구 광나루로 447,37.54568,127.07923
CCTV,CCTV,서울특별시 광진구 영화사로 135-2,37.55439,127.10096
CCTV,CCTV,서울특별시 광진구 영화사로 135-1,37.55372,127.09939
CCTV,CCTV,서울특별시 광진구 천호대로 717-17,37.54913,127.09495
CCTV,CCTV,서울특별시 광진구 광나루로 52길 12,37.54142,127.09438
CCTV,CCTV,서울특별시 광진구 아차산로 59길 49,37.5405,127.09069
CCTV,CCTV,서울특별시 광진구 아차산로 73길15길,37.54584,127.10403
CCTV,CCTV,서울특별시 광진구 광장로1가길 31,37.54792,127.10084
CCTV,CCTV,서울특별시 광진구 영화사로 145,37.55226,127.10056
CCTV,CCTV,서울특별시 광진구 아차산로 78길 133,37.54899,127.10995
CCTV,CCTV,서울특별시 광진구 천호대로 760,37.54656,127.09829
CCTV,CCTV,서울특별시 광진구 자양로 13다길 34,37.53317,127.07809
CCTV,CCTV,서울특별시 광진구 자양로 13길 41,37.5342,127.0822
CCTV,CCTV,서울특별시 광진구 뚝섬로 56길 28,37.53019,127.08248
CCTV,CCTV,서울특별시 광진구 뚝섬로 52길 62,37.5294,127.07831
CCTV,CCTV,서울특별시 광진구 아차산로 25길 27,37.54261,127.06706
CCTV,CCTV,서울특별시 광진구 군자로 3길 15,37.5444,127.07057
CCTV,CCTV,서울특별시 광진구 광나루로 389,37.54774,127.07322
CCTV,CCTV,서울특별시 광진구 동일로 52길 27,37.55427,127.07291
CCTV,CCTV,서울특별시 광진구 아차산로 400,37.53662,127.08717
CCTV,CCTV,서울특별시 광진구 아차산로 400,37.53695,127.08706
CCTV,CCTV,서울특별시 광진구 아차산로 400,37.53746,127.08826
CCTV,CCTV,서울특별시 광진구 아차산로 400,37.53748,127.08901
CCTV,CCTV,서울특별시 광진구 광나루로36길 9-9,37.5444,127.08733
CCTV,CCTV,서울특별시 광진구 구의로9길 15,37.54236,127.08815
CCTV,CCTV,서울특별시 광진구 자양로38길 17-7,37.54731,127.08919
CCTV,CCTV,서울특별시 광진구 동일로52길 11-13,37.55528,127.07219
CCTV,CCTV,서울특별시 광진구 천호대로116길 97,37.55263,127.08133
CCTV,CCTV,서울특별시 광진구 천호대로110길 8,37.55636,127.08009
CCTV,CCTV,서울특별시 광진구 능동로34길 11-19,37.55545,127.08079
CCTV,CCTV,서울특별시 광진구 천호대로112길 53,37.55388,127.0803
CCTV,CCTV,서울특별시 광진구 능동로36길 87,37.55472,127.08384
CCTV,CCTV,서울특별시 광진구 천호대로116길 36,37.55368,127.08338
CCTV,CCTV,서울특별시 광진구 능동로32길 106-13,37.55274,127.08369
CCTV,CCTV,서울특별시 광진구 능동로36길 141,37.55361,127.08652
CCTV,CCTV,서울특별시 광진구 천호대로118길 33-17,37.55296,127.08555
CCTV,CCTV,서울특별시 광진구 능동로32길 139,37.55272,127.08575
CCTV,CCTV,서울특별시 광진구 천호대로122길 33,37.55209,127.08765
CCTV,CCTV,서울특별시 광진구 능동로30길 8,37.5541,127.07856
CCTV,CCTV,서울특별시 광진구 능동로24길 23,37.55199,127.07818
CCTV,CCTV,서울특별시 광진구 능동로32길 12,37.55523,127.07916
CCTV,CCTV,서울특별시 광진구 능동로30길 38,37.55321,127.07942
CCTV,CCTV,서울특별시 광진구 능동로43길 37-16,37.56143,127.07937
CCTV,CCTV,서울특별시 광진구 천호대로125길 58,37.55706,127.08731
CCTV,CCTV,서울특별시 광진구 용마산로5길 40-22,37.55849,127.08544
CCTV,CCTV,서울특별시 광진구 능동로 386-16,37.56299,127.08316
CCTV,CCTV,서울특별시 광진구 용마산로21길 23,37.5637,127.08589
CCTV,CCTV,서울특별시 광진구 동일로74길 31,37.56674,127.07984
CCTV,CCTV,서울특별시 광진구 능동로51길 37-10,37.56609,127.08193
CCTV,CCTV,서울특별시 광진구 능동로51길 19-8,37.56597,127.08305
CCTV,CCTV,서울특별시 광진구 능동로51길 25-12,37.56569,127.08242
CCTV,CCTV,서울특별시 광진구 용마산로27길 28,37.56662,127.08543
CCTV,CCTV,서울특별시 광진구 용마산로8길 66,37.55946,127.09137
CCTV,CCTV,서울특별시 광진구 긴고랑로42길 3-28,37.55893,127.09438
CCTV,CCTV,서울특별시 광진구 용마산로36길 28-10,37.57042,127.08788
CCTV,CCTV,서울특별시 광진구 용마산로36길 22,37.57082,127.0875
CCTV,CCTV,서울특별시 광진구 긴고랑로47길 19,37.5619,127.09556
CCTV,CCTV,서울특별시 광진구 긴고랑로49길 27,37.56104,127.09502
CCTV,CCTV,서울특별시 광진구 긴고랑로42길 3-8,37.55871,127.0934
CCTV,CCTV,서울특별시 광진구 긴고랑로42길 3-15,37.55879,127.0941
CCTV,CCTV,서울특별시 광진구 동일로24길 80-5,37.54254,127.06935
CCTV,CCTV,서울특별시 광진구 광나루로30다길 30,37.54285,127.08303
CCTV,CCTV,서울특별시 광진구 천호대로136길 43,37.5478,127.09027
CCTV,CCTV,서울특별시 광진구 천호대로136길 13,37.54879,127.09141
CCTV,CCTV,서울특별시 광진구 천호대로136길 64,37.54719,127.08952
CCTV,CCTV,서울특별시 광진구 아차산로42길 16,37.53693,127.07894
CCTV,CCTV,서울특별시 광진구 용마산로5길 40,37.55752,127.08559
CCTV,CCTV,서울특별시 광진구 동일로74길 15,37.56701,127.07892
CCTV,CCTV,서울특별시 광진구 천호대로 548,37.55704,127.07914
CCTV,CCTV,서울특별시 광진구 천호대로 661,37.55215,127.0899
CCTV,CCTV,서울특별시 광진구 자양로3길 7,37.53086,127.08643
CCTV,CCTV,서울특별시 광진구 능동로 10,37.53214,127.06722
CCTV,CCTV,서울특별시 광진구 능동로 110,37.54006,127.07096
CCTV,CCTV,서울특별시 광진구 아차산로 383,37.53714,127.08541
CCTV,CCTV,서울특별시 광진구 광나루로 377-2,37.54784,127.07433
CCTV,CCTV,서울특별시 광진구 천호대로 549,37.55741,127.07946
CCTV,CCTV,서울특별시 광진구 능동로 419,37.56643,127.08435
CCTV,CCTV,서울특별시 광진구 동일로 419,37.56832,127.07829
CCTV,CCTV,서울특별시 광진구 동일로 403,37.56659,127.07726
CCTV,CCTV,서울특별시 광진구 중곡3동 485-7,37.56727,127.07705
CCTV,CCTV,서울특별시 광진구 아차산로 397,37.53745,127.08674
CCTV,CCTV,서울특별시 광진구 아차산로 236,37.54018,127.06944
CCTV,CCTV,서울특별시 광진구 광나루로 389,37.54753,127.07397
CCTV,CCTV,서울특별시 광진구 아차산로 370,37.53645,127.08385
CCTV,CCTV,서울특별시 광진구 능동로 120-1,37.53974,127.07188
CCTV,CCTV,서울특별시 광진구 능동로 90,37.53899,127.07045
CCTV,CCTV,서울특별시 광진구 자양4동 72-1,37.53192,127.06629
CCTV,CCTV,서울특별시 광진구 천호대로 556,37.55688,127.07959
CCTV,CCTV,서울특별시 광진구 강변역로 53,37.53586,127.09434
CCTV,CCTV,서울특별시 광진구 화양동 4-14,37.54098,127.07155
CCTV,CCTV,서울특별시 광진구 광나루로56길 85,37.53587,127.09525
CCTV,CCTV,서울특별시 광진구 아차산로 563,37.54378,127.10308
CCTV,CCTV,서울특별시 광진구  능동로 90,37.5392,127.07035
CCTV,CCTV,서울특별시 광진구 아차산로 361,37.53672,127.08335
CCTV,CCTV,서울특별시 광진구 자양로 117,37.53834,127.08327
CCTV,CCTV,서울특별시 광진구 광장동 401-33,37.54642,127.1014
CCTV,CCTV,서울특별시 광진구 중곡동 30-51,37.56596,127.08454
CCTV,CCTV,서울특별시 광진구 아차산로 355,37.53702,127.08216
CCTV,CCTV,서울특별시 광진구 자양로 59-2,37.53298,127.08483
CCTV,CCTV,서울특별시 광진구 뚝섬로46길 64,37.5304,127.07492
CCTV,CCTV,서울특별시 광진구 능동로 172,37.54603,127.0737
CCTV,CCTV,서울특별시 광진구 능동로 295-2,37.55631,127.0788
CCTV,CCTV,서울특별시 광진구 면목로 98,37.56243,127.07947
CCTV,CCTV,서울특별시 광진구 광장로1길 27 (광장동),37.54795,127.10103
CCTV,CCTV,서울특별시 광진구 아차산로70길 62 (광장동),37.5416,127.10094
CCTV,CCTV,서울특별시 광진구 아차산로70길 35 (광장동),37.54205,127.10177
CCTV,CCTV,"서울특별시 광진구 아차산로 503-23 (광장동, 청구아파트)",37.54345,127.09653
CCTV,CCTV,"서울특별시 광진구 아차산로 503-23 (광장동 ), 워커힐로 13 건너편",37.5433,127.09551
CCTV,CCTV,서울특별시 광진구 아차산로73길 48 (광장동),37.54683,127.10224
CCTV,CCTV,서울특별시 광진구 광장로3길 19 (광장동),37.54788,127.10277
CCTV,CCTV,서울특별시 광진구 아차산로69길 29 (광장동),37.54399,127.09728
CCTV,CCTV,서울특별시 광진구 아차산로 511 (광장동),37.54215,127.09821
CCTV,CCTV,"서울특별시 광진구 아차산로70길 61 (광장동), 아차산로70길 17-62 광남중",37.54018,127.10219
CCTV,CCTV,"서울특별시 광진구 아차산로70길 61 (광장동, 광장현대아파트)",37.54063,127.1
CCTV,CCTV,서울특별시 광진구 광나루로38길 73 (구의동),37.54174,127.08724
CCTV,CCTV,서울특별시 광진구 광나루로30다길 3 (구의동),37.5434,127.0815
CCTV,CCTV,서울특별시 광진구 자양로23가길 16 (구의동),37.54212,127.08166
CCTV,CCTV,서울특별시 광진구 자양로23길 21 (구의동),37.54171,127.08243
CCTV,CCTV,서울특별시 광진구 영화사로 105 (구의동),37.55396,127.09782
CCTV,CCTV,서울특별시 광진구 워커힐로 93 (구의동),37.55029,127.09654
CCTV,CCTV,서울특별시 광진구 천호대로130길 26 (구의동),37.55067,127.08879
CCTV,CCTV,서울특별시 광진구 자양로 247 (구의동),37.54865,127.089
CCTV,CCTV,서울특별시 광진구 영화사로 77-1 (구의동),37.55471,127.0947
CCTV,CCTV,서울특별시 광진구 영화사로 98-1 (구의동),37.55441,127.09686
CCTV,CCTV,"서울특별시 광진구 자양로50길 53 (구의동, 남광하이츠빌라)",37.55267,127.09534
CCTV,CCTV,"서울특별시 광진구 자양로50길 79 (구의동, 유진아트빌라)",37.55291,127.09677
CCTV,CCTV,서울특별시 광진구 자양로52길 21-19 (구의동),37.55354,127.09498
CCTV,CCTV,서울특별시 광진구 자양로52길 3-9 (구의동),37.5537,127.09394
CCTV,CCTV,서울특별시 광진구 자양로50길 13 (구의동),37.55215,127.09313
CCTV,CCTV,서울특별시 광진구 구의2동 613-38,37.54902,127.08716
CCTV,CCTV,서울특별시 광진구 구의강변로3길 19 (구의동),37.53604,127.09105
CCTV,CCTV,"서울특별시 광진구 구의강변로 84 (구의동, 세양아파트)",37.53708,127.0938
CCTV,CCTV,서울특별시 광진구 구의강변로 86 세양아파트 입구,37.53805,127.09368
CCTV,CCTV,서울특별시 광진구 구의3동 215-10 교통섬,37.53722,127.0934
CCTV,CCTV,서울특별시 광진구 광나루로44길 32 (구의동),37.54273,127.09124
CCTV,CCTV,서울특별시 광진구 아차산로 426 (구의동),37.53792,127.08953
CCTV,CCTV,서울특별시 광진구 강변역로2길 18 (구의동),37.5373,127.09119
CCTV,CCTV,"서울특별시 광진구 구의강변로3가길 24 (구의동, 동서울빌라)",37.53666,127.09179
CCTV,CCTV,서울특별시 광진구 구의강변로 69 구남초교 정문 앞,37.53711,127.09293
CCTV,CCTV,서울특별시 광진구 구의강변로 35 (구의동),37.53398,127.09151
CCTV,CCTV,서울특별시 광진구 광나루로56길 5 (구의동),37.53881,127.09805
CCTV,CCTV,서울특별시 광진구 영화사로 111 (구의동),37.55349,127.09944
CCTV,CCTV,서울특별시 광진구 구의로4길 15 (구의동),37.5401,127.09062
CCTV,CCTV,서울특별시 광진구 광나루로 532 (구의동),37.54483,127.08837
CCTV,CCTV,서울특별시 광진구 아차산로 435 강변SK뷰 교통섬,37.53822,127.09068
CCTV,CCTV,"서울특별시 광진구 영화사로 87-1 (구의동, 동성주택)",37.55491,127.09584
CCTV,CCTV,서울특별시 광진구 천호대로134길 2 (구의동),37.54921,127.09081
CCTV,CCTV,서울특별시 광진구 능동로 209 (군자동),37.5529,127.07235
CCTV,CCTV,서울특별시 광진구 면목로 20 (군자동),37.55585,127.07581
CCTV,CCTV,서울특별시 광진구 군자로12길 45 (군자동),37.55221,127.07252
CCTV,CCTV,서울특별시 광진구 동일로52길 27 (군자동),37.55433,127.07298
CCTV,CCTV,"서울특별시 광진구 동일로52길 10 (군자동, 파인하우스)",37.55474,127.07157
CCTV,CCTV,서울특별시 광진구 군자로 127 세종대 기숙사 코너,37.55368,127.07347
CCTV,CCTV,서울특별시 광진구 동일로 222 (군자동),37.55162,127.06948
CCTV,CCTV,서울특별시 광진구 군자로 70 화양슈퍼 코너,37.54971,127.07093
CCTV,CCTV,서울특별시 광진구 군자로 74 (군자동),37.55105,127.07162
CCTV,CCTV,서울특별시 광진구 천호대로102길 36 (군자동),37.55754,127.07347
CCTV,CCTV,서울특별시 광진구 천호대로 664 (능동),37.54943,127.08758
CCTV,CCTV,서울특별시 광진구 천호대로114길 25 (능동),37.55458,127.08241
CCTV,CCTV,서울특별시 광진구 자양로23길 7 (자양동),37.54132,127.08317
CCTV,CCTV,서울특별시 광진구 아차산로 344 (자양동),37.53709,127.08071
CCTV,CCTV,서울특별시 광진구 아차산로44길 36 (자양동),37.53645,127.07894
CCTV,CCTV,서울특별시 광진구 자양로 61,37.53325,127.08471
CCTV,CCTV,서울특별시 광진구 자양번영로 32,37.53259,127.07558
CCTV,CCTV,서울특별시 광진구 자양번영로6길 20 (자양동),37.53226,127.07681
CCTV,CCTV,"서울특별시 광진구 자양로6길 40 (자양동, 대양샤인빌)",37.53241,127.08897
CCTV,CCTV,"서울특별시 광진구 뚝섬로62길 47 (자양동, 효성맨션)",37.53084,127.0886
CCTV,CCTV,"서울특별시 광진구 자양강변길 297 (자양동, 신호빌라트)",37.5298,127.07477
CCTV,CCTV,서울특별시 광진구 자양번영로4길 42-22 (자양동),37.53011,127.07731
CCTV,CCTV,서울특별시 광진구 뚝섬로 656 성자초교앞 사거리,37.53144,127.08258
CCTV,CCTV,서울특별시 광진구 뚝섬로58길 13 노인보호센터 앞,37.53134,127.08443
CCTV,CCTV,서울특별시 광진구 자양로5길 33 (자양동,37.53112,127.08394
CCTV,CCTV,서울특별시 광진구 자양로5길 33 (자양동,37.53061,127.08386
CCTV,CCTV,서울특별시 광진구 자양로6길 8 (자양동),37.53198,127.08639
CCTV,CCTV,"서울특별시 광진구 뚝섬로62길 33-8 (자양동, 목화맨션)",37.53183,127.0884
CCTV,CCTV,서울특별시 광진구 자양로4길 63,37.53352,127.09021
CCTV,CCTV,서울특별시 광진구 뚝섬로40길 12 (자양동),37.53355,127.07302
CCTV,CCTV,서울특별시 광진구 능동로 42 (자양동),37.53453,127.0683
CCTV,CCTV,서울특별시 광진구 뚝섬로 585 (자양동),37.53355,127.07487
CCTV,CCTV,서울특별시 광진구 뚝섬로35길 16-20 (자양동),37.53531,127.07138
CCTV,CCTV,서울특별시 광진구 뚝섬로 561 (자양동),37.53451,127.07179
CCTV,CCTV,서울특별시 광진구 능동로4길 88 (자양동),37.53085,127.07147
CCTV,CCTV,서울특별시 광진구 능동로 42 신양초교 후문입구,37.53481,127.07009
CCTV,CCTV,서울특별시 광진구 동일로4길 51 (자양동),37.53596,127.06357
CCTV,CCTV,서울특별시 광진구 동일로4가길 2 (자양동),37.53625,127.06223
CCTV,CCTV,서울특별시 광진구 뚝섬로 476 (자양동),37.53666,127.06322
CCTV,CCTV,서울특별시 광진구 뚝섬로23길 44 (자양동),37.53715,127.06589
CCTV,CCTV,서울특별시 광진구 능동로5길 17 (자양동),37.53681,127.06675
CCTV,CCTV,서울특별시 광진구 뚝섬로64길 71 (자양동),37.53025,127.08919
CCTV,CCTV,서울특별시 광진구 뚝섬로46길 74 (자양동),37.52937,127.07592
CCTV,CCTV,서울특별시 광진구 아차산로 326 (자양동),37.53748,127.0792
CCTV,CCTV,서울특별시 광진구 자양로 43 (자양동),37.53191,127.08563
CCTV,CCTV,서울특별시 광진구 긴고랑로13길 10 (중곡동),37.56313,127.08198
CCTV,CCTV,서울특별시 광진구 긴고랑로 51 (중곡동),37.5626,127.08206
CCTV,CCTV,서울특별시 광진구 능동로49길 9 (중곡동),37.56445,127.08273
CCTV,CCTV,서울특별시 광진구 동일로72길 34 (중곡동),37.56564,127.07955
CCTV,CCTV,서울특별시 광진구 긴고랑로22길 29,37.55984,127.08381
CCTV,CCTV,서울특별시 광진구 천호대로113길 50-4 (중곡동),37.55926,127.08417
CCTV,CCTV,서울특별시 광진구 용마산로 111 (중곡동),37.56347,127.0868
CCTV,CCTV,서울특별시 광진구 용마산로5길 27 (중곡동),37.55759,127.08654
CCTV,CCTV,서울특별시 광진구 용마산로 47 (중곡동),37.55783,127.08777
CCTV,CCTV,서울특별시 광진구 용마산로1길 65 (중곡동),37.55595,127.08486
CCTV,CCTV,서울특별시 광진구 용마산로3길 57 (중곡동),37.55645,127.08508
CCTV,CCTV,서울특별시 광진구 용마산로3길 57 (중곡동),37.55867,127.08383
CCTV,CCTV,서울특별시 광진구 용마산로3길 57 (중곡동),37.55777,127.08332
CCTV,CCTV,서울특별시 광진구 천호대로111길 41 (중곡동),37.5581,127.08281
CCTV,CCTV,서울특별시 광진구 동일로80길 13 (중곡동),37.5704,127.08059
CCTV,CCTV,"서울특별시 광진구 능동로53길 13 (중곡동, 정인주택)",37.56658,127.08385
CCTV,CCTV,서울특별시 광진구 동일로80길 24 (중곡동),37.5702,127.08117
CCTV,CCTV,서울특별시 광진구 동일로72길 23-5 (중곡동),37.56604,127.07916
CCTV,CCTV,"서울특별시 광진구 동일로72길 17 (중곡동, 중곡아파트)",37.56606,127.07838
CCTV,CCTV,"서울특별시 광진구 긴고랑로7길 60 (중곡동, 주원그린빌)",37.56604,127.0805
CCTV,CCTV,서울특별시 광진구 동일로 399 (중곡동),37.56635,127.07749
CCTV,CCTV,서울특별시 광진구 답십리로78길 11 (중곡동),37.57107,127.08138
CCTV,CCTV,서울특별시 광진구 동일로 462 (중곡동),37.57162,127.08024
CCTV,CCTV,서울특별시 광진구 동일로 452-1 (중곡동),37.57057,127.07999
CCTV,CCTV,서울특별시 광진구 용마산로 191 (중곡동),37.57086,127.08603
CCTV,CCTV,서울특별시 광진구 긴고랑로 136 (중곡동),37.55909,127.09011
CCTV,CCTV,서울특별시 광진구 용마산로8가길 80 (중곡동),37.56227,127.0885
CCTV,CCTV,서울특별시 광진구 용마산로28길 62 (중곡동),37.5671,127.08966
CCTV,CCTV,서울특별시 광진구 용마산로22길 76 (중곡동),37.56539,127.08844
CCTV,CCTV,서울특별시 광진구 용마산로 128 (중곡동) 원방빌딩,37.56523,127.087
CCTV,CCTV,서울특별시 광진구 용마산로22길 24 (중곡동),37.56372,127.08848
CCTV,CCTV,서울특별시 광진구 용마산로30길 17 (중곡동),37.56876,127.08682
CCTV,CCTV,서울특별시 광진구 긴고랑로 152 (중곡동),37.55865,127.09167
CCTV,CCTV,서울특별시 광진구 용마산로6길 13 (중곡동),37.55744,127.08874
CCTV,CCTV,서울특별시 광진구 동일로80길 34 (중곡동),37.57008,127.08177
CCTV,CCTV,서울특별시 광진구 용마산로28길 43 (중곡동),37.56741,127.0886
CCTV,CCTV,서울특별시 광진구 아차산로21길 47 (화양동),37.54403,127.0659
CCTV,CCTV,서울특별시 광진구 군자로 18 (화양동),37.54501,127.07124
CCTV,CCTV,서울특별시 광진구 광나루로30길 49 (화양동),37.54311,127.08135
CCTV,CCTV,서울특별시 광진구 능동로13길 15 (화양동),37.54284,127.07099
CCTV,CCTV,서울특별시 광진구 군자로 27 (화양동),37.54567,127.07065
CCTV,CCTV,서울특별시 광진구 광나루로 448 (화양동),37.54539,127.07905
CCTV,CCTV,서울특별시 광진구 능동로 145 (화양동),37.54362,127.07222
CCTV,CCTV,서울특별시 광진구 아차산로21길 15 (화양동),37.54356,127.06563
CCTV,CCTV,서울특별시 광진구 아차산로 191 (화양동),37.54248,127.06512
CCTV,CCTV,서울특별시 광진구 자양로40길 53 (구의동),37.54685,127.09174
CCTV,CCTV,서울특별시 광진구 뚝섬로 52길,37.53181,127.08409
CCTV,CCTV,서울특별시 광진구 아차산로58길 47 (구의동),37.53569,127.08928
CCTV,CCTV,서울특별시 광진구 뚝섬로 741 (구의동),37.53442,127.09112
CCTV,CCTV,서울특별시 광진구 아차산로 44가길 5,37.53629,127.0797
CCTV,CCTV,서울특별시 광진구 자양로 219,37.54691,127.08703
CCTV,CCTV,서울특별시 광진구 자양로23길 79,37.54379,127.08379
CCTV,CCTV,서울특별시 광진구 자양로23길 79,37.53037,127.0905
CCTV,CCTV,서울특별시 광진구 자양로43길 115,37.55547,127.08903
CCTV,CCTV,서울특별시 광진구 자양로41길 20,37.54998,127.08957
CCTV,CCTV,서울특별시 광진구 광나루로15길 23,37.54908,127.06954
CCTV,CCTV,서울특별시 광진구 군자로 142,37.55421,127.07517
CCTV,CCTV,서울특별시 광진구 구의강변로 96,37.5391,127.09406
CCTV,CCTV,서울특별시 광진구 아차산로73길 7-4 (광장동),37.54582,127.10427
CCTV,CCTV,서울특별시 광진구 광장로1길 23 (광장동),37.54795,127.10205
CCTV,CCTV,서울특별시 광진구 자양로32길 14 (구의동),37.54433,127.0859
CCTV,CCTV,"서울특별시 광진구 자양로26길 59 (구의동, 한일익스프레스)",37.54101,127.08723
CCTV,CCTV,서울특별시 광진구 아차산로51길 86-12 (구의동),37.54124,127.08565
CCTV,CCTV,"서울특별시 광진구 광나루로38길 74 (구의동, 삼영)",37.5416,127.08715
CCTV,CCTV,서울특별시 광진구 아차산로49길 89 (구의동),37.54092,127.08447
CCTV,CCTV,"서울특별시 광진구 아차산로55길 23 (구의동, 신일아트빌라)",37.53835,127.08643
CCTV,CCTV,서울특별시 광진구 자양로44다길 28 (구의동),37.55089,127.09595
CCTV,CCTV,서울특별시 광진구 광나루로52길 94 (구의동),37.53928,127.09104
CCTV,CCTV,서울특별시 광진구 강변역로 17 (구의동),37.5381,127.09204
CCTV,CCTV,서울특별시 광진구 동일로58길 20 (군자동),37.55718,127.07382
CCTV,CCTV,서울특별시 광진구 군자로 129-5 (군자동),37.55389,127.07373
CCTV,CCTV,서울특별시 광진구 천호대로102길 55 (군자동),37.55679,127.07303
CCTV,CCTV,서울특별시 광진구 긴고랑로13길 33 (중곡동),37.56406,127.0824
CCTV,CCTV,서울특별시 광진구 긴고랑로30길 16 (중곡동),37.55902,127.08688
CCTV,CCTV,서울특별시 광진구 아차산로63길 31,37.54087,127.09226
CCTV,CCTV,서울특별시 광진구 자양번영로8길 7 (자양동),37.53443,127.07644
CCTV,CCTV,서울특별시 광진구 뚝섬로57가길 38 (자양동),37.53201,127.08161
CCTV,CCTV,서울특별시 광진구 아차산로40길 49 (자양동),37.53554,127.07791
CCTV,CCTV,서울특별시 광진구 뚝섬로64길 45 (자양동),37.53239,127.08891
CCTV,CCTV,서울특별시 광진구 뚝섬로58길 90 (자양동),37.52903,127.08357
CCTV,CCTV,서울특별시 광진구 뚝섬로52라길 61-12 (자양동),37.52968,127.08182
CCTV,CCTV,서울특별시 광진구 뚝섬로58길 13 (자양동),37.53126,127.08429
CCTV,CCTV,서울특별시 광진구 용마산로30길 37 (중곡동),37.56877,127.08814
CCTV,CCTV,서울특별시 광진구 뚝섬로40길 14 (자양동),37.53339,127.07284
CCTV,CCTV,"서울특별시 광진구 뚝섬로35길 18 (자양동, 무지개빌라)",37.53558,127.07051
CCTV,CCTV,서울특별시 광진구 뚝섬로36가길 26 (자양동),37.53163,127.07187
CCTV,CCTV,서울특별시 광진구 뚝섬로27길 39 (자양동),37.53776,127.06596
CCTV,CCTV,서울특별시 광진구 아차산로32길 21 (자양동),37.53901,127.06816
CCTV,CCTV,서울특별시 광진구 동일로2길 2-8 (자양동),37.53488,127.06062
CCTV,CCTV,서울특별시 광진구 군자로13길 6 (군자동),37.55286,127.07163
CCTV,CCTV,서울특별시 광진구 뚝섬로30가길 18 (자양동),37.53514,127.06536
CCTV,CCTV,서울특별시 광진구 동일로4길 68-8 (자양동),37.53532,127.0647
CCTV,CCTV,서울특별시 광진구 능동로7길 14 (자양동),37.53699,127.06819
CCTV,CCTV,서울특별시 광진구 뚝섬로23길 48  (자양동),37.53727,127.06602
CCTV,CCTV,서울특별시 광진구 뚝섬로23길 8 (자양동),37.53743,127.06544
CCTV,CCTV,서울특별시 광진구 긴고랑로4길 5 (중곡동),37.56357,127.0776
CCTV,CCTV,서울특별시 광진구 용마산로28길 30 (중곡동),37.56764,127.08797
CCTV,CCTV,서울특별시 광진구 천호대로101길 11 (중곡동),37.55983,127.07462
CCTV,CCTV,"서울특별시 광진구 동일로66길 36 (중곡동, 건일)",37.56121,127.0771
CCTV,CCTV,서울특별시 광진구 면목로 63-2,37.5596,127.07778
CCTV,CCTV,서울특별시 광진구 용마산로 47 (중곡동),37.55774,127.08731
CCTV,CCTV,서울특별시 광진구 용마산로1길 69 (중곡동),37.55595,127.08476
CCTV,CCTV,서울특별시 광진구 긴고랑로2길 25 (중곡동 마을마당),37.56267,127.07681
CCTV,CCTV,서울특별시 광진구 용마산로1길 89 (중곡동),37.55632,127.0839
CCTV,CCTV,서울특별시 광진구 광진구천호대로120길16,37.55348,127.08655
CCTV,CCTV,서울특별시 광진구 능동로57길 30-5 (중곡동),37.56831,127.08396
CCTV,CCTV,서울특별시 광진구 동일로80길 12 (중곡동),37.57029,127.08056
CCTV,CCTV,서울특별시 광진구 동일로38길 17-5 (군자동),37.55152,127.07046
CCTV,CCTV,서울특별시 광진구 용마산로25길 22 (중곡동),37.56607,127.08569
CCTV,CCTV,서울특별시 광진구 면목로12길 37 (중곡동),37.56785,127.08383
CCTV,CCTV,서울특별시 광진구 광나루로40길 84 (구의동),37.54107,127.08867
CCTV,CCTV,서울특별시 광진구 천호대로127길 16 (중곡동),37.5536,127.08978
CCTV,CCTV,서울특별시 광진구 용마산로32길 33 (중곡동),37.56942,127.08813
CCTV,CCTV,서울특별시 광진구 자양로45길 103 (중곡동),37.55552,127.08984
CCTV,CCTV,서울특별시 광진구 자양로50길 48 (구의동),37.55256,127.09511
CCTV,CCTV,서울특별시 광진구 군자로 15 (화양동),37.54473,127.07138
CCTV,CCTV,서울특별시 광진구 능동로17길 53 (화양동),37.5469,127.07062
CCTV,CCTV,서울특별시 광진구 광진구아차산로21길 64-43 (화양동),37.54437,127.06714
CCTV,CCTV,서울특별시 광진구 아차산로23길 31 (화양동),37.54336,127.06655
CCTV,CCTV,서울특별시 광진구 광나루로20가길 14 (화양동),37.54521,127.07499
CCTV,CCTV,서울특별시 광진구 광나루로44길 44 (구의동),37.54238,127.09118
CCTV,CCTV,"서울특별시 광진구 아차산성, 구의지구쪽",37.55428,127.1034
CCTV,CCTV,"서울특별시 광진구 아차산 능선, 긴골지구쪽",37.56313,127.10078
CCTV,CCTV,"서울특별시 광진구 뻥튀기골, 길목",37.56823,127.0892
CCTV,CCTV,"서울특별시 광진구 아차산 능선, 긴골지구쪽",37.56849,127.10314
CCTV,CCTV,서울특별시 광진구 긴고랑계곡,37.56383,127.09632
CCTV,CCTV,서울특별시 광진구 아차산 해맞이공원 서쪽,37.55992,127.09899
CCTV,CCTV,서울특별시 광진구 아차산 해맞이공원 남동쪽,37.55823,127.10268
CCTV,CCTV,서울특별시 광진구 용마산로 127,37.56479,127.08457
CCTV,CCTV,서울특별시 광진구 능동로 90,37.53824,127.07089
CCTV,CCTV,서울특별시 광진구 광나루로56길 85,37.53584,127.09572
CCTV,CCTV,서울특별시 광진구 아차산로 612,37.54763,127.10684
CCTV,CCTV,서울특별시 광진구 아차산로 553 (광장동),37.54352,127.10243
CCTV,CCTV,서울특별시 광진구 천호대로 665-2,37.55185,127.08944
CCTV,CCTV,서울특별시 광진구 광나루로 529 (구의동),37.54512,127.08798
CCTV,CCTV,서울특별시 광진구 자양로 216 (구의동),37.54593,127.08628
CCTV,CCTV,서울특별시 광진구 강변역로 50 (구의동),37.53271,127.09312
CCTV,CCTV,서울특별시 광진구 강변역로4길 10 (구의동),37.53504,127.09313
CCTV,CCTV,서울특별시 광진구 광나루로56길 86 (구의동),37.53776,127.09638
CCTV,CCTV,서울특별시 광진구 강변역로 53 (구의동),37.53565,127.09455
CCTV,CCTV,서울특별시 광진구 강변역로 53 (구의동),37.53553,127.09431
CCTV,CCTV,서울특별시 광진구 강변역로4길 56 (구의동),37.53381,127.09229
CCTV,CCTV,서울특별시 광진구 구의동 611 (구의),37.53792,127.09699
CCTV,CCTV,서울특별시 광진구 구의강변로 45 (구의동),37.53472,127.09164
CCTV,CCTV,서울특별시 광진구 군자로 88 (군자동),37.55116,127.07119
CCTV,CCTV,서울특별시 광진구 능동로 295 (군자동),37.55592,127.07854
CCTV,CCTV,서울특별시 광진구 천호대로 512 (군자동),37.55856,127.07546
CCTV,CCTV,서울특별시 광진구 능동로 216 (능동),37.5491,127.07545
CCTV,CCTV,서울특별시 광진구 천호대로 616 (능동),37.55457,127.08569
CCTV,CCTV,서울특별시 광진구 능동로 248 (능동),37.5524,127.07715
CCTV,CCTV,서울특별시 광진구 능동로 209(군자동),37.55065,127.076
CCTV,CCTV,서울특별시 광진구 뚝섬로 626 (자양동),37.53215,127.07903
CCTV,CCTV,서울특별시 광진구 아차산로 218 (자양동),37.54091,127.06739
CCTV,CCTV,서울특별시 광진구 뚝섬로 472 (자양동),37.5366,127.06336
CCTV,CCTV,서울특별시 광진구 능동로 385 (중곡동),37.56359,127.08285
CCTV,CCTV,서울특별시 광진구 긴고랑로 18 (중곡동),37.56363,127.07825
CCTV,CCTV,서울특별시 광진구 동일로 341 (중곡동),37.5615,127.07475
CCTV,CCTV,서울특별시 광진구 능동로 324-1 (중곡동),37.55859,127.08044
CCTV,CCTV,서울특별시 광진구 용마산로 44 (중곡동),37.5577,127.08805
CCTV,CCTV,서울특별시 광진구 천호대로 655 (중곡동),37.55252,127.08969
CCTV,CCTV,서울특별시 광진구 아차산로 219,37.54111,127.06778
CCTV,CCTV,서울특별시 광진구 능동로 110 (화양동),37.54096,127.07128
CCTV,CCTV,서울특별시 광진구 능동로 125 (화양동),37.54204,127.07143
CCTV,CCTV,서울특별시 광진구 능동로 109 (화양동),37.54086,127.07091
CCTV,CCTV,서울특별시 광진구 면목로 127,37.56502,127.08069
CCTV,CCTV,서울특별시 광진구 뚝섬로 666,37.53163,127.0835
CCTV,CCTV,서울특별시 광진구 자양로 45 (자양동),37.53205,127.08547
CCTV,CCTV,서울특별시 광진구 능동로 433 (중곡동),37.56755,127.08499
CCTV,CCTV,서울특별시 광진구 아차산로 537-17 (광장동),37.54226,127.09959
CCTV,CCTV,서울특별시 광진구 자양로 185,37.54417,127.08478
CCTV,CCTV,서울특별시 광진구 자양로 116,37.53794,127.08352
CCTV,CCTV,서울특별시 광진구 영화사로 97,37.55464,127.0967
CCTV,CCTV,서울특별시 광진구 능동로4길 17,37.53338,127.06855
CCTV,CCTV,서울특별시 광진구 광나루로 375-1,37.54803,127.0718
CCTV,CCTV,서울특별시 광진구 자양로 81,37.53525,127.08387
CCTV,CCTV,서울특별시 광진구 용마산로 134,37.56503,127.08656
CCTV,CCTV,서울특별시 광진구 뚝섬로31길51,37.53761,127.06853
CCTV,CCTV,서울특별시 광진구 능동로69,37.53716,127.06922
CCTV,CCTV,서울특별시 광진구 광나루로30길,37.54374,127.08169
CCTV,CCTV,서울특별시 광진구 능동로 81,37.53792,127.06952
CCTV,CCTV,서울특별시 광진구 광나루로619,37.54106,127.09613
CCTV,CCTV,서울특별시 광진구 면목로178,37.56889,127.08302
CCTV,CCTV,서울특별시 광진구 아차산로 343,37.53731,127.08117
CCTV,CCTV,서울특별시 광진구 자양로 40길 41,37.54777,127.09033
CCTV,CCTV,서울특별시 광진구 천호대로 113길 7,37.55762,127.0833
CCTV,CCTV,서울특별시 광진구 뚝섬로 558,37.53427,127.07162
CCTV,CCTV,서울특별시 광진구 능동로 87,37.53916,127.06937
CCTV,CCTV,서울특별시 광진구 영화사로 111,37.55284,127.09923
CCTV,CCTV,서울특별시 광진구 능동로 368,37.56222,127.08211
CCTV,CCTV,서울특별시 광진구 뚝섬로 467,37.53907,127.06237
CCTV,CCTV,서울특별시 광진구 구의강변로 69 구남초교 정문 앞,37.53666,127.0927
CCTV,CCTV,서울특별시 광진구 광장로1길 19,37.54783,127.10197
CCTV,CCTV,서울특별시 광진구 천호대로 541,37.55772,127.07862
CCTV,CCTV,서울특별시 광진구 자양2동 680-63,37.53497,127.08764
CCTV,CCTV,서울특별시 광진구 자양2동 680-63,37.53604,127.08927
CCTV,CCTV,서울특별시 광진구 자양2동 680-63,37.53402,127.08998
CCTV,CCTV,서울특별시 광진구 자양4동 41-9,37.5378,127.06193
CCTV,CCTV,서울특별시 광진구 구의강변로 11,37.5326,127.09163
CCTV,CCTV,서울특별시 광진구 뚝섬로46길 64 (자양동),37.5303,127.07621
CCTV,CCTV,서울특별시 광진구 천호대로140길 40 (광장동),37.54428,127.10024
CCTV,CCTV,서울특별시 광진구 뚝섬로 41길 33,37.53493,127.07531
CCTV,CCTV,서울특별시 광진구 긴고랑로13길 69 (중곡동),37.56547,127.08318
CCTV,CCTV,서울특별시 광진구 긴고랑로9길 40 (중곡동),37.56531,127.08172
CCTV,CCTV,서울특별시 광진구 자양로38길 55 (구의동),37.54674,127.09055
CCTV,CCTV,서울특별시 광진구 아차산로70길 17-21,37.54106,127.1033
CCTV,CCTV,서울특별시 광진구 광나루로40길 80-4 (구의동),37.54129,127.08875
CCTV,CCTV,서울특별시 광진구 광나루로30나길 17 (구의동),37.54358,127.08268
CCTV,CCTV,서울특별시 광진구 구의로16길 68 (구의동),37.54235,127.09358
CCTV,CCTV,서울특별시 광진구 능동로32길 67 (능동),37.55414,127.08212
CCTV,CCTV,서울특별시 광진구 자양로9길 32 (자양동),37.5336,127.08278
CCTV,CCTV,서울특별시 광진구 자양번영로6길 67 (자양동),37.53159,127.07932
CCTV,CCTV,서울특별시 광진구 능동로4길 51 (자양동),37.53218,127.0701
CCTV,CCTV,서울특별시 광진구 긴고랑로4길 30 (중곡동) 도로명 주소 X,37.5625,127.07705
CCTV,CCTV,서울특별시 광진구 면목로 53 (중곡동),37.55889,127.0773
CCTV,CCTV,서울특별시 광진구 천호대로109길 13 (중곡동),37.5575,127.08104
CCTV,CCTV,서울특별시 광진구 능동로51길 37-1 (중곡동),37.56647,127.08204
CCTV,CCTV,서울특별시 광진구 광나루로 18길 21 (화양동),37.54675,127.07203
CCTV,CCTV,서울특별시 광진구 아차산로 384-1,37.5377,127.0879
CCTV,CCTV,서울특별시 광진구 자양로39길 19 (구의동),37.54917,127.08833
CCTV,CCTV,서울특별시 광진구 광나루로56길 34 (구의동),37.53921,127.09525
CCTV,CCTV,서울특별시 광진구 능동로 32길 145,37.5525,127.086
CCTV,CCTV,서울특별시 광진구 뚝섬로52길 74 (자양동),37.52986,127.07848
CCTV,CCTV,서울특별시 광진구 뚝섬로56길 7 (자양동),37.53089,127.08265
CCTV,CCTV,서울특별시 광진구 능동로 42 (자양동),37.53522,127.06863
CCTV,CCTV,서울특별시 광진구 용마산로3길 104 (중곡동),37.5575,127.08256
CCTV,CCTV,서울특별시 광진구 천호대로113길 10,37.55807,127.08509
CCTV,CCTV,서울특별시 광진구 동일로72길 43 (중곡동),37.56544,127.08013
CCTV,CCTV,"서울특별시 광진구 용마산로22길 19-34 (중곡동, 삼보드림빌)",37.56533,127.08794
CCTV,CCTV,서울특별시 광진구 뚝섬로 561,37.5361,127.07356
CCTV,CCTV,"서울특별시 광진구 자양로42길 53 (구의동, 광진로얄빌라)",37.5482,127.09302
CCTV,CCTV,서울특별시 광진구 능동로6길 16 학교 정문 앞,37.53434,127.06896
CCTV,CCTV,서울특별시 광진구 자양번영로 12 (자양동),37.53057,127.07501
CCTV,CCTV,서울특별시 광진구 군자로 70 두산위브 앞,37.54883,127.07078
CCTV,CCTV,서울특별시 광진구 아차산로76길 19 (광장동),37.54747,127.10795
CCTV,CCTV,서울특별시 광진구 아차산로69길,37.54275,127.09831
CCTV,CCTV,서울특별시 광진구 아차산로 200 (자양동),37.54094,127.06606
CCTV,CCTV,서울특별시 광진구 뚝섬로 716 (자양동),37.53367,127.08823
CCTV,CCTV,서울특별시 광진구 구의강변로 11,37.53241,127.0902
CCTV,CCTV,서울특별시 광진구 자양로40길 41 (구의동),37.54751,127.09079
CCTV,CCTV,서울특별시 광진구 구의로 7,37.53876,127.08923
비상벨,비상벨,서울특별시 광진구 광장로3길 22 (광장동),37.5485,127.103
비상벨,비상벨,서울특별시 광진구 아차산로 540 (광장동),37.54244,127.10147
비상벨,비상벨,서울특별시 광진구 아차산로78길 53 (광장동),37.55144,127.10983
비상벨,비상벨,서울특별시 광진구 아차산로 636 (광장동),37.54891,127.10899
비상벨,비상벨,서울특별시 광진구 천호대로 809 (광장동),37.54587,127.10359
비상벨,비상벨,서울특별시 광진구 천호대로 143길 23,37.54656,127.10345
비상벨,비상벨,서울특별시 광진구 아차산로78길 176 (광장동),37.54802,127.10806
비상벨,비상벨,서울특별시 광진구 광장로1다길 60 (광장동),37.55079,127.10133
비상벨,비상벨,서울특별시 광진구 광장로1나길 16 (광장동),37.54876,127.10183
비상벨,비상벨,서울특별시 광진구 광장로 1 (광장동),37.54543,127.09779
비상벨,비상벨,서울특별시 광진구 아차산로70길 62,37.54127,127.09891
비상벨,비상벨,서울특별시 광진구 구의로 13-6 (구의동),37.53938,127.08895
비상벨,비상벨,서울특별시 광진구 아차산로57길 14 (구의동),37.53914,127.08831
비상벨,비상벨,서울특별시 광진구 자양로26길 91-14 (구의동),37.54099,127.089
비상벨,비상벨,서울특별시 광진구 광나루로40길 17 (구의동),37.54403,127.08944
비상벨,비상벨,서울특별시 광진구 자양로30길 79 (구의동),37.54298,127.08942
비상벨,비상벨,서울특별시 광진구 구의로 65 (구의동),37.54398,127.09043
비상벨,비상벨,서울특별시 광진구 자양로30길 87-10 (구의동),37.54348,127.08962
비상벨,비상벨,서울특별시 광진구 광나루로38길 27 (구의동),37.54371,127.08807
비상벨,비상벨,서울특별시 광진구 구의로11길 28 (구의동),37.54369,127.08876
비상벨,비상벨,서울특별시 광진구 자양로30길 43 (구의동),37.5434,127.08723
비상벨,비상벨,서울특별시 광진구 자양로32길 31 (구의동),37.54432,127.0866
비상벨,비상벨,서울특별시 광진구 자양로30길 14,37.54363,127.08565
비상벨,비상벨,서울특별시 광진구 자양로28길 73 (구의동),37.54173,127.08823
비상벨,비상벨,서울특별시 광진구 자양로26길 95,37.54019,127.08915
비상벨,비상벨,서울특별시 광진구 구의로1길 12 (구의동),37.53916,127.08758
비상벨,비상벨,서울특별시 광진구 구의로1길 26 (구의동),37.53907,127.0868
비상벨,비상벨,서울특별시 광진구 아차산로53길 77 (구의동),37.54073,127.08608
비상벨,비상벨,서울특별시 광진구 자양로26길 45-7,37.54162,127.08668
비상벨,비상벨,서울특별시 광진구 광나루로36길 68 (구의동),37.54217,127.08583
비상벨,비상벨,서울특별시 광진구 자양로26길 14 (구의동),37.54181,127.08488
비상벨,비상벨,서울특별시 광진구 아차산로49길 70 (구의동),37.54003,127.08419
비상벨,비상벨,서울특별시 광진구 아차산로51길 23 (구의동),37.53822,127.08502
비상벨,비상벨,서울특별시 광진구 아차산로49길 32 (구의동),37.53848,127.08438
비상벨,비상벨,서울특별시 광진구 아차산로49길 50 (구의동),37.53916,127.08429
비상벨,비상벨,서울특별시 광진구 자양로23길 86 (구의동),37.54425,127.084
비상벨,비상벨,서울특별시 광진구 아차산로55길 23 (구의동),37.53854,127.0865
비상벨,비상벨,서울특별시 광진구 아차산로53길 53 (구의동),37.53972,127.08565
비상벨,비상벨,서울특별시 광진구 아차산로53길 29 (구의동),37.53854,127.0858
비상벨,비상벨,서울특별시 광진구 아차산로53길 38-12 (구의동),37.53915,127.08609
비상벨,비상벨,서울특별시 광진구 광나루로30가길 9 (구의동),37.54423,127.08247
비상벨,비상벨,서울특별시 광진구 자양로44길 141-7 (구의동),37.55164,127.09554
비상벨,비상벨,서울특별시 광진구 자양로44길 69 (구의동),37.54979,127.09498
비상벨,비상벨,서울특별시 광진구 자양로45길 13 (구의동),37.55178,127.09139
비상벨,비상벨,서울특별시 광진구 광나루로 517-10 (구의동),37.54564,127.08721
비상벨,비상벨,서울특별시 광진구 자양로37가길 10 (구의동),37.54771,127.08726
비상벨,비상벨,서울특별시 광진구 자양로51길 11 (구의동),37.55364,127.09286
비상벨,비상벨,서울특별시 광진구 영화사로16가길 21 (구의동),37.55362,127.09558
비상벨,비상벨,서울특별시 광진구 자양로53길 10 (구의동),37.55417,127.09335
비상벨,비상벨,서울특별시 광진구 자양로54길 11 (구의동),37.55387,127.09458
비상벨,비상벨,서울특별시 광진구 자양로51길 10-9 (구의동),37.55386,127.09343
비상벨,비상벨,서울특별시 광진구 영화사로16길 19 (구의동),37.55454,127.09594
비상벨,비상벨,서울특별시 광진구 영화사로16나길 21 (구의동),37.55324,127.09606
비상벨,비상벨,서울특별시 광진구 자양로52길 11 (구의동),37.55306,127.09405
비상벨,비상벨,서울특별시 광진구 자양로44길 125 (구의동),37.55131,127.09655
비상벨,비상벨,서울특별시 광진구 자양로44나길 26-14 (구의동),37.55089,127.09595
비상벨,비상벨,서울특별시 광진구 자양로44나길 39 (구의동),37.55157,127.09456
비상벨,비상벨,서울특별시 광진구 천호대로137길 38 (구의동),37.55076,127.09368
비상벨,비상벨,서울특별시 광진구 자양로49길 15-2 (구의동),37.55289,127.09189
비상벨,비상벨,서울특별시 광진구 자양로43길 8 (구의동),37.55123,127.09106
비상벨,비상벨,서울특별시 광진구 영화사로11길 22 (구의동),37.55551,127.09424
비상벨,비상벨,서울특별시 광진구 영화사로15길 25,37.55511,127.09508
비상벨,비상벨,서울특별시 광진구 천호대로135길 16 (구의동),37.55012,127.09224
비상벨,비상벨,서울특별시 광진구 천호대로137길 10 (구의동),37.54978,127.09315
비상벨,비상벨,서울특별시 광진구 자양로42길 42-24 (구의동),37.54794,127.09165
비상벨,비상벨,서울특별시 광진구 자양로35길 35,37.54811,127.08595
비상벨,비상벨,서울특별시 광진구 자양로37길 21 (구의동),37.54836,127.08697
비상벨,비상벨,서울특별시 광진구 자양로33길 44 (구의동),37.54784,127.08634
비상벨,비상벨,서울특별시 광진구 천호대로134길 55 (구의동),37.54723,127.08858
비상벨,비상벨,서울특별시 광진구 자양로36길 17-12 (구의동),37.54649,127.08829
비상벨,비상벨,서울특별시 광진구 자양로36길 11 (구의동),37.54627,127.08754
비상벨,비상벨,서울특별시 광진구 천호대로132길 27-7 (구의동),37.54939,127.08908
비상벨,비상벨,서울특별시 광진구 광나루로44길 9 (구의동),37.54383,127.09155
비상벨,비상벨,서울특별시 광진구 구의로16길 36 (구의동),37.54344,127.0926
비상벨,비상벨,서울특별시 광진구 광나루로52길 12 (구의동),37.54127,127.09471
비상벨,비상벨,서울특별시 광진구 아차산로65길 14 (구의동),37.54097,127.09414
비상벨,비상벨,서울특별시 광진구 구의로4길 51 (구의동),37.54071,127.09224
비상벨,비상벨,서울특별시 광진구 구의로6길 21 (구의동),37.5415,127.09104
비상벨,비상벨,서울특별시 광진구 아차산로63길 37 (구의동),37.54131,127.09216
비상벨,비상벨,서울특별시 광진구 구의로4길 40 (구의동),37.54045,127.09164
비상벨,비상벨,서울특별시 광진구 구의로4길 60 (구의동),37.54109,127.09275
비상벨,비상벨,서울특별시 광진구 광나루로52길 43 (구의동),37.54043,127.09325
비상벨,비상벨,서울특별시 광진구 아차산로60길 13-13 (구의동),37.5383,127.09237
비상벨,비상벨,서울특별시 광진구 광나루로52길 83 (구의동),37.53933,127.0915
비상벨,비상벨,서울특별시 광진구 아차산로59길 21-13 (구의동),37.53973,127.09007
비상벨,비상벨,서울특별시 광진구 구의로4길 7-16 (구의동),37.54083,127.09014
비상벨,비상벨,서울특별시 광진구 구의로 56 (구의동),37.54292,127.09031
비상벨,비상벨,서울특별시 광진구 아차산로59길 13 (구의동),37.53948,127.0907
비상벨,비상벨,서울특별시 광진구 뚝섬로67길 23 (구의동),37.53546,127.09062
비상벨,비상벨,서울특별시 광진구 천호대로104나길 8 (군자동),37.55718,127.07503
비상벨,비상벨,서울특별시 광진구 면목로 27 (군자동),37.55671,127.07609
비상벨,비상벨,서울특별시 광진구 면목로6길 18 (군자동),37.55611,127.07658
비상벨,비상벨,서울특별시 광진구 능동로27길 33 (군자동),37.55472,127.07657
비상벨,비상벨,서울특별시 광진구 능동로27나길 17 (군자동),37.55418,127.07581
비상벨,비상벨,서울특별시 광진구 능동로25길 22 (군자동),37.55299,127.07587
비상벨,비상벨,서울특별시 광진구 동일로52길 15-14 (군자동),37.55536,127.07253
비상벨,비상벨,서울특별시 광진구 동일로48길 14-10 (군자동),37.55391,127.07102
비상벨,비상벨,서울특별시 광진구 군자로15길 10-6 (군자동),37.55406,127.07362
비상벨,비상벨,서울특별시 광진구 능동로29가길 24 (군자동),37.55572,127.07791
비상벨,비상벨,서울특별시 광진구 능동로27길 9 (군자동),37.55384,127.07682
비상벨,비상벨,서울특별시 광진구 능동로27길 9 (군자동),37.55243,127.07496
비상벨,비상벨,서울특별시 광진구 능동로27길 9 (군자동),37.55046,127.07053
비상벨,비상벨,서울특별시 광진구 광나루로17길 14 (군자동),37.54838,127.07269
비상벨,비상벨,서울특별시 광진구 동일로60길 25 (군자동),37.55829,127.07474
비상벨,비상벨,서울특별시 광진구 군자로17길 34 (군자동),37.55676,127.07722
비상벨,비상벨,서울특별시 광진구 면목로5길 30-6 (군자동),37.55685,127.07461
비상벨,비상벨,서울특별시 광진구 천호대로116길 88 (능동),37.55231,127.08184
비상벨,비상벨,서울특별시 광진구 능동로24길 76 (능동),37.55322,127.08056
비상벨,비상벨,서울특별시 광진구 천호대로110길 34 (능동),37.55581,127.07947
비상벨,비상벨,서울특별시 광진구 능동로36길 12 (능동),37.55623,127.0798
비상벨,비상벨,서울특별시 광진구 천호대로112길 10 (능동),37.55572,127.08112
비상벨,비상벨,서울특별시 광진구 천호대로112길 25 (능동),37.55509,127.08119
비상벨,비상벨,서울특별시 광진구 천호대로116길 26 (능동),37.55412,127.08363
비상벨,비상벨,서울특별시 광진구 능동로32길 82-34 (능동),37.55304,127.08239
비상벨,비상벨,서울특별시 광진구 천호대로116길 57 (능동),37.55259,127.08284
비상벨,비상벨,서울특별시 광진구 천호대로118길 36 (능동),37.55318,127.08466
비상벨,비상벨,서울특별시 광진구 천호대로118길 16 (능동),37.55412,127.08523
비상벨,비상벨,서울특별시 광진구 천호대로124길 86 (능동),37.55214,127.08481
비상벨,비상벨,서울특별시 광진구 천호대로120길 21 (능동),37.55313,127.08636
비상벨,비상벨,서울특별시 광진구 천호대로120길 21 (능동),37.55311,127.08794
비상벨,비상벨,서울특별시 광진구 천호대로122길 33 (능동),37.55211,127.08732
비상벨,비상벨,서울특별시 광진구 천호대로110길 87 (능동),37.55361,127.07842
비상벨,비상벨,서울특별시 광진구 능동로24길 41 (능동),37.55239,127.07913
비상벨,비상벨,서울특별시 광진구 능동로26길 23 (능동),37.55269,127.07855
비상벨,비상벨,서울특별시 광진구 능동로32길 16-16 (능동),37.5546,127.07917
비상벨,비상벨,서울특별시 광진구 능동로32길 16-16 (능동),37.55393,127.0792
비상벨,비상벨,서울특별시 광진구 자양로13길 41 (자양동),37.53437,127.08195
비상벨,비상벨,서울특별시 광진구 자양로21길 35 (자양동),37.53952,127.08133
비상벨,비상벨,서울특별시 광진구 아차산로46길 23 (자양동),37.53609,127.08083
비상벨,비상벨,서울특별시 광진구 아차산로46가길 19 (자양동),37.53637,127.08196
비상벨,비상벨,서울특별시 광진구 자양로15길 6 (자양동),37.53604,127.08312
비상벨,비상벨,서울특별시 광진구 뚝섬로47길 49 (자양동),37.53455,127.07948
비상벨,비상벨,서울특별시 광진구 자양로15길84,37.53479,127.0789
비상벨,비상벨,서울특별시 광진구 자양로13길 100 (자양동),37.5326,127.07981
비상벨,비상벨,서울특별시 광진구 뚝섬로51길 24 (자양동),37.53368,127.08009
비상벨,비상벨,서울특별시 광진구 자양로13다길 34 (자양동),37.53321,127.07812
비상벨,비상벨,서울특별시 광진구 자양로13나길 14 (자양동),37.53388,127.08039
비상벨,비상벨,서울특별시 광진구 자양로9길 24-3 (자양동),37.53385,127.08294
비상벨,비상벨,서울특별시 광진구 자양로13길 73 (자양동),37.53351,127.08096
비상벨,비상벨,서울특별시 광진구 자양로11길 45-8 (자양동),37.53343,127.08219
비상벨,비상벨,서울특별시 광진구 뚝섬로57가길 55 (자양동),37.53239,127.08055
비상벨,비상벨,서울특별시 광진구 뚝섬로55길 19 (자양동),37.53238,127.08236
비상벨,비상벨,서울특별시 광진구 자양로21길 14 (자양동),37.53992,127.08225
비상벨,비상벨,서울특별시 광진구 자양로19길 48-4 (자양동),37.53846,127.08097
비상벨,비상벨,서울특별시 광진구 자양로19길 54 (자양동),37.53818,127.08046
비상벨,비상벨,서울특별시 광진구 뚝섬로52마길 60 (자양동),37.52873,127.08111
비상벨,비상벨,서울특별시 광진구 뚝섬로52마길 60 (자양동),37.52783,127.0844
비상벨,비상벨,서울특별시 광진구 자양로5길 13 (자양동),37.53164,127.08507
비상벨,비상벨,서울특별시 광진구 자양로6길 40 (자양동),37.53278,127.08788
비상벨,비상벨,서울특별시 광진구 뚝섬로48길 52 (자양동),37.52967,127.07684
비상벨,비상벨,서울특별시 광진구 뚝섬로50길 28 (자양동),37.53119,127.07791
비상벨,비상벨,서울특별시 광진구 뚝섬로54길 24 (자양동),37.53064,127.08049
비상벨,비상벨,서울특별시 광진구 뚝섬로54길 46 (자양동),37.52968,127.07999
비상벨,비상벨,서울특별시 광진구 뚝섬로52마길 42-15 (자양동),37.52797,127.08024
비상벨,비상벨,서울특별시 광진구 자양로3길 49 (자양동),37.52914,127.08391
비상벨,비상벨,서울특별시 광진구 자양로3길 39-3 (자양동),37.52987,127.08455
비상벨,비상벨,서울특별시 광진구 자양로3가길 36 (자양동),37.52866,127.08511
비상벨,비상벨,서울특별시 광진구 자양로3가길 37 (자양동),37.53642,127.08465
비상벨,비상벨,서울특별시 광진구 뚝섬로60길 6 (자양동),37.53257,127.08654
비상벨,비상벨,서울특별시 광진구 자양로4길 12-1 (자양동),37.53147,127.08679
비상벨,비상벨,서울특별시 광진구 자양로2길 29 (자양동),37.53153,127.08817
비상벨,비상벨,서울특별시 광진구 자양로4나길 31 (자양동),37.53045,127.08796
비상벨,비상벨,서울특별시 광진구 자양번영로11길 4-9 (자양동),37.53753,127.07667
비상벨,비상벨,서울특별시 광진구 자양번영로11길 29 (자양동),37.53738,127.07507
비상벨,비상벨,서울특별시 광진구 아차산로 288 (자양동),37.53852,127.07501
비상벨,비상벨,서울특별시 광진구 자양번영로11길 37-14 (자양동),37.53695,127.07443
비상벨,비상벨,서울특별시 광진구 자양번영로9길 6-7 (자양동),37.53656,127.07618
비상벨,비상벨,서울특별시 광진구 자양번영로7길 12-7 (자양동),37.5362,127.07578
비상벨,비상벨,서울특별시 광진구 자양번영로3다길 11-5,37.53136,127.07352
비상벨,비상벨,서울특별시 광진구 아차산로38길 5-16 (자양동),37.53818,127.07537
비상벨,비상벨,서울특별시 광진구 뚝섬로36가길 43 (자양동),37.53117,127.07272
비상벨,비상벨,서울특별시 광진구 뚝섬로36길 49-8 (자양동),37.53204,127.07084
비상벨,비상벨,서울특별시 광진구 능동로8길 28 (자양동),37.53603,127.07073
비상벨,비상벨,서울특별시 광진구 뚝섬로36길 15 (자양동),37.53368,127.0714
비상벨,비상벨,서울특별시 광진구 자양번영로5길 16 (자양동),37.53273,127.07448
비상벨,비상벨,서울특별시 광진구 자양번영로3길 16 (자양동),37.53185,127.07445
비상벨,비상벨,서울특별시 광진구 자양번영로1길 27 (자양동),37.53084,127.07341
비상벨,비상벨,서울특별시 광진구 자양번영로3나길 40 (자양동),37.53016,127.07337
비상벨,비상벨,서울특별시 광진구 동일로10길 42 (자양동),37.53763,127.06399
비상벨,비상벨,서울특별시 광진구 뚝섬로 491 (자양동),37.53654,127.06519
비상벨,비상벨,서울특별시 광진구 능동로3나길 10,37.53411,127.06569
비상벨,비상벨,서울특별시 광진구 뚝섬로24길 27 (자양동),37.5353,127.0633
비상벨,비상벨,서울특별시 광진구 자양강변길 73 (자양동),37.53274,127.0637
비상벨,비상벨,서울특별시 광진구 능동로3라길 16 (자양동),37.53477,127.06491
비상벨,비상벨,서울특별시 광진구 능동로3가길 12 (자양동),37.5333,127.06563
비상벨,비상벨,서울특별시 광진구 아차산로30길 18,37.53987,127.06744
비상벨,비상벨,서울특별시 광진구 아차산로32길 21 (자양동),37.53901,127.06808
비상벨,비상벨,서울특별시 광진구 아차산로30길 39 (자양동),37.53895,127.06687
비상벨,비상벨,서울특별시 광진구 동일로18길 44 (자양동),37.53938,127.06526
비상벨,비상벨,서울특별시 광진구 아차산로22길 27 (자양동),37.54066,127.06405
비상벨,비상벨,서울특별시 광진구 자양강변길 19 (자양동),37.53426,127.0611
비상벨,비상벨,서울특별시 광진구 뚝섬로22가길 22 (자양동),37.53551,127.06238
비상벨,비상벨,서울특별시 광진구 동일로4가길 9-2 (자양동),37.53593,127.06282
비상벨,비상벨,서울특별시 광진구 동일로 34-11 (자양동),37.53574,127.06125
비상벨,비상벨,서울특별시 광진구 군자로15길36,37.555,127.07333
비상벨,비상벨,서울특별시 광진구 동일로10길 5 (자양동),37.53891,127.0626
비상벨,비상벨,서울특별시 광진구 능동로9길 23,37.53767,127.06797
비상벨,비상벨,서울특별시 광진구 뚝섬로32길 17 (자양동),37.53471,127.06713
비상벨,비상벨,서울특별시 광진구 능동로5길 7,37.53643,127.06745
비상벨,비상벨,서울특별시 광진구 뚝섬로30길 15 (자양동),37.53522,127.06655
비상벨,비상벨,서울특별시 광진구 능동로3길 61-8 (자양동),37.5341,127.06386
비상벨,비상벨,서울특별시 광진구 동일로12길 20 (자양동),37.53953,127.06335
비상벨,비상벨,서울특별시 광진구 동일로10길 25 (자양동),37.53829,127.06341
비상벨,비상벨,서울특별시 광진구 동일로18가길 13 (자양동),37.53906,127.06454
비상벨,비상벨,서울특별시 광진구 동일로10나길 18 (자양동),37.53828,127.06431
비상벨,비상벨,서울특별시 광진구 동일로18나길 24 (자양동),37.53866,127.06529
비상벨,비상벨,서울특별시 광진구 뚝섬로23가길 11 (자양동),37.53795,127.0654
비상벨,비상벨,서울특별시 광진구 뚝섬로57길 13 (자양동),37.53231,127.08359
비상벨,비상벨,서울특별시 광진구 긴고랑로14길 33 (중곡동),37.56123,127.08096
비상벨,비상벨,서울특별시 광진구 긴고랑로5길 11 (중곡동),37.56493,127.0792
비상벨,비상벨,서울특별시 광진구 긴고랑로1길 11 (중곡동),37.5647,127.0775
비상벨,비상벨,서울특별시 광진구 긴고랑로7길 11 (중곡동),37.56405,127.07937
비상벨,비상벨,서울특별시 광진구 동일로70길 22 (중곡동),37.56455,127.078
비상벨,비상벨,서울특별시 광진구 긴고랑로14길 8 (중곡동),37.56224,127.08146
비상벨,비상벨,서울특별시 광진구 긴고랑로12길 12 (중곡동),37.56225,127.08068
비상벨,비상벨,서울특별시 광진구 능동로43길 38 (중곡동),37.56177,127.0797
비상벨,비상벨,서울특별시 광진구 면목로 93 (중곡동),37.56199,127.07904
비상벨,비상벨,서울특별시 광진구 긴고랑로6길 9 (중곡동),37.56315,127.07822
비상벨,비상벨,서울특별시 광진구 동일로 374 (중곡동),37.56432,127.07628
비상벨,비상벨,서울특별시 광진구 동일로66길 9 (중곡동),37.56167,127.07581
비상벨,비상벨,서울특별시 광진구 자양로43길 47 (중곡동),37.55261,127.09027
비상벨,비상벨,서울특별시 광진구 천호대로101길 11 (중곡동),37.55981,127.07477
비상벨,비상벨,서울특별시 광진구 긴고랑로8길 60 (중곡동),37.56104,127.07772
비상벨,비상벨,서울특별시 광진구 긴고랑로8길 90 (중곡동),37.55966,127.077
비상벨,비상벨,서울특별시 광진구 동일로62길 37 (중곡동),37.55937,127.0761
비상벨,비상벨,서울특별시 광진구 면목로 74 (중곡동),37.5602,127.07954
비상벨,비상벨,서울특별시 광진구 긴고랑로14길 63 (중곡동),37.55993,127.08025
비상벨,비상벨,서울특별시 광진구 천호대로107길 22 (중곡동),37.55887,127.07889
비상벨,비상벨,서울특별시 광진구 천호대로107길 8 (중곡동),37.55841,127.07854
비상벨,비상벨,서울특별시 광진구 능동로47길 35 (중곡동),37.56427,127.0811
비상벨,비상벨,서울특별시 광진구 능동로47길 35 (중곡동),37.56364,127.08074
비상벨,비상벨,서울특별시 광진구 능동로47길 35 (중곡동),37.56338,127.08134
비상벨,비상벨,서울특별시 광진구 능동로50길 8 (중곡동),37.56401,127.08396
비상벨,비상벨,서울특별시 광진구 능동로48가길 36 (중곡동),37.56342,127.08581
비상벨,비상벨,서울특별시 광진구 긴고랑로29길 47 (중곡동),37.56204,127.0864
비상벨,비상벨,서울특별시 광진구 용마산로21길 77 (중곡동),37.56152,127.08475
비상벨,비상벨,서울특별시 광진구 용마산로3길 13 (중곡동),37.55631,127.08728
비상벨,비상벨,서울특별시 광진구 천호대로125길 35-17 (중곡동),37.55537,127.08723
비상벨,비상벨,서울특별시 광진구 용마산로1길 22 (중곡동),37.55503,127.08739
비상벨,비상벨,서울특별시 광진구 천호대로121길 39 (중곡동),37.55682,127.08643
비상벨,비상벨,서울특별시 광진구 긴고랑로 110 (중곡동),37.55925,127.08691
비상벨,비상벨,서울특별시 광진구 천호대로119길 89 (중곡동),37.55903,127.08561
비상벨,비상벨,서울특별시 광진구 용마산로3길 38 (중곡동),37.55615,127.08611
비상벨,비상벨,서울특별시 광진구 용마산로1길 91 (중곡동),37.55647,127.08356
비상벨,비상벨,서울특별시 광진구 긴고랑로27길 26 (중곡동),37.56144,127.08613
비상벨,비상벨,서울특별시 광진구 긴고랑로31길 28 (중곡동),37.5612,127.087
비상벨,비상벨,서울특별시 광진구 천호대로109길 53 (중곡동),37.55932,127.08201
비상벨,비상벨,서울특별시 광진구 긴고랑로15길 15 (중곡동),37.56276,127.08329
비상벨,비상벨,서울특별시 광진구 긴고랑로19길 34-4 (중곡동),37.56293,127.085
비상벨,비상벨,서울특별시 광진구 용마산로21길 65 (중곡동),37.56207,127.08508
비상벨,비상벨,서울특별시 광진구 능동로44길 13 (중곡동),37.56085,127.08229
비상벨,비상벨,서울특별시 광진구 긴고랑로16길 9-9 (중곡동),37.56141,127.0832
비상벨,비상벨,서울특별시 광진구 긴고랑로 103,37.56011,127.08674
비상벨,비상벨,서울특별시 광진구 동일로76나길 20 (중곡동),37.56858,127.0801
비상벨,비상벨,서울특별시 광진구 능동로 411 (중곡동),37.56582,127.0839
비상벨,비상벨,서울특별시 광진구 용마산로31길 31 (중곡동),37.56911,127.08425
비상벨,비상벨,서울특별시 광진구 능동로53길 24-9 (중곡동),37.56723,127.0835
비상벨,비상벨,서울특별시 광진구 능동로53길 30-12 (중곡동),37.56724,127.08244
비상벨,비상벨,서울특별시 광진구 답십리로 78길 (중곡동),37.56985,127.0813
비상벨,비상벨,서울특별시 광진구 동일로76길 12 (중곡동),37.56771,127.07934
비상벨,비상벨,서울특별시 광진구 면목로11길 20 (중곡동),37.56705,127.08054
비상벨,비상벨,서울특별시 광진구 답십리로88길 19 (중곡동),37.57027,127.08498
비상벨,비상벨,서울특별시 광진구 용마산로31길 16 (중곡동),37.56934,127.08527
비상벨,비상벨,서울특별시 광진구 면목로16길 10 (중곡동),37.56953,127.08376
비상벨,비상벨,서울특별시 광진구 용마산로27길 10 (중곡동),37.56732,127.08582
비상벨,비상벨,서울특별시 광진구 용마산로29길 25 (중곡동),37.56719,127.08544
비상벨,비상벨,서울특별시 광진구 답십리로84길 6 (중곡동),37.57098,127.08394
비상벨,비상벨,서울특별시 광진구 답십리로 370 (중곡동),37.57156,127.08151
비상벨,비상벨,서울특별시 광진구 답십리로82길 18 (중곡동),37.57055,127.08269
비상벨,비상벨,서울특별시 광진구 동일로78길 20 (중곡동),37.56924,127.08062
비상벨,비상벨,서울특별시 광진구 동일로76길 51-22 (중곡동),37.56817,127.08055
비상벨,비상벨,서울특별시 광진구 동일로76길 49 (중곡동),37.56803,127.08123
비상벨,비상벨,서울특별시 광진구 영화사로5길 25 (중곡동),37.55726,127.09219
비상벨,비상벨,서울특별시 광진구 자양로45길 89 (중곡동),37.55516,127.0898
비상벨,비상벨,서울특별시 광진구 용마산로22길 10-10 (중곡동),37.5631,127.08767
비상벨,비상벨,서울특별시 광진구 영화사로3가길 9 (중곡동),37.55791,127.09304
비상벨,비상벨,서울특별시 광진구 영화사로3가길 25 (중곡동),37.55749,127.09347
비상벨,비상벨,서울특별시 광진구 영화사로9가길 61 (중곡동),37.55764,127.09523
비상벨,비상벨,서울특별시 광진구 영화사로9길 10 (중곡동),37.55554,127.09329
비상벨,비상벨,서울특별시 광진구 영화사로9길 70-12 (중곡동),37.55674,127.09465
비상벨,비상벨,서울특별시 광진구 영화사로7길 24 (중곡동),37.55678,127.09212
비상벨,비상벨,서울특별시 광진구 영화사로 51 (중곡동),37.55567,127.09234
비상벨,비상벨,서울특별시 광진구 용마산로8가길 26 (중곡동),37.56092,127.0888
비상벨,비상벨,서울특별시 광진구 용마산로8다길 23 (중곡동),37.56176,127.08946
비상벨,비상벨,서울특별시 광진구 용마산로36길 66 (중곡동),37.56947,127.08872
비상벨,비상벨,서울특별시 광진구 용마산로8길 10 (중곡동),37.55968,127.08837
비상벨,비상벨,서울특별시 광진구 용마산로36길 44 (중곡동),37.57039,127.08833
비상벨,비상벨,서울특별시 광진구 용마산로34길 15 (중곡동),37.57019,127.08716
비상벨,비상벨,서울특별시 광진구 긴고랑로46가길 36 (중곡동),37.55864,127.09525
비상벨,비상벨,서울특별시 광진구 긴고랑로46길 11,37.56024,127.09561
비상벨,비상벨,서울특별시 광진구 용마산로2길 45 (중곡동),37.55596,127.09076
비상벨,비상벨,서울특별시 광진구 자양로45길 65 (중곡동),37.55399,127.09031
비상벨,비상벨,서울특별시 광진구 자양로43길 86 (중곡동),37.55444,127.0895
비상벨,비상벨,서울특별시 광진구 아차산로21길 47 (화양동),37.54421,127.06534
비상벨,비상벨,서울특별시 광진구 동일로28길 16 (화양동),37.54621,127.06793
비상벨,비상벨,서울특별시 광진구 아차산로23길 68 (화양동),37.54517,127.06748
비상벨,비상벨,서울특별시 광진구 아차산로25길 27 (화양동),37.54283,127.06716
비상벨,비상벨,서울특별시 광진구 동일로24길 56 (화양동),37.54312,127.06823
비상벨,비상벨,서울특별시 광진구 동일로22길 28 (화양동),37.54224,127.0659
비상벨,비상벨,서울특별시 광진구 아차산로 241 (화양동),37.54062,127.07054
비상벨,비상벨,서울특별시 광진구 답십리로84길 56 (중곡동),37.56868,127.08366
비상벨,비상벨,서울특별시 광진구 군자로3길 25-16 (화양동),37.54373,127.07061
비상벨,비상벨,서울특별시 광진구 군자로5길 18-12 (화양동),37.54558,127.06954
비상벨,비상벨,서울특별시 광진구 긴고랑로46길 11 (화양동),37.54556,127.0742
비상벨,비상벨,서울특별시 광진구 능동로13길 88 (화양동),37.54545,127.06866
비상벨,비상벨,서울특별시 광진구 동일로28길 38 (화양동),37.54628,127.06883
비상벨,비상벨,서울특별시 광진구 아차산로25길 48 (화양동),37.54343,127.06753
비상벨,비상벨,서울특별시 광진구 동일로22길 71 (화양동),37.54147,127.06831
비상벨,비상벨,서울특별시 광진구 광나루로24길 12 (화양동),37.54577,127.07609
비상벨,비상벨,서울특별시 광진구 광나루로22길 7,37.5463,127.07523
비상벨,비상벨,서울특별시 광진구 광나루로20가길 21 (화양동),37.5452,127.07528
비상벨,비상벨,서울특별시 광진구 광나루로26길 24 (화양동),37.54541,127.07729
비상벨,비상벨,서울특별시 광진구 아차산로31길 14 (화양동),37.54167,127.06953
비상벨,비상벨,서울특별시 광진구 긴고랑로 19 (중곡동),37.56385,127.07872
비상벨,비상벨,서울특별시 광진구 긴고랑로16길 50 (중곡동),37.55986,127.08172
비상벨,비상벨,서울특별시 광진구 답십리로78길 9-16 (중곡동),37.57104,127.08227
비상벨,비상벨,서울특별시 광진구 용마산로4길 26 (중곡동),37.55656,127.08957
비상벨,비상벨,서울특별시 광진구 천호대로110길 122 (능동),37.55231,127.07774
비상벨,비상벨,서울특별시 광진구 자양로22길 58(구의동),37.53982,127.08641
비상벨,비상벨,서울특별시 광진구 자양로47길 11 (구의동),37.55223,127.09191
비상벨,비상벨,서울특별시 광진구 광나루로52길 66 (구의동),37.5399,127.0923
비상벨,비상벨,서울특별시 광진구 광장로7길 7 (광장동),37.54825,127.10567
비상벨,비상벨,서울특별시 광진구 자양로15길 108 (자양동),37.5344,127.07795
비상벨,비상벨,서울특별시 광진구 자양로3길 7 (자양동),37.53045,127.08506
비상벨,비상벨,서울특별시 광진구 뚝섬로40길 31 (자양동),37.53257,127.07255
비상벨,비상벨,서울특별시 광진구 뚝섬로22길 89 (자양동),37.53411,127.06269
비상벨,비상벨,서울특별시 광진구 군자로 38 (화양동),37.5465,127.0703
비상벨,비상벨,서울특별시 광진구 능동로31길 12-15 (군자동),37.55639,127.0782
비상벨,비상벨,서울특별시 광진구 자양로30길 29 (구의동),37.54359,127.08645
비상벨,비상벨,서울특별시 광진구 천호대로121길 6 (중곡동),37.55551,127.08656
비상벨,비상벨,서울특별시 광진구 자양번영로13길 32 (자양동),37.53789,127.07513
비상벨,비상벨,서울특별시 광진구 동일로20길 106 (자양동),37.53933,127.06938
비상벨,비상벨,서울특별시 광진구 동일로66길 28 (중곡동),37.56151,127.07652
비상벨,비상벨,서울특별시 광진구 능동로48길 59 (중곡동),37.56199,127.08584
비상벨,비상벨,서울특별시 광진구 능동로55길 20 (중곡동),37.568,127.08444
비상벨,비상벨,서울특별시 광진구 용마산로30길 6 (중곡동),37.5683,127.08629
비상벨,비상벨,서울특별시 광진구 아차산로21길 97(화양동),37.54615,127.06707
비상벨,비상벨,서울특별시 광진구 광나루로17길 14-14 (군자동),37.54885,127.07273
비상벨,비상벨,서울특별시 광진구 천호대로124길 62 (능동),37.55157,127.0861
비상벨,비상벨,서울특별시 광진구 자양번영로8길 7 (자양동),37.53443,127.07662
비상벨,비상벨,서울특별시 광진구 뚝섬로50길 6 (자양동),37.53221,127.07832
비상벨,비상벨,서울특별시 광진구 자양번영로 81 (자양동),37.53697,127.07667
비상벨,비상벨,서울특별시 광진구 자양로22길 61 (구의동),37.54323,127.08783
비상벨,비상벨,서울특별시 광진구 아차산로62길 14-2 (구의동),37.53903,127.09365
비상벨,비상벨,서울특별시 광진구 광장로 64 (광장동),37.54742,127.10427
비상벨,비상벨,서울특별시 광진구 동일로4길 60 (자양동),37.53571,127.06409
비상벨,비상벨,서울특별시 광진구 긴고랑로26길 7-1 (중곡동),37.56019,127.0854
비상벨,비상벨,서울특별시 광진구 능동로55길 43 (중곡동),37.56801,127.08314
비상벨,비상벨,서울특별시 광진구 긴고랑로44길 42 (중곡동),37.55836,127.09444
비상벨,비상벨,서울특별시 광진구 능동로32길 82-53 (능동),37.5527,127.0818
비상벨,비상벨,서울특별시 광진구 아차산로57길 41 (구의동),37.54051,127.0886
비상벨,비상벨,서울특별시 광진구 아차산로59길 56,37.54085,127.09086
비상벨,비상벨,서울특별시 광진구 자양로43길 18 (구의동),37.55159,127.0907
비상벨,비상벨,서울특별시 광진구 아차산로58길 77 (구의동),37.53513,127.08979
비상벨,비상벨,서울특별시 광진구 아차산로70길 17-16 (과장동),37.54151,127.10242
비상벨,비상벨,서울특별시 광진구 뚝섬로49길 59 (자양동),37.53454,127.08043
비상벨,비상벨,서울특별시 광진구 자양번영로2길 55 (자양동),37.53006,127.07796
비상벨,비상벨,서울특별시 광진구 뚝섬로36길 38 (자양동),37.53294,127.07051
비상벨,비상벨,서울특별시 광진구 동일로4길 74 (자양동),37.53567,127.06498
비상벨,비상벨,서울특별시 광진구 뚝섬로24길 48 (자양동),37.5346,127.06286
비상벨,비상벨,서울특별시 광진구 능동로 49 (자양동),37.53444,127.06806
비상벨,비상벨,서울특별시 광진구 능동로 25-1 (자양동),37.53378,127.06778
비상벨,비상벨,서울특별시 광진구 아차산로27길 45-6 (화양동),37.54364,127.06826
비상벨,비상벨,서울특별시 광진구 광나루로24길 53 (화양동),37.54506,127.07811
비상벨,비상벨,서울특별시 광진구 군자로13길 35 (군자동),37.5519,127.07049
비상벨,비상벨,서울특별시 광진구 광나루로38길 67 (구의동),37.54207,127.08733
비상벨,비상벨,서울특별시 광진구 광장로3길 18-21 (광장동),37.54751,127.10309
비상벨,비상벨,서울특별시 광진구 광장로5길 12 (광장동),37.54822,127.10506
비상벨,비상벨,서울특별시 광진구 광장로7길 24 (광장동),37.54876,127.10537
비상벨,비상벨,서울특별시 광진구 광장로1길 19 (광장동),37.54783,127.10197
비상벨,비상벨,서울특별시 광진구 아차산로69길 36 (광장동),37.54388,127.0987
비상벨,비상벨,서울특별시 광진구 아차산로66길 8 (광장동),37.54133,127.09736
비상벨,비상벨,서울특별시 광진구 아차산로55길 81 (구의동),37.54111,127.08698
비상벨,비상벨,서울특별시 광진구 자양로23길 65 (구의동),37.54326,127.08366
비상벨,비상벨,서울특별시 광진구 광나루로54길 20 (구의동),37.54012,127.09531
비상벨,비상벨,서울특별시 광진구 아차산로65길 57 (구의동),37.54239,127.09235
비상벨,비상벨,서울특별시 광진구 구의강변로3가길 3 (구의동),37.53582,127.0916
비상벨,비상벨,서울특별시 광진구 구의강변로3길 39 (구의동),37.53659,127.0903
비상벨,비상벨,서울특별시 광진구 동일로52길 24 (군자동),37.55445,127.07243
비상벨,비상벨,서울특별시 광진구 동일로46길 26 (군자동),37.55355,127.07185
비상벨,비상벨,서울특별시 광진구 면목로5길 59 (군자동),37.55601,127.07321
비상벨,비상벨,서울특별시 광진구 면목로5길 49 (군자동),37.55645,127.07346
비상벨,비상벨,서울특별시 광진구 동일로34길 19 (군자동),37.54988,127.0697
비상벨,비상벨,서울특별시 광진구 광나루로13길 30 (군자동),37.54952,127.06883
비상벨,비상벨,서울특별시 광진구 아차산로40길 28 (자양동),37.53641,127.07814
비상벨,비상벨,서울특별시 광진구 아차산로44길 26 (자양동),37.53654,127.07973
비상벨,비상벨,서울특별시 광진구 아차산로39길 11 (자양동),37.53857,127.07718
비상벨,비상벨,서울특별시 광진구 뚝섬로43길 7 (자양동),37.53347,127.07673
비상벨,비상벨,서울특별시 광진구 뚝섬로59길 18 (자양동),37.533,127.08394
비상벨,비상벨,서울특별시 광진구 아차산로41길 16 (자양동),37.53858,127.07891
비상벨,비상벨,서울특별시 광진구 뚝섬로56길 35 (자양동),37.52999,127.08272
비상벨,비상벨,서울특별시 광진구 자양번영로4길 17 (자양동),37.53145,127.07655
비상벨,비상벨,서울특별시 광진구 뚝섬로56길 59 (자양동),37.52877,127.08288
비상벨,비상벨,서울특별시 광진구 뚝섬로64길 14 (자양동),37.53309,127.08886
비상벨,비상벨,서울특별시 광진구 뚝섬로64길 70 (자양동),37.53054,127.08914
비상벨,비상벨,서울특별시 광진구 뚝섬로34길 13 (자양동),37.53413,127.06976
비상벨,비상벨,서울특별시 광진구 능동로4길 13 (자양동),37.53338,127.06855
비상벨,비상벨,서울특별시 광진구 뚝섬로37길 28 (자양동),37.53545,127.07557
비상벨,비상벨,서울특별시 광진구 뚝섬로22길 8 (자양동),37.53653,127.06163
비상벨,비상벨,서울특별시 광진구 뚝섬로25길 23 (자양동),37.53706,127.06469
비상벨,비상벨,서울특별시 광진구 능동로5길 7 (자양동),37.53708,127.06807
비상벨,비상벨,서울특별시 광진구 뚝섬로27길 43 (자양동),37.53781,127.0662
비상벨,비상벨,서울특별시 광진구 용마산로3길 98 (중곡동),37.55732,127.0831
비상벨,비상벨,서울특별시 광진구 긴고랑로7길 69 (중곡동),37.56638,127.08068
비상벨,비상벨,서울특별시 광진구 긴고랑로9길 46 (중곡동),37.56556,127.0819
비상벨,비상벨,서울특별시 광진구 용마산로28길 24 (중곡동),37.56791,127.08702
비상벨,비상벨,서울특별시 광진구 능동로15길 11 (화양동),37.54518,127.07213
비상벨,비상벨,서울특별시 광진구 능동로13길 39 (화양동),37.54411,127.06975
비상벨,비상벨,서울특별시 광진구 군자로2길 4 (화양동),37.54433,127.07163
비상벨,비상벨,서울특별시 광진구 면목로 127 (중곡동),37.56515,127.08075
비상벨,비상벨,서울특별시 광진구 긴고랑로3길 19-2 (중곡동),37.56538,127.0783
비상벨,비상벨,서울특별시 광진구 용마산로7길 59 (중곡동),37.55997,127.08464
비상벨,비상벨,서울특별시 광진구 긴고랑로17길11 (중곡동),37.56299,127.08409
비상벨,비상벨,서울특별시 광진구 답십리로74길 15 (중곡동),37.57101,127.08051
비상벨,비상벨,서울특별시 광진구 긴고랑로38길 14 (중곡동),37.55843,127.09036
비상벨,비상벨,서울특별시 광진구 자양로43길 123 (중곡동),37.55593,127.08901
비상벨,비상벨,서울특별시 광진구 용마산로30길 49 (중곡동),37.56863,127.08898
비상벨,비상벨,서울특별시 광진구 아차산로33길 16-8 (화양동),37.54106,127.07033
비상벨,비상벨,서울특별시 광진구 아차산로25길 76 (화양동),37.54454,127.06815
비상벨,비상벨,서울특별시 광진구 면목로5길 15 (군자동),37.55657,127.07507
비상벨,비상벨,서울특별시 광진구 능동로32길 29 (능동),37.55489,127.08007
비상벨,비상벨,서울특별시 광진구 능동로32길 82-26,37.55332,127.08552
비상벨,비상벨,서울특별시 광진구 아차산로45길 31 (자양동),37.53824,127.07999
비상벨,비상벨,서울특별시 광진구 뚝섬로52다길 45 (자양동),37.52976,127.08148
비상벨,비상벨,서울특별시 광진구 자양번영로9길 16-4 (자양동),37.53645,127.0756
비상벨,비상벨,서울특별시 광진구 뚝섬로40길 65 (자양동),37.53137,127.07153
비상벨,비상벨,서울특별시 광진구 뚝섬로27길 19 (자양동),37.53693,127.06583
비상벨,비상벨,서울특별시 광진구 광나루로40길 34 (구의동),37.54333,127.08927
비상벨,비상벨,서울특별시 광진구 천호대로134길 31 (구의동),37.54821,127.08972
비상벨,비상벨,서울특별시 광진구 자양로37길 22-10 (구의동),37.54868,127.08741
비상벨,비상벨,서울특별시 광진구 아차산로 63길 17 (구의동),37.54042,127.09241
비상벨,비상벨,서울특별시 광진구 자양로51길 46,37.55477,127.09138
비상벨,비상벨,서울특별시 광진구 아차산로 78길 153 (광장동),37.5485,127.10918
비상벨,비상벨,서울특별시 광진구 광장로9길 6 (광장동),37.54822,127.10613
비상벨,비상벨,서울특별시 광진구 능동로3다길 4 (자양동),37.53398,127.06502
비상벨,비상벨,서울특별시 광진구 긴고랑로 12길 40 (중곡동),37.5612,127.07987
비상벨,비상벨,서울특별시 광진구 긴고랑로 26길 23 (중곡동),37.55858,127.08244
비상벨,비상벨,서울특별시 광진구 영화사로9가길 39-15 (중곡동),37.55656,127.09367
비상벨,비상벨,서울특별시 광진구 동일로 44길 17 (군자동),37.5531,127.07133
비상벨,비상벨,서울특별시 광진구 능동로 32길 35 (능동),37.55474,127.08081
비상벨,비상벨,서울특별시 광진구 뚝섬로 631 (자양동),37.53211,127.07974
비상벨,비상벨,서울특별시 광진구 뚝섬로 700 (자양동),37.53302,127.08694
비상벨,비상벨,서울특별시 광진구 자양번영로 3길 27 (자양동),37.53211,127.07342
비상벨,비상벨,서울특별시 광진구 능동로 3길 20 (자양동),37.53363,127.06658
비상벨,비상벨,서울특별시 광진구 자양로28길 14 (구의동),37.54236,127.08507
비상벨,비상벨,서울특별시 광진구 자양로44가길 18 (구의동),37.55089,127.09434
비상벨,비상벨,서울특별시 광진구 구의로10길 12 (구의동),37.54215,127.09092
비상벨,비상벨,서울특별시 광진구 광장로1가길 49 (광장동),37.54854,127.09989
비상벨,비상벨,서울특별시 광진구 용마산로22길 82 (중곡동),37.5672,127.08895
비상벨,비상벨,서울특별시 광진구 용마산로22길 82 (중곡동),37.56726,127.08838
비상벨,비상벨,서울특별시 광진구 용마산로22길 82 (중곡동),37.56725,127.08795
비상벨,비상벨,서울특별시 광진구 용마산로22길 82 (중곡동),37.56686,127.08787
비상벨,비상벨,서울특별시 광진구 동일로 64길 20 (중곡동),37.56058,127.0759
비상벨,비상벨,서울특별시 광진구 능동로46길 28 (중곡동),37.56075,127.08404
비상벨,비상벨,서울특별시 광진구 동일로78길 46-33 (중곡동),37.56842,127.08109
비상벨,비상벨,서울특별시 광진구 긴고랑로 36길57 (중곡동),37.55707,127.09126
비상벨,비상벨,서울특별시 광진구 용마산로8가길 20-15 (중곡동),37.56027,127.08969
비상벨,비상벨,서울특별시 광진구 긴고랑로 36길 5 (중곡동),37.55868,127.089
비상벨,비상벨,서울특별시 광진구 광장로1다길31 (광장동),37.55009,127.10233
비상벨,비상벨,서울특별시 광진구 자양로 13길 31-8 (자양동),37.53442,127.08288
비상벨,비상벨,서울특별시 광진구 뚝섬로56길47 (자양동),37.52936,127.08277
비상벨,비상벨,서울특별시 광진구 자양번영로3길38-10 (자양동),37.53249,127.07342
비상벨,비상벨,서울특별시 광진구 동일로10가길23 (자양동),37.53868,127.06383
비상벨,비상벨,서울특별시 광진구 자양로28길 98 (구의동),37.54154,127.0895
비상벨,비상벨,서울특별시 광진구 자양로48길 20 (구의동),37.55133,127.09317
비상벨,비상벨,서울특별시 광진구 자양로53길21,37.55441,127.09272
비상벨,비상벨,서울특별시 광진구 아차산로25길 20-9 (화양동),37.54213,127.06739
비상벨,비상벨,서울특별시 광진구 동일로 30길 28 (화양동),37.54758,127.0688
비상벨,비상벨,서울특별시 광진구 면목로1길 19 (군자동),37.55507,127.07453
비상벨,비상벨,서울특별시 광진구 능동로 48길 36 (중곡동),37.56224,127.08446
비상벨,비상벨,서울특별시 광진구 아차산 순환도로 (광장동),37.55117,127.1005
비상벨,비상벨,서울특별시 광진구 천호대로102길 58 (군자동),37.55673,127.07315
비상벨,비상벨,서울특별시 광진구 자양로18길 72 (구의동),37.53833,127.08744
비상벨,비상벨,서울특별시 광진구 면목로 172 (중곡동),37.56864,127.08282
비상벨,비상벨,서울특별시 광진구 동일로22길 89 (화양동),37.54116,127.06918
비상벨,비상벨,서울특별시 광진구 자양로15길 56 (자양동),37.53531,127.08059
비상벨,비상벨,서울특별시 광진구 긴고랑로 185-2 (중곡동),37.56021,127.09478
비상벨,비상벨,서울특별시 광진구 자양로44길 30-1 (구의동),37.55043,127.09311
비상벨,비상벨,서울특별시 광진구 자양로2길 6 (자양동),37.5307,127.0872
비상벨,비상벨,서울특별시 광진구 동일로56가길 19-16,37.55437,127.07305
비상벨,비상벨,서울특별시 광진구 동일로56가길 19-16,37.53395,127.09015
비상벨,비상벨,서울특별시 광진구 긴고랑로38,37.56283,127.08032
비상벨,비상벨,서울특별시 광진구 긴고랑로30길34,37.55825,127.08699
비상벨,비상벨,서울특별시 광진구 능동로40길13,37.55802,127.08086
비상벨,비상벨,서울특별시 광진구 긴고랑로26길23,37.55933,127.08501
비상벨,비상벨,서울특별시 광진구 동일로78길47,37.56876,127.08212
비상벨,비상벨,서울특별시 광진구 능동로53길24-1,37.56666,127.08318
비상벨,비상벨,서울특별시 광진구 능동로50길 31-9,37.56393,127.08525
비상벨,비상벨,서울특별시 광진구 면목로182,37.56941,127.08317
비상벨,비상벨,서울특별시 광진구 면목로13길 17,37.56922,127.0824
비상벨,비상벨,서울특별시 광진구 용마산로33길 41,37.57023,127.08382
비상벨,비상벨,서울특별시 광진구 용마산로28나길15,37.56825,127.08798
비상벨,비상벨,서울특별시 광진구 천호대로127길19,37.55366,127.08983
비상벨,비상벨,서울특별시 광진구 용마산로20길9-1,37.56268,127.08772
비상벨,비상벨,서울특별시 광진구 용마산로8나길 36,37.56015,127.09053
비상벨,비상벨,서울특별시 광진구 긴고랑로 39길 54,37.55932,127.09282
비상벨,비상벨,서울특별시 광진구 천호대로112길 60,37.55351,127.08017
비상벨,비상벨,서울특별시 광진구 영화사로13길21,37.55514,127.09445
비상벨,비상벨,서울특별시 광진구 자양로209,37.5459,127.0859
비상벨,비상벨,서울특별시 광진구 광장로5길 25-1,37.54865,127.10495
비상벨,비상벨,서울특별시 광진구 광나루로595,37.54253,127.09458
비상벨,비상벨,서울특별시 광진구 천호대로 798,37.54562,127.10196
비상벨,비상벨,서울특별시 광진구 아차산로 78길 90,37.55118,127.11069
비상벨,비상벨,서울특별시 광진구 군자로 183,37.55677,127.07821
비상벨,비상벨,서울특별시 광진구 천호대로102길60,37.55652,127.07283
비상벨,비상벨,서울특별시 광진구 면목로38,37.55741,127.07664
비상벨,비상벨,서울특별시 광진구 능동로 267-14,37.55418,127.07678
비상벨,비상벨,서울특별시 광진구 자양로18길6,37.53735,127.08387
비상벨,비상벨,서울특별시 광진구 자양로25길 14-1,37.54167,127.08301
비상벨,비상벨,서울특별시 광진구 광나루로 38길 8,37.54437,127.08802
비상벨,비상벨,서울특별시 광진구 아차산로53길 62-14,37.54027,127.08615
비상벨,비상벨,서울특별시 광진구 아차산로 401-9,37.53779,127.08701
비상벨,비상벨,서울특별시 광진구 광나루로44길55,37.54186,127.09121
비상벨,비상벨,서울특별시 광진구 아차산로58가길15,37.5359,127.09036
비상벨,비상벨,서울특별시 광진구 뚝섬로47길29,37.53369,127.07867
비상벨,비상벨,서울특별시 광진구 자양로13다길10,37.53271,127.07928
비상벨,비상벨,서울특별시 광진구 뚝섬로681,37.53227,127.08502
비상벨,비상벨,서울특별시 광진구 자양로 117,37.5389,127.08241
비상벨,비상벨,서울특별시 광진구 자양로11길 11-1,37.53456,127.08328
비상벨,비상벨,서울특별시 광진구 자양로13길 20,37.53526,127.08295
비상벨,비상벨,서울특별시 광진구 자양로4가길6-10,37.53204,127.08727
비상벨,비상벨,서울특별시 광진구 뚝섬로52길 71,37.52922,127.07837
비상벨,비상벨,서울특별시 광진구 뚝섬로703-1,37.53318,127.08757
비상벨,비상벨,서울특별시 광진구 뚝섬로 54길 61,37.52895,127.07978
비상벨,비상벨,서울특별시 광진구 자양번영로1길15,37.53058,127.07412
비상벨,비상벨,서울특별시 광진구 자양번영로 7길 3,37.53551,127.07636
비상벨,비상벨,서울특별시 광진구 자양동 84-27,37.53305,127.06438
비상벨,비상벨,서울특별시 광진구 뚝섬로27길3,37.5361,127.06594
비상벨,비상벨,서울특별시 광진구 아차산로24길 17,37.54017,127.06485
비상벨,비상벨,서울특별시 광진구 아차산로192,37.54129,127.0645
비상벨,비상벨,서울특별시 광진구 자양강변길 119,37.53216,127.06511
비상벨,비상벨,서울특별시 광진구 동일로26길 47,37.54463,127.06861
비상벨,비상벨,서울특별시 광진구 동일로28길54,37.54592,127.06948
비상벨,비상벨,서울특별시 광진구 아차산로 23길 45,37.54392,127.06687
비상벨,비상벨,서울특별시 광진구 아차산로 21길 109,37.54655,127.06739
비상벨,비상벨,서울특별시 광진구 광나루로 14길 26,37.54683,127.06836
비상벨,비상벨,서울특별시 광진구 능동로 16길 14,37.54483,127.07387
비상벨,비상벨,서울특별시 광진구 긴고랑로7길 101,37.56751,127.08137
비상벨,비상벨,서울특별시 광진구 천호대로119길 16,37.55537,127.08617
비상벨,비상벨,서울특별시 광진구 용마산로 33길 9-7,37.56975,127.08539
비상벨,비상벨,서울특별시 광진구 영화사로 16,37.55773,127.08931
비상벨,비상벨,서울특별시 광진구 긴고랑로 44길 26-12,37.55857,127.0945
비상벨,비상벨,서울특별시 광진구 천호대로 114길 58,37.55323,127.08162
비상벨,비상벨,서울특별시 광진구 자양로 237-1,37.54782,127.08806
비상벨,비상벨,서울특별시 광진구 영화사로 11길 39,37.55604,127.09512
비상벨,비상벨,서울특별시 광진구 광장로 7길 27,37.54898,127.10556
비상벨,비상벨,서울특별시 광진구 동일로56길 48,37.55536,127.07461
비상벨,비상벨,서울특별시 광진구 동일로38길 17,37.55124,127.07041
비상벨,비상벨,서울특별시 광진구 동일로 212,37.55053,127.06923
비상벨,비상벨,서울특별시 광진구 군자로10길22,37.54887,127.07189
비상벨,비상벨,서울특별시 광진구 천호대로 104길22,37.55755,127.07535
비상벨,비상벨,서울특별시 광진구 광나루로 19길51,37.54976,127.07265
비상벨,비상벨,서울특별시 광진구 광나루로19길 31,37.54897,127.0733
비상벨,비상벨,서울특별시 광진구 광나루로 16길 18,37.5468,127.06919
비상벨,비상벨,서울특별시 광진구 군자로 43,37.54706,127.07027
비상벨,비상벨,서울특별시 광진구 능동로 17길 6,37.54611,127.07297
비상벨,비상벨,서울특별시 광진구 군자로 5길 29,37.5448,127.06951
비상벨,비상벨,서울특별시 광진구 능동로 13길 39,37.54333,127.0704
비상벨,비상벨,서울특별시 광진구 광나루로 14길 31,37.54634,127.06813
비상벨,비상벨,서울특별시 광진구 아차산로39길 36,37.53894,127.07569
비상벨,비상벨,서울특별시 광진구 아차산로 78길 18,37.5504,127.10976
비상벨,비상벨,서울특별시 광진구 아차산로 75길 9,37.54628,127.10468
비상벨,비상벨,서울특별시 광진구 능동로 25길 48,37.5531,127.07471
비상벨,비상벨,서울특별시 광진구 능동로 21길 14-10,37.55175,127.07582
비상벨,비상벨,서울특별시 광진구 군자로 160-1,37.55511,127.07674
비상벨,비상벨,서울특별시 광진구 동일로 26길 9,37.54531,127.06668
비상벨,비상벨,서울특별시 광진구 면목로9길31,37.56079,127.07662
비상벨,비상벨,서울특별시 광진구 천호대로123길83-13,37.55913,127.08591
비상벨,비상벨,서울특별시 광진구 면목로15길30,37.56907,127.0813
비상벨,비상벨,서울특별시 광진구 용마산로22길9,37.56358,127.08772
비상벨,비상벨,서울특별시 광진구 능동로24길60-84길,37.55254,127.08014
비상벨,비상벨,서울특별시 광진구 군자로11길11,37.55078,127.07019
비상벨,비상벨,서울특별시 광진구 군자로15길21,37.55442,127.07351
비상벨,비상벨,서울특별시 광진구 광장로1-20,37.54638,127.10153
비상벨,비상벨,서울특별시 광진구 광장로77,37.54771,127.10573
비상벨,비상벨,서울특별시 광진구 광장로89,37.548,127.10692
비상벨,비상벨,서울특별시 광진구 영화사로3나길 28,37.55709,127.09369
비상벨,비상벨,서울특별시 광진구 용마사로30길 37,37.56865,127.08808
비상벨,비상벨,서울특별시 광진구 자양로37길 85,37.54747,127.0858
비상벨,비상벨,서울특별시 광진구 광장로1나길 8,37.54818,127.10197
비상벨,비상벨,서울특별시 광진구 자양로15길 27,37.53556,127.08238
비상벨,비상벨,서울특별시 광진구 아차산로44가길 16,37.53565,127.07975
비상벨,비상벨,서울특별시 광진구 뚝섬로58길 58,37.52958,127.08522
비상벨,비상벨,서울특별시 광진구 뚝섬로33길 34,37.53634,127.06992
비상벨,비상벨,서울특별시 광진구 아차산로21길 62,37.54446,127.06622
비상벨,비상벨,서울특별시 광진구 면목로114,37.56366,127.08013
비상벨,비상벨,서울특별시 광진구 능동로 237,37.55104,127.07614
비상벨,비상벨,서울특별시 광진구 군자로 114,37.54914,127.07518
비상벨,비상벨,서울특별시 광진구 아차산로39길 38-7,37.53923,127.0752
비상벨,비상벨,서울특별시 광진구 아차산로39가길 8,37.53915,127.07675
비상벨,비상벨,서울특별시 광진구 광장로1다길 23,37.54511,127.09887
비상벨,비상벨,서울특별시 광진구 광장동 5-119,37.55141,127.10197
비상벨,비상벨,서울특별시 광진구 광장동 5-116,37.55175,127.1035
비상벨,비상벨,서울특별시 광진구 용마산로22길 76,37.56586,127.08827
비상벨,비상벨,서울특별시 광진구 군자동 111-2,37.55324,127.07325
비상벨,비상벨,서울특별시 광진구 자양로37길 43,37.54895,127.08595
비상벨,비상벨,서울특별시 광진구 자양로37길 38-6,37.54884,127.08663
비상벨,비상벨,서울특별시 광진구 구의동 4-20,37.55317,127.09835
비상벨,비상벨,서울특별시 광진구 워커힐로 32,37.54473,127.09759
비상벨,비상벨,서울특별시 광진구 강변역로 18,37.53772,127.09166
비상벨,비상벨,서울특별시 광진구 자양강변길 301,37.52944,127.07532
비상벨,비상벨,서울특별시 광진구 뚝섬로44길 56,37.53031,127.0756
비상벨,비상벨,서울특별시 광진구 뚝섬로 561,37.53397,127.07253
비상벨,비상벨,서울특별시 광진구 천호대로138길 40,37.54739,127.0921
비상벨,비상벨,서울특별시 광진구 광장로1가길 13,37.54749,127.10122
비상벨,비상벨,서울특별시 광진구 자양로 35,37.53091,127.08628
비상벨,비상벨,서울특별시 광진구 자양로3길 16,37.53061,127.08561
비상벨,비상벨,서울특별시 광진구 뚝섬로64길 45,37.53114,127.09032
비상벨,비상벨,서울특별시 광진구 자양동 783-2,37.53575,127.07439
비상벨,비상벨,서울특별시 광진구 능동로3길 61-8,37.53382,127.06383
비상벨,비상벨,서울특별시 광진구 자양동 57-2,37.53273,127.06291
비상벨,비상벨,서울특별시 광진구 광나루로30길 80,37.54307,127.08037
비상벨,비상벨,서울특별시 광진구 뚝섬로58길 68,37.52926,127.08454
비상벨,비상벨,서울특별시 광진구 아차산로70 17-16,37.54058,127.10274
비상벨,비상벨,서울특별시 광진구 동일로22길 117-20,37.54128,127.07084
비상벨,비상벨,서울특별시 광진구 아차산로27길 60,37.54406,127.06899
비상벨,비상벨,서울특별시 광진구 능동로103,37.54017,127.07055
비상벨,비상벨,서울특별시 광진구 아차산로27길 20,37.54261,127.06802
비상벨,비상벨,서울특별시 광진구 광나루로22가길 12,37.54597,127.07553
비상벨,비상벨,서울특별시 광진구 아차산로23길 23-5,37.54327,127.06614
비상벨,비상벨,서울특별시 광진구 군자로6길 20,37.54593,127.07174
비상벨,비상벨,서울특별시 광진구 군자로6길 51,37.54581,127.0723
비상벨,비상벨,서울특별시 광진구 천호대로111길 9,37.55694,127.08217
비상벨,비상벨,서울특별시 광진구 천호대로 585,37.55594,127.08322
비상벨,비상벨,서울특별시 광진구 천호대로 115길 29,37.5571,127.08394
비상벨,비상벨,서울특별시 광진구 긴고랑로20길 28,37.56003,127.08321
비상벨,비상벨,서울특별시 광진구 동일로 338,37.56084,127.07502
비상벨,비상벨,서울특별시 광진구 동일로 360,37.56299,127.07579
비상벨,비상벨,서울특별시 광진구 동일로68길 49,37.5612,127.07835
비상벨,비상벨,서울특별시 광진구 용마산로 183,37.57009,127.08609
비상벨,비상벨,서울특별시 광진구 용마산로22길 5-8,37.56121,127.08725
비상벨,비상벨,서울특별시 광진구 용마산로22길 19-19,37.5646,127.088
비상벨,비상벨,서울특별시 광진구 용마산로8라길 30,37.56121,127.09047
비상벨,비상벨,서울특별시 광진구 자양로51길 28,37.55401,127.09231
비상벨,비상벨,서울특별시 광진구 천호대로 623-1,37.55435,127.18707
비상벨,비상벨,서울특별시 광진구 능동로36길 186,37.55238,127.08842
비상벨,비상벨,서울특별시 광진구 자양로41길 26-9,37.55039,127.08989
비상벨,비상벨,서울특별시 광진구 자양로 282,37.55092,127.09155
비상벨,비상벨,서울특별시 광진구 자양로37길 38,37.54872,127.08639
비상벨,비상벨,서울특별시 광진구 뚝섬로52가길 42,37.53081,127.08158
비상벨,비상벨,서울특별시 광진구 뚝섬로52가길 10,37.53125,127.07997
비상벨,비상벨,서울특별시 광진구 뚝섬로24길 74,37.53301,127.06225
비상벨,비상벨,서울특별시 광진구 용마산로 160,37.56804,127.08617
비상벨,비상벨,서울특별시 광진구 뚝섬로31가길 12,37.53612,127.06733
비상벨,비상벨,서울특별시 광진구 자양로15길 72,37.53502,127.07974
비상벨,비상벨,서울특별시 광진구 군자로 96-14,37.55133,127.07181
비상벨,비상벨,서울특별시 광진구 군자로2길 4,37.54446,127.01526
비상벨,비상벨,서울특별시 광진구 용마산로8마길 26,37.56131,127.09084
비상벨,비상벨,서울특별시 광진구 면목로 136-1,37.56551,127.08112
비상벨,비상벨,서울특별시 광진구 뚝섬로58가길 9,37.53072,127.08424
비상벨,비상벨,서울특별시 광진구 강변역로 53,37.53559,127.09384
비상벨,비상벨,서울특별시 광진구 자양로 96,37.53621,127.0839
비상벨,비상벨,서울특별시 광진구 구의로3길 11,37.54025,127.08794
비상벨,비상벨,서울특별시 광진구 구의로 19,37.53969,127.08939
비상벨,비상벨,서울특별시 광진구 천호대로107길 40,37.5594,127.07916
비상벨,비상벨,서울특별시 광진구 동일로32길 14-6,37.54908,127.0689
비상벨,비상벨,서울특별시 광진구 면목로 5길 36,37.55658,127.07408
비상벨,비상벨,서울특별시 광진구 아차산로 241,37.54029,127.07021
비상벨,비상벨,서울특별시 광진구 영화사로3길 53,37.55824,127.09265
비상벨,비상벨,서울특별시 광진구 뚝섬로50길 39,37.53063,127.07782
비상벨,비상벨,서울특별시 광진구 구의강변로 77,37.53769,127.0933
비상벨,비상벨,서울특별시 광진구 자양로 130,37.5395,127.08337
비상벨,비상벨,서울특별시 광진구 뚝섬로23가길 35,37.53867,127.0659
비상벨,비상벨,서울특별시 광진구 뚝섬로 515,37.53564,127.06755
비상벨,비상벨,서울특별시 광진구 광나루로13길 16,37.549,127.0686
비상벨,비상벨,서울특별시 광진구 능동로 160,37.54487,127.07313
비상벨,비상벨,서울특별시 광진구 능동로19길 10,37.54705,127.07328
비상벨,비상벨,서울특별시 광진구 광나루로 424,37.54607,127.07634
비상벨,비상벨,서울특별시 광진구 능동로23길 12,37.55212,127.07613
비상벨,비상벨,서울특별시 광진구 아차산로 306,37.538,127.07703
비상벨,비상벨,서울특별시 광진구 자양로23나길 7,37.54222,127.08263
비상벨,비상벨,서울특별시 광진구 아차산로 401,37.53759,127.08735
비상벨,비상벨,서울특별시 광진구 뚝섬로64길 50,37.5313,127.08904
비상벨,비상벨,서울특별시 광진구 자양로44길 113,37.55089,127.09696
비상벨,비상벨,서울특별시 광진구 아차산로76길 34,37.54665,127.10738
비상벨,비상벨,서울특별시 광진구 아차산로78가길 3,37.54951,127.10931
비상벨,비상벨,서울특별시 광진구 아차산로55길 61,37.54012,127.08655
비상벨,비상벨,서울특별시 광진구 뚝섬로57길 50,37.53394,127.08245
비상벨,비상벨,서울특별시 광진구 자양로3길 65-9,37.52926,127.08315
비상벨,비상벨,서울특별시 광진구 군자로13길 18-7,37.55272,127.07094
비상벨,비상벨,서울특별시 광진구 동일로60길 14,37.55848,127.07405
비상벨,비상벨,서울특별시 광진구 천호대로129길 49,37.55369,127.09187
비상벨,비상벨,서울특별시 광진구 뚝섬로26길 5,37.53615,127.06454
비상벨,비상벨,서울특별시 광진구 영화사로9나길 32,37.55759,127.09572
비상벨,비상벨,서울특별시 광진구 광나루로40길 56,37.54229,127.08899
비상벨,비상벨,서울특별시 광진구 자양로50길 22-8,37.55182,127.09369
비상벨,비상벨,서울특별시 광진구 용마산로14길 9-5,37.56152,127.08797
비상벨,비상벨,서울특별시 광진구 천호대로119길 61,37.55755,127.08585
비상벨,비상벨,서울특별시 광진구 자양로42길 44 (구의동),37.54832,127.09216
비상벨,비상벨,서울특별시 광진구 광나루로52길 12 (구의동),37.54125,127.09432
비상벨,비상벨,서울특별시 광진구 아차산로60길 13-8,37.53804,127.09237
비상벨,비상벨,서울특별시 광진구 아차산로59길 49 (구의동),37.5406,127.09066
비상벨,비상벨,서울특별시 광진구 광나루로44길 32 (구의동),37.54288,127.09113
비상벨,비상벨,서울특별시 광진구 광나루로56길 86 (구의동),37.53675,127.09481
비상벨,비상벨,서울특별시 광진구 광나루로56길 86 (구의동),37.53735,127.09452
비상벨,비상벨,서울특별시 광진구 동일로56길 29 (군자동),37.55601,127.07374
비상벨,비상벨,서울특별시 광진구 천호대로116길 66 (능동),37.55242,127.08298
비상벨,비상벨,서울특별시 광진구 능동로30길 23 (능동),37.55356,127.07928
비상벨,비상벨,서울특별시 광진구 능동로30길 23 (능동),37.55374,127.07943
비상벨,비상벨,서울특별시 광진구 자양로13길 41 (자양동),37.53435,127.08221
비상벨,비상벨,서울특별시 광진구 아차산로40길 46 (자양동),37.53582,127.07771
비상벨,비상벨,서울특별시 광진구 뚝섬로62길 24 (자양동),37.53213,127.08783
비상벨,비상벨,서울특별시 광진구 뚝섬로34길 25-19 (자양동),37.53366,127.06985
비상벨,비상벨,서울특별시 광진구 아차산로32길 17 (자양동),37.53926,127.06823
비상벨,비상벨,서울특별시 광진구 아차산로32길 17 (자양동),37.53913,127.06856
비상벨,비상벨,서울특별시 광진구 자양1동 859-1,37.53859,127.08173
비상벨,비상벨,서울특별시 광진구 자양4동 553-22,37.53507,127.06781
비상벨,비상벨,서울특별시 광진구 자양4동 74-21,37.53294,127.06637
비상벨,비상벨,서울특별시 광진구 긴고랑로5길 10 (중곡동),37.56471,127.07935
비상벨,비상벨,서울특별시 광진구 긴고랑로5길 10 (중곡동),37.55964,127.0841
비상벨,비상벨,서울특별시 광진구 용마산로33길 25 (중곡동),37.56999,127.08449
비상벨,비상벨,서울특별시 광진구 영화사로7길 25 (중곡동),37.55694,127.09214
비상벨,비상벨,서울특별시 광진구 영화사로7길 25 (중곡동),37.55905,127.09091
비상벨,비상벨,서울특별시 광진구 동일로28길 16 (화양동),37.54655,127.06769
비상벨,비상벨,서울특별시 광진구 아차산로25길 27 (화양동),37.54288,127.06681
비상벨,비상벨,서울특별시 광진구 화양동 110-34,37.54656,127.07183
비상벨,비상벨,서울특별시 광진구 군자로3길 15 (화양동),37.54455,127.07065
비상벨,비상벨,서울특별시 광진구 아차산로31길 14 (화양동),37.54153,127.06978
비상벨,비상벨,서울특별시 광진구 뚝섬로56길 28 (자양동),37.53016,127.08234
비상벨,비상벨,서울특별시 광진구 천호대로 717-18 (구의동),37.54927,127.09471
비상벨,비상벨,서울특별시 광진구 천호대로 717-18 (구의동),37.54811,127.09644
비상벨,비상벨,서울특별시 광진구 천호대로 717-18 (구의동),37.54793,127.09702
비상벨,비상벨,서울특별시 광진구 천호대로 717-18 (구의동),37.54787,127.0982
비상벨,비상벨,서울특별시 광진구 천호대로 717-18 (구의동),37.54751,127.09834
비상벨,비상벨,서울특별시 광진구 천호대로 760,37.54635,127.09823
비상벨,비상벨,서울특별시 광진구 자양번영로3길 16 (자양동),37.53207,127.0744
비상벨,비상벨,서울특별시 광진구 아차산로73길 15 (광장동),37.54594,127.1039
비상벨,비상벨,서울특별시 광진구 광장로1가길 31 (광장동),37.54813,127.10059
비상벨,비상벨,서울특별시 광진구 천호대로 760,37.54624,127.09873
비상벨,비상벨,서울특별시 광진구 천호대로 760,37.54656,127.09898
비상벨,비상벨,서울특별시 광진구 도로명주소 없음,37.56863,127.07793
비상벨,비상벨,서울특별시 광진구 도로명주소 없음,37.54926,127.10142
비상벨,비상벨,서울특별시 광진구 도로명주소 없음,37.54976,127.10132
비상벨,비상벨,서울특별시 광진구 천호대로140길 60,37.54413,127.09922
비상벨,비상벨,서울특별시 광진구 천호대로140길 60,37.54433,127.09974
비상벨,비상벨,서울특별시 광진구 천호대로140길 60,37.54464,127.09932
비상벨,비상벨,서울특별시 광진구 천호대로140길 60,37.54576,127.10073
비상벨,비상벨,서울특별시 광진구 자양4동 199-4,37.5363,127.06177
비상벨,비상벨,서울특별시 광진구 구의1동 668-5,37.54585,127.08845
비상벨,비상벨,서울특별시 광진구 광장동 344-10,37.54904,127.1074
비상벨,비상벨,서울특별시 광진구 자양3동 784-2,37.53584,127.0677
비상벨,비상벨,서울특별시 광진구 광장동 381-44,37.5495,127.0991
비상벨,비상벨,서울특별시 광진구 용마도시자연공원-사무실,37.56227,127.09624
비상벨,비상벨,서울특별시 광진구 용마도시자연공원-입구,37.56224,127.09614
비상벨,비상벨,서울특별시 광진구 용마도시자연공원-화장실 뒤,37.5622,127.09556
비상벨,비상벨,서울특별시 광진구 용마도시자연공원-체험장,37.56305,127.09617
비상벨,비상벨,서울특별시 광진구 용마도시자연공원-사방댐,37.56302,127.09658
비상벨,비상벨,서울특별시 광진구 용마도시자연공원-산불장비,37.56339,127.09635
비상벨,비상벨,서울특별시 광진구 용마도시자연공원-쌍용골,37.56416,127.09639
비상벨,비상벨,서울특별시 광진구 용마도시자연공원-유화교,37.56512,127.0974
비상벨,비상벨,서울특별시 광진구 용마도시자연공원-청용골,37.56605,127.0984
비상벨,비상벨,서울특별시 광진구 용마도시자연공원-마지막골,37.56649,127.09872
비상벨,비상벨,서울특별시 광진구 아차산생태공원-사무실,37.55303,127.09978
비상벨,비상벨,서울특별시 광진구 아차산생태공원-공원입구,37.55258,127.09969
비상벨,비상벨,서울특별시 광진구 아차산생태공원-소각장,37.55221,127.10066
비상벨,비상벨,서울특별시 광진구 아차산생태공원-다목적,37.55247,127.10064
비상벨,비상벨,서울특별시 광진구 아차산생태공원-생태자료,37.55179,127.10103
비상벨,비상벨,서울특별시 광진구 아차산생태공원-토요,37.55414,127.10133
비상벨,비상벨,서울특별시 광진구 아차산생태공원-고구려정1,37.55816,127.10236
비상벨,비상벨,서울특별시 광진구 아차산생태공원-고구려정2,37.55798,127.10261
비상벨,비상벨,서울특별시 광진구 아차산생태공원-공영주차,37.55168,127.10022
비상벨,비상벨,서울특별시 광진구 아차산생태공원-해맞이공원,37.55996,127.10157
비상벨,비상벨,서울특별시 광진구 중곡 4동 30-75,37.56602,127.08498
비상벨,비상벨,서울특별시 광진구 자양4동 547-16,37.53682,127.069
비상벨,비상벨,서울특별시 광진구 공원방범(아차산어울림광장1),37.55225,127.09979
비상벨,비상벨,서울특별시 광진구 공원방범(아차산어울림광장2),37.55179,127.10084
비상벨,비상벨,서울특별시 광진구 영화사로107,37.55535,127.09849
비상벨,비상벨,서울특별시 광진구 구의동3-11,37.55318,127.10115
비상벨,비상벨,서울특별시 광진구 천호대로 717-18,37.54934,127.09481
비상벨,비상벨,서울특별시 광진구 광장동 5-113,37.55223,127.10375
비상벨,비상벨,서울특별시 광진구 자양로13다길 34,37.53297,127.07834
비상벨,비상벨,서울특별시 광진구 자양동 553-22,37.53512,127.06822
비상벨,비상벨,서울특별시 광진구 영화사로 139,37.55218,127.10131
비상벨,비상벨,서울특별시 광진구 광나루로 389,37.5475,127.07347
비상벨,비상벨,서울특별시 광진구 구의동 624-1,37.5324,127.09218
비상벨,비상벨,서울특별시 광진구 광나루로52길 12,37.54135,127.09448
비상벨,비상벨,서울특별시 광진구 광나루로56길 86,37.53692,127.09502
비상벨,비상벨,서울특별시 광진구 중곡동 68-19,37.55903,127.091
비상벨,비상벨,서울특별시 광진구 광장동 378-76,37.55025,127.10119
비상벨,비상벨,서울특별시 광진구 자양로42길 44,37.54832,127.09216
비상벨,비상벨,서울특별시 광진구 구의강변로 69,37.53804,127.09237
비상벨,비상벨,서울특별시 광진구 동일로28길 16,37.54655,127.06769
비상벨,비상벨,서울특별시 광진구 중곡1동 248-29,37.56272,127.07687
비상벨,비상벨,서울특별시 광진구 능동 237-3,37.55531,127.08359
비상벨,비상벨,서울특별시 광진구 구의2동 612-35,37.54817,127.08566
비상벨,비상벨,서울특별시 광진구 화양동 523-2,37.54508,127.07627
비상벨,비상벨,서울특별시 광진구 중곡4동 72-122,37.56103,127.09553
비상벨,비상벨,서울특별시 광진구 광장동 236-1,37.54308,127.10213
비상벨,비상벨,서울특별시 광진구 자양2동 813-1,37.52995,127.08908
비상벨,비상벨,서울특별시 광진구 군자동 340-10,37.55272,127.07022
비상벨,비상벨,서울특별시 광진구 자양1동 231-63,37.53635,127.07986
비상벨,비상벨,서울특별시 광진구 구의3동 624-5,37.53103,127.09197
비상벨,비상벨,서울특별시 광진구 강변역로 40-2,37.53613,127.09466
비상벨,비상벨,서울특별시 광진구 광장동 516-2,37.54163,127.09615
비상벨,비상벨,서울특별시 광진구 천호대로 717-18,37.54913,127.09393
비상벨,비상벨,서울특별시 광진구 천호대로 717-18,37.54916,127.09446
비상벨,비상벨,서울특별시 광진구 자양1동 859-1,37.53845,127.08144
비상벨,비상벨,서울특별시 광진구 영화사로 139,37.55215,127.10267
비상벨,비상벨,서울특별시 광진구 광장동 5-112,37.55226,127.10307
비상벨,비상벨,서울특별시 광진구 광장동 5-143,37.55193,127.10432
비상벨,비상벨,서울특별시 광진구 광장동 5-112,37.55261,127.10373
비상벨,비상벨,서울특별시 광진구 광장동 5-112,37.55316,127.10352
비상벨,비상벨,서울특별시 광진구 광장동 5-112,37.55383,127.10405
비상벨,비상벨,서울특별시 광진구 광장동 5-112,37.55435,127.10407
비상벨,비상벨,서울특별시 광진구 구의동 3,37.55312,127.10055
비상벨,비상벨,서울특별시 광진구 광장동 5-127,37.55287,127.10095
비상벨,비상벨,서울특별시 광진구 광장동 5-124,37.55293,127.10112
비상벨,비상벨,서울특별시 광진구 영화사로 107,37.55481,127.09803
비상벨,비상벨,서울특별시 광진구 구의동 3-3,37.55611,127.09823
비상벨,비상벨,서울특별시 광진구 구의동 3-3,37.55614,127.09762
비상벨,비상벨,서울특별시 광진구 구의동 3-3,37.55633,127.09678
비상벨,비상벨,서울특별시 광진구 구의동 3-3,37.55646,127.09633
비상벨,비상벨,서울특별시 광진구 중곡동 143-141,37.55663,127.09605
비상벨,비상벨,서울특별시 광진구 구의동 3-3,37.55673,127.09676
비상벨,비상벨,서울특별시 광진구 중곡동 143-141,37.55669,127.0957
비상벨,비상벨,서울특별시 광진구 중곡동 143-119,37.56185,127.09081
비상벨,비상벨,서울특별시 광진구 용마산로22길 26,37.56289,127.09128
비상벨,비상벨,서울특별시 광진구 중곡동 176-122,37.56814,127.09012
비상벨,비상벨,서울특별시 광진구 중곡동 176-122,37.56811,127.09044
비상벨,비상벨,서울특별시 광진구 중곡동 176-122,37.56787,127.09047
비상벨,비상벨,서울특별시 광진구 중곡동 176-112,37.56759,127.08988
비상벨,비상벨,서울특별시 광진구 구의동 3-17,37.55537,127.09911
비상벨,비상벨,서울특별시 광진구 구의동 3-17,37.55511,127.0997
비상벨,비상벨,서울특별시 광진구 구의동 3-17,37.5549,127.10037
비상벨,비상벨,서울특별시 광진구 구의동 3-17,37.55492,127.10072
비상벨,비상벨,서울특별시 광진구 아차산로25길 27,37.54274,127.06706
비상벨,비상벨,서울특별시 광진구 아차산로59길 49,37.54056,127.09067
비상벨,비상벨,서울특별시 광진구 중곡동 176-133,37.56843,127.09003
비상벨,비상벨,서울특별시 광진구 중곡동 143-146,37.56276,127.0964
비상벨,비상벨,서울특별시 광진구 중곡동 143-146,37.56373,127.09699
비상벨,비상벨,서울특별시 광진구 광장동 5-117,37.55186,127.10188
비상벨,비상벨,서울특별시 광진구 광장동 5-117,37.55189,127.10278
비상벨,비상벨,서울특별시 광진구 광장동 5-115,37.55196,127.10315
비상벨,비상벨,서울특별시 광진구 광장동 5-125,37.55223,127.10206
비상벨,비상벨,서울특별시 광진구 광장동 5-123,37.55254,127.10256
비상벨,비상벨,서울특별시 광진구 광장동 5-124,37.55278,127.10169
비상벨,비상벨,서울특별시 광진구 구의동 3-10,37.55336,127.10222
비상벨,비상벨,서울특별시 광진구 구의동 3-12,37.55387,127.10315
비상벨,비상벨,서울특별시 광진구 구의동 3-10,37.55496,127.10399
비상벨,비상벨,서울특별시 광진구 구의동 3-10,37.55604,127.1044
비상벨,비상벨,서울특별시 광진구 구의동 3-8,37.55713,127.10433
비상벨,비상벨,서울특별시 광진구 동일로76나길 20,37.56844,127.08026
비상벨,비상벨,서울특별시 광진구 동일로76나길 20,37.56843,127.08038
비상벨,비상벨,서울특별시 광진구 구의동 3-8,37.55601,127.10272
비상벨,비상벨,서울특별시 광진구 구의동 3-8,37.55694,127.10302
비상벨,비상벨,서울특별시 광진구 구의동 3-3,37.55783,127.1039
비상벨,비상벨,서울특별시 광진구 구의동 3-3,37.55908,127.10237
비상벨,비상벨,서울특별시 광진구 아차산로 400,37.53662,127.08717
비상벨,비상벨,서울특별시 광진구 아차산로 400,37.53695,127.08706
비상벨,비상벨,서울특별시 광진구 아차산로 400,37.53746,127.08826
비상벨,비상벨,서울특별시 광진구 아차산로 400,37.53748,127.08901
비상벨,비상벨,서울특별시 광진구 광나루로36길 9-9,37.5444,127.08733
비상벨,비상벨,서울특별시 광진구 구의로9길 15,37.54236,127.08815
비상벨,비상벨,서울특별시 광진구 자양로38길 17-7,37.54731,127.08919
비상벨,비상벨,서울특별시 광진구 동일로52길 11-13,37.55528,127.07219
비상벨,비상벨,서울특별시 광진구 천호대로116길 97,37.55263,127.08133
비상벨,비상벨,서울특별시 광진구 천호대로110길 8,37.55636,127.08009
비상벨,비상벨,서울특별시 광진구 능동로34길 11-19,37.55545,127.08079
비상벨,비상벨,서울특별시 광진구 천호대로112길 53,37.55388,127.0803
비상벨,비상벨,서울특별시 광진구 능동로36길 87,37.55472,127.08384
비상벨,비상벨,서울특별시 광진구 천호대로116길 36,37.55368,127.08338
비상벨,비상벨,서울특별시 광진구 능동로32길 106-13,37.55274,127.08369
비상벨,비상벨,서울특별시 광진구 능동로36길 141,37.55361,127.08652
비상벨,비상벨,서울특별시 광진구 천호대로118길 33-17,37.55296,127.08555
비상벨,비상벨,서울특별시 광진구 능동로32길 139,37.55272,127.08575
비상벨,비상벨,서울특별시 광진구 천호대로122길 33,37.55209,127.08765
비상벨,비상벨,서울특별시 광진구 능동로30길 8,37.5541,127.07856
비상벨,비상벨,서울특별시 광진구 능동로24길 23,37.55199,127.07818
비상벨,비상벨,서울특별시 광진구 능동로32길 12,37.55523,127.07916
비상벨,비상벨,서울특별시 광진구 능동로30길 38,37.55321,127.07942
비상벨,비상벨,서울특별시 광진구 능동로43길 37-16,37.56143,127.07937
비상벨,비상벨,서울특별시 광진구 천호대로125길 58,37.55706,127.08731
비상벨,비상벨,서울특별시 광진구 용마산로5길 40-22,37.55849,127.08544
비상벨,비상벨,서울특별시 광진구 능동로 386-16,37.56299,127.08316
비상벨,비상벨,서울특별시 광진구 용마산로21길 23,37.5637,127.08589
비상벨,비상벨,서울특별시 광진구 동일로74길 31,37.56674,127.07984
비상벨,비상벨,서울특별시 광진구 능동로51길 37-10,37.56609,127.08193
비상벨,비상벨,서울특별시 광진구 능동로51길 19-8,37.56597,127.08305
비상벨,비상벨,서울특별시 광진구 능동로51길 25-12,37.56569,127.08242
비상벨,비상벨,서울특별시 광진구 용마산로27길 28,37.56662,127.08543
비상벨,비상벨,서울특별시 광진구 용마산로8길 66,37.55946,127.09137
비상벨,비상벨,서울특별시 광진구 긴고랑로42길 3-28,37.55893,127.09438
비상벨,비상벨,서울특별시 광진구 용마산로36길 28-10,37.57042,127.08788
비상벨,비상벨,서울특별시 광진구 용마산로36길 22,37.57082,127.0875
비상벨,비상벨,서울특별시 광진구 긴고랑로47길 19,37.5619,127.09556
비상벨,비상벨,서울특별시 광진구 긴고랑로49길 27,37.56104,127.09502
비상벨,비상벨,서울특별시 광진구 긴고랑로42길 3-8,37.55871,127.0934
비상벨,비상벨,서울특별시 광진구 긴고랑로42길 3-15,37.55879,127.0941
비상벨,비상벨,서울특별시 광진구 동일로24길 80-5,37.54254,127.06935
비상벨,비상벨,서울특별시 광진구 광나루로30다길 30,37.54285,127.08303
비상벨,비상벨,서울특별시 광진구 천호대로136길 43,37.5478,127.09027
비상벨,비상벨,서울특별시 광진구 천호대로136길 13,37.54879,127.09141
비상벨,비상벨,서울특별시 광진구 천호대로136길 64,37.54719,127.08952
비상벨,비상벨,서울특별시 광진구 아차산로42길 16,37.53693,127.07894
비상벨,비상벨,서울특별시 광진구 용마산로5길 40,37.55752,127.08559
비상벨,비상벨,서울특별시 광진구 동일로74길 15,37.56701,127.07892
비상벨,비상벨,서울특별시 광진구 천호대로 548,37.55704,127.07914
비상벨,비상벨,서울특별시 광진구 천호대로 661,37.55215,127.0899
비상벨,비상벨,서울특별시 광진구 자양로3길 7,37.53086,127.08643
비상벨,비상벨,서울특별시 광진구 능동로 10,37.53214,127.06722
비상벨,비상벨,서울특별시 광진구 능동로 110,37.54006,127.07096
비상벨,비상벨,서울특별시 광진구 아차산로 383,37.53714,127.08541
비상벨,비상벨,서울특별시 광진구 광나루로 377-2,37.54784,127.07433
비상벨,비상벨,서울특별시 광진구 천호대로 549,37.55741,127.07946
비상벨,비상벨,서울특별시 광진구 능동로 419,37.56643,127.08435
비상벨,비상벨,서울특별시 광진구 동일로 419,37.56832,127.07829
비상벨,비상벨,서울특별시 광진구 동일로 403,37.56659,127.07726
비상벨,비상벨,서울특별시 광진구 중곡3동 485-7,37.56727,127.07705
비상벨,비상벨,서울특별시 광진구 아차산로 397,37.53745,127.08674
비상벨,비상벨,서울특별시 광진구 아차산로 236,37.54018,127.06944
비상벨,비상벨,서울특별시 광진구 광나루로 389,37.54753,127.07397
비상벨,비상벨,서울특별시 광진구 아차산로 370,37.53645,127.08385
비상벨,비상벨,서울특별시 광진구 능동로 120-1,37.53974,127.07188
비상벨,비상벨,서울특별시 광진구 능동로 90,37.53899,127.07045
비상벨,비상벨,서울특별시 광진구 자양4동 72-1,37.53192,127.06629
비상벨,비상벨,서울특별시 광진구 천호대로 556,37.55688,127.07959
비상벨,비상벨,서울특별시 광진구 강변역로 53,37.53586,127.09434
비상벨,비상벨,서울특별시 광진구 화양동 4-14,37.54098,127.07155
비상벨,비상벨,서울특별시 광진구 아차산로 563,37.54378,127.10308
비상벨,비상벨,서울특별시 광진구 능동로 90,37.5392,127.07035
비상벨,비상벨,서울특별시 광진구 아차산로 361,37.53672,127.08335
비상벨,비상벨,서울특별시 광진구 자양로 117,37.53834,127.08327
비상벨,비상벨,서울특별시 광진구 광장동 401-33,37.54642,127.10139
비상벨,비상벨,서울특별시 광진구 중곡동 30-51,37.56596,127.08454
비상벨,비상벨,서울특별시 광진구 아차산로 355,37.53702,127.08216
비상벨,비상벨,서울특별시 광진구 자양로 59-2,37.53298,127.08483
비상벨,비상벨,서울특별시 광진구 뚝섬로46길 64,37.5304,127.07492
비상벨,비상벨,서울특별시 광진구 능동로 172,37.54603,127.0737
비상벨,비상벨,서울특별시 광진구 능동로 295-2,37.55631,127.0788
비상벨,비상벨,서울특별시 광진구 면목로 98,37.56243,127.07947
비상벨,비상벨,서울특별시 광진구 광장로1길 27 (광장동),37.54795,127.10102
비상벨,비상벨,서울특별시 광진구 아차산로70길 62 (광장동),37.5416,127.10094
비상벨,비상벨,서울특별시 광진구 아차산로70길 35 (광장동),37.54205,127.10177
비상벨,비상벨,"서울특별시 광진구 아차산로 503-23 (광장동, 청구아파트)",37.54345,127.09653
비상벨,비상벨,"서울특별시 광진구 아차산로 503-23 (광장동 ), 워커힐로 13 건너편",37.5433,127.09551
비상벨,비상벨,서울특별시 광진구 아차산로73길 48 (광장동),37.54683,127.10224
비상벨,비상벨,서울특별시 광진구 광장로3길 19 (광장동),37.54788,127.10277
비상벨,비상벨,서울특별시 광진구 아차산로69길 29 (광장동),37.54399,127.09728
비상벨,비상벨,서울특별시 광진구 아차산로 511 (광장동),37.54215,127.09821
비상벨,비상벨,"서울특별시 광진구 아차산로70길 61 (광장동), 아차산로70길 17-62 광남중",37.54018,127.10219
비상벨,비상벨,"서울특별시 광진구 아차산로70길 61 (광장동, 광장현대아파트)",37.54063,127.1
비상벨,비상벨,서울특별시 광진구 광나루로38길 73 (구의동),37.54174,127.08724
비상벨,비상벨,서울특별시 광진구 광나루로30다길 3 (구의동),37.5434,127.0815
비상벨,비상벨,서울특별시 광진구 자양로23가길 16 (구의동),37.54212,127.08166
비상벨,비상벨,서울특별시 광진구 자양로23길 21 (구의동),37.54171,127.08243
비상벨,비상벨,서울특별시 광진구 영화사로 105 (구의동),37.55396,127.09782
비상벨,비상벨,서울특별시 광진구 워커힐로 93 (구의동),37.55029,127.09654
비상벨,비상벨,서울특별시 광진구 천호대로130길 26 (구의동),37.55067,127.08879
비상벨,비상벨,서울특별시 광진구 자양로 247 (구의동),37.54865,127.089
비상벨,비상벨,서울특별시 광진구 영화사로 77-1 (구의동),37.55471,127.0947
비상벨,비상벨,서울특별시 광진구 영화사로 98-1 (구의동),37.55441,127.09686
비상벨,비상벨,"서울특별시 광진구 자양로50길 53 (구의동, 남광하이츠빌라)",37.55267,127.09534
비상벨,비상벨,"서울특별시 광진구 자양로50길 79 (구의동, 유진아트빌라)",37.55291,127.09677
비상벨,비상벨,서울특별시 광진구 자양로52길 21-19 (구의동),37.55354,127.09498
비상벨,비상벨,서울특별시 광진구 자양로52길 3-9 (구의동),37.5537,127.09394
비상벨,비상벨,서울특별시 광진구 자양로50길 13 (구의동),37.55215,127.09313
비상벨,비상벨,서울특별시 광진구 구의2동 613-38,37.54902,127.08716
비상벨,비상벨,서울특별시 광진구 구의강변로3길 19 (구의동),37.53604,127.09105
비상벨,비상벨,"서울특별시 광진구 구의강변로 84 (구의동, 세양아파트)",37.53708,127.0938
비상벨,비상벨,서울특별시 광진구 구의강변로 86 세양아파트 입구,37.53805,127.09368
비상벨,비상벨,서울특별시 광진구 구의3동 215-10 교통섬,37.53722,127.0934
비상벨,비상벨,서울특별시 광진구 광나루로44길 32 (구의동),37.54273,127.09124
비상벨,비상벨,서울특별시 광진구 아차산로 426 (구의동),37.53792,127.08953
비상벨,비상벨,서울특별시 광진구 강변역로2길 18 (구의동),37.5373,127.09119
비상벨,비상벨,"서울특별시 광진구 구의강변로3가길 24 (구의동, 동서울빌라)",37.53666,127.09179
비상벨,비상벨,서울특별시 광진구 구의강변로 69 구남초교 정문 앞,37.53711,127.09293
비상벨,비상벨,서울특별시 광진구 구의강변로 35 (구의동),37.53398,127.09151
비상벨,비상벨,서울특별시 광진구 광나루로56길 5 (구의동),37.53881,127.09805
비상벨,비상벨,서울특별시 광진구 영화사로 111 (구의동),37.55349,127.09944
비상벨,비상벨,서울특별시 광진구 구의로4길 15 (구의동),37.5401,127.09062
비상벨,비상벨,서울특별시 광진구 광나루로 532 (구의동),37.54483,127.08837
비상벨,비상벨,서울특별시 광진구 아차산로 435 강변SK뷰 교통섬,37.53822,127.09068
비상벨,비상벨,"서울특별시 광진구 영화사로 87-1 (구의동, 동성주택)",37.55491,127.09584
비상벨,비상벨,서울특별시 광진구 천호대로134길 2 (구의동),37.54921,127.09081
비상벨,비상벨,서울특별시 광진구 능동로 209 (군자동),37.5529,127.07235
비상벨,비상벨,서울특별시 광진구 면목로 20 (군자동),37.55585,127.07581
비상벨,비상벨,서울특별시 광진구 군자로12길 45 (군자동),37.55221,127.07252
비상벨,비상벨,서울특별시 광진구 동일로52길 27 (군자동),37.55433,127.07298
비상벨,비상벨,"서울특별시 광진구 동일로52길 10 (군자동, 파인하우스)",37.55474,127.07157
비상벨,비상벨,서울특별시 광진구 군자로 127 세종대 기숙사 코너,37.55368,127.07347
비상벨,비상벨,서울특별시 광진구 동일로 222 (군자동),37.55162,127.06948
비상벨,비상벨,서울특별시 광진구 군자로 70 화양슈퍼 코너,37.54971,127.07093
비상벨,비상벨,서울특별시 광진구 군자로 74 (군자동),37.55105,127.07162
비상벨,비상벨,서울특별시 광진구 천호대로102길 36 (군자동),37.55754,127.07347
비상벨,비상벨,서울특별시 광진구 천호대로 664 (능동),37.54943,127.08758
비상벨,비상벨,서울특별시 광진구 천호대로114길 25 (능동),37.55458,127.0824
비상벨,비상벨,서울특별시 광진구 자양로23길 7 (자양동),37.54132,127.08317
비상벨,비상벨,서울특별시 광진구 아차산로 344 (자양동),37.53709,127.08071
비상벨,비상벨,서울특별시 광진구 아차산로44길 36 (자양동),37.53645,127.07894
비상벨,비상벨,서울특별시 광진구 자양로 61,37.53325,127.08471
비상벨,비상벨,서울특별시 광진구 자양번영로 32,37.53259,127.07558
비상벨,비상벨,서울특별시 광진구 자양번영로6길 20 (자양동),37.53226,127.07681
비상벨,비상벨,"서울특별시 광진구 자양로6길 40 (자양동, 대양샤인빌)",37.53241,127.08897
비상벨,비상벨,"서울특별시 광진구 뚝섬로62길 47 (자양동, 효성맨션)",37.53084,127.0886
비상벨,비상벨,"서울특별시 광진구 자양강변길 297 (자양동, 신호빌라트)",37.5298,127.07477
비상벨,비상벨,서울특별시 광진구 자양번영로4길 42-22 (자양동),37.53011,127.07731
비상벨,비상벨,서울특별시 광진구 뚝섬로 656 성자초교앞 사거리,37.53144,127.08257
비상벨,비상벨,서울특별시 광진구 뚝섬로58길 13 노인보호센터 앞,37.53134,127.08443
비상벨,비상벨,서울특별시 광진구 자양로5길 33 (자양동,37.53112,127.08394
비상벨,비상벨,서울특별시 광진구 자양로5길 33 (자양동,37.53061,127.08385
비상벨,비상벨,서울특별시 광진구 자양로6길 8 (자양동),37.53198,127.08639
비상벨,비상벨,"서울특별시 광진구 뚝섬로62길 33-8 (자양동, 목화맨션)",37.53183,127.0884
비상벨,비상벨,서울특별시 광진구 자양로4길 63,37.53352,127.09021
비상벨,비상벨,서울특별시 광진구 뚝섬로40길 12 (자양동),37.53355,127.07302
비상벨,비상벨,서울특별시 광진구 능동로 42 (자양동),37.53453,127.0683
비상벨,비상벨,서울특별시 광진구 뚝섬로 585 (자양동),37.53355,127.07487
비상벨,비상벨,서울특별시 광진구 뚝섬로35길 16-20 (자양동),37.53531,127.07138
비상벨,비상벨,서울특별시 광진구 뚝섬로 561 (자양동),37.53451,127.07179
비상벨,비상벨,서울특별시 광진구 능동로4길 88 (자양동),37.53085,127.07147
비상벨,비상벨,서울특별시 광진구 능동로 42 신양초교 후문입구,37.53481,127.07009
비상벨,비상벨,서울특별시 광진구 동일로4길 51 (자양동),37.53596,127.06357
비상벨,비상벨,서울특별시 광진구 동일로4가길 2 (자양동),37.53625,127.06223
비상벨,비상벨,서울특별시 광진구 뚝섬로 476 (자양동),37.53666,127.06322
비상벨,비상벨,서울특별시 광진구 뚝섬로23길 44 (자양동),37.53715,127.06589
비상벨,비상벨,서울특별시 광진구 능동로5길 17 (자양동),37.53681,127.06675
비상벨,비상벨,서울특별시 광진구 뚝섬로64길 71 (자양동),37.53025,127.08919
비상벨,비상벨,서울특별시 광진구 뚝섬로46길 74 (자양동),37.52937,127.07592
비상벨,비상벨,서울특별시 광진구 아차산로 326 (자양동),37.53748,127.0792
비상벨,비상벨,서울특별시 광진구 자양로 43 (자양동),37.53191,127.08563
비상벨,비상벨,서울특별시 광진구 긴고랑로13길 10 (중곡동),37.56313,127.08197
비상벨,비상벨,서울특별시 광진구 긴고랑로 51 (중곡동),37.5626,127.08206
비상벨,비상벨,서울특별시 광진구 능동로49길 9 (중곡동),37.56445,127.08273
비상벨,비상벨,서울특별시 광진구 동일로72길 34 (중곡동),37.56564,127.07955
비상벨,비상벨,서울특별시 광진구 긴고랑로22길 29,37.55984,127.08381
비상벨,비상벨,서울특별시 광진구 천호대로113길 50-4 (중곡동),37.55926,127.08417
비상벨,비상벨,서울특별시 광진구 용마산로 111 (중곡동),37.56347,127.08679
비상벨,비상벨,서울특별시 광진구 용마산로5길 27 (중곡동),37.55759,127.08654
비상벨,비상벨,서울특별시 광진구 용마산로 47 (중곡동),37.55783,127.08777
비상벨,비상벨,서울특별시 광진구 용마산로1길 65 (중곡동),37.55595,127.08486
비상벨,비상벨,서울특별시 광진구 용마산로3길 57 (중곡동),37.55645,127.08508
비상벨,비상벨,서울특별시 광진구 용마산로3길 57 (중곡동),37.55867,127.08383
비상벨,비상벨,서울특별시 광진구 용마산로3길 57 (중곡동),37.55777,127.08332
비상벨,비상벨,서울특별시 광진구 천호대로111길 41 (중곡동),37.5581,127.08281
비상벨,비상벨,서울특별시 광진구 동일로80길 13 (중곡동),37.5704,127.08059
비상벨,비상벨,"서울특별시 광진구 능동로53길 13 (중곡동, 정인주택)",37.56658,127.08385
비상벨,비상벨,서울특별시 광진구 동일로80길 24 (중곡동),37.5702,127.08117
비상벨,비상벨,서울특별시 광진구 동일로72길 23-5 (중곡동),37.56604,127.07916
비상벨,비상벨,"서울특별시 광진구 동일로72길 17 (중곡동, 중곡아파트)",37.56606,127.07838
비상벨,비상벨,"서울특별시 광진구 긴고랑로7길 60 (중곡동, 주원그린빌)",37.56604,127.0805
비상벨,비상벨,서울특별시 광진구 동일로 399 (중곡동),37.56635,127.07749
비상벨,비상벨,서울특별시 광진구 답십리로78길 11 (중곡동),37.57107,127.08138
비상벨,비상벨,서울특별시 광진구 동일로 462 (중곡동),37.57162,127.08024
비상벨,비상벨,서울특별시 광진구 동일로 452-1 (중곡동),37.57057,127.07999
비상벨,비상벨,서울특별시 광진구 용마산로 191 (중곡동),37.57086,127.08603
비상벨,비상벨,서울특별시 광진구 긴고랑로 136 (중곡동),37.55909,127.09011
비상벨,비상벨,서울특별시 광진구 용마산로8가길 80 (중곡동),37.56227,127.0885
비상벨,비상벨,서울특별시 광진구 용마산로28길 62 (중곡동),37.5671,127.08966
비상벨,비상벨,서울특별시 광진구 용마산로22길 76 (중곡동),37.56539,127.08844
비상벨,비상벨,서울특별시 광진구 용마산로 128 (중곡동) 원방빌딩,37.56523,127.087
비상벨,비상벨,서울특별시 광진구 용마산로22길 24 (중곡동),37.56372,127.08848
비상벨,비상벨,서울특별시 광진구 용마산로30길 17 (중곡동),37.56876,127.08682
비상벨,비상벨,서울특별시 광진구 긴고랑로 152 (중곡동),37.55865,127.09167
비상벨,비상벨,서울특별시 광진구 용마산로6길 13 (중곡동),37.55744,127.08874
비상벨,비상벨,서울특별시 광진구 동일로80길 34 (중곡동),37.57008,127.08177
비상벨,비상벨,서울특별시 광진구 용마산로28길 43 (중곡동),37.56741,127.0886
비상벨,비상벨,서울특별시 광진구 아차산로21길 47 (화양동),37.54403,127.0659
비상벨,비상벨,서울특별시 광진구 군자로 18 (화양동),37.54501,127.07124
비상벨,비상벨,서울특별시 광진구 광나루로30길 49 (화양동),37.54311,127.08135
비상벨,비상벨,서울특별시 광진구 능동로13길 15 (화양동),37.54284,127.07099
비상벨,비상벨,서울특별시 광진구 군자로 27 (화양동),37.54567,127.07065
비상벨,비상벨,서울특별시 광진구 광나루로 448 (화양동),37.54539,127.07905
비상벨,비상벨,서울특별시 광진구 능동로 145 (화양동),37.54362,127.07222
비상벨,비상벨,서울특별시 광진구 아차산로21길 15 (화양동),37.54356,127.06563
비상벨,비상벨,서울특별시 광진구 아차산로 191 (화양동),37.54248,127.06512
비상벨,비상벨,서울특별시 광진구 자양로40길 53 (구의동),37.54685,127.09174
비상벨,비상벨,서울특별시 광진구 뚝섬로 52길,37.53181,127.08409
비상벨,비상벨,서울특별시 광진구 아차산로58길 47 (구의동),37.53569,127.08928
비상벨,비상벨,서울특별시 광진구 뚝섬로 741 (구의동),37.53442,127.09111
비상벨,비상벨,서울특별시 광진구 아차산로 44가길 5,37.53629,127.0797
비상벨,비상벨,서울특별시 광진구 자양로 219,37.54691,127.08703
비상벨,비상벨,서울특별시 광진구 자양로23길 79,37.54379,127.08379
비상벨,비상벨,서울특별시 광진구 자양로23길 79,37.53037,127.0905
비상벨,비상벨,서울특별시 광진구 자양로43길 115,37.55547,127.08903
비상벨,비상벨,서울특별시 광진구 자양로41길 20,37.54998,127.08957
비상벨,비상벨,서울특별시 광진구 광나루로15길 23,37.54908,127.06954
비상벨,비상벨,서울특별시 광진구 군자로 142,37.55421,127.07517
비상벨,비상벨,서울특별시 광진구 구의강변로 96,37.5391,127.09406
비상벨,비상벨,서울특별시 광진구 뚝섬로46길 64 (자양동),37.5303,127.07621
비상벨,비상벨,서울특별시 광진구 천호대로140길 40 (광장동),37.54428,127.10024
비상벨,비상벨,서울특별시 광진구 뚝섬로 41길 33,37.53493,127.07531
비상벨,비상벨,서울특별시 광진구 긴고랑로13길 69 (중곡동),37.56547,127.08318
비상벨,비상벨,서울특별시 광진구 긴고랑로9길 40 (중곡동),37.56531,127.08172
비상벨,비상벨,서울특별시 광진구 자양로38길 55 (구의동),37.54674,127.09055
비상벨,비상벨,서울특별시 광진구 아차산로70길 17-21,37.54106,127.1033
비상벨,비상벨,서울특별시 광진구 광나루로40길 80-4 (구의동),37.54129,127.08875
비상벨,비상벨,서울특별시 광진구 광나루로30나길 17 (구의동),37.54358,127.08268
비상벨,비상벨,서울특별시 광진구 구의로16길 68 (구의동),37.54235,127.09358
비상벨,비상벨,서울특별시 광진구 능동로32길 67 (능동),37.55414,127.08212
비상벨,비상벨,서울특별시 광진구 자양로9길 32 (자양동),37.5336,127.08278
비상벨,비상벨,서울특별시 광진구 자양번영로6길 67 (자양동),37.53159,127.07932
비상벨,비상벨,서울특별시 광진구 능동로4길 51 (자양동),37.53218,127.0701
비상벨,비상벨,서울특별시 광진구 긴고랑로4길 30 (중곡동) 도로명 주소 X,37.5625,127.07705
비상벨,비상벨,서울특별시 광진구 면목로 53 (중곡동),37.55889,127.0773
비상벨,비상벨,서울특별시 광진구 천호대로109길 13 (중곡동),37.5575,127.08104
비상벨,비상벨,서울특별시 광진구 능동로51길 37-1 (중곡동),37.56647,127.08204
비상벨,비상벨,서울특별시 광진구 광나루로 18길 21 (화양동),37.54675,127.07203
비상벨,비상벨,서울특별시 광진구 아차산로 384-1,37.5377,127.0879
비상벨,비상벨,서울특별시 광진구 자양로39길 19 (구의동),37.54917,127.08833
비상벨,비상벨,서울특별시 광진구 광나루로56길 34 (구의동),37.53921,127.09525
비상벨,비상벨,서울특별시 광진구 능동로 32길 145,37.5525,127.086
비상벨,비상벨,서울특별시 광진구 뚝섬로52길 74 (자양동),37.52986,127.07848
비상벨,비상벨,서울특별시 광진구 뚝섬로56길 7 (자양동),37.53089,127.08265
비상벨,비상벨,서울특별시 광진구 능동로 42 (자양동),37.53522,127.06863
비상벨,비상벨,서울특별시 광진구 용마산로3길 104 (중곡동),37.5575,127.08256
비상벨,비상벨,서울특별시 광진구 천호대로113길 10,37.55807,127.08509
비상벨,비상벨,서울특별시 광진구 동일로72길 43 (중곡동),37.56544,127.08013
비상벨,비상벨,"서울특별시 광진구 용마산로22길 19-34 (중곡동, 삼보드림빌)",37.56533,127.08794
비상벨,비상벨,서울특별시 광진구 뚝섬로 561,37.5361,127.07356
비상벨,비상벨,"서울특별시 광진구 자양로42길 53 (구의동, 광진로얄빌라)",37.5482,127.09302
비상벨,비상벨,서울특별시 광진구 능동로6길 16 학교 정문 앞,37.53434,127.06896
비상벨,비상벨,서울특별시 광진구 자양번영로 12 (자양동),37.53057,127.07501
비상벨,비상벨,서울특별시 광진구 군자로 70 두산위브 앞,37.54883,127.07078
비상벨,비상벨,서울특별시 광진구 아차산로76길 19 (광장동),37.54747,127.10795
비상벨,비상벨,서울특별시 광진구 아차산로69길,37.54275,127.09831
비상벨,비상벨,서울특별시 광진구 아차산로 200 (자양동),37.54094,127.06606
비상벨,비상벨,서울특별시 광진구 뚝섬로 716 (자양동),37.53367,127.08823
비상벨,비상벨,서울특별시 광진구 구의강변로 11,37.53241,127.0902
비상벨,비상벨,서울특별시 광진구 자양로40길 41 (구의동),37.54751,127.09079
비상벨,비상벨,서울특별시 광진구 구의로 7,37.53876,127.08923
가로등,가로등,,37.5395131,127.0700084
가로등,가로등,,37.5408526,127.0662875
가로등,가로등,,37.5716952,127.0795179
가로등,가로등,,37.5702178,127.0791525
가로등,가로등,,37.5700532,127.0790855
가로등,가로등,,37.5697761,127.0791182
가로등,가로등,,37.5698095,127.0789934
가로등,가로등,,37.5696492,127.0789349
가로등,가로등,,37.5695116,127.0788734
가로등,가로등,,37.5693761,127.0788005
가로등,가로등,,37.5692655,127.0787503
가로등,가로등,,37.5691279,127.0786916
가로등,가로등,,37.5689068,127.0785683
가로등,가로등,,37.5686831,127.0784422
가로등,가로등,,37.5715306,127.0794905
가로등,가로등,,37.5685228,127.0783468
가로등,가로등,,37.5683873,127.0782768
가로등,가로등,,37.5682406,127.0782011
가로등,가로등,,37.5681389,127.0781281
가로등,가로등,,37.5680604,127.0782276
가로등,가로등,,37.5680576,127.0780776
가로등,가로등,,37.5680301,127.0779561
가로등,가로등,,37.5678431,127.0779571
가로등,가로등,,37.5676569,127.0778623
가로등,가로등,,37.567527,127.0777748
가로등,가로등,,37.5673847,127.0776851
가로등,가로등,,37.5672323,127.0776043
가로등,가로등,,37.5713389,127.0794548
가로등,가로등,,37.5670392,127.077503
가로등,가로등,,37.5671135,127.0774771
가로등,가로등,,37.5668541,127.077405
가로등,가로등,,37.5667276,127.0773349
가로등,가로등,,37.5665695,127.0772367
가로등,가로등,,37.5664129,127.0772353
가로등,가로등,,37.5664139,127.077164
가로등,가로등,,37.5662897,127.0771052
가로등,가로등,,37.5660436,127.0769594
가로등,가로등,,37.5658743,127.0768811
가로등,가로등,,37.5657162,127.0767914
가로등,가로등,,37.5655231,127.0766826
가로등,가로등,,37.5711675,127.0794161
가로등,가로등,,37.5653865,127.0765839
가로등,가로등,,37.5652149,127.0764858
가로등,가로등,,37.5650707,127.0764271
가로등,가로등,,37.5649293,127.0763378
가로등,가로등,,37.5648177,127.0763209
가로등,가로등,,37.564761,127.076225
가로등,가로등,,37.5646417,127.0762653
가로등,가로등,,37.5646206,127.0760447
가로등,가로등,,37.5644954,127.0759864
가로등,가로등,,37.5643431,127.0759189
가로등,가로등,,37.5710164,127.0793773
가로등,가로등,,37.5709081,127.0793497
가로등,가로등,,37.5708385,127.079418
가로등,가로등,,37.5707705,127.0793165
가로등,가로등,,37.5706306,127.0792635
가로등,가로등,,37.5704254,127.0792136
가로등,가로등,,37.5364994,127.0934021
가로등,가로등,,37.5350344,127.0930705
가로등,가로등,,37.5349291,127.0929448
가로등,가로등,,37.5347639,127.0927563
가로등,가로등,,37.5346395,127.0926028
가로등,가로등,,37.5346292,127.0923903
가로등,가로등,,37.5346501,127.0921839
가로등,가로등,,37.5346861,127.0919434
가로등,가로등,,37.5354965,127.0940414
가로등,가로등,,37.5353196,127.093943
가로등,가로등,,37.5362181,127.0935338
가로등,가로등,,37.5353016,127.0940603
가로등,가로등,,37.5351159,127.0941825
가로등,가로등,,37.5350063,127.0942681
가로등,가로등,,37.534882,127.0943677
가로등,가로등,,37.5346983,127.0945147
가로등,가로등,,37.5345143,127.0946626
가로등,가로등,,37.534344,127.0947854
가로등,가로등,,37.5359864,127.0936398
가로등,가로등,,37.5358111,127.0937539
가로등,가로등,,37.5356465,127.093789
가로등,가로등,,37.5355764,127.0937084
가로등,가로등,,37.5354437,127.0935507
가로등,가로등,,37.5353143,127.0933897
가로등,가로등,,37.5351455,127.0932008
가로등,가로등,,37.5361892,127.0939533
가로등,가로등,,37.5348478,127.0947778
가로등,가로등,,37.534659,127.0949005
가로등,가로등,,37.5345241,127.0950003
가로등,가로등,,37.5343399,127.0951372
가로등,가로등,,37.5345118,127.0953456
가로등,가로등,,37.5348064,127.0951601
가로등,가로등,,37.5350334,127.0950032
가로등,가로등,,37.5352089,127.0949117
가로등,가로등,,37.5353616,127.0947779
가로등,가로등,,37.535618,127.0946322
가로등,가로등,,37.5359721,127.0940756
가로등,가로등,,37.5357709,127.0945408
가로등,가로등,,37.5360474,127.094344
가로등,가로등,,37.5362812,127.0941758
가로등,가로등,,37.5357969,127.0941728
가로등,가로등,,37.5355988,127.0942842
가로등,가로등,,37.5354641,127.0943783
가로등,가로등,,37.535334,127.0944668
가로등,가로등,,37.5352346,127.0945494
가로등,가로등,,37.5350885,127.0946379
가로등,가로등,,37.534985,127.0947007
가로등,가로등,,37.5365167,127.094173
가로등,가로등,,37.5366842,127.0940689
가로등,가로등,,37.5368684,127.0939179
가로등,가로등,,37.5370427,127.0937221
가로등,가로등,,37.5372626,127.0935596
가로등,가로등,,37.5374027,127.0933294
가로등,가로등,,37.5372174,127.0938228
가로등,가로등,,37.537415,127.0936405
가로등,가로등,,37.5375988,127.0935201
가로등,가로등,,37.5343768,127.0924859
가로등,가로등,,37.5330863,127.0923482
가로등,가로등,,37.5323928,127.0931443
가로등,가로등,,37.5338442,127.0948601
가로등,가로등,,37.5335619,127.0943505
가로등,가로등,,37.5329104,127.0936183
가로등,가로등,,37.5326699,127.0931442
가로등,가로등,,37.5328708,127.0928945
가로등,가로등,,37.5330873,127.0926213
가로등,가로등,,37.5333035,127.0925861
가로등,가로등,,37.5336876,127.0925534
가로등,가로등,,37.5343149,127.0925
가로등,가로등,,37.5338916,127.0925703
가로등,가로등,,37.5340257,127.0926124
가로등,가로등,,37.5342123,127.09271
가로등,가로등,,37.5343701,127.0928109
가로등,가로등,,37.5345059,127.0929829
가로등,가로등,,37.5346281,127.0931265
가로등,가로등,,37.5348181,127.0933547
가로등,가로등,,37.5349652,127.093535
가로등,가로등,,37.5351123,127.0937096
가로등,가로등,,37.5352571,127.0938701
가로등,가로등,,37.5341862,127.0924328
가로등,가로등,,37.5340214,127.0923403
가로등,가로등,,37.5339086,127.092307
가로등,가로등,,37.5337239,127.092291
가로등,가로등,,37.5335999,127.0923058
가로등,가로등,,37.53344,127.0923265
가로등,가로등,,37.5332688,127.0923331
가로등,가로등,,37.5475265,127.0739503
가로등,가로등,,37.5475819,127.0737329
가로등,가로등,,37.5476635,127.0734469
가로등,가로등,,37.5477385,127.0731719
가로등,가로등,,37.5478029,127.0729369
가로등,가로등,,37.5478528,127.072682
가로등,가로등,,37.5479251,127.0723566
가로등,가로등,,37.54012005,127.0969607
가로등,가로등,,37.53992561,127.0972091
가로등,가로등,,37.53973118,127.0974575
가로등,가로등,,37.53953674,127.097706
가로등,가로등,,37.5393423,127.0979544
가로등,가로등,,37.5409881,127.0957886
가로등,가로등,,37.5408978,127.0959669
가로등,가로등,,37.54070336,127.0962153
가로등,가로등,,37.54050893,127.0964638
가로등,가로등,,37.54031449,127.0967122
가로등,가로등,,37.5418154,127.0958365
가로등,가로등,,37.5419421,127.095463
가로등,가로등,,37.5421005,127.0951784
가로등,가로등,,37.5423321,127.0949491
가로등,가로등,,37.5425347,127.0947512
가로등,가로등,,37.5426978,127.0945785
가로등,가로등,,37.5415778,127.0964751
가로등,가로등,,37.5414867,127.0959373
가로등,가로등,,37.541675,127.0956163
가로등,가로등,,37.5482579,127.0676837
가로등,가로등,,37.5479091,127.070912
가로등,가로등,,37.5478719,127.0712321
가로등,가로등,,37.5478302,127.071521
가로등,가로등,,37.5477594,127.0719034
가로등,가로등,,37.5476997,127.0722123
가로등,가로등,,37.5476088,127.0726204
가로등,가로등,,37.5475354,127.0728897
가로등,가로등,,37.5474598,127.0731816
가로등,가로등,,37.5473843,127.0734876
가로등,가로등,,37.5473067,127.0738079
가로등,가로등,,37.5482386,127.0679668
가로등,가로등,,37.5481995,127.0683689
가로등,가로등,,37.5481492,127.0687824
가로등,가로등,,37.5481144,127.069125
가로등,가로등,,37.5480571,127.069482
가로등,가로등,,37.5480225,127.0698897
가로등,가로등,,37.5479812,127.0702833
가로등,가로등,,37.547942,127.0706684
가로등,가로등,,37.5450583,127.0898529
가로등,가로등,,37.5452296,127.0863248
가로등,가로등,,37.545261,127.0858912
가로등,가로등,,37.5452566,127.085685
가로등,가로등,,37.5450615,127.0894794
가로등,가로등,,37.545087,127.089052
가로등,가로등,,37.5451081,127.0886413
가로등,가로등,,37.5451315,127.0882508
가로등,가로등,,37.545157,127.0877949
가로등,가로등,,37.5451758,127.0873505
가로등,가로등,,37.5452082,127.0869627
가로등,가로등,,37.5452115,127.0866428
가로등,가로등,,37.5446017,127.090744
가로등,가로등,,37.5432097,127.0935448
가로등,가로등,,37.5430099,127.0937554
가로등,가로등,,37.542691,127.0940769
가로등,가로등,,37.5424014,127.0943671
가로등,가로등,,37.5421634,127.09464
가로등,가로등,,37.5418669,127.0949218
가로등,가로등,,37.541649,127.0951296
가로등,가로등,,37.5414357,127.0953345
가로등,가로등,,37.541256,127.0954883
가로등,가로등,,37.5445328,127.0909992
가로등,가로등,,37.5444167,127.0913337
가로등,가로등,,37.5443165,127.0917078
가로등,가로등,,37.5442027,127.0920141
가로등,가로등,,37.5440731,127.0923459
가로등,가로등,,37.5438873,127.0927006
가로등,가로등,,37.54367,127.0930556
가로등,가로등,,37.5434881,127.0932632
가로등,가로등,,37.5430974,127.0946896
가로등,가로등,,37.5446407,127.0916277
가로등,가로등,,37.5447746,127.0912384
가로등,가로등,,37.5448491,127.0909469
가로등,가로등,,37.5449504,127.0905873
가로등,가로등,,37.5450234,127.0902013
가로등,가로등,,37.5432496,127.0940116
가로등,가로등,,37.5434405,127.0938097
가로등,가로등,,37.5436762,127.093548
가로등,가로등,,37.5439143,127.0933118
가로등,가로등,,37.5440803,127.0930958
가로등,가로등,,37.5442896,127.0927075
가로등,가로등,,37.5444033,127.0923644
가로등,가로등,,37.5445252,127.0919926
가로등,가로등,,37.5396026,127.0983257
가로등,가로등,,37.5398898,127.0979563
가로등,가로등,,37.5401544,127.0975983
가로등,가로등,,37.5403922,127.0972857
가로등,가로등,,37.5406391,127.0969844
가로등,가로등,,37.5409116,127.0965985
가로등,가로등,,37.5410596,127.0964216
가로등,가로등,,37.5411971,127.0962038
가로등,가로등,,37.5483137,127.0703427
가로등,가로등,,37.5483347,127.0699933
가로등,가로등,,37.5483853,127.0694517
가로등,가로등,,37.5484018,127.0692397
가로등,가로등,,37.5484547,127.0687762
가로등,가로등,,37.5484905,127.0684464
가로등,가로등,,37.5485252,127.0680868
가로등,가로등,,37.5485455,127.0678305
가로등,가로등,,37.5471551,127.0742616
가로등,가로등,,37.5470974,127.0745138
가로등,가로등,,37.5471577,127.074401
가로등,가로등,,37.5469811,127.0747664
가로등,가로등,,37.5469231,127.0749139
가로등,가로등,,37.5467779,127.0752713
가로등,가로등,,37.546599,127.0756572
가로등,가로등,,37.5465139,127.0758133
가로등,가로등,,37.5463953,127.0760489
가로등,가로등,,37.5481031,127.0726483
가로등,가로등,,37.5480866,127.0722153
가로등,가로등,,37.5480715,127.0718231
가로등,가로등,,37.5481044,127.0715316
가로등,가로등,,37.5481413,127.07127
가로등,가로등,,37.5481925,127.0709697
가로등,가로등,,37.5482335,127.070742
가로등,가로등,,37.5461996,127.076458
가로등,가로등,,37.5453751,127.0793799
가로등,가로등,,37.5453358,127.0796887
가로등,가로등,,37.5453075,127.0799832
가로등,가로등,,37.545313,127.0803765
가로등,가로등,,37.5452654,127.0808069
가로등,가로등,,37.5452598,127.0811494
가로등,가로등,,37.5452407,127.0814664
가로등,가로등,,37.5452146,127.0817666
가로등,가로등,,37.5451957,127.082078
가로등,가로등,,37.5452006,127.0823809
가로등,가로등,,37.5460451,127.0767476
가로등,가로등,,37.5451972,127.0825436
가로등,가로등,,37.5459122,127.0770676
가로등,가로등,,37.5458077,127.0774475
가로등,가로등,,37.5457143,127.0778102
가로등,가로등,,37.5456435,127.0781728
가로등,가로등,,37.5455668,127.0784681
가로등,가로등,,37.5454591,127.0789238
가로등,가로등,,37.5454283,127.0791136
가로등,가로등,,37.5347521,127.0957574
가로등,가로등,,37.5359812,127.0947293
가로등,가로등,,37.5361613,127.0946971
가로등,가로등,,37.5361918,127.0950366
가로등,가로등,,37.5363547,127.0952366
가로등,가로등,,37.5366397,127.0955633
가로등,가로등,,37.5368392,127.095916
가로등,가로등,,37.5366691,127.0961433
가로등,가로등,,37.5364198,127.0964785
가로등,가로등,,37.5363412,127.0965779
가로등,가로등,,37.5369337,127.0958758
가로등,가로등,,37.5347239,127.0954208
가로등,가로등,,37.5371622,127.0961547
가로등,가로등,,37.537298,127.096304
가로등,가로등,,37.5375491,127.0965969
가로등,가로등,,37.537832,127.0969378
가로등,가로등,,37.5380695,127.097211
가로등,가로등,,37.5383363,127.0974926
가로등,가로등,,37.5386554,127.0978927
가로등,가로등,,37.5388137,127.0980672
가로등,가로등,,37.5389767,127.0982644
가로등,가로등,,37.5349106,127.0953463
가로등,가로등,,37.5350883,127.0952463
가로등,가로등,,37.535221,127.0951804
가로등,가로등,,37.5353334,127.0951119
가로등,가로등,,37.5355089,127.0950119
가로등,가로등,,37.5356752,127.094895
가로등,가로등,,37.5358529,127.0947865
가로등,가로등,,37.5392484,127.0979913
가로등,가로등,,37.5371332,127.0955465
가로등,가로등,,37.5369658,127.0953776
가로등,가로등,,37.5366966,127.0950479
가로등,가로등,,37.5364768,127.0947011
가로등,가로등,,37.5364311,127.0945174
가로등,가로등,,37.5365592,127.0944206
가로등,가로등,,37.536858,127.0941614
가로등,가로등,,37.538995,127.0977013
가로등,가로등,,37.5388049,127.0974618
가로등,가로등,,37.5385844,127.0972199
가로등,가로등,,37.5383798,127.0970141
가로등,가로등,,37.5380631,127.0966535
가로등,가로등,,37.5378436,127.0963774
가로등,가로등,,37.5375992,127.0960957
가로등,가로등,,37.5373549,127.0958085
가로등,가로등,,37.5641751,127.0762142
가로등,가로등,,37.5458923,127.078422
가로등,가로등,,37.5622017,127.0750988
가로등,가로등,,37.5470091,127.0755117
가로등,가로등,,37.547185,127.0751651
가로등,가로등,,37.5619397,127.074939
가로등,가로등,,37.5473132,127.0748647
가로등,가로등,,37.5616618,127.074765
가로등,가로등,,37.5614135,127.0746305
가로등,가로등,,37.5473932,127.0746074
가로등,가로등,,37.5611967,127.0745157
가로등,가로등,,37.5609462,127.0743813
가로등,가로등,,37.5606661,127.0742215
가로등,가로등,,37.5459641,127.0780446
가로등,가로등,,37.5639198,127.0760458
가로등,가로등,,37.5460554,127.077614
가로등,가로등,,37.5636988,127.0759282
가로등,가로등,,37.5461505,127.0773049
가로등,가로등,,37.5634875,127.0757996
가로등,가로등,,37.563209,127.0756762
가로등,가로등,,37.5462793,127.076999
가로등,가로등,,37.5464179,127.076704
가로등,가로등,,37.5629986,127.0755444
가로등,가로등,,37.5627503,127.075407
가로등,가로등,,37.5465477,127.0764371
가로등,가로등,,37.5466988,127.0761594
가로등,가로등,,37.5625448,127.0752921
가로등,가로등,,37.5468662,127.0758153
가로등,가로등,,37.5624003,127.075208
가로등,가로등,,37.5451295,127.0831877
가로등,가로등,,37.545116,127.0834393
가로등,가로등,,37.5450976,127.0837171
가로등,가로등,,37.545072,127.0841107
가로등,가로등,,37.5450463,127.08449
가로등,가로등,,37.5450294,127.0848156
가로등,가로등,,37.5450166,127.0850506
가로등,가로등,,37.5452988,127.0851821
가로등,가로등,,37.5454823,127.0822377
가로등,가로등,,37.545497,127.0819434
가로등,가로등,,37.5455269,127.0814847
가로등,가로등,,37.5455594,127.0811053
가로등,가로등,,37.5455831,127.0807373
가로등,가로등,,37.5455843,127.0804214
가로등,가로등,,37.5455985,127.0800806
가로등,가로등,,37.5456201,127.0798145
가로등,가로등,,37.5456503,127.0794435
가로등,가로등,,37.5457057,127.0791743
가로등,가로등,,37.5453155,127.0848112
가로등,가로등,,37.5457634,127.0789193
가로등,가로등,,37.5453458,127.0844432
가로등,가로등,,37.5453694,127.084109
가로등,가로등,,37.5453863,127.0837919
가로등,가로등,,37.5454101,127.0835088
가로등,가로등,,37.5454296,127.0831549
가로등,가로등,,37.5454483,127.0828379
가로등,가로등,,37.5454629,127.0825095
가로등,가로등,,37.5449775,127.085447
가로등,가로등,,37.5448076,127.0890789
가로등,가로등,,37.5447796,127.0894356
가로등,가로등,,37.544754,127.0898348
가로등,가로등,,37.5447192,127.0902029
가로등,가로등,,37.544646,127.0905514
가로등,가로등,,37.5449722,127.0858517
가로등,가로등,,37.5449464,127.0862141
가로등,가로등,,37.54493,127.0866811
가로등,가로등,,37.5448774,127.0871173
가로등,가로등,,37.5448766,127.0875248
가로등,가로등,,37.5448619,127.0878334
가로등,가로등,,37.5448562,127.0882715
가로등,가로등,,37.5448197,127.0886628
가로등,가로등,,37.5481836,127.1068657
가로등,가로등,,37.5480883,127.106523
가로등,가로등,,37.5480018,127.106175
가로등,가로등,,37.5448728,127.1045236
가로등,가로등,,37.5311581,127.0919232
가로등,가로등,,37.533507,127.0915397
가로등,가로등,,37.5332119,127.0915696
가로등,가로등,,37.5328266,127.0915943
가로등,가로등,,37.5325496,127.0916155
가로등,가로등,,37.532054,127.0916636
가로등,가로등,,37.5319301,127.0916784
가로등,가로등,,37.5316508,127.0917082
가로등,가로등,,37.531385,127.0917351
가로등,가로등,,37.530984,127.091777
가로등,가로등,,37.5316471,127.0919487
가로등,가로등,,37.5323094,127.0918886
가로등,가로등,,37.5328895,127.0918194
가로등,가로등,,37.5333569,127.0918008
가로등,가로등,,37.5340938,127.091794
가로등,가로등,,37.5344096,127.0915663
가로등,가로등,,37.5341109,127.0915363
가로등,가로등,,37.5337796,127.0915211
가로등,가로등,,37.5370878,127.0929039
가로등,가로등,,37.5347386,127.0919036
가로등,가로등,,37.5353105,127.0921103
가로등,가로등,,37.5358584,127.0925003
가로등,가로등,,37.5364454,127.0928423
가로등,가로등,,37.5366758,127.0929938
가로등,가로등,,37.5367462,127.0931406
가로등,가로등,,37.5366293,127.0932375
가로등,가로등,,37.5368869,127.0927833
가로등,가로등,,37.5366813,127.0926372
가로등,가로등,,37.5364036,127.0924718
가로등,가로등,,37.5361122,127.0922922
가로등,가로등,,37.5357734,127.092048
가로등,가로등,,37.5354123,127.0918576
가로등,가로등,,37.5349655,127.0916986
가로등,가로등,,37.5346645,127.0916215
가로등,가로등,,37.5377214,127.0936077
가로등,가로등,,37.5403797,127.0947167
가로등,가로등,,37.5379904,127.0938298
가로등,가로등,,37.5382384,127.0938851
가로등,가로등,,37.5385521,127.0940277
가로등,가로등,,37.5391474,127.0941433
가로등,가로등,,37.5394271,127.0942267
가로등,가로등,,37.5396121,127.0942879
가로등,가로등,,37.5398827,127.0943544
가로등,가로등,,37.54014,127.0944803
가로등,가로등,,37.5366842,127.0937327
가로등,가로등,,37.5378801,127.0919288
가로등,가로등,,37.5379516,127.0917671
가로등,가로등,,37.5379737,127.091634
가로등,가로등,,37.5380159,127.0914414
가로등,가로등,,37.5380668,127.0911723
가로등,가로등,,37.5380921,127.0910169
가로등,가로등,,37.5381194,127.0906711
가로등,가로등,,37.5381393,127.0903092
가로등,가로등,,37.5381218,127.0901532
가로등,가로등,,37.5380376,127.0898961
가로등,가로등,,37.5368357,127.0935829
가로등,가로등,,37.538057,127.0896329
가로등,가로등,,37.5371052,127.093321
가로등,가로등,,37.5372757,127.0930937
가로등,가로등,,37.5374058,127.0929232
가로등,가로등,,37.5374719,127.0928101
가로등,가로등,,37.5375783,127.0926181
가로등,가로등,,37.5376723,127.0924139
가로등,가로등,,37.5377751,127.0921841
가로등,가로등,,37.5396091,127.0933938
가로등,가로등,,37.5389481,127.0938388
가로등,가로등,,37.5384428,127.0937001
가로등,가로등,,37.5380027,127.0934478
가로등,가로등,,37.5376357,127.0932351
가로등,가로등,,37.5374403,127.0931282
가로등,가로등,,37.5397337,127.093611
가로등,가로등,,37.5398154,127.093769
가로등,가로등,,37.5399626,127.0939946
가로등,가로등,,37.5401606,127.0942458
가로등,가로등,,37.5398775,127.094046
가로등,가로등,,37.5396888,127.0940051
가로등,가로등,,37.5394983,127.0939773
가로등,가로등,,37.5392863,127.0939162
가로등,가로등,,37.5466173,127.1061737
가로등,가로등,,37.5466261,127.1064666
가로등,가로등,,37.546581,127.1067219
가로등,가로등,,37.5465338,127.1069934
가로등,가로등,,37.5464908,127.1072702
가로등,가로등,,37.546445,127.1075309
가로등,가로등,,37.5591691,127.0745009
가로등,가로등,,37.5590543,127.0748066
가로등,가로등,,37.5589246,127.0751285
가로등,가로등,,37.5588183,127.0753887
가로등,가로등,,37.5588991,127.0754476
가로등,가로등,,37.5587885,127.0757427
가로등,가로등,,37.5586822,127.0760056
가로등,가로등,,37.5585865,127.0762658
가로등,가로등,,37.5536611,127.0735071
가로등,가로등,,37.5520489,127.071199
가로등,가로등,,37.5518527,127.0711462
가로등,가로등,,37.5516159,127.0710995
가로등,가로등,,37.5513217,127.0710649
가로등,가로등,,37.5510591,127.0710461
가로등,가로등,,37.5508021,127.0709882
가로등,가로등,,37.5506014,127.0709581
가로등,가로등,,37.5503488,127.0708888
가로등,가로등,,37.5500736,127.0708281
가로등,가로등,,37.5498278,127.0707616
가로등,가로등,,37.5534496,127.0731104
가로등,가로등,,37.5495932,127.0707205
가로등,가로등,,37.5493068,127.0706571
가로등,가로등,,37.549061,127.0706132
가로등,가로등,,37.5487858,127.0705214
가로등,가로등,,37.5485264,127.0704465
가로등,가로등,,37.5483053,127.0703968
가로등,가로등,,37.5484084,127.0706658
가로등,가로등,,37.5486679,127.0707464
가로등,가로등,,37.5532714,127.0727486
가로등,가로등,,37.5530965,127.0723873
가로등,가로등,,37.5529786,127.0721729
가로등,가로등,,37.5528832,127.0719782
가로등,가로등,,37.55272,127.0717244
가로등,가로등,,37.5526046,127.0715977
가로등,가로등,,37.5523965,127.0713753
가로등,가로등,,37.5488731,127.0707961
가로등,가로등,,37.5488478,127.0709524
가로등,가로등,,37.5488405,127.0711388
가로등,가로등,,37.5488529,127.0714387
가로등,가로등,,37.5486996,127.0714142
가로등,가로등,,37.5485509,127.0714376
가로등,가로등,,37.5483886,127.0714074
가로등,가로등,,37.5621695,127.0824758
가로등,가로등,,37.5620553,127.0826718
가로등,가로등,,37.5618941,127.0829741
가로등,가로등,,37.5617776,127.0831701
가로등,가로등,,37.5616568,127.0834114
가로등,가로등,,37.561527,127.0836385
가로등,가로등,,37.561406,127.0838515
가로등,가로등,,37.5612626,127.0841099
가로등,가로등,,37.5611351,127.0843484
가로등,가로등,,37.561354,127.0844434
가로등,가로등,,37.5614952,127.0842077
가로등,가로등,,37.5616564,127.0839124
가로등,가로등,,37.5617998,127.083705
가로등,가로등,,37.5619342,127.0834608
가로등,가로등,,37.5620517,127.08322
가로등,가로등,,37.5622319,127.0829128
가로등,가로등,,37.5623687,127.0827054
가로등,가로등,,37.5624403,127.0825691
가로등,가로등,,37.564067,127.0768164
가로등,가로등,,37.5633251,127.0791644
가로등,가로등,,37.5632292,127.0794424
가로등,가로등,,37.5631644,127.0796041
가로등,가로등,,37.5639958,127.0770801
가로등,가로등,,37.5639068,127.077392
가로등,가로등,,37.5638132,127.0776869
가로등,가로등,,37.56374,127.0779421
가로등,가로등,,37.5636651,127.0781723
가로등,가로등,,37.5635548,127.0784951
가로등,가로등,,37.56349,127.0786852
가로등,가로등,,37.5633965,127.0789744
가로등,가로등,,37.5589787,127.0908509
가로등,가로등,,37.5588806,127.0911317
가로등,가로등,,37.558801,127.0915935
가로등,가로등,,37.5588181,127.0919557
가로등,가로등,,37.5588869,127.0923148
가로등,가로등,,37.5589719,127.0927757
가로등,가로등,,37.5590296,127.0931802
가로등,가로등,,37.5590601,127.0935395
가로등,가로등,,37.5592081,127.0939746
가로등,가로등,,37.5594115,127.0941349
가로등,가로등,,37.5596962,127.0943655
가로등,가로등,,37.5599877,127.0945875
가로등,가로등,,37.560226,127.094782
가로등,가로등,,37.5604311,127.0950945
가로등,가로등,,37.5606779,127.095447
가로등,가로등,,37.5609129,127.0956213
가로등,가로등,,37.5611682,127.0958435
가로등,가로등,,37.5613419,127.0958879
가로등,가로등,,37.5616238,127.0959373
가로등,가로등,,37.5618472,127.0960267
가로등,가로등,,37.5620503,127.0961162
가로등,가로등,,37.5622084,127.0962144
가로등,가로등,,37.563406,127.079733
가로등,가로등,,37.5641862,127.0773649
가로등,가로등,,37.5642328,127.077175
가로등,가로등,,37.5643241,127.0768602
가로등,가로등,,37.5634526,127.0795487
가로등,가로등,,37.5635844,127.0792168
가로등,가로등,,37.563658,127.079007
가로등,가로등,,37.5637628,127.0787091
가로등,가로등,,37.5638361,127.0784285
가로등,가로등,,37.5639367,127.0781703
가로등,가로등,,37.5640124,127.0779321
가로등,가로등,,37.5641149,127.0776173
가로등,가로등,,37.5630931,127.0798452
가로등,가로등,,37.5623169,127.0820971
가로등,가로등,,37.5630062,127.0801061
가로등,가로등,,37.5629304,127.0803472
가로등,가로등,,37.5628255,127.080645
가로등,가로등,,37.5627586,127.0808491
가로등,가로등,,37.562656,127.0811413
가로등,가로등,,37.5625669,127.0814107
가로등,가로등,,37.5624877,127.0816493
가로등,가로등,,37.5624287,127.0818502
가로등,가로등,,37.5625788,127.0822287
가로등,가로등,,37.5633301,127.0799514
가로등,가로등,,37.5626276,127.0820105
가로등,가로등,,37.5627034,127.0817921
가로등,가로등,,37.562777,127.0815567
가로등,가로등,,37.5628572,127.0813015
가로등,가로등,,37.562942,127.0810123
가로등,가로등,,37.5630316,127.0807796
가로등,가로등,,37.5631461,127.0804794
가로등,가로등,,37.563214,127.0802351
가로등,가로등,,37.560928,127.084718
가로등,가로등,,37.5598252,127.086739
가로등,가로등,,37.5597379,127.0869065
가로등,가로등,,37.5596126,127.0871478
가로등,가로등,,37.5595231,127.0873295
가로등,가로등,,37.5594133,127.0874999
가로등,가로등,,37.5608014,127.0849447
가로등,가로등,,37.5606917,127.0851491
가로등,가로등,,37.5605663,127.0853876
가로등,가로등,,37.5604477,127.0856034
가로등,가로등,,37.5602977,127.0858788
가로등,가로등,,37.5601656,127.0861342
가로등,가로등,,37.5600459,127.0863448
가로등,가로등,,37.5599574,127.0865091
가로등,가로등,,37.5597915,127.0873988
가로등,가로등,,37.5609062,127.0852725
가로등,가로등,,37.5610272,127.0850482
가로등,가로등,,37.5611212,127.0848807
가로등,가로등,,37.5612555,127.0846364
가로등,가로등,,37.5598877,127.0871718
가로등,가로등,,37.5600309,127.0868965
가로등,가로등,,37.5601473,127.086692
가로등,가로등,,37.5602974,127.0864222
가로등,가로등,,37.5604205,127.0861951
가로등,가로등,,37.5605481,127.0859624
가로등,가로등,,37.5606624,127.0857663
가로등,가로등,,37.5607899,127.085508
가로등,가로등,,37.559383,127.0878681
가로등,가로등,,37.5591788,127.0881155
가로등,가로등,,37.5590199,127.0884362
가로등,가로등,,37.5589964,127.0887873
가로등,가로등,,37.559036,127.0891806
가로등,가로등,,37.5590915,127.0895935
가로등,가로등,,37.559111,127.0899954
가로등,가로등,,37.559092,127.0903493
가로등,가로등,,37.5326886,127.0673867
가로등,가로등,,37.5329156,127.0674914
가로등,가로등,,37.5331715,127.0676813
가로등,가로등,,37.5333819,127.0677892
가로등,가로등,,37.5336339,127.0679003
가로등,가로등,,37.5338411,127.0679945
가로등,가로등,,37.5340853,127.0681202
가로등,가로등,,37.534271,127.0682118
가로등,가로등,,37.5344522,127.068298
가로등,가로등,,37.5472443,127.0738649
가로등,가로등,,37.5450088,127.0727978
가로등,가로등,,37.5446972,127.0726536
가로등,가로등,,37.5444918,127.0725589
가로등,가로등,,37.5442284,127.0724366
가로등,가로등,,37.5439795,127.0723228
가로등,가로등,,37.5437867,127.072234
가로등,가로등,,37.5434784,127.0720931
가로등,가로등,,37.5432438,127.0719834
가로등,가로등,,37.5430118,127.0718734
가로등,가로등,,37.5427425,127.0717462
가로등,가로등,,37.5469403,127.073731
가로등,가로등,,37.542557,127.0716577
가로등,가로등,,37.5466928,127.0736129
가로등,가로등,,37.5465067,127.0735238
가로등,가로등,,37.5462273,127.0733859
가로등,가로등,,37.5459659,127.0732583
가로등,가로등,,37.5457175,127.073134
가로등,가로등,,37.5454761,127.0730171
가로등,가로등,,37.5452622,127.0729181
가로등,가로등,,37.5372219,127.070887
가로등,가로등,,37.5373026,127.0706372
가로등,가로등,,37.5373861,127.0703928
가로등,가로등,,37.5374701,127.0701464
가로등,가로등,,37.5375525,127.069902
가로등,가로등,,37.5498795,127.0759515
가로등,가로등,,37.5522574,127.0770852
가로등,가로등,,37.5525671,127.0772337
가로등,가로등,,37.552826,127.0773612
가로등,가로등,,37.5530979,127.0774898
가로등,가로등,,37.5532831,127.0775901
가로등,가로등,,37.5535366,127.0777148
가로등,가로등,,37.5537368,127.0778197
가로등,가로등,,37.5539438,127.0779258
가로등,가로등,,37.5541563,127.0780414
가로등,가로등,,37.554355,127.0781422
가로등,가로등,,37.5500969,127.0760758
가로등,가로등,,37.5503105,127.0761971
가로등,가로등,,37.5505226,127.0763216
가로등,가로등,,37.550732,127.0764105
가로등,가로등,,37.5509405,127.0764944
가로등,가로등,,37.5512405,127.0766199
가로등,가로등,,37.5515101,127.0767318
가로등,가로등,,37.5519232,127.0769184
가로등,가로등,,37.5496161,127.0753696
가로등,가로등,,37.5475776,127.0741686
가로등,가로등,,37.5474874,127.0745758
가로등,가로등,,37.5477491,127.0746601
가로등,가로등,,37.5479764,127.0748064
가로등,가로등,,37.5481834,127.0749331
가로등,가로등,,37.5484152,127.0750718
가로등,가로등,,37.5486358,127.0752101
가로등,가로등,,37.5488339,127.0753253
가로등,가로등,,37.5490914,127.075473
가로등,가로등,,37.5488878,127.0758054
가로등,가로등,,37.549438,127.0752732
가로등,가로등,,37.5493707,127.0756385
가로등,가로등,,37.5498538,127.0759668
가로등,가로등,,37.5492455,127.0751783
가로등,가로등,,37.5490681,127.0750786
가로등,가로등,,37.5487636,127.0748968
가로등,가로등,,37.5485351,127.0747741
가로등,가로등,,37.5483035,127.0746395
가로등,가로등,,37.5479794,127.0744427
가로등,가로등,,37.5477927,127.0743118
가로등,가로등,,37.5545586,127.0782481
가로등,가로등,,37.5567676,127.0794582
가로등,가로등,,37.5548364,127.0784028
가로등,가로등,,37.5551122,127.078548
가로등,가로등,,37.5553873,127.0786888
가로등,가로등,,37.5556347,127.0788284
가로등,가로등,,37.5558699,127.0789586
가로등,가로등,,37.5561055,127.0790982
가로등,가로등,,37.5563441,127.0792318
가로등,가로등,,37.5565443,127.0793432
가로등,가로등,,37.5545245,127.0777849
가로등,가로등,,37.552315,127.0766861
가로등,가로등,,37.5520445,127.0765568
가로등,가로등,,37.5518044,127.0764368
가로등,가로등,,37.5515692,127.0763336
가로등,가로등,,37.551318,127.0762252
가로등,가로등,,37.5511531,127.0761703
가로등,가로등,,37.5509683,127.0760824
가로등,가로등,,37.5507381,127.0759832
가로등,가로등,,37.5504425,127.0758428
가로등,가로등,,37.5501417,127.0756698
가로등,가로등,,37.5543191,127.0776829
가로등,가로등,,37.5499237,127.0755459
가로등,가로등,,37.5540951,127.0775606
가로등,가로등,,37.5537795,127.0774051
가로등,가로등,,37.5535196,127.0772694
가로등,가로등,,37.5532309,127.0771264
가로등,가로등,,37.5529848,127.0770031
가로등,가로등,,37.552777,127.076903
가로등,가로등,,37.5525729,127.0768093
가로등,가로등,,37.5576332,127.0798587
가로등,가로등,,37.5597609,127.0810427
가로등,가로등,,37.5599921,127.0811724
가로등,가로등,,37.5602127,127.0812908
가로등,가로등,,37.5604258,127.081403
가로등,가로등,,37.5607056,127.0815592
가로등,가로등,,37.5609694,127.0817008
가로등,가로등,,37.5611893,127.0818267
가로등,가로등,,37.5614472,127.0819646
가로등,가로등,,37.5616658,127.0820889
가로등,가로등,,37.561864,127.0822019
가로등,가로등,,37.5578542,127.0799904
가로등,가로등,,37.5621097,127.0823381
가로등,가로등,,37.5580775,127.0801
가로등,가로등,,37.5582984,127.0802281
가로등,가로등,,37.5586044,127.0803957
가로등,가로등,,37.5588134,127.0805129
가로등,가로등,,37.5590348,127.0806478
가로등,가로등,,37.559284,127.0807923
가로등,가로등,,37.5595138,127.0809224
가로등,가로등,,37.5570426,127.0791706
가로등,가로등,,37.5549234,127.078009
가로등,가로등,,37.5546675,127.0778675
가로등,가로등,,37.556768,127.0790267
가로등,가로등,,37.5564915,127.078864
가로등,가로등,,37.556224,127.0787093
가로등,가로등,,37.5560541,127.0786196
가로등,가로등,,37.5558779,127.0785214
가로등,가로등,,37.5556475,127.0783881
가로등,가로등,,37.5554267,127.0782682
가로등,가로등,,37.555176,127.0781382
가로등,가로등,,37.562543,127.0825637
가로등,가로등,,37.5648078,127.083795
가로등,가로등,,37.565151,127.0839865
가로등,가로등,,37.5654,127.0841241
가로등,가로등,,37.5656068,127.0842421
가로등,가로등,,37.5658465,127.0843719
가로등,가로등,,37.5661086,127.0845177
가로등,가로등,,37.5663868,127.0846726
가로등,가로등,,37.5666113,127.0847953
가로등,가로등,,37.5669165,127.0849651
가로등,가로등,,37.5671833,127.0851109
가로등,가로등,,37.5627764,127.082684
가로등,가로등,,37.5674086,127.0852339
가로등,가로등,,37.5676513,127.0853658
가로등,가로등,,37.567895,127.0855047
가로등,가로등,,37.56815,127.0856282
가로등,가로등,,37.5683799,127.0857505
가로등,가로등,,37.5685966,127.08583
가로등,가로등,,37.5629761,127.0827876
가로등,가로등,,37.5632856,127.0829636
가로등,가로등,,37.5635375,127.083102
가로등,가로등,,37.5637834,127.083235
가로등,가로등,,37.5640048,127.0833555
가로등,가로등,,37.5642035,127.0834647
가로등,가로등,,37.5644529,127.0836007
가로등,가로등,,37.5622627,127.0820958
가로등,가로등,,37.5602668,127.0810031
가로등,가로등,,37.56001,127.0808538
가로등,가로등,,37.5597611,127.0807286
가로등,가로등,,37.5595032,127.0805865
가로등,가로등,,37.5592734,127.0804567
가로등,가로등,,37.559025,127.0803194
가로등,가로등,,37.5588015,127.0801933
가로등,가로등,,37.5585305,127.0800392
가로등,가로등,,37.5583091,127.0799357
가로등,가로등,,37.5580655,127.0798012
가로등,가로등,,37.5620499,127.0819819
가로등,가로등,,37.5577957,127.0796475
가로등,가로등,,37.5575925,127.079541
가로등,가로등,,37.5618213,127.0818582
가로등,가로등,,37.5616395,127.0817569
가로등,가로등,,37.5613866,127.081614
가로등,가로등,,37.56118,127.0814924
가로등,가로등,,37.5609283,127.0813618
가로등,가로등,,37.5606822,127.0812245
가로등,가로등,,37.5604679,127.0811088
가로등,가로등,,37.5680324,127.0852886
가로등,가로등,,37.5658653,127.0840825
가로등,가로등,,37.5656314,127.0839499
가로등,가로등,,37.5653698,127.0838049
가로등,가로등,,37.5651074,127.0836653
가로등,가로등,,37.5648761,127.0835369
가로등,가로등,,37.5646241,127.0833946
가로등,가로등,,37.5644188,127.0832813
가로등,가로등,,37.5641926,127.0831566
가로등,가로등,,37.563956,127.0830235
가로등,가로등,,37.563676,127.0828694
가로등,가로등,,37.5677541,127.0851293
가로등,가로등,,37.5634838,127.0827707
가로등,가로등,,37.5632358,127.0826284
가로등,가로등,,37.5629422,127.0824742
가로등,가로등,,37.562708,127.0823434
가로등,가로등,,37.5675545,127.0850192
가로등,가로등,,37.567302,127.0848789
가로등,가로등,,37.567063,127.0847445
가로등,가로등,,37.5668379,127.0846208
가로등,가로등,,37.5665569,127.0844612
가로등,가로등,,37.56633,127.0843441
가로등,가로등,,37.5660902,127.0842012
가로등,가로등,,37.5341063,127.0677072
가로등,가로등,,37.532179,127.0667916
가로등,가로등,,37.5338923,127.0676057
가로등,가로등,,37.5336772,127.0675039
가로등,가로등,,37.5334775,127.0674106
가로등,가로등,,37.5332947,127.0673226
가로등,가로등,,37.5331554,127.0672569
가로등,가로등,,37.5329357,127.0671537
가로등,가로등,,37.5326869,127.0670359
가로등,가로등,,37.5323991,127.066897
가로등,가로등,,37.534546,127.068341
가로등,가로등,,37.5364799,127.0692102
가로등,가로등,,37.536684,127.0693022
가로등,가로등,,37.5369609,127.0694327
가로등,가로등,,37.5372092,127.0695484
가로등,가로등,,37.5347571,127.068437
가로등,가로등,,37.5349815,127.0685432
가로등,가로등,,37.5351718,127.0686326
가로등,가로등,,37.5352049,127.0687588
가로등,가로등,,37.535481,127.0688029
가로등,가로등,,37.5357356,127.068865
가로등,가로등,,37.5360205,127.0690029
가로등,가로등,,37.536261,127.069111
가로등,가로등,,37.5352901,127.0682561
가로등,가로등,,37.5350853,127.068166
가로등,가로등,,37.5348891,127.0680757
가로등,가로등,,37.5345498,127.0679161
가로등,가로등,,37.5342799,127.0677882
가로등,가로등,,37.5385843,127.0702926
가로등,가로등,,37.5389578,127.0704887
가로등,가로등,,37.5391822,127.0706043
가로등,가로등,,37.539431,127.0707342
가로등,가로등,,37.5396273,127.0708769
가로등,가로등,,37.5376166,127.0698223
가로등,가로등,,37.5378339,127.0699042
가로등,가로등,,37.5380505,127.0700059
가로등,가로등,,37.5383038,127.0701387
가로등,가로등,,37.5398969,127.0703515
가로등,가로등,,37.5378408,127.0694157
가로등,가로등,,37.5375677,127.0693
가로등,가로등,,37.5372856,127.0691749
가로등,가로등,,37.5369912,127.0690385
가로등,가로등,,37.5367943,127.068948
가로등,가로등,,37.5364484,127.0687871
가로등,가로등,,37.5361399,127.0686434
가로등,가로등,,37.5358575,127.0685135
가로등,가로등,,37.5356661,127.0684261
가로등,가로등,,37.5397761,127.0702993
가로등,가로등,,37.5396271,127.0702283
가로등,가로등,,37.5394472,127.0701454
가로등,가로등,,37.5392222,127.0700422
가로등,가로등,,37.5389648,127.0699208
가로등,가로등,,37.5386229,127.0697609
가로등,가로등,,37.5383229,127.06962
가로등,가로등,,37.5401385,127.070976
가로등,가로등,,37.5422757,127.0719453
가로등,가로등,,37.5425354,127.0720616
가로등,가로등,,37.5427741,127.0721701
가로등,가로등,,37.5430173,127.0722772
가로등,가로등,,37.5431941,127.0723523
가로등,가로등,,37.5403891,127.0710927
가로등,가로등,,37.540617,127.0712004
가로등,가로등,,37.5408282,127.071299
가로등,가로등,,37.541124,127.0714375
가로등,가로등,,37.5413536,127.0715436
가로등,가로등,,37.5415662,127.0716432
가로등,가로등,,37.541834,127.0717684
가로등,가로등,,37.5420951,127.0718628
가로등,가로등,,37.5423362,127.0715526
가로등,가로등,,37.5402669,127.070535
가로등,가로등,,37.5420882,127.0714322
가로등,가로등,,37.5418416,127.0713181
가로등,가로등,,37.541597,127.0711991
가로등,가로등,,37.5413415,127.071078
가로등,가로등,,37.5410995,127.0709623
가로등,가로등,,37.5408043,127.0708267
가로등,가로등,,37.5405871,127.0706951
가로등,가로등,,37.5404441,127.0706247
가로등,가로등,,37.5435439,127.0725145
가로등,가로등,,37.5457399,127.0735363
가로등,가로등,,37.5459246,127.0736405
가로등,가로등,,37.5462938,127.0738212
가로등,가로등,,37.5465191,127.0739291
가로등,가로등,,37.5466879,127.0740096
가로등,가로등,,37.5468832,127.0741027
가로등,가로등,,37.5470989,127.0742075
가로등,가로등,,37.5437853,127.0726233
가로등,가로등,,37.543989,127.0727163
가로등,가로등,,37.5442247,127.072824
가로등,가로등,,37.5444454,127.0729254
가로등,가로등,,37.5447706,127.073085
가로등,가로등,,37.545025,127.073205
가로등,가로등,,37.545274,127.0733222
가로등,가로등,,37.5454792,127.0734156
가로등,가로등,,37.5716814,127.0804032
가로등,가로등,,37.571652,127.080845
가로등,가로등,,37.5716348,127.0812165
가로등,가로등,,37.5715885,127.0815844
가로등,가로등,,37.571553,127.0819291
가로등,가로등,,37.5715206,127.0822419
가로등,가로등,,37.571488,127.0825771
가로등,가로등,,37.5714346,127.0830596
가로등,가로등,,37.5713537,127.0835939
가로등,가로등,,37.571303,127.0838754
가로등,가로등,,37.5712633,127.0841637
가로등,가로등,,37.5711952,127.0844934
가로등,가로등,,37.5711071,127.0849515
가로등,가로등,,37.5710476,127.085253
가로등,가로등,,37.5709729,127.0856211
가로등,가로등,,37.5709269,127.0858471
가로등,가로등,,37.5470405,127.0737443
가로등,가로등,,37.5472338,127.0723621
가로등,가로등,,37.5473307,127.0722964
가로등,가로등,,37.5471856,127.0721162
가로등,가로등,,37.5469283,127.0720186
가로등,가로등,,37.5472713,127.0721299
가로등,가로등,,37.5473945,127.0719253
가로등,가로등,,37.5473461,127.0716483
가로등,가로등,,37.5474494,127.071526
가로등,가로등,,37.5474037,127.0713621
가로등,가로등,,37.5475263,127.070985
가로등,가로등,,37.5469705,127.073691
가로등,가로등,,37.5474582,127.070858
가로등,가로등,,37.547559,127.0706961
가로등,가로등,,37.5475897,127.0704704
가로등,가로등,,37.5470916,127.0735233
가로등,가로등,,37.547138,127.073308
가로등,가로등,,37.5470768,127.0731668
가로등,가로등,,37.5471276,127.0729033
가로등,가로등,,37.5472331,127.0727867
가로등,가로등,,37.5472028,127.0725179
가로등,가로등,,37.5472938,127.0724585
가로등,가로등,,37.5476057,127.070218
가로등,가로등,,37.5477838,127.0673959
가로등,가로등,,37.5476197,127.0699656
가로등,가로등,,37.5476385,127.0696343
가로등,가로등,,37.5476704,127.0691078
가로등,가로등,,37.547681,127.0689436
가로등,가로등,,37.5477096,127.0687283
가로등,가로등,,37.5477265,127.0684282
가로등,가로등,,37.5477365,127.0680631
가로등,가로등,,37.5477635,127.0677614
가로등,가로등,,37.5375938,127.0615395
가로등,가로등,,37.540096,127.0629419
가로등,가로등,,37.5404059,127.0631181
가로등,가로등,,37.5405678,127.0632097
가로등,가로등,,37.5408018,127.0633418
가로등,가로등,,37.5410619,127.0634915
가로등,가로등,,37.5412895,127.0636204
가로등,가로등,,37.5415871,127.0637894
가로등,가로등,,37.5420032,127.0640253
가로등,가로등,,37.5379629,127.0617393
가로등,가로등,,37.5382417,127.0618886
가로등,가로등,,37.5385854,127.0620852
가로등,가로등,,37.5389623,127.0623005
가로등,가로등,,37.5392247,127.0624174
가로등,가로등,,37.5394269,127.06254
가로등,가로등,,37.5396145,127.0626575
가로등,가로등,,37.5398936,127.0628257
가로등,가로등,,37.5716273,127.0798201
가로등,가로등,,37.5693287,127.0791438
가로등,가로등,,37.5690914,127.0790138
가로등,가로등,,37.568828,127.0788634
가로등,가로등,,37.5685789,127.078727
가로등,가로등,,37.5683355,127.0785926
가로등,가로등,,37.5680966,127.0784603
가로등,가로등,,37.5713844,127.079811
가로등,가로등,,37.5711445,127.0797702
가로등,가로등,,37.570889,127.0797262
가로등,가로등,,37.5706114,127.079651
가로등,가로등,,37.5703452,127.0795597
가로등,가로등,,37.5700877,127.0794659
가로등,가로등,,37.5698344,127.0793717
가로등,가로등,,37.5696091,127.0792814
가로등,가로등,,37.5424719,127.0642939
가로등,가로등,,37.5448488,127.0656347
가로등,가로등,,37.5450358,127.0657392
가로등,가로등,,37.5452657,127.0658718
가로등,가로등,,37.5457401,127.0661391
가로등,가로등,,37.5459721,127.0662678
가로등,가로등,,37.5462482,127.0664281
가로등,가로등,,37.5465527,127.0665983
가로등,가로등,,37.5467789,127.066728
가로등,가로등,,37.5470153,127.0668619
가로등,가로등,,37.5427223,127.0644368
가로등,가로등,,37.5472415,127.0669919
가로등,가로등,,37.5474899,127.0671357
가로등,가로등,,37.5476793,127.0672432
가로등,가로등,,37.5479083,127.0673734
가로등,가로등,,37.5481552,127.0675115
가로등,가로등,,37.5430139,127.0646021
가로등,가로등,,37.5432351,127.0647293
가로등,가로등,,37.5435241,127.0648888
가로등,가로등,,37.5437747,127.0650346
가로등,가로등,,37.5440419,127.0651798
가로등,가로등,,37.5443424,127.0653505
가로등,가로등,,37.5445944,127.0654893
가로등,가로등,,37.548691,127.0678402
가로등,가로등,,37.5508543,127.069081
가로등,가로등,,37.5510892,127.0692155
가로등,가로등,,37.5513466,127.0693696
가로등,가로등,,37.5515613,127.0694894
가로등,가로등,,37.551815,127.069592
가로등,가로등,,37.5520624,127.0697361
가로등,가로등,,37.5523064,127.0698744
가로등,가로등,,37.5525756,127.070029
가로등,가로등,,37.5528176,127.0701629
가로등,가로등,,37.5530504,127.0702984
가로등,가로등,,37.5488633,127.0679284
가로등,가로등,,37.549075,127.0680548
가로등,가로등,,37.5493166,127.0682006
가로등,가로등,,37.5495608,127.0683532
가로등,가로등,,37.5497976,127.0684983
가로등,가로등,,37.5500076,127.0686132
가로등,가로등,,37.5503531,127.0688206
가로등,가로등,,37.5505902,127.0689636
가로등,가로등,,37.5532724,127.0704174
가로등,가로등,,37.5555315,127.0716983
가로등,가로등,,37.5557071,127.0717985
가로등,가로등,,37.5559358,127.0719223
가로등,가로등,,37.5561682,127.0720524
가로등,가로등,,37.5564679,127.0722365
가로등,가로등,,37.5566597,127.0723389
가로등,가로등,,37.5568742,127.0724504
가로등,가로등,,37.5571591,127.0726482
가로등,가로등,,37.5573869,127.0727994
가로등,가로등,,37.5576292,127.07295
가로등,가로등,,37.553489,127.0705529
가로등,가로등,,37.5578449,127.0730978
가로등,가로등,,37.5580806,127.0732308
가로등,가로등,,37.558309,127.07336
가로등,가로등,,37.5538104,127.0707207
가로등,가로등,,37.5540508,127.0708764
가로등,가로등,,37.5543238,127.0710481
가로등,가로등,,37.5545659,127.071186
가로등,가로등,,37.5548037,127.0713105
가로등,가로등,,37.5550681,127.0714409
가로등,가로등,,37.5553205,127.0715782
가로등,가로등,,37.5605752,127.0746098
가로등,가로등,,37.5626475,127.0757383
가로등,가로등,,37.5628965,127.0758726
가로등,가로등,,37.5631218,127.0759987
가로등,가로등,,37.5633647,127.076143
가로등,가로등,,37.5635803,127.0762635
가로등,가로등,,37.5638065,127.0763962
가로등,가로등,,37.5640243,127.0765073
가로등,가로등,,37.560826,127.0747549
가로등,가로등,,37.5610876,127.0749079
가로등,가로등,,37.5613157,127.0750217
가로등,가로등,,37.5615053,127.0751435
가로등,가로등,,37.5617328,127.0752249
가로등,가로등,,37.56197,127.0753471
가로등,가로등,,37.5621755,127.0754737
가로등,가로등,,37.5624131,127.075613
가로등,가로등,,37.5641568,127.0762169
가로등,가로등,,37.5621505,127.0750807
가로등,가로등,,37.5619297,127.0749445
가로등,가로등,,37.5617033,127.0747897
가로등,가로등,,37.5614696,127.0746465
가로등,가로등,,37.5612451,127.0744998
가로등,가로등,,37.5610085,127.0743641
가로등,가로등,,37.5607524,127.0742239
가로등,가로등,,37.5639247,127.0760911
가로등,가로등,,37.5636987,127.07596
가로등,가로등,,37.5634379,127.0758226
가로등,가로등,,37.5632166,127.0756921
가로등,가로등,,37.5629807,127.0755568
가로등,가로등,,37.5627546,127.0754298
가로등,가로등,,37.5625607,127.0753119
가로등,가로등,,37.5623411,127.0751936
가로등,가로등,,37.564465,127.07675
가로등,가로등,,37.5665535,127.0779583
가로등,가로등,,37.5668088,127.0781038
가로등,가로등,,37.5670685,127.0782381
가로등,가로등,,37.5673201,127.0783784
가로등,가로등,,37.5675636,127.0785218
가로등,가로등,,37.5677914,127.0786519
가로등,가로등,,37.5646733,127.076877
가로등,가로등,,37.5648788,127.0769969
가로등,가로등,,37.5651014,127.0771284
가로등,가로등,,37.5653439,127.0772621
가로등,가로등,,37.5655738,127.0773921
가로등,가로등,,37.5658249,127.0775343
가로등,가로등,,37.5660626,127.0776688
가로등,가로등,,37.566328,127.0778162
가로등,가로등,,37.567916,127.0783599
가로등,가로등,,37.5656975,127.0770953
가로등,가로등,,37.5654855,127.0769798
가로등,가로등,,37.5652589,127.0768475
가로등,가로등,,37.5650286,127.0767211
가로등,가로등,,37.5648013,127.0765852
가로등,가로등,,37.5645562,127.0764401
가로등,가로등,,37.5676733,127.0782178
가로등,가로등,,37.5674207,127.0780714
가로등,가로등,,37.5671591,127.0779205
가로등,가로등,,37.5669074,127.0777754
가로등,가로등,,37.5666413,127.0776304
가로등,가로등,,37.566386,127.0774879
가로등,가로등,,37.5661485,127.0773567
가로등,가로등,,37.5659149,127.0772135
가로등,가로등,,37.5680864,127.0788243
가로등,가로등,,37.5703227,127.0798938
가로등,가로등,,37.5705573,127.0799752
가로등,가로등,,37.5708531,127.0800612
가로등,가로등,,37.5711116,127.0801255
가로등,가로등,,37.5713577,127.0801738
가로등,가로등,,37.5716372,127.0802193
가로등,가로등,,37.5683004,127.0789561
가로등,가로등,,37.5685399,127.0790857
가로등,가로등,,37.5687887,127.0792255
가로등,가로등,,37.5690361,127.0793495
가로등,가로등,,37.5692994,127.0794901
가로등,가로등,,37.5695434,127.0796214
가로등,가로등,,37.5698128,127.0797197
가로등,가로등,,37.570049,127.0798013
가로등,가로등,,37.5315967,127.0674351
가로등,가로등,,37.5316478,127.0674768
가로등,가로등,,37.5316613,127.0675304
가로등,가로등,,37.5370568,127.0614003
가로등,가로등,,37.5362181,127.0648996
가로등,가로등,,37.5360057,127.0656799
가로등,가로등,,37.5359269,127.0659841
가로등,가로등,,37.5358488,127.0662902
가로등,가로등,,37.5357653,127.0666219
가로등,가로등,,37.5356287,127.0671546
가로등,가로등,,37.5355632,127.0674067
가로등,가로등,,37.5354897,127.0676963
가로등,가로등,,37.5353729,127.0681479
가로등,가로등,,37.5370278,127.0618508
가로등,가로등,,37.5369224,127.0622437
가로등,가로등,,37.5367965,127.0626897
가로등,가로등,,37.5367023,127.0630402
가로등,가로등,,37.5366012,127.0634271
가로등,가로등,,37.5364898,127.0638419
가로등,가로등,,37.5364324,127.0640815
가로등,가로등,,37.53632,127.0645019
가로등,가로등,,37.535543,127.0682298
가로등,가로등,,37.5364468,127.0647559
가로등,가로등,,37.5365318,127.0644254
가로등,가로등,,37.5366424,127.0639978
가로등,가로등,,37.5367191,127.063705
가로등,가로등,,37.5367971,127.0634015
가로등,가로등,,37.5369135,127.0629633
가로등,가로등,,37.5370334,127.0625344
가로등,가로등,,37.537159,127.062081
가로등,가로등,,37.5372476,127.0617608
가로등,가로등,,37.5373133,127.0615257
가로등,가로등,,37.5356274,127.0679053
가로등,가로등,,37.5357039,127.0676032
가로등,가로등,,37.5357861,127.0672774
가로등,가로등,,37.535895,127.0668584
가로등,가로등,,37.5360333,127.0663109
가로등,가로등,,37.5360953,127.0660731
가로등,가로등,,37.5362901,127.0653338
가로등,가로등,,37.5363559,127.0651009
가로등,가로등,,37.5351125,127.0690709
가로등,가로등,,37.5341388,127.0725356
가로등,가로등,,37.5340306,127.0729021
가로등,가로등,,37.5338799,127.0733966
가로등,가로등,,37.5337837,127.0737126
가로등,가로등,,37.5336663,127.0741039
가로등,가로등,,37.5335734,127.0744063
가로등,가로등,,37.533451,127.0748026
가로등,가로등,,37.5333431,127.0751643
가로등,가로등,,37.5332737,127.075408
가로등,가로등,,37.5350098,127.0694155
가로등,가로등,,37.5348677,127.0698917
가로등,가로등,,37.5347638,127.0702431
가로등,가로등,,37.5346626,127.0706144
가로등,가로등,,37.5345495,127.0710343
가로등,가로등,,37.534471,127.0713207
가로등,가로등,,37.5343358,127.0718137
가로등,가로등,,37.5342423,127.0721563
가로등,가로등,,37.5334749,127.0755749
가로등,가로등,,37.5343708,127.0723477
가로등,가로등,,37.5344516,127.0720585
가로등,가로등,,37.5345766,127.0716033
가로등,가로등,,37.534675,127.0712478
가로등,가로등,,37.5347717,127.0708741
가로등,가로등,,37.5348885,127.0704562
가로등,가로등,,37.535,127.0700688
가로등,가로등,,37.535121,127.0696609
가로등,가로등,,37.5353076,127.0692811
가로등,가로등,,37.5354202,127.0688953
가로등,가로등,,37.5335019,127.0752886
가로등,가로등,,37.5335717,127.0750187
가로등,가로등,,37.5337066,127.0745725
가로등,가로등,,37.5338054,127.0742518
가로등,가로등,,37.5339796,127.0736687
가로등,가로등,,37.5340497,127.0734453
가로등,가로등,,37.5341349,127.0731608
가로등,가로등,,37.5342261,127.0728561
가로등,가로등,,37.53312,127.0759438
가로등,가로등,,37.5320602,127.079435
가로등,가로등,,37.533001,127.0763509
가로등,가로등,,37.5328688,127.0767934
가로등,가로등,,37.5327533,127.0771691
가로등,가로등,,37.5326443,127.077539
가로등,가로등,,37.5325389,127.0778988
가로등,가로등,,37.5324455,127.0782183
가로등,가로등,,37.5323022,127.0786698
가로등,가로등,,37.5321938,127.0790181
가로등,가로등,,37.5299942,127.0787559
가로등,가로등,,37.5302809,127.0788929
가로등,가로등,,37.530536,127.0790302
가로등,가로등,,37.5307798,127.0791419
가로등,가로등,,37.5310822,127.079276
가로등,가로등,,37.5316662,127.0795503
가로등,가로등,,37.5317587,127.0795809
가로등,가로등,,37.5308462,127.0789608
가로등,가로등,,37.5306069,127.0788574
가로등,가로등,,37.530415,127.0787594
가로등,가로등,,37.5301521,127.0786482
가로등,가로등,,37.5322752,127.0793097
가로등,가로등,,37.5333172,127.0758912
가로등,가로등,,37.5324215,127.0788436
가로등,가로등,,37.5325216,127.0785333
가로등,가로등,,37.5326152,127.0781791
가로등,가로등,,37.5327215,127.0778197
가로등,가로등,,37.532822,127.0774718
가로등,가로등,,37.5329585,127.0770247
가로등,가로등,,37.5330822,127.0766229
가로등,가로등,,37.5331972,127.0762201
가로등,가로등,,37.5319416,127.0798696
가로등,가로등,,37.5318013,127.0839025
가로등,가로등,,37.5319409,127.084251
가로등,가로등,,37.5320976,127.0846079
가로등,가로등,,37.5322492,127.0849427
가로등,가로등,,37.5323742,127.0852059
가로등,가로등,,37.5318231,127.0802629
가로등,가로등,,37.5317039,127.0806783
가로등,가로등,,37.5315904,127.0811457
가로등,가로등,,37.5314999,127.0816281
가로등,가로등,,37.5314617,127.0820514
가로등,가로등,,37.5314623,127.0824582
가로등,가로등,,37.531522,127.0829046
가로등,가로등,,37.5316354,127.0834479
가로등,가로등,,37.532477,127.0850469
가로등,가로등,,37.5316981,127.0813792
가로등,가로등,,37.5317972,127.0809191
가로등,가로등,,37.5319241,127.0804629
가로등,가로등,,37.5320143,127.0801572
가로등,가로등,,37.5321281,127.0797886
가로등,가로등,,37.5323277,127.08475
가로등,가로등,,37.532143,127.0843421
가로등,가로등,,37.531999,127.0840072
가로등,가로등,,37.5318354,127.0836062
가로등,가로등,,37.5316996,127.0831444
가로등,가로등,,37.5316186,127.0826139
가로등,가로등,,37.5316049,127.0822836
가로등,가로등,,37.5316258,127.0818231
가로등,가로등,,37.5571941,127.0783998
가로등,가로등,,37.55533,127.0766776
가로등,가로등,,37.5551985,127.0764604
가로등,가로등,,37.5550443,127.0761895
가로등,가로등,,37.554949,127.0760089
가로등,가로등,,37.5547562,127.0756505
가로등,가로등,,37.5546315,127.0754333
가로등,가로등,,37.5545372,127.075222
가로등,가로등,,37.5544631,127.0749786
가로등,가로등,,37.5542933,127.0747644
가로등,가로등,,37.5541548,127.0744963
가로등,가로등,,37.5569714,127.0782194
가로등,가로등,,37.5540097,127.0742085
가로등,가로등,,37.5538735,127.0739318
가로등,가로등,,37.5536965,127.0736158
가로등,가로등,,37.5547685,127.0753117
가로등,가로등,,37.5549739,127.075403
가로등,가로등,,37.5552696,127.0755542
가로등,가로등,,37.5554875,127.0756724
가로등,가로등,,37.5556805,127.0757472
가로등,가로등,,37.5559491,127.0758703
가로등,가로등,,37.5561883,127.0759934
가로등,가로등,,37.5567974,127.0780704
가로등,가로등,,37.5563825,127.0761027
가로등,가로등,,37.5566184,127.0762094
가로등,가로등,,37.556852,127.0763321
가로등,가로등,,37.5570395,127.0764415
가로등,가로등,,37.5573691,127.0766264
가로등,가로등,,37.5576253,127.076764
가로등,가로등,,37.5578229,127.0768701
가로등,가로등,,37.5565556,127.0778765
가로등,가로등,,37.5563295,127.0776768
가로등,가로등,,37.5561306,127.0775052
가로등,가로등,,37.5558842,127.0772858
가로등,가로등,,37.5557147,127.0771282
가로등,가로등,,37.5555292,127.0769255
가로등,가로등,,37.5584784,127.0772209
가로등,가로등,,37.5603271,127.0782354
가로등,가로등,,37.5605808,127.0783762
가로등,가로등,,37.5586049,127.0772816
가로등,가로등,,37.5587775,127.0773757
가로등,가로등,,37.5590214,127.0775114
가로등,가로등,,37.5592371,127.0776327
가로등,가로등,,37.5594434,127.0777466
가로등,가로등,,37.5596213,127.0778428
가로등,가로등,,37.5598743,127.0779815
가로등,가로등,,37.5601347,127.0781255
가로등,가로등,,37.5607559,127.0784672
가로등,가로등,,37.5627068,127.079541
가로등,가로등,,37.5628709,127.0796288
가로등,가로등,,37.5630622,127.0797299
가로등,가로등,,37.5609265,127.0785567
가로등,가로등,,37.5611515,127.0786785
가로등,가로등,,37.5613354,127.0787813
가로등,가로등,,37.5615482,127.0789031
가로등,가로등,,37.5617699,127.0790299
가로등,가로등,,37.562013,127.0791662
가로등,가로등,,37.5622522,127.0792943
가로등,가로등,,37.5624679,127.0794124
가로등,가로등,,37.5634947,127.0799769
가로등,가로등,,37.5636856,127.0800759
가로등,가로등,,37.5639542,127.0802215
가로등,가로등,,37.5641433,127.0803192
가로등,가로등,,37.5643281,127.0804212
가로등,가로등,,37.5645212,127.080529
가로등,가로등,,37.5647373,127.0806483
가로등,가로등,,37.5650192,127.0807962
가로등,가로등,,37.5653553,127.0809931
가로등,가로등,,37.565638,127.0811615
가로등,가로등,,37.5658603,127.0812776
가로등,가로등,,37.5660735,127.0813968
가로등,가로등,,37.5662788,127.0815076
가로등,가로등,,37.5665183,127.0816361
가로등,가로등,,37.5668129,127.0817935
가로등,가로등,,37.567029,127.081916
가로등,가로등,,37.5672738,127.0820581
가로등,가로등,,37.5676203,127.0822579
가로등,가로등,,37.5677782,127.0823442
가로등,가로등,,37.5679656,127.0824477
가로등,가로등,,37.5682252,127.0825851
가로등,가로등,,37.5684662,127.0827052
가로등,가로등,,37.5686724,127.0828261
가로등,가로등,,37.5688712,127.0829361
가로등,가로등,,37.5690767,127.08304
가로등,가로등,,37.5692064,127.0830954
가로등,가로등,,37.5712374,127.0834463
가로등,가로등,,37.5693868,127.0831346
가로등,가로등,,37.5696222,127.0831815
가로등,가로등,,37.5698741,127.0832213
가로등,가로등,,37.5701131,127.0832566
가로등,가로등,,37.5703427,127.0832968
가로등,가로등,,37.5705964,127.0833368
가로등,가로등,,37.5708051,127.0833742
가로등,가로등,,37.5710443,127.0834106
가로등,가로등,,37.5481227,127.0959283
가로등,가로등,,37.5482692,127.0958595
가로등,가로등,,37.5477585,127.096007
가로등,가로등,,37.5478631,127.0957173
가로등,가로등,,37.5476779,127.0962564
가로등,가로등,,37.5475732,127.0965461
가로등,가로등,,37.5474792,127.0968304
가로등,가로등,,37.5473854,127.0971147
가로등,가로등,,37.5473008,127.0973561
가로등,가로등,,37.5472185,127.0975904
가로등,가로등,,37.5471571,127.0977799
가로등,가로등,,37.5469652,127.0981358
가로등,가로등,,37.5467238,127.0980669
가로등,가로등,,37.5465099,127.0980106
가로등,가로등,,37.5465853,127.0981313
가로등,가로등,,37.5468254,127.098201
가로등,가로등,,37.5469809,127.0983039
가로등,가로등,,37.5471301,127.0984075
가로등,가로등,,37.5473324,127.0984898
가로등,가로등,,37.5476239,127.0983897
가로등,가로등,,37.5478748,127.0984424
가로등,가로등,,37.5475559,127.0982681
가로등,가로등,,37.5475218,127.0980294
가로등,가로등,,37.5464423,127.1049435
가로등,가로등,,37.5464433,127.1047529
가로등,가로등,,37.546459,127.1045286
가로등,가로등,,37.5464936,127.1043313
가로등,가로등,,37.546533,127.1041051
가로등,가로등,,37.5465826,127.1039674
가로등,가로등,,37.5466651,127.1039816
가로등,가로등,,37.5466779,127.1038307
가로등,가로등,,37.5467746,127.1037127
가로등,가로등,,37.544663,127.1040923
가로등,가로등,,37.5420167,127.0642106
가로등,가로등,,37.5410634,127.0670292
가로등,가로등,,37.5409509,127.0673524
가로등,가로등,,37.5408642,127.0676046
가로등,가로등,,37.5407165,127.0680407
가로등,가로등,,37.540628,127.0682945
가로등,가로등,,37.5419132,127.0645244
가로등,가로등,,37.5418302,127.0647739
가로등,가로등,,37.5417165,127.0651143
가로등,가로등,,37.5416196,127.0653977
가로등,가로등,,37.5415063,127.0657333
가로등,가로등,,37.5414065,127.0660325
가로등,가로등,,37.5412744,127.0664053
가로등,가로등,,37.541157,127.0667531
가로등,가로등,,37.5380701,127.0889684
가로등,가로등,,37.5374916,127.0866967
가로등,가로등,,37.5374126,127.0863708
가로등,가로등,,37.5373583,127.0861634
가로등,가로등,,37.5372972,127.0859647
가로등,가로등,,37.5372222,127.0856653
가로등,가로등,,37.5371613,127.085265
가로등,가로등,,37.5370863,127.0849845
가로등,가로등,,37.5369896,127.0846078
가로등,가로등,,37.5369295,127.0843394
가로등,가로등,,37.5368722,127.0840564
가로등,가로등,,37.538011,127.0887301
가로등,가로등,,37.5366294,127.0842352
가로등,가로등,,37.5367628,127.08477
가로등,가로등,,37.5368396,127.085087
가로등,가로등,,37.5369073,127.0853672
가로등,가로등,,37.5369829,127.0856627
가로등,가로등,,37.5370646,127.0859742
가로등,가로등,,37.5371342,127.0862167
가로등,가로등,,37.5372044,127.0864839
가로등,가로등,,37.5372572,127.0867747
가로등,가로등,,37.5373376,127.0871164
가로등,가로등,,37.5379147,127.0883684
가로등,가로등,,37.5374142,127.0873462
가로등,가로등,,37.5373785,127.0874769
가로등,가로등,,37.5374015,127.087595
가로등,가로등,,37.5375209,127.0877573
가로등,가로등,,37.5376076,127.0880957
가로등,가로등,,37.5376747,127.0883607
가로등,가로등,,37.5377263,127.0885601
가로등,가로등,,37.5377785,127.0887778
가로등,가로등,,37.537819,127.0889346
가로등,가로등,,37.5379181,127.0893256
가로등,가로등,,37.5378233,127.0880298
가로등,가로등,,37.538014,127.0898038
가로등,가로등,,37.5377639,127.0877876
가로등,가로등,,37.5376974,127.0875445
가로등,가로등,,37.5381483,127.0892941
가로등,가로등,,37.5376463,127.0873213
가로등,가로등,,37.5376179,127.0871754
가로등,가로등,,37.5375577,127.0869256
가로등,가로등,,37.5405073,127.0948341
가로등,가로등,,37.5406506,127.0950658
가로등,가로등,,37.5407951,127.0953158
가로등,가로등,,37.5409182,127.0955637
가로등,가로등,,37.538569,127.0909601
가로등,가로등,,37.5385014,127.0907049
가로등,가로등,,37.5384311,127.0904558
가로등,가로등,,37.53836,127.0901698
가로등,가로등,,37.5382859,127.0898656
가로등,가로등,,37.5382207,127.0895947
가로등,가로등,,37.541275,127.0964476
가로등,가로등,,37.5423336,127.0996748
가로등,가로등,,37.5424798,127.1000983
가로등,가로등,,37.5425812,127.1003956
가로등,가로등,,37.542715,127.1007843
가로등,가로등,,37.5428265,127.1011152
가로등,가로등,,37.5413874,127.0967215
가로등,가로등,,37.5414872,127.0970814
가로등,가로등,,37.5415893,127.0974006
가로등,가로등,,37.5417095,127.0977829
가로등,가로등,,37.5418575,127.0982423
가로등,가로등,,37.5419772,127.0985986
가로등,가로등,,37.5421019,127.0989838
가로등,가로등,,37.5422056,127.0993012
가로등,가로등,,37.5396651,127.0930007
가로등,가로등,,37.5395577,127.0928242
가로등,가로등,,37.5394333,127.0926212
가로등,가로등,,37.5393095,127.0924097
가로등,가로등,,37.5391445,127.0921288
가로등,가로등,,37.5389546,127.0918065
가로등,가로등,,37.5387281,127.091416
가로등,가로등,,37.5386215,127.0911647
가로등,가로등,,37.5429635,127.1015664
가로등,가로등,,37.5430593,127.1018552
가로등,가로등,,37.5431829,127.1022204
가로등,가로등,,37.543325,127.1025734
가로등,가로등,,37.5434755,127.102847
가로등,가로등,,37.5436795,127.1031417
가로등,가로등,,37.5439554,127.1034317
가로등,가로등,,37.5441808,127.1036391
가로등,가로등,,37.5444431,127.1038828
가로등,가로등,,37.5411576,127.095501
가로등,가로등,,37.5400053,127.0935716
가로등,가로등,,37.5398388,127.0932921
가로등,가로등,,37.541055,127.0953338
가로등,가로등,,37.5409263,127.0951143
가로등,가로등,,37.5407921,127.0948927
가로등,가로등,,37.540673,127.0946806
가로등,가로등,,37.5405136,127.0943994
가로등,가로등,,37.5403929,127.0942022
가로등,가로등,,37.540274,127.0940061
가로등,가로등,,37.540144,127.0938012
가로등,가로등,,37.5453484,127.1049326
가로등,가로등,,37.5455055,127.1049781
가로등,가로등,,37.5457205,127.1051678
가로등,가로등,,37.5459093,127.105336
가로등,가로등,,37.546085,127.1054897
가로등,가로등,,37.5462494,127.1056367
가로등,가로등,,37.5464375,127.1057959
가로등,가로등,,37.5421465,127.0981252
가로등,가로등,,37.5420482,127.0978034
가로등,가로등,,37.5419246,127.0974049
가로등,가로등,,37.5417888,127.0969808
가로등,가로등,,37.5417372,127.0966771
가로등,가로등,,37.5417426,127.0962755
가로등,가로등,,37.5466988,127.1074846
가로등,가로등,,37.5473819,127.1065732
가로등,가로등,,37.5475925,127.1067538
가로등,가로등,,37.5477596,127.106921
가로등,가로등,,37.5479873,127.1071506
가로등,가로등,,37.5468671,127.106541
가로등,가로등,,37.5467414,127.107248
가로등,가로등,,37.5467695,127.1070209
가로등,가로등,,37.5468072,127.1067843
가로등,가로등,,37.5470093,127.1063554
가로등,가로등,,37.5465289,127.1059097
가로등,가로등,,37.5469527,127.1061922
가로등,가로등,,37.5471921,127.1064176
가로등,가로등,,37.5408723,127.0684996
가로등,가로등,,37.5418371,127.0656612
가로등,가로등,,37.5419369,127.0653751
가로등,가로등,,37.5420383,127.0650735
가로등,가로등,,37.5421471,127.0647489
가로등,가로등,,37.5422831,127.0643556
가로등,가로등,,37.5409811,127.0681852
가로등,가로등,,37.541098,127.067842
가로등,가로등,,37.5411963,127.0675569
가로등,가로등,,37.5413079,127.0672272
가로등,가로등,,37.5414227,127.0668976
가로등,가로등,,37.5415233,127.0665972
가로등,가로등,,37.5416259,127.06629
가로등,가로등,,37.5417391,127.0659656
가로등,가로등,,37.544803,127.1037021
가로등,가로등,,37.5464444,127.105219
가로등,가로등,,37.5431261,127.1010816
가로등,가로등,,37.5461289,127.1049746
가로등,가로등,,37.5430723,127.1007209
가로등,가로등,,37.5429389,127.1003854
가로등,가로등,,37.5459243,127.1047998
가로등,가로등,,37.5457266,127.1046131
가로등,가로등,,37.5428059,127.0999993
가로등,가로등,,37.5455017,127.1044228
가로등,가로등,,37.5426638,127.0995857
가로등,가로등,,37.5425455,127.0992459
가로등,가로등,,37.5424277,127.0989122
가로등,가로등,,37.5422714,127.0985591
가로등,가로등,,37.5446157,127.103554
가로등,가로등,,37.5443512,127.1033174
가로등,가로등,,37.5440421,127.10304
가로등,가로등,,37.54383,127.1028321
가로등,가로등,,37.5436354,127.1025273
가로등,가로등,,37.5434848,127.1021674
가로등,가로등,,37.5433521,127.1017647
가로등,가로등,,37.5432335,127.1014171
가로등,가로등,,37.5483115,127.1074623
가로등,가로등,,37.5502651,127.1089423
가로등,가로등,,37.5501801,127.1091213
가로등,가로등,,37.5505701,127.1089937
가로등,가로등,,37.5507254,127.1090875
가로등,가로등,,37.5485766,127.1076582
가로등,가로등,,37.5488613,127.1078529
가로등,가로등,,37.5491551,127.1080454
가로등,가로등,,37.5493833,127.1082009
가로등,가로등,,37.5495629,127.10832
가로등,가로등,,37.5497524,127.1084466
가로등,가로등,,37.5499825,127.1086074
가로등,가로등,,37.550263,127.1087904
가로등,가로등,,37.5480673,127.1068121
가로등,가로등,,37.5475578,127.1058544
가로등,가로등,,37.5471997,127.1058284
가로등,가로등,,37.5474015,127.1058452
가로등,가로등,,37.5470923,127.1057896
가로등,가로등,,37.5469684,127.1056632
가로등,가로등,,37.5478839,127.1066084
가로등,가로등,,37.546823,127.1055119
가로등,가로등,,37.5466657,127.105367
가로등,가로등,,37.5465167,127.1052192
가로등,가로등,,37.5476725,127.1063924
가로등,가로등,,37.5474461,127.1061806
가로등,가로등,,37.5472233,127.1059771
가로등,가로등,,37.5470195,127.1057619
가로등,가로등,,37.5468782,127.105615
가로등,가로등,,37.5467198,127.1054686
가로등,가로등,,37.5465825,127.1053438
가로등,가로등,,37.550948,127.1088626
가로등,가로등,,37.5487682,127.1073984
가로등,가로등,,37.5484545,127.1071776
가로등,가로등,,37.5482414,127.1069819
가로등,가로등,,37.5507825,127.1087532
가로등,가로등,,37.5505992,127.1086302
가로등,가로등,,37.5504101,127.1085076
가로등,가로등,,37.5499925,127.1082192
가로등,가로등,,37.5496938,127.1080177
가로등,가로등,,37.5495427,127.1077173
가로등,가로등,,37.5493951,127.107813
가로등,가로등,,37.5490867,127.1076197
가로등,가로등,,37.558589,127.1136655
가로등,가로등,,37.5561192,127.1117666
가로등,가로등,,37.5558593,127.1119336
가로등,가로등,,37.5556202,127.1121336
가로등,가로등,,37.5553438,127.1122233
가로등,가로등,,37.5550592,127.1122111
가로등,가로등,,37.5547893,127.1120663
가로등,가로등,,37.5545341,127.1119234
가로등,가로등,,37.5542809,127.1117887
가로등,가로등,,37.5539953,127.1116329
가로등,가로등,,37.5536066,127.1115614
가로등,가로등,,37.5582089,127.113434
가로등,가로등,,37.553309,127.1115231
가로등,가로등,,37.5529764,127.1114433
가로등,가로등,,37.5527096,127.111328
가로등,가로등,,37.5524875,127.1111719
가로등,가로등,,37.552281,127.1109089
가로등,가로등,,37.5521968,127.1106057
가로등,가로등,,37.5521545,127.1102489
가로등,가로등,,37.5520975,127.1099789
가로등,가로등,,37.55202,127.1097535
가로등,가로등,,37.551866,127.1095327
가로등,가로등,,37.557867,127.1132173
가로등,가로등,,37.5516423,127.1093287
가로등,가로등,,37.5514536,127.1092267
가로등,가로등,,37.55124,127.1090042
가로등,가로등,,37.5575756,127.1129133
가로등,가로등,,37.5573256,127.1125709
가로등,가로등,,37.557074,127.1122452
가로등,가로등,,37.5568549,127.111956
가로등,가로등,,37.5566417,127.1118358
가로등,가로등,,37.5563626,127.1117324
가로등,가로등,,37.539639,127.0709287
가로등,가로등,,37.5388187,127.0736261
가로등,가로등,,37.538749,127.0739115
가로등,가로등,,37.5386883,127.0741581
가로등,가로등,,37.5385561,127.0747905
가로등,가로등,,37.5384745,127.0751946
가로등,가로등,,37.5384253,127.0754062
가로등,가로등,,37.5383732,127.0757154
가로등,가로등,,37.5383071,127.0759831
가로등,가로등,,37.5382457,127.076226
가로등,가로등,,37.5381701,127.0765136
가로등,가로등,,37.5395693,127.0711581
가로등,가로등,,37.53811,127.0767386
가로등,가로등,,37.53806,127.0769274
가로등,가로등,,37.5394783,127.0714386
가로등,가로등,,37.5393992,127.0716827
가로등,가로등,,37.5392603,127.0720822
가로등,가로등,,37.5391659,127.0723853
가로등,가로등,,37.5390879,127.0726479
가로등,가로등,,37.539,127.0729597
가로등,가로등,,37.5389348,127.0731861
가로등,가로등,,37.5384657,127.0741826
가로등,가로등,,37.5369021,127.0717734
가로등,가로등,,37.5370315,127.0714048
가로등,가로등,,37.5369215,127.0712324
가로등,가로등,,37.5368368,127.0714762
가로등,가로등,,37.536683,127.0719412
가로등,가로등,,37.536509,127.0724318
가로등,가로등,,37.5363484,127.0728883
가로등,가로등,,37.5362058,127.0733107
가로등,가로등,,37.5380945,127.074064
가로등,가로등,,37.5377099,127.0739421
가로등,가로등,,37.5373704,127.0738417
가로등,가로등,,37.5369034,127.0736916
가로등,가로등,,37.5365076,127.073581
가로등,가로등,,37.5363846,127.0732337
가로등,가로등,,37.5365363,127.0728028
가로등,가로등,,37.5367482,127.0722299
가로등,가로등,,37.5362588,127.0736782
가로등,가로등,,37.5366515,127.0738118
가로등,가로등,,37.5371184,127.073962
가로등,가로등,,37.5375539,127.0741066
가로등,가로등,,37.5379002,127.0742071
가로등,가로등,,37.5383344,127.0743484
가로등,가로등,,37.5386277,127.0744458
가로등,가로등,,37.5383563,127.0771036
가로등,가로등,,37.5389724,127.0747297
가로등,가로등,,37.5390898,127.0743095
가로등,가로등,,37.5391852,127.0740702
가로등,가로등,,37.5392612,127.0737651
가로등,가로등,,37.5393463,127.0734259
가로등,가로등,,37.5394508,127.0730348
가로등,가로등,,37.5395564,127.0727011
가로등,가로등,,37.5396965,127.0722806
가로등,가로등,,37.5397981,127.0719791
가로등,가로등,,37.5399011,127.0716596
가로등,가로등,,37.5384163,127.0768614
가로등,가로등,,37.5399939,127.0713823
가로등,가로등,,37.5401081,127.0710423
가로등,가로등,,37.538499,127.0765301
가로등,가로등,,37.5385691,127.076247
가로등,가로등,,37.5386392,127.0759651
가로등,가로등,,37.5387184,127.0756514
가로등,가로등,,37.5387701,127.0754439
가로등,가로등,,37.5388188,127.0752478
가로등,가로등,,37.5388807,127.0750376
가로등,가로등,,37.5379823,127.0772861
가로등,가로등,,37.5374209,127.0796448
가로등,가로등,,37.5373712,127.0798464
가로등,가로등,,37.537286,127.0801803
가로등,가로등,,37.5372133,127.0804755
가로등,가로등,,37.5371552,127.0807054
가로등,가로등,,37.5379292,127.0775015
가로등,가로등,,37.5378853,127.0776856
가로등,가로등,,37.5377771,127.0781086
가로등,가로등,,37.5377261,127.0783088
가로등,가로등,,37.5376448,127.0786288
가로등,가로등,,37.5375757,127.0788753
가로등,가로등,,37.5375256,127.0790931
가로등,가로등,,37.5374914,127.0793632
가로등,가로등,,37.5373659,127.0810549
가로등,가로등,,37.5379761,127.0786044
가로등,가로등,,37.5380593,127.0782638
가로등,가로등,,37.5381174,127.0780309
가로등,가로등,,37.5381746,127.0777975
가로등,가로등,,37.5382362,127.0775528
가로등,가로등,,37.5382979,127.0773027
가로등,가로등,,37.5374338,127.0807924
가로등,가로등,,37.537517,127.0804542
가로등,가로등,,37.5375619,127.0802822
가로등,가로등,,37.5376155,127.0800643
가로등,가로등,,37.5377035,127.0797129
가로등,가로등,,37.5377816,127.0794066
가로등,가로등,,37.5378635,127.0790543
가로등,가로등,,37.5379079,127.0788871
가로등,가로등,,37.541236,127.0969175
가로등,가로등,,37.5370618,127.0810298
가로등,가로등,,37.5363786,127.0833403
가로등,가로등,,37.537008,127.0812562
가로등,가로등,,37.5369491,127.08149
가로등,가로등,,37.5368729,127.0817916
가로등,가로등,,37.5367903,127.0821082
가로등,가로등,,37.5367165,127.0823989
가로등,가로등,,37.5366618,127.0826182
가로등,가로등,,37.5365976,127.0828714
가로등,가로등,,37.5365079,127.083142
가로등,가로등,,37.5391137,127.0990173
가로등,가로등,,37.5417911,127.1011113
가로등,가로등,,37.5413577,127.1005735
가로등,가로등,,37.5409324,127.1000862
가로등,가로등,,37.540472,127.0995364
가로등,가로등,,37.5400332,127.0990252
가로등,가로등,,37.5396157,127.0985156
가로등,가로등,,37.5393517,127.0987501
가로등,가로등,,37.5395026,127.0987294
가로등,가로등,,37.5396474,127.0989013
가로등,가로등,,37.5401372,127.0995019
가로등,가로등,,37.5406091,127.1000819
가로등,가로등,,37.5410004,127.1005127
가로등,가로등,,37.5414507,127.1010763
가로등,가로등,,37.5418601,127.1015467
가로등,가로등,,37.5412391,127.1031235
가로등,가로등,,37.5424953,127.1014698
가로등,가로등,,37.542302,127.1015812
가로등,가로등,,37.5415285,127.1027569
가로등,가로등,,37.5417079,127.1024984
가로등,가로등,,37.5420345,127.102115
가로등,가로등,,37.5422241,127.1018703
가로등,가로등,,37.5424423,127.1017672
가로등,가로등,,37.5426177,127.1016729
가로등,가로등,,37.5428179,127.1015841
가로등,가로등,,37.542745,127.1013326
가로등,가로등,,37.5419382,127.1019708
가로등,가로등,,37.5404166,127.1023865
가로등,가로등,,37.5403133,127.1022488
가로등,가로등,,37.5416599,127.1023063
가로등,가로등,,37.5413996,127.1026303
가로등,가로등,,37.5411551,127.1029569
가로등,가로등,,37.5410676,127.1030791
가로등,가로등,,37.5409412,127.103009
가로등,가로등,,37.5407455,127.1027728
가로등,가로등,,37.5406448,127.1026314
가로등,가로등,,37.5405297,127.1025132
가로등,가로등,,37.540181,127.1021188
가로등,가로등,,37.5407216,127.1033979
가로등,가로등,,37.540507,127.1032293
가로등,가로등,,37.5406162,127.1035371
가로등,가로등,,37.5401216,127.1022115
가로등,가로등,,37.5401414,127.1023878
가로등,가로등,,37.5402932,127.1026219
가로등,가로등,,37.5404472,127.1028588
가로등,가로등,,37.5405789,127.1031525
가로등,가로등,,37.5407667,127.1033099
가로등,가로등,,37.5409607,127.1034476
가로등,가로등,,37.5409453,127.1035551
가로등,가로등,,37.5479572,127.1074096
가로등,가로등,,37.5478521,127.1083271
가로등,가로등,,37.5480489,127.1085807
가로등,가로등,,37.5481848,127.1087866
가로등,가로등,,37.548332,127.1089755
가로등,가로등,,37.5484609,127.1091503
가로등,가로등,,37.5476651,127.1076602
가로등,가로등,,37.5474601,127.107681
가로등,가로등,,37.5473622,127.1077356
가로등,가로등,,37.5471987,127.1076824
가로등,가로등,,37.547043,127.1076209
가로등,가로등,,37.5468196,127.1075287
가로등,가로등,,37.5476042,127.1079807
가로등,가로등,,37.5477321,127.1081438
가로등,가로등,,37.5484147,127.1094901
가로등,가로등,,37.5485601,127.1098206
가로등,가로등,,37.5499977,127.1104866
가로등,가로등,,37.5502009,127.1105959
가로등,가로등,,37.5504197,127.1106741
가로등,가로등,,37.5505686,127.1107412
가로등,가로등,,37.5507717,127.1108222
가로등,가로등,,37.550905,127.1109234
가로등,가로등,,37.5510991,127.1110271
가로등,가로등,,37.5513089,127.1110883
가로등,가로등,,37.5514894,127.1111892
가로등,가로등,,37.5516385,127.1112564
가로등,가로등,,37.5517738,127.1113265
가로등,가로등,,37.5519995,127.1114131
가로등,가로등,,37.5487249,127.1099046
가로등,가로등,,37.5488648,127.1099831
가로등,가로등,,37.549113,127.110095
가로등,가로등,,37.5492868,127.110179
가로등,가로등,,37.549429,127.1102377
가로등,가로등,,37.549596,127.1103076
가로등,가로등,,37.5497721,127.1104001
가로등,가로등,,37.537004,127.0832242
가로등,가로등,,37.5368439,127.0833144
가로등,가로등,,37.5369308,127.0830994
가로등,가로등,,37.5369431,127.0827931
가로등,가로등,,37.5369803,127.0826137
가로등,가로등,,37.5370486,127.0823332
가로등,가로등,,37.5371327,127.0819872
가로등,가로등,,37.5372302,127.0815877
가로등,가로등,,37.5372961,127.0813405
가로등,가로등,,37.5382372,127.0905012
가로등,가로등,,37.5393917,127.0929717
가로등,가로등,,37.5395028,127.0931461
가로등,가로등,,37.5383073,127.0908161
가로등,가로등,,37.5383967,127.0911453
가로등,가로등,,37.5385103,127.0914514
가로등,가로등,,37.5386808,127.0917709
가로등,가로등,,37.5388358,127.092032
가로등,가로등,,37.5389736,127.0922647
가로등,가로등,,37.5391155,127.0925101
가로등,가로등,,37.5392651,127.0927622
가로등,가로등,,37.53492,127.0676729
가로등,가로등,,37.534977,127.0678565
가로등,가로등,,37.5351006,127.0677597
가로등,가로등,,37.5351692,127.0680309
가로등,가로등,,37.5588874,127.0879458
가로등,가로등,,37.557551,127.0898411
가로등,가로등,,37.5573895,127.0900486
가로등,가로등,,37.5572864,127.0902246
가로등,가로등,,37.5571339,127.090418
가로등,가로등,,37.5570509,127.0905542
가로등,가로등,,37.5568828,127.0908014
가로등,가로등,,37.5566315,127.0911397
가로등,가로등,,37.5564993,127.0913215
가로등,가로등,,37.5563782,127.0914976
가로등,가로등,,37.5562077,127.0917306
가로등,가로등,,37.558735,127.0881787
가로등,가로등,,37.5560552,127.0919381
가로등,가로등,,37.5559409,127.0921001
가로등,가로등,,37.5585735,127.0884061
가로등,가로등,,37.5584412,127.0885851
가로등,가로등,,37.5582505,127.0888438
가로등,가로등,,37.5580958,127.089071
가로등,가로등,,37.5579635,127.0892585
가로등,가로등,,37.5578088,127.0894887
가로등,가로등,,37.5577191,127.0895939
가로등,가로등,,37.5557479,127.0923389
가로등,가로등,,37.5546852,127.0945581
가로등,가로등,,37.5547854,127.0948632
가로등,가로등,,37.5548537,127.0950836
가로등,가로등,,37.5548985,127.0953103
가로등,가로등,,37.5549275,127.0955786
가로등,가로등,,37.5549285,127.0958645
가로등,가로등,,37.5549133,127.0960372
가로등,가로등,,37.554809,127.0964991
가로등,가로등,,37.5547307,127.096658
가로등,가로등,,37.5546144,127.096919
가로등,가로등,,37.5555944,127.0925779
가로등,가로등,,37.5544575,127.0971633
가로등,가로등,,37.554314,127.0973707
가로등,가로등,,37.5541863,127.0975865
가로등,가로등,,37.554054,127.0977825
가로등,가로등,,37.5554206,127.0928332
가로등,가로등,,37.5552906,127.0930349
가로등,가로등,,37.5551583,127.0932167
가로등,가로등,,37.5549699,127.0934782
가로등,가로등,,37.5547928,127.0937452
가로등,가로등,,37.5547146,127.0939523
가로등,가로등,,37.5546592,127.0942214
가로등,가로등,,37.5538554,127.09771
가로등,가로등,,37.5528679,127.0994531
가로등,가로등,,37.5527222,127.0996747
가로등,가로등,,37.5525126,127.099755
가로등,가로등,,37.553625,127.0975329
가로등,가로등,,37.5534171,127.0976844
가로등,가로등,,37.5533336,127.097993
가로등,가로등,,37.5532512,127.0982878
가로등,가로등,,37.5531619,127.0985232
가로등,가로등,,37.5530568,127.09877
가로등,가로등,,37.5529651,127.0989601
가로등,가로등,,37.5529861,127.0991666
가로등,가로등,,37.5523505,127.0997813
가로등,가로등,,37.5510077,127.1008589
가로등,가로등,,37.5522311,127.0997962
가로등,가로등,,37.5520488,127.0998736
가로등,가로등,,37.5519054,127.1000243
가로등,가로등,,37.5517906,127.1001467
가로등,가로등,,37.5516548,127.1002922
가로등,가로등,,37.5514986,127.1004228
가로등,가로등,,37.5513683,127.1005282
가로등,가로등,,37.5511907,127.1006679
가로등,가로등,,37.5685983,127.0860049
가로등,가로등,,37.5684497,127.0859613
가로등,가로등,,37.5543977,127.0886515
가로등,가로등,,37.5574405,127.0881228
가로등,가로등,,37.5577993,127.0880645
가로등,가로등,,37.5581543,127.088002
가로등,가로등,,37.5584649,127.0879498
가로등,가로등,,37.5589338,127.0878726
가로등,가로등,,37.5591101,127.0878454
가로등,가로등,,37.5546644,127.0886081
가로등,가로등,,37.5549759,127.0885546
가로등,가로등,,37.5553334,127.0884833
가로등,가로등,,37.5556971,127.0884307
가로등,가로등,,37.5560374,127.0883751
가로등,가로등,,37.5563772,127.0883147
가로등,가로등,,37.5567072,127.088255
가로등,가로등,,37.5570814,127.0881847
가로등,가로등,,37.5590663,127.0875711
가로등,가로등,,37.5557851,127.0881326
가로등,가로등,,37.5554563,127.0881826
가로등,가로등,,37.55506,127.0882583
가로등,가로등,,37.5547514,127.088311
가로등,가로등,,37.5544316,127.0883609
가로등,가로등,,37.5541659,127.0884133
가로등,가로등,,37.5587686,127.0876305
가로등,가로등,,37.5583975,127.0876824
가로등,가로등,,37.5579884,127.0877571
가로등,가로등,,37.5575909,127.0878181
가로등,가로등,,37.5572264,127.087887
가로등,가로등,,37.5568728,127.0879427
가로등,가로등,,37.5564878,127.0880184
가로등,가로등,,37.5561313,127.0880892
가로등,가로등,,37.5595087,127.0877782
가로등,가로등,,37.5625169,127.0872968
가로등,가로등,,37.562831,127.0872342
가로등,가로등,,37.5631124,127.0871845
가로등,가로등,,37.5634343,127.0871224
가로등,가로등,,37.5597865,127.0877421
가로등,가로등,,37.5601005,127.0877118
가로등,가로등,,37.5604007,127.0876827
가로등,가로등,,37.5607142,127.0876449
가로등,가로등,,37.5610741,127.0875714
가로등,가로등,,37.5614538,127.0875007
가로등,가로등,,37.5617713,127.0874377
가로등,가로등,,37.5622063,127.087355
가로등,가로등,,37.5643519,127.0866701
가로등,가로등,,37.5612172,127.0872677
가로등,가로등,,37.5608214,127.0873446
가로등,가로등,,37.5604966,127.0873934
가로등,가로등,,37.5602119,127.0874275
가로등,가로등,,37.5598923,127.0874679
가로등,가로등,,37.5639825,127.0867316
가로등,가로등,,37.5636406,127.0867824
가로등,가로등,,37.5633446,127.0868296
가로등,가로등,,37.5629939,127.0869069
가로등,가로등,,37.5626651,127.0869833
가로등,가로등,,37.5622958,127.0870466
가로등,가로등,,37.561913,127.0871406
가로등,가로등,,37.5615595,127.0872007
가로등,가로등,,37.5637367,127.0870484
가로등,가로등,,37.5667784,127.0865492
가로등,가로등,,37.5671544,127.0864961
가로등,가로등,,37.5674855,127.0864377
가로등,가로등,,37.5677651,127.0864021
가로등,가로등,,37.5680204,127.0863417
가로등,가로등,,37.5640378,127.0869967
가로등,가로등,,37.5643195,127.0869468
가로등,가로등,,37.5646072,127.0868955
가로등,가로등,,37.5648924,127.0868527
가로등,가로등,,37.5652951,127.0868016
가로등,가로등,,37.5656183,127.0867427
가로등,가로등,,37.5659992,127.0866837
가로등,가로등,,37.5664316,127.0866134
가로등,가로등,,37.5680711,127.0860442
가로등,가로등,,37.5647595,127.0865971
가로등,가로등,,37.5676849,127.0861139
가로등,가로등,,37.5673246,127.0861696
가로등,가로등,,37.5670006,127.0862355
가로등,가로등,,37.5665846,127.0863033
가로등,가로등,,37.566217,127.0863604
가로등,가로등,,37.5658405,127.0864241
가로등,가로등,,37.5654464,127.0864914
가로등,가로등,,37.5651108,127.0865385
가로등,가로등,,37.5684243,127.0862922
가로등,가로등,,37.5705829,127.0863094
가로등,가로등,,37.5708696,127.086317
가로등,가로등,,37.5686144,127.0862883
가로등,가로등,,37.5688498,127.0862795
가로등,가로등,,37.5690817,127.0862798
가로등,가로등,,37.5693547,127.0862832
가로등,가로등,,37.5696555,127.0862792
가로등,가로등,,37.5699005,127.0862828
가로등,가로등,,37.5701056,127.0862901
가로등,가로등,,37.5702954,127.0863006
가로등,가로등,,37.5707282,127.0860067
가로등,가로등,,37.5705109,127.0860023
가로등,가로등,,37.5702714,127.0860146
가로등,가로등,,37.5700362,127.0860095
가로등,가로등,,37.5697942,127.0859983
가로등,가로등,,37.569575,127.0859873
가로등,가로등,,37.5565082,127.081259
가로등,가로등,,37.55642313,127.0814789
가로등,가로등,,37.55633807,127.0816989
가로등,가로등,,37.556253,127.0819188
가로등,가로등,,37.5562381,127.0822406
가로등,가로등,,37.55614383,127.0824784
가로등,가로등,,37.55604957,127.0827163
가로등,가로등,,37.5559553,127.0829541
가로등,가로등,,37.5428053,127.0945432
가로등,가로등,,37.5436764,127.096893
가로등,가로등,,37.5439003,127.0971466
가로등,가로등,,37.5441625,127.0973631
가로등,가로등,,37.5445426,127.0975002
가로등,가로등,,37.5448324,127.097583
가로등,가로등,,37.5450942,127.0976778
가로등,가로등,,37.545374,127.0977923
가로등,가로등,,37.5457258,127.097881
가로등,가로등,,37.5460799,127.0979895
가로등,가로등,,37.5463597,127.0980772
가로등,가로등,,37.5429479,127.0947208
가로등,가로등,,37.5430658,127.0949323
가로등,가로등,,37.543177,127.0951553
가로등,가로등,,37.5432906,127.0954434
가로등,가로등,,37.5433321,127.0957233
가로등,가로등,,37.543369,127.0959891
가로등,가로등,,37.5434084,127.0962946
가로등,가로등,,37.5434951,127.096594
가로등,가로등,,37.5468461,127.0979967
가로등,가로등,,37.5481808,127.0985235
가로등,가로등,,37.5483804,127.098556
가로등,가로등,,37.5485878,127.0986001
가로등,가로등,,37.5488134,127.0986499
가로등,가로등,,37.5490378,127.0987241
가로등,가로등,,37.5491902,127.0988134
가로등,가로등,,37.5493032,127.0989345
가로등,가로등,,37.5494369,127.0991432
가로등,가로등,,37.549488,127.0992637
가로등,가로등,,37.5495556,127.0995883
가로등,가로등,,37.5470534,127.0979814
가로등,가로등,,37.549584,127.0999659
가로등,가로등,,37.5496504,127.1002911
가로등,가로등,,37.5496836,127.1004414
가로등,가로등,,37.5497441,127.1006048
가로등,가로등,,37.5498703,127.1006975
가로등,가로등,,37.550069,127.1008011
가로등,가로등,,37.5503002,127.1008683
가로등,가로등,,37.5505471,127.1008665
가로등,가로등,,37.5505391,127.1011524
가로등,가로등,,37.550725,127.1008882
가로등,가로등,,37.5471864,127.098009
가로등,가로등,,37.5508356,127.1009556
가로등,가로등,,37.5473623,127.0980392
가로등,가로등,,37.5474412,127.0980671
가로등,가로등,,37.5475462,127.098091
가로등,가로등,,37.5476694,127.0981295
가로등,가로등,,37.5478003,127.0982251
가로등,가로등,,37.5479722,127.0983996
가로등,가로등,,37.5509181,127.101032
가로등,가로등,,37.5518853,127.1041879
가로등,가로등,,37.5518976,127.1044793
가로등,가로등,,37.5518878,127.1049209
가로등,가로등,,37.551792,127.1052355
가로등,가로등,,37.551649,127.1055929
가로등,가로등,,37.5515601,127.1059839
가로등,가로등,,37.5515815,127.1063121
가로등,가로등,,37.5516658,127.1065778
가로등,가로등,,37.5517521,127.1067981
가로등,가로등,,37.5511162,127.1012937
가로등,가로등,,37.5513542,127.1016887
가로등,가로등,,37.5514702,127.1020164
가로등,가로등,,37.5515705,127.1023498
가로등,가로등,,37.5516758,127.1028615
가로등,가로등,,37.5517492,127.1032432
가로등,가로등,,37.551786,127.1034723
가로등,가로등,,37.551841,127.1037466
가로등,가로등,,37.5326458,127.0693612
가로등,가로등,,37.532547,127.0694636
가로등,가로등,,37.5324124,127.0696285
가로등,가로등,,37.5323024,127.0697593
가로등,가로등,,37.5321655,127.0699157
가로등,가로등,,37.5320076,127.0698515
가로등,가로등,,37.5318786,127.069691
가로등,가로등,,37.5317698,127.0695416
가로등,가로등,,37.5316498,127.0693867
가로등,가로등,,37.5315355,127.0692238
가로등,가로등,,37.5325716,127.0682096
가로등,가로등,,37.5314075,127.0690543
가로등,가로등,,37.5313574,127.0689272
가로등,가로등,,37.5314219,127.0686807
가로등,가로등,,37.5327773,127.0682908
가로등,가로등,,37.5329289,127.0684568
가로등,가로등,,37.5330443,127.0685977
가로등,가로등,,37.5331415,127.0687443
가로등,가로등,,37.5330566,127.068923
가로등,가로등,,37.5329151,127.0690626
가로등,가로등,,37.5328029,127.0691877
가로등,가로등,,37.5324498,127.0681499
가로등,가로등,,37.5341555,127.0609695
가로등,가로등,,37.536552,127.0610957
가로등,가로등,,37.5369697,127.0613169
가로등,가로등,,37.5343795,127.0607638
가로등,가로등,,37.534579,127.0605817
가로등,가로등,,37.5348709,127.0604075
가로등,가로등,,37.535235,127.0603974
가로등,가로등,,37.5354037,127.0604658
가로등,가로등,,37.5356837,127.0606103
가로등,가로등,,37.5359176,127.0607712
가로등,가로등,,37.5362968,127.060967
가로등,가로등,,37.5305541,127.0871754
가로등,가로등,,37.5323418,127.0858056
가로등,가로등,,37.5325417,127.0856403
가로등,가로등,,37.5307909,127.0869374
가로등,가로등,,37.5309595,127.0868177
가로등,가로등,,37.5312293,127.0866266
가로등,가로등,,37.5313338,127.0865444
가로등,가로등,,37.5315955,127.0863586
가로등,가로등,,37.5318361,127.0861819
가로등,가로등,,37.5320113,127.0860366
가로등,가로등,,37.5321867,127.0859196
가로등,가로등,,37.5449626,127.0850566
가로등,가로등,,37.5445914,127.0849146
가로등,가로등,,37.5443173,127.084811
가로등,가로등,,37.5439674,127.0846573
가로등,가로등,,37.5436109,127.084498
가로등,가로등,,37.5433649,127.084406
가로등,가로등,,37.5430129,127.0842608
가로등,가로등,,37.5427985,127.0841715
가로등,가로등,,37.5500293,127.0905333
가로등,가로등,,37.548007,127.0882887
가로등,가로등,,37.5477672,127.0880126
가로등,가로등,,37.5475432,127.0877507
가로등,가로등,,37.5473578,127.0875621
가로등,가로등,,37.5471134,127.0872748
가로등,가로등,,37.5468352,127.0869706
가로등,가로등,,37.5466123,127.0867205
가로등,가로등,,37.546317,127.0863877
가로등,가로등,,37.5461066,127.0861483
가로등,가로등,,37.5459212,127.085937
가로등,가로등,,37.5498483,127.0903248
가로등,가로등,,37.5457198,127.0857061
가로등,가로등,,37.5454528,127.085385
가로등,가로등,,37.5496357,127.0900883
가로등,가로등,,37.5494116,127.0898178
가로등,가로등,,37.5491696,127.089553
가로등,가로등,,37.5489298,127.0892912
가로등,가로등,,37.5487579,127.0891053
가로등,가로등,,37.5484661,127.0887729
가로등,가로등,,37.5482761,127.0885645
가로등,가로등,,37.532226,127.0798189
가로등,가로등,,37.5340827,127.0816533
가로등,가로등,,37.5343167,127.081925
가로등,가로등,,37.5345169,127.0821291
가로등,가로등,,37.534768,127.0824078
가로등,가로등,,37.5349557,127.0826133
가로등,가로등,,37.5351684,127.0828442
가로등,가로등,,37.5353743,127.0830921
가로등,가로등,,37.535553,127.0832835
가로등,가로등,,37.5358042,127.0835934
가로등,가로등,,37.5324653,127.079925
가로등,가로등,,37.5326775,127.0800455
가로등,가로등,,37.5329038,127.0803243
가로등,가로등,,37.5331164,127.0805467
가로등,가로등,,37.5332521,127.0806988
가로등,가로등,,37.533406,127.0808742
가로등,가로등,,37.5337092,127.0812309
가로등,가로등,,37.5338998,127.0814534
가로등,가로등,,37.5360116,127.0836092
가로등,가로등,,37.5340885,127.0814326
가로등,가로등,,37.5339007,127.0812016
가로등,가로등,,37.5336452,127.0809512
가로등,가로등,,37.5334008,127.0806781
가로등,가로등,,37.5332537,127.080495
가로등,가로등,,37.533041,127.0802586
가로등,가로등,,37.5328713,127.0800529
가로등,가로등,,37.5326092,127.0798054
가로등,가로등,,37.5323393,127.079666
가로등,가로등,,37.5358147,127.0833613
가로등,가로등,,37.53555,127.08306
가로등,가로등,,37.5353531,127.0828404
가로등,가로등,,37.5351925,127.0826517
가로등,가로등,,37.5349414,127.0823729
가로등,가로등,,37.53474,127.0821477
가로등,가로등,,37.5344867,127.0818775
가로등,가로등,,37.5342786,127.0816522
가로등,가로등,,37.5322354,127.0853694
가로등,가로등,,37.5303578,127.0868153
가로등,가로등,,37.5302087,127.086835
가로등,가로등,,37.530031,127.0868058
가로등,가로등,,37.5297923,127.0867545
가로등,가로등,,37.5295672,127.086724
가로등,가로등,,37.529362,127.0866823
가로등,가로등,,37.5290035,127.0866153
가로등,가로등,,37.5320006,127.0855499
가로등,가로등,,37.5318343,127.0856754
가로등,가로등,,37.5316366,127.0858321
가로등,가로등,,37.5314231,127.0859974
가로등,가로등,,37.5312231,127.0861428
가로등,가로등,,37.5309691,127.0863366
가로등,가로등,,37.5308072,127.0864592
가로등,가로등,,37.5306342,127.0865903
가로등,가로등,,37.5326833,127.0855428
가로등,가로등,,37.5329307,127.085375
가로등,가로등,,37.533214,127.0851952
가로등,가로등,,37.5333804,127.0851066
가로등,가로등,,37.5336808,127.0849865
가로등,가로등,,37.5339643,127.0848718
가로등,가로등,,37.5342073,127.0847628
가로등,가로등,,37.5345381,127.0846421
가로등,가로등,,37.5345781,127.0841661
가로등,가로등,,37.5342653,127.0842923
가로등,가로등,,37.5340133,127.0843871
가로등,가로등,,37.5336825,127.0845304
가로등,가로등,,37.5334125,127.084631
가로등,가로등,,37.5331449,127.0847683
가로등,가로등,,37.5329582,127.0848656
가로등,가로등,,37.5327536,127.0850082
가로등,가로등,,37.5325466,127.0851027
가로등,가로등,,37.534951,127.0844867
가로등,가로등,,37.5351445,127.0844035
가로등,가로등,,37.5353605,127.0843146
가로등,가로등,,37.5356193,127.0842113
가로등,가로등,,37.5358938,127.0841051
가로등,가로등,,37.5361302,127.0840104
가로등,가로등,,37.5363777,127.0839015
가로등,가로등,,37.5365083,127.0838838
가로등,가로등,,37.5366818,127.0839026
가로등,가로등,,37.5364977,127.0834311
가로등,가로등,,37.5364895,127.0834348
가로등,가로등,,37.5362682,127.0835059
가로등,가로등,,37.5360251,127.0836007
가로등,가로등,,37.5357483,127.0837125
가로등,가로등,,37.5355457,127.0837787
가로등,가로등,,37.5353298,127.083879
가로등,가로등,,37.535035,127.083991
가로등,가로등,,37.5347919,127.0840829
가로등,가로등,,37.5394529,127.0834207
가로등,가로등,,37.5397942,127.0833873
가로등,가로등,,37.54006,127.0833518
가로등,가로등,,37.5403489,127.0834832
가로등,가로등,,37.5405813,127.083564
가로등,가로등,,37.5409424,127.0837091
가로등,가로등,,37.541326,127.083864
가로등,가로등,,37.5415877,127.0839631
가로등,가로등,,37.5418586,127.084086
가로등,가로등,,37.5421927,127.0842464
가로등,가로등,,37.5370709,127.0836995
가로등,가로등,,37.5424454,127.0843432
가로등,가로등,,37.542732,127.0844803
가로등,가로등,,37.5429373,127.0845555
가로등,가로등,,37.5432284,127.0846869
가로등,가로등,,37.5436142,127.0848207
가로등,가로등,,37.543946,127.0849744
가로등,가로등,,37.5442823,127.0851197
가로등,가로등,,37.5445463,127.0852116
가로등,가로등,,37.5449277,127.0853737
가로등,가로등,,37.5373389,127.0836556
가로등,가로등,,37.5376137,127.0836144
가로등,가로등,,37.5379134,127.0835788
가로등,가로등,,37.5381927,127.083549
가로등,가로등,,37.538499,127.0835133
가로등,가로등,,37.538821,127.0834748
가로등,가로등,,37.5391927,127.0834387
가로등,가로등,,37.5424995,127.0840334
가로등,가로등,,37.5397435,127.0830565
가로등,가로등,,37.5394348,127.0830865
가로등,가로등,,37.5391195,127.0831081
가로등,가로등,,37.5388108,127.0831381
가로등,가로등,,37.5384864,127.0831597
가로등,가로등,,37.5382905,127.0831749
가로등,가로등,,37.5379075,127.0831912
가로등,가로등,,37.5377048,127.0832206
가로등,가로등,,37.5374772,127.0832275
가로등,가로등,,37.537261,127.0832599
가로등,가로등,,37.5419273,127.0837688
가로등,가로등,,37.5416046,127.0836488
가로등,가로등,,37.5413519,127.0835568
가로등,가로등,,37.5410631,127.0834424
가로등,가로등,,37.540737,127.0832947
가로등,가로등,,37.5404041,127.0831575
가로등,가로등,,37.5400611,127.0830348
가로등,가로등,,37.5453298,127.0856489
가로등,가로등,,37.5474543,127.0881078
가로등,가로등,,37.5476443,127.0883104
가로등,가로등,,37.5478411,127.0885386
가로등,가로등,,37.5481034,127.0888173
가로등,가로등,,37.5482957,127.0890258
가로등,가로등,,37.5486419,127.0894116
가로등,가로등,,37.5487912,127.0895806
가로등,가로등,,37.5490106,127.0898284
가로등,가로등,,37.5491825,127.0900256
가로등,가로등,,37.5494698,127.090341
가로등,가로등,,37.5455289,127.085877
가로등,가로등,,37.5496892,127.0905748
가로등,가로등,,37.5498521,127.0907578
가로등,가로등,,37.5457393,127.0861249
가로등,가로등,,37.5459679,127.0864094
가로등,가로등,,37.5462009,127.0866544
가로등,가로등,,37.5464746,127.086967
가로등,가로등,,37.5466895,127.087212
가로등,가로등,,37.5469293,127.0874711
가로등,가로등,,37.5471782,127.087781
가로등,가로등,,37.5300835,127.0749014
가로등,가로등,,37.5304715,127.0750128
가로등,가로등,,37.5309971,127.0751824
가로등,가로등,,37.5313918,127.075285
가로등,가로등,,37.5317504,127.0753933
가로등,가로등,,37.5321974,127.0755321
가로등,가로등,,37.532584,127.0756465
가로등,가로등,,37.5329935,127.0757682
가로등,가로등,,37.5332245,127.0754783
가로등,가로등,,37.5329517,127.0754373
가로등,가로등,,37.5325343,127.0753124
가로등,가로등,,37.5320584,127.0751821
가로등,가로등,,37.5315802,127.0750518
가로등,가로등,,37.5311798,127.0749216
가로등,가로등,,37.5307952,127.074796
가로등,가로등,,37.5303801,127.0746965
가로등,가로등,,37.5299561,127.0745659
가로등,가로등,,37.5337369,127.0760002
가로등,가로등,,37.5371012,127.0769957
가로등,가로등,,37.5374441,127.0770984
가로등,가로등,,37.5378141,127.0772068
가로등,가로등,,37.5340582,127.0760932
가로등,가로등,,37.5343853,127.0761904
가로등,가로등,,37.534718,127.0762852
가로등,가로등,,37.5350147,127.0763793
가로등,가로등,,37.5355594,127.0765182
가로등,가로등,,37.5358289,127.0766096
가로등,가로등,,37.5362733,127.0767372
가로등,가로등,,37.5367336,127.0768959
가로등,가로등,,37.538016,127.0769594
가로등,가로등,,37.5345849,127.0759261
가로등,가로등,,37.5343436,127.0758709
가로등,가로등,,37.5339645,127.0757486
가로등,가로등,,37.5336826,127.0756568
가로등,가로등,,37.5377205,127.0768733
가로등,가로등,,37.5372873,127.0767371
가로등,가로등,,37.5368994,127.0766176
가로등,가로등,,37.5365406,127.0765093
가로등,가로등,,37.5361109,127.0763877
가로등,가로등,,37.535776,127.0762816
가로등,가로등,,37.5353564,127.0761652
가로등,가로등,,37.5350542,127.0760791
가로등,가로등,,37.5445905,127.1070368
가로등,가로등,,37.5452862,127.1047702
가로등,가로등,,37.5446607,127.1067987
가로등,가로등,,37.5447415,127.1065593
가로등,가로등,,37.5448239,127.1063246
가로등,가로등,,37.5448899,127.1060826
가로등,가로등,,37.5449643,127.105817
가로등,가로등,,37.545027,127.1055897
가로등,가로등,,37.5450945,127.1053463
가로등,가로등,,37.5452136,127.1051257
가로등,가로등,,37.5527738,127.0894142
가로등,가로등,,37.55289805,127.0893297
가로등,가로등,,37.5530223,127.0892452
가로등,가로등,,37.5526489,127.0894945
가로등,가로등,,37.5515586,127.0899874
가로등,가로등,,37.5512135,127.0901671
가로등,가로등,,37.5544388,127.0868451
가로등,가로등,,37.5545387,127.0865957
가로등,가로등,,37.5546477,127.0863114
가로등,가로등,,37.5591586,127.0738616
가로등,가로등,,37.5583983,127.0758969
가로등,가로등,,37.5583338,127.0760742
가로등,가로등,,37.5582329,127.0763258
가로등,가로등,,37.5581369,127.0765698
가로등,가로등,,37.5580631,127.0767485
가로등,가로등,,37.5579359,127.0770805
가로등,가로등,,37.5578421,127.0773188
가로등,가로등,,37.557763,127.0775377
가로등,가로등,,37.5576635,127.077784
가로등,가로등,,37.5575921,127.0779707
가로등,가로등,,37.5590959,127.0741027
가로등,가로등,,37.5575028,127.0782067
가로등,가로등,,37.5573889,127.0784988
가로등,가로등,,37.5572773,127.0787793
가로등,가로등,,37.5571431,127.0791234
가로등,가로등,,37.557052,127.0791797
가로등,가로등,,37.5590446,127.0742747
가로등,가로등,,37.5589608,127.0744578
가로등,가로등,,37.5588586,127.0746959
가로등,가로등,,37.5587449,127.0749674
가로등,가로등,,37.5586635,127.0751889
가로등,가로등,,37.5585499,127.0754748
가로등,가로등,,37.5584936,127.0756599
가로등,가로등,,37.5505205,127.0908915
가로등,가로등,,37.5521364,127.089943
가로등,가로등,,37.5523548,127.0898282
가로등,가로등,,37.5525524,127.0897173
가로등,가로등,,37.5527635,127.0895921
가로등,가로등,,37.5529603,127.0894622
가로등,가로등,,37.5531635,127.0893016
가로등,가로등,,37.5533208,127.0891464
가로등,가로등,,37.5534735,127.0890017
가로등,가로등,,37.5536532,127.0888185
가로등,가로등,,37.5538328,127.0887454
가로등,가로등,,37.5506644,127.0907551
가로등,가로등,,37.5540141,127.0887126
가로등,가로등,,37.5508236,127.0906292
가로등,가로등,,37.5509986,127.0905092
가로등,가로등,,37.551208,127.0903885
가로등,가로등,,37.5513566,127.0903147
가로등,가로등,,37.5515565,127.0902122
가로등,가로등,,37.5517611,127.0901147
가로등,가로등,,37.5519413,127.0900323
가로등,가로등,,37.5463004,127.1002643
가로등,가로등,,37.5462032,127.1006512
가로등,가로등,,37.546053,127.1010115
가로등,가로등,,37.5460184,127.1012296
가로등,가로등,,37.5459446,127.1014229
가로등,가로등,,37.5458583,127.1016418
가로등,가로등,,37.5456672,127.1020027
가로등,가로등,,37.5455814,127.1022414
가로등,가로등,,37.5455135,127.1024433
가로등,가로등,,37.5454086,127.1026718
가로등,가로등,,37.5453053,127.1029524
가로등,가로등,,37.5451808,127.1033055
가로등,가로등,,37.5451219,127.1035295
가로등,가로등,,37.5450627,127.1037482
가로등,가로등,,37.5449733,127.1038057
가로등,가로등,,37.5490759,127.0936264
가로등,가로등,,37.549138,127.0933402
가로등,가로등,,37.549261,127.0930646
가로등,가로등,,37.5493582,127.0927961
가로등,가로등,,37.5494329,127.0925915
가로등,가로등,,37.54952,127.0923589
가로등,가로등,,37.5496206,127.0921234
가로등,가로등,,37.5497727,127.0918198
가로등,가로등,,37.5499251,127.0915586
가로등,가로등,,37.5500759,127.0914395
가로등,가로등,,37.5503146,127.0911154
가로등,가로등,,37.5487576,127.0947558
가로등,가로등,,37.5488412,127.0945131
가로등,가로등,,37.5488655,127.0941788
가로등,가로등,,37.5489937,127.0938419
가로등,가로등,,37.5447032,127.104128
가로등,가로등,,37.544407,127.1062738
가로등,가로등,,37.5443504,127.1064745
가로등,가로등,,37.5448466,127.1043307
가로등,가로등,,37.5448148,127.1047364
가로등,가로등,,37.5447505,127.1049861
가로등,가로등,,37.5446798,127.1052719
가로등,가로등,,37.5446121,127.1055238
가로등,가로등,,37.5445451,127.1057947
가로등,가로등,,37.5444716,127.1060498
가로등,가로등,,37.5486783,127.0934416
가로등,가로등,,37.5476621,127.0921538
가로등,가로등,,37.5475474,127.0922251
가로등,가로등,,37.5475093,127.0923018
가로등,가로등,,37.5484863,127.0932898
가로등,가로등,,37.5482424,127.0931581
가로등,가로등,,37.5481598,127.0930317
가로등,가로등,,37.5480746,127.0928533
가로등,가로등,,37.5480068,127.0927122
가로등,가로등,,37.54795,127.0925823
가로등,가로등,,37.5478873,127.0924415
가로등,가로등,,37.5477956,127.0923115
가로등,가로등,,37.5454896,127.1041501
가로등,가로등,,37.5455591,127.1038443
가로등,가로등,,37.54563905,127.1035895
가로등,가로등,,37.545719,127.1033347
가로등,가로등,,37.54579895,127.1030799
가로등,가로등,,37.5458789,127.1028251
가로등,가로등,,37.5459235,127.1026829
가로등,가로등,,37.54600608,127.1024446
가로등,가로등,,37.54608867,127.1022064
가로등,가로등,,37.5454003,127.1041573
가로등,가로등,,37.5460831,127.1021188
가로등,가로등,,37.54617125,127.1019681
가로등,가로등,,37.54625383,127.1017298
가로등,가로등,,37.5461456,127.1019458
가로등,가로등,,37.54633642,127.1014916
가로등,가로등,,37.5462103,127.1017672
가로등,가로등,,37.5464163,127.1010363
가로등,가로등,,37.546419,127.1012533
가로등,가로등,,37.54652,127.1007439
가로등,가로등,,37.5464863,127.1010575
가로등,가로등,,37.546625,127.1004575
가로등,가로등,,37.54657455,127.1008027
가로등,가로등,,37.5467096,127.1001571
가로등,가로등,,37.5466628,127.1005479
가로등,가로등,,37.546801,127.1004353
가로등,가로등,,37.5468056,127.0998792
가로등,가로등,,37.5468691,127.1002395
가로등,가로등,,37.546915,127.0995927
가로등,가로등,,37.5470557,127.0991533
가로등,가로등,,37.545465,127.1039447
가로등,가로등,,37.5471804,127.098779
가로등,가로등,,37.5472899,127.0984899
가로등,가로등,,37.5474194,127.0981467
가로등,가로등,,37.5475352,127.097747
가로등,가로등,,37.5476223,127.0975145
가로등,가로등,,37.5476948,127.0973192
가로등,가로등,,37.5476869,127.0976363
가로등,가로등,,37.5477182,127.0978932
가로등,가로등,,37.5477796,127.098057
가로등,가로등,,37.5455588,127.1037037
가로등,가로등,,37.545639,127.1034146
가로등,가로등,,37.5456947,127.103253
가로등,가로등,,37.5457908,127.1029863
가로등,가로등,,37.5458934,127.1026575
가로등,가로등,,37.5459737,127.102425
가로등,가로등,,37.5460183,127.1023172
가로등,가로등,,37.5575822,127.0793035
가로등,가로등,,37.5585015,127.0769867
가로등,가로등,,37.5585795,127.0767654
가로등,가로등,,37.5586452,127.0766014
가로등,가로등,,37.5587087,127.0764335
가로등,가로등,,37.5588361,127.0761243
가로등,가로등,,37.5589209,127.0758973
가로등,가로등,,37.5590013,127.0757185
가로등,가로등,,37.5590727,127.075503
가로등,가로등,,37.5592045,127.0751937
가로등,가로등,,37.5592781,127.0749896
가로등,가로등,,37.5577218,127.0789569
가로등,가로등,,37.5594031,127.0746633
가로등,가로등,,37.5594478,127.0745442
가로등,가로등,,37.5595617,127.0742633
가로등,가로등,,37.5596086,127.0741583
가로등,가로등,,37.5578156,127.0787101
가로등,가로등,,37.557925,127.0784363
가로등,가로등,,37.5579808,127.0782832
가로등,가로등,,37.5580589,127.078096
가로등,가로등,,37.5581861,127.0777555
가로등,가로등,,37.5583046,127.0774803
가로등,가로등,,37.5583828,127.0772676
가로등,가로등,,37.5568946,127.0795291
가로등,가로등,,37.5562512,127.0814405
가로등,가로등,,37.55610565,127.0818063
가로등,가로등,,37.5559584,127.0821715
가로등,가로등,,37.55581115,127.0825366
가로등,가로등,,37.5556639,127.0829017
가로등,가로등,,37.5569351,127.0796576
가로등,가로등,,37.5568492,127.0798777
가로등,가로등,,37.5567624,127.0800965
가로등,가로등,,37.5566794,127.0803113
가로등,가로등,,37.5565936,127.0805287
가로등,가로등,,37.5565105,127.0807482
가로등,가로등,,37.5564264,127.0809703
가로등,가로등,,37.5563461,127.0811891
가로등,가로등,,37.5560622,127.0832189
가로등,가로등,,37.5568611,127.0811542
가로등,가로등,,37.5569355,127.0809651
가로등,가로등,,37.5570352,127.0806647
가로등,가로등,,37.5571519,127.0803831
가로등,가로등,,37.5572654,127.0801015
가로등,가로등,,37.5573758,127.0798185
가로등,가로등,,37.5561494,127.0829891
가로등,가로등,,37.5562356,127.0827607
가로등,가로등,,37.5563234,127.0825275
가로등,가로등,,37.5564106,127.0822971
가로등,가로등,,37.5564984,127.082068
가로등,가로등,,37.5565856,127.0818402
가로등,가로등,,37.5566787,127.0816145
가로등,가로등,,37.5567686,127.081384
가로등,가로등,,37.555595,127.0830766
가로등,가로등,,37.5547503,127.0852662
가로등,가로등,,37.5546564,127.0855111
가로등,가로등,,37.5545615,127.0857492
가로등,가로등,,37.5544645,127.0859948
가로등,가로등,,37.5543681,127.0862336
가로등,가로등,,37.5542679,127.0864731
가로등,가로등,,37.5541815,127.0866925
가로등,가로등,,37.5541047,127.0869206
가로등,가로등,,37.5540211,127.087144
가로등,가로등,,37.5539316,127.087364
가로등,가로등,,37.5555053,127.0833228
가로등,가로등,,37.5538357,127.0875693
가로등,가로등,,37.5537328,127.0877679
가로등,가로등,,37.5536215,127.0879671
가로등,가로등,,37.555413,127.0835677
가로등,가로등,,37.5553192,127.0838132
가로등,가로등,,37.55521749,127.084048
가로등,가로등,,37.5551342,127.084268
가로등,가로등,,37.55502874,127.0845337
가로등,가로등,,37.55493436,127.0847765
가로등,가로등,,37.55483998,127.0850194
가로등,가로등,,37.5540411,127.0884445
가로등,가로등,,37.5547838,127.0864744
가로등,가로등,,37.5548996,127.0861905
가로등,가로등,,37.554993,127.085956
가로등,가로등,,37.5550853,127.0857119
가로등,가로등,,37.5551706,127.085489
가로등,가로등,,37.5552612,127.0852641
가로등,가로등,,37.5553486,127.0850392
가로등,가로등,,37.55543824,127.0848143
가로등,가로등,,37.5555229,127.0845955
가로등,가로등,,37.55561516,127.0843632
가로등,가로등,,37.5539722,127.088309
가로등,가로등,,37.55570362,127.0841376
가로등,가로등,,37.55579208,127.083912
가로등,가로등,,37.55588054,127.0836865
가로등,가로등,,37.555969,127.0834609
가로등,가로등,,37.5540839,127.0881116
가로등,가로등,,37.5541979,127.0879009
가로등,가로등,,37.5543001,127.0876686
가로등,가로등,,37.5543933,127.0874492
가로등,가로등,,37.5544902,127.087219
가로등,가로등,,37.5545808,127.0869828
가로등,가로등,,37.5546677,127.0867506
가로등,가로등,,37.5534674,127.0882271
가로등,가로등,,37.5518353,127.0894932
가로등,가로등,,37.5516581,127.089597
가로등,가로등,,37.5514635,127.0896879
가로등,가로등,,37.5512698,127.0897843
가로등,가로등,,37.5510831,127.0898813
가로등,가로등,,37.5508852,127.0899867
가로등,가로등,,37.5506116,127.0901711
가로등,가로등,,37.5503914,127.0903421
가로등,가로등,,37.5501615,127.0905198
가로등,가로등,,37.551045,127.0902542
가로등,가로등,,37.5533147,127.0884234
가로등,가로등,,37.551382,127.0900799
가로등,가로등,,37.553153,127.0885928
가로등,가로등,,37.5529923,127.0887361
가로등,가로등,,37.5528359,127.0888747
가로등,가로등,,37.5526258,127.0890394
가로등,가로등,,37.5524002,127.0891794
가로등,가로등,,37.5522077,127.0892891
가로등,가로등,,37.5520358,127.0893801
가로등,가로등,,37.5498656,127.0908725
가로등,가로등,,37.5489127,127.0929409
가로등,가로등,,37.5487699,127.0933209
가로등,가로등,,37.5486717,127.093596
가로등,가로등,,37.5485668,127.0938824
가로등,가로등,,37.5484305,127.0941346
가로등,가로등,,37.548277,127.0945625
가로등,가로등,,37.5480875,127.0951099
가로등,가로등,,37.5497389,127.0910548
가로등,가로등,,37.549619,127.0912531
가로등,가로등,,37.5494981,127.0914632
가로등,가로등,,37.5493662,127.0917611
가로등,가로등,,37.549261,127.0920022
가로등,가로등,,37.5491561,127.0922689
가로등,가로등,,37.5490646,127.0925382
가로등,가로등,,37.5489887,127.0927396
가로등,가로등,,37.5323182,127.067289
가로등,가로등,,37.5318004,127.06867
가로등,가로등,,37.5316314,127.068654
가로등,가로등,,37.5315295,127.0685244
가로등,가로등,,37.5315383,127.0684678
가로등,가로등,,37.5315849,127.0682648
가로등,가로등,,37.531656,127.0679917
가로등,가로등,,37.5317316,127.0677055
가로등,가로등,,37.5317738,127.0675411
가로등,가로등,,37.5317972,127.0674339
가로등,가로등,,37.5318723,127.0673652
가로등,가로등,,37.5323972,127.0673395
가로등,가로등,,37.5319053,127.0671415
가로등,가로등,,37.5324584,127.067424
가로등,가로등,,37.5324005,127.0676111
가로등,가로등,,37.5323225,127.0678408
가로등,가로등,,37.5322759,127.0680448
가로등,가로등,,37.5321773,127.0682094
가로등,가로등,,37.5320226,127.0684018
가로등,가로등,,37.5318969,127.0685421
가로등,가로등,,37.5300492,127.0887609
가로등,가로등,,37.5301515,127.0903336
가로등,가로등,,37.5303477,127.0903862
가로등,가로등,,37.5303214,127.0899648
가로등,가로등,,37.5302867,127.089374
가로등,가로등,,37.5303045,127.089614
가로등,가로등,,37.5300138,127.0889619
가로등,가로등,,37.5301899,127.0890543
가로등,가로등,,37.5302331,127.0891645
가로등,가로등,,37.5300937,127.0892643
가로등,가로등,,37.5299024,127.0893191
가로등,가로등,,37.5298311,127.0895685
가로등,가로등,,37.5298832,127.090268
가로등,가로등,,37.5300911,127.090447
광진경찰서,경찰서,광진구 자양로 167,37.542957,127.0837984
광나루지구대,지구대,광진구 아차산로 567,37.544429,127.1033048
화양지구대,지구대,광진구 능동로17길 39,37.5465796,127.0713523
중곡1파출소,파출소,광진구 능동로 385,37.5636928,127.0828445
중곡2파출소,파출소,광진구 능동로 346,37.5602428,127.0814615
중곡3파출소,파출소,광진구 동일로76가길 28,37.5688304,127.080159
중곡4파출소,파출소,광진구 용마산로24길 7,37.565268,127.087128
자양파출소,파출소,광진구 뚝섬로36길 9,37.5338156,127.0716178
자양1파출소,파출소,광진구 자양번영로 80,37.5365846,127.0769175
자양4파출소,파출소,광진구 뚝섬로22가길 43번지,37.5351633,127.0636295
구의파출소,파출소,광진구 광나루로43길 26,37.545899,127.0916462
