개방자치단체코드,관리번호,안전비상벨관리번호,설치목적,설치장소유형,설치위치,소재지도로명주소,소재지지번주소,WGS84위도,WGS84경도,연계방식,경찰연계유무,경비업체연계유무,관리사무소연계유무,부가기능,안전비상벨설치연도,최종점검일자,최종점검결과구분,관리기관명,관리기관전화번호,데이터기준일자,데이터갱신구분,데이터갱신시점,최종수정시점
3040000,202530400000900001,생활방범-001,방범용,가로변,서울특별시 광진구 광장로3길 22 (광장동),서울특별시 광진구 광장로3길 22 (광장동),,37.5485,127.103000,양방향,N,N,Y,,2009,2025-09-01,Y,서울특별시 광진구청,02-450-7678,2025-10-29,I,2026-05-15 18:45:47,2025-10-29 16:37:05
3040000,202530400000900002,생활방범-003,방범용,가로변,서울특별시 광진구 아차산로 540 (광장동),서울특별시 광진구 아차산로 540 (광장동),,37.54244,127.101470,양방향,N,N,Y,,2007,2025-09-01,Y,서울특별시 광진구청,02-450-7678,2025-10-29,I,2026-05-15 18:45:47,2025-10-29 16:37:05
3040000,202530400000900003,생활방범-004,방범용,가로변,서울특별시 광진구 아차산로78길 53 (광장동),서울특별시 광진구 아차산로78길 53 (광장동),,37.55144,127.109830,양방향,N,N,Y,,2009,2025-09-01,Y,서울특별시 광진구청,02-450-7678,2025-10-29,I,2026-05-15 18:45:47,2025-10-29 16:37:05
3040000,202530400000900004,생활방범-005,방범용,가로변,서울특별시 광진구 아차산로 636 (광장동),서울특별시 광진구 아차산로 636 (광장동),,37.54891,127.108990,양방향,N,N,Y,,2011,2025-09-01,Y,서울특별시 광진구청,02-450-7678,2025-10-29,I,2026-05-15 18:45:47,2025-10-29 16:37:05
3040000,202530400000900005,생활방범-006,방범용,가로변,서울특별시 광진구 천호대로 809 (광장동),서울특별시 광진구 천호대로 809 (광장동),,37.54587,127.103590,양방향,N,N,Y,,2006,2025-09-01,Y,서울특별시 광진구청,02-450-7678,2025-10-29,I,2026-05-15 18:45:47,2025-10-29 16:37:05
3040000,202530400000900006,생활방범-007,방범용,가로변,서울특별시 광진구 천호대로 143길 23,서울특별시 광진구 천호대로 143길 23,,37.54656,127.103450,양방향,N,N,Y,,2010,2025-09-01,Y,서울특별시 광진구청,02-450-7678,2025-10-29,I,2026-05-15 18:45:47,2025-10-29 16:37:05
3040000,202530400000900007,생활방범-009,방범용,가로변,서울특별시 광진구 아차산로78길 176 (광장동),서울특별시 광진구 아차산로78길 176 (광장동),,37.54802,127.108060,양방향,N,N,Y,,2008,2025-09-01,Y,서울특별시 광진구청,02-450-7678,2025-10-29,I,2026-05-15 18:45:47,2025-10-29 16:37:05
3040000,202530400000900008,생활방범-010,방범용,가로변,서울특별시 광진구 광장로1다길 60 (광장동),서울특별시 광진구 광장로1다길 60 (광장동),,37.55079,127.101330,양방향,N,N,Y,,2013,2025-09-01,Y,서울특별시 광진구청,02-450-7678,2025-10-29,I,2026-05-15 18:45:47,2025-10-29 16:37:05
3040000,202530400000900009,생활방범-011,방범용,가로변,서울특별시 광진구 광장로1나길 16 (광장동),서울특별시 광진구 광장로1나길 16 (광장동),,37.54876,127.101830,양방향,N,N,Y,,2014,2025-09-01,Y,서울특별시 광진구청,02-450-7678,2025-10-29,I,2026-05-15 18:45:47,2025-10-29 16:37:05
3040000,202530400000900010,생활방범-012,방범용,가로변,서울특별시 광진구 광장로 1 (광장동),서울특별시 광진구 광장로 1 (광장동),,37.54543,127.097790,양방향,N,N,Y,,2015,2025-09-01,Y,서울특별시 광진구청,02-450-7678,2025-10-29,I,2026-05-15 18:45:47,2025-10-29 16:37:05
3040000,202530400000900011,생활방범-013,방범용,가로변,서울특별시 광진구 아차산로70길 62,서울특별시 광진구 아차산로70길 62,,37.54127,127.098910,양방향,N,N,Y,,2010,2025-09-01,Y,서울특별시 광진구청,02-450-7678,2025-10-29,I,2026-05-15 18:45:47,2025-10-29 16:37:05
3040000,202530400000900012,생활방범-014,방범용,가로변,서울특별시 광진구 구의로 13-6 (구의동),서울특별시 광진구 구의로 13-6 (구의동),,37.53938,127.088950,양방향,N,N,Y,,2006,2025-09-01,Y,서울특별시 광진구청,02-450-7678,2025-10-29,I,2026-05-15 18:45:47,2025-10-29 16:37:05
3040000,202530400000900013,생활방범-015,방범용,가로변,서울특별시 광진구 아차산로57길 14 (구의동),서울특별시 광진구 아차산로57길 14 (구의동),,37.53914,127.088310,양방향,N,N,Y,,2019,2025-09-01,Y,서울특별시 광진구청,02-450-7678,2025-10-29,I,2026-05-15 18:45:47,2025-10-29 16:37:05
3040000,202530400000900014,생활방범-016,방범용,가로변,서울특별시 광진구 자양로26길 91-14 (구의동),서울특별시 광진구 자양로26길 91-14 (구의동),,37.54099,127.089000,양방향,N,N,Y,,2006,2025-09-01,Y,서울특별시 광진구청,02-450-7678,2025-10-29,I,2026-05-15 18:45:47,2025-10-29 16:37:05
3040000,202530400000900015,생활방범-017,방범용,가로변,서울특별시 광진구 광나루로40길 17 (구의동),서울특별시 광진구 광나루로40길 17 (구의동),,37.54403,127.089440,양방향,N,N,Y,,2017,2025-09-01,Y,서울특별시 광진구청,02-450-7678,2025-10-29,I,2026-05-15 18:45:47,2025-10-29 16:37:05
3040000,202530400000900016,생활방범-018,방범용,가로변,서울특별시 광진구 자양로30길 79 (구의동),서울특별시 광진구 자양로30길 79 (구의동),,37.54298,127.089420,양방향,N,N,Y,,2010,2025-09-01,Y,서울특별시 광진구청,02-450-7678,2025-10-29,I,2026-05-15 18:45:47,2025-10-29 16:37:05
3040000,202530400000900017,생활방범-019,방범용,가로변,서울특별시 광진구 구의로 65 (구의동),서울특별시 광진구 구의로 65 (구의동),,37.54398,127.090430,양방향,N,N,Y,,2018,2025-09-01,Y,서울특별시 광진구청,02-450-7678,2025-10-29,I,2026-05-15 18:45:47,2025-10-29 16:37:05
3040000,202530400000900018,생활방범-020,방범용,가로변,서울특별시 광진구 자양로30길 87-10 (구의동),서울특별시 광진구 자양로30길 87-10 (구의동),,37.54348,127.089620,양방향,N,N,Y,,2017,2025-09-01,Y,서울특별시 광진구청,02-450-7678,2025-10-29,I,2026-05-15 18:45:47,2025-10-29 16:37:05
3040000,202530400000900019,생활방범-021,방범용,가로변,서울특별시 광진구 광나루로38길 27 (구의동),서울특별시 광진구 광나루로38길 27 (구의동),,37.54371,127.088070,양방향,N,N,Y,,2006,2025-09-01,Y,서울특별시 광진구청,02-450-7678,2025-10-29,I,2026-05-15 18:45:47,2025-10-29 16:37:05
3040000,202530400000900020,생활방범-022,방범용,가로변,서울특별시 광진구 구의로11길 28 (구의동),서울특별시 광진구 구의로11길 28 (구의동),,37.54369,127.088760,양방향,N,N,Y,,2006,2025-09-01,Y,서울특별시 광진구청,02-450-7678,2025-10-29,I,2026-05-15 18:45:47,2025-10-29 16:37:05
3040000,202530400000900021,생활방범-023,방범용,가로변,서울특별시 광진구 자양로30길 43 (구의동),서울특별시 광진구 자양로30길 43 (구의동),,37.5434,127.087230,양방향,N,N,Y,,2006,2025-09-01,Y,서울특별시 광진구청,02-450-7678,2025-10-29,I,2026-05-15 18:45:47,2025-10-29 16:37:05
3040000,202530400000900022,생활방범-024,방범용,가로변,서울특별시 광진구 자양로32길 31 (구의동),서울특별시 광진구 자양로32길 31 (구의동),,37.54432,127.086600,양방향,N,N,Y,,2006,2025-09-01,Y,서울특별시 광진구청,02-450-7678,2025-10-29,I,2026-05-15 18:45:47,2025-10-29 16:37:05
3040000,202530400000900023,생활방범-025,방범용,가로변,서울특별시 광진구 자양로30길 14,서울특별시 광진구 자양로30길 14,,37.54363,127.085650,양방향,N,N,Y,,2006,2025-09-01,Y,서울특별시 광진구청,02-450-7678,2025-10-29,I,2026-05-15 18:45:47,2025-10-29 16:37:05
3040000,202530400000900024,생활방범-026,방범용,가로변,서울특별시 광진구 자양로28길 73 (구의동),서울특별시 광진구 자양로28길 73 (구의동),,37.54173,127.088230,양방향,N,N,Y,,2006,2025-09-01,Y,서울특별시 광진구청,02-450-7678,2025-10-29,I,2026-05-15 18:45:47,2025-10-29 16:37:05
3040000,202530400000900025,생활방범-027,방범용,가로변,서울특별시 광진구 자양로26길 95,서울특별시 광진구 자양로26길 95,,37.54019,127.089150,양방향,N,N,Y,,2006,2025-09-01,Y,서울특별시 광진구청,02-450-7678,2025-10-29,I,2026-05-15 18:45:47,2025-10-29 16:37:05
3040000,202530400000900026,생활방범-028,방범용,가로변,서울특별시 광진구 구의로1길 12 (구의동),서울특별시 광진구 구의로1길 12 (구의동),,37.53916,127.087580,양방향,N,N,Y,,2013,2025-09-01,Y,서울특별시 광진구청,02-450-7678,2025-10-29,I,2026-05-15 18:45:47,2025-10-29 16:37:05
3040000,202530400000900027,생활방범-029,방범용,가로변,서울특별시 광진구 구의로1길 26 (구의동),서울특별시 광진구 구의로1길 26 (구의동),,37.53907,127.086800,양방향,N,N,Y,,2006,2025-09-01,Y,서울특별시 광진구청,02-450-7678,2025-10-29,I,2026-05-15 18:45:47,2025-10-29 16:37:05
3040000,202530400000900028,생활방범-030,방범용,가로변,서울특별시 광진구 아차산로53길 77 (구의동),서울특별시 광진구 아차산로53길 77 (구의동),,37.54073,127.086080,양방향,N,N,Y,,2006,2025-09-01,Y,서울특별시 광진구청,02-450-7678,2025-10-29,I,2026-05-15 18:45:47,2025-10-29 16:37:05
3040000,202530400000900029,생활방범-031,방범용,가로변,서울특별시 광진구 자양로26길 45-7,서울특별시 광진구 자양로26길 45-7,,37.54162,127.086680,양방향,N,N,Y,,2010,2025-09-01,Y,서울특별시 광진구청,02-450-7678,2025-10-29,I,2026-05-15 18:45:47,2025-10-29 16:37:05
3040000,202530400000900030,생활방범-032,방범용,가로변,서울특별시 광진구 광나루로36길 68 (구의동),서울특별시 광진구 광나루로36길 68 (구의동),,37.54217,127.085830,양방향,N,N,Y,,2006,2025-09-01,Y,서울특별시 광진구청,02-450-7678,2025-10-29,I,2026-05-15 18:45:47,2025-10-29 16:37:05
3040000,202530400000900031,생활방범-033,방범용,가로변,서울특별시 광진구 자양로26길 14 (구의동),서울특별시 광진구 자양로26길 14 (구의동),,37.54181,127.084880,양방향,N,N,Y,,2006,2025-09-01,Y,서울특별시 광진구청,02-450-7678,2025-10-29,I,2026-05-15 18:45:47,2025-10-29 16:37:05
3040000,202530400000900032,생활방범-034,방범용,가로변,서울특별시 광진구 아차산로49길 70 (구의동),서울특별시 광진구 아차산로49길 70 (구의동),,37.54003,127.084190,양방향,N,N,Y,,2006,2025-09-01,Y,서울특별시 광진구청,02-450-7678,2025-10-29,I,2026-05-15 18:45:47,2025-10-29 16:37:05
3040000,202530400000900033,생활방범-035,방범용,가로변,서울특별시 광진구 아차산로51길 23 (구의동),서울특별시 광진구 아차산로51길 23 (구의동),,37.53822,127.085020,양방향,N,N,Y,,2014,2025-09-01,Y,서울특별시 광진구청,02-450-7678,2025-10-29,I,2026-05-15 18:45:47,2025-10-29 16:37:05
3040000,202530400000900034,생활방범-036,방범용,가로변,서울특별시 광진구 아차산로49길 32 (구의동),서울특별시 광진구 아차산로49길 32 (구의동),,37.53848,127.084380,양방향,N,N,Y,,2010,2025-09-01,Y,서울특별시 광진구청,02-450-7678,2025-10-29,I,2026-05-15 18:45:47,2025-10-29 16:37:05
3040000,202530400000900035,생활방범-037,방범용,가로변,서울특별시 광진구 아차산로49길 50 (구의동),서울특별시 광진구 아차산로49길 50 (구의동),,37.53916,127.084290,양방향,N,N,Y,,2006,2025-09-01,Y,서울특별시 광진구청,02-450-7678,2025-10-29,I,2026-05-15 18:45:47,2025-10-29 16:37:05
3040000,202530400000900036,생활방범-038,방범용,가로변,서울특별시 광진구 자양로23길 86 (구의동),서울특별시 광진구 자양로23길 86 (구의동),,37.54425,127.084000,양방향,N,N,Y,,2010,2025-09-01,Y,서울특별시 광진구청,02-450-7678,2025-10-29,I,2026-05-15 18:45:47,2025-10-29 16:37:05
3040000,202530400000900037,생활방범-039,방범용,가로변,서울특별시 광진구 아차산로55길 23 (구의동),서울특별시 광진구 아차산로55길 23 (구의동),,37.53854,127.086500,양방향,N,N,Y,,2007,2025-09-01,Y,서울특별시 광진구청,02-450-7678,2025-10-29,I,2026-05-15 18:45:47,2025-10-29 16:37:05
3040000,202530400000900038,생활방범-040,방범용,가로변,서울특별시 광진구 아차산로53길 53 (구의동),서울특별시 광진구 아차산로53길 53 (구의동),,37.53972,127.085650,양방향,N,N,Y,,2009,2025-09-01,Y,서울특별시 광진구청,02-450-7678,2025-10-29,I,2026-05-15 18:45:47,2025-10-29 16:37:05
3040000,202530400000900039,생활방범-041,방범용,가로변,서울특별시 광진구 아차산로53길 29 (구의동),서울특별시 광진구 아차산로53길 29 (구의동),,37.53854,127.085800,양방향,N,N,Y,,2014,2025-09-01,Y,서울특별시 광진구청,02-450-7678,2025-10-29,I,2026-05-15 18:45:47,2025-10-29 16:37:05
3040000,202530400000900040,생활방범-042,방범용,가로변,서울특별시 광진구 아차산로53길 38-12 (구의동),서울특별시 광진구 아차산로53길 38-12 (구의동),,37.53915,127.086090,양방향,N,N,Y,,2015,2025-09-01,Y,서울특별시 광진구청,02-450-7678,2025-10-29,I,2026-05-15 18:45:47,2025-10-29 16:37:05
3040000,202530400000900041,생활방범-043,방범용,가로변,서울특별시 광진구 광나루로30가길 9 (구의동),서울특별시 광진구 광나루로30가길 9 (구의동),,37.54423,127.082470,양방향,N,N,Y,,2009,2025-09-01,Y,서울특별시 광진구청,02-450-7678,2025-10-29,I,2026-05-15 18:45:47,2025-10-29 16:37:05
3040000,202530400000900042,생활방범-044,방범용,가로변,서울특별시 광진구 자양로44길 141-7 (구의동),서울특별시 광진구 자양로44길 141-7 (구의동),,37.55164,127.095540,양방향,N,N,Y,,2013,2025-09-01,Y,서울특별시 광진구청,02-450-7678,2025-10-29,I,2026-05-15 18:45:47,2025-10-29 16:37:05
3040000,202530400000900043,생활방범-045,방범용,가로변,서울특별시 광진구 자양로44길 69 (구의동),서울특별시 광진구 자양로44길 69 (구의동),,37.54979,127.094980,양방향,N,N,Y,,2006,2025-09-01,Y,서울특별시 광진구청,02-450-7678,2025-10-29,I,2026-05-15 18:45:47,2025-10-29 16:37:05
3040000,202530400000900044,생활방범-046,방범용,가로변,서울특별시 광진구 자양로45길 13 (구의동),서울특별시 광진구 자양로45길 13 (구의동),,37.55178,127.091390,양방향,N,N,Y,,2006,2025-09-01,Y,서울특별시 광진구청,02-450-7678,2025-10-29,I,2026-05-15 18:45:47,2025-10-29 16:37:05
3040000,202530400000900045,생활방범-047,방범용,가로변,서울특별시 광진구 광나루로 517-10 (구의동),서울특별시 광진구 광나루로 517-10 (구의동),,37.54564,127.087210,양방향,N,N,Y,,2009,2025-09-01,Y,서울특별시 광진구청,02-450-7678,2025-10-29,I,2026-05-15 18:45:47,2025-10-29 16:37:05
3040000,202530400000900046,생활방범-048,방범용,가로변,서울특별시 광진구 자양로37가길 10 (구의동),서울특별시 광진구 자양로37가길 10 (구의동),,37.54771,127.087260,양방향,N,N,Y,,2010,2025-09-01,Y,서울특별시 광진구청,02-450-7678,2025-10-29,I,2026-05-15 18:45:47,2025-10-29 16:37:06
3040000,202530400000900047,생활방범-049,방범용,가로변,서울특별시 광진구 자양로51길 11 (구의동),서울특별시 광진구 자양로51길 11 (구의동),,37.55364,127.092860,양방향,N,N,Y,,2010,2025-09-01,Y,서울특별시 광진구청,02-450-7678,2025-10-29,I,2026-05-15 18:45:47,2025-10-29 16:37:06
3040000,202530400000900048,생활방범-050,방범용,가로변,서울특별시 광진구 영화사로16가길 21 (구의동),서울특별시 광진구 영화사로16가길 21 (구의동),,37.55362,127.095580,양방향,N,N,Y,,2009,2025-09-01,Y,서울특별시 광진구청,02-450-7678,2025-10-29,I,2026-05-15 18:45:47,2025-10-29 16:37:06
3040000,202530400000900049,생활방범-051,방범용,가로변,서울특별시 광진구 자양로53길 10 (구의동),서울특별시 광진구 자양로53길 10 (구의동),,37.55417,127.093350,양방향,N,N,Y,,2006,2025-09-01,Y,서울특별시 광진구청,02-450-7678,2025-10-29,I,2026-05-15 18:45:47,2025-10-29 16:37:06
3040000,202530400000900050,생활방범-052,방범용,가로변,서울특별시 광진구 자양로54길 11 (구의동),서울특별시 광진구 자양로54길 11 (구의동),,37.55387,127.094580,양방향,N,N,Y,,2006,2025-09-01,Y,서울특별시 광진구청,02-450-7678,2025-10-29,I,2026-05-15 18:45:47,2025-10-29 16:37:06
3040000,202530400000900051,생활방범-053,방범용,가로변,서울특별시 광진구 자양로51길 10-9 (구의동),서울특별시 광진구 자양로51길 10-9 (구의동),,37.55386,127.093430,양방향,N,N,Y,,2009,2025-09-01,Y,서울특별시 광진구청,02-450-7678,2025-10-29,I,2026-05-15 18:45:47,2025-10-29 16:37:06
3040000,202530400000900052,생활방범-054,방범용,가로변,서울특별시 광진구 영화사로16길 19 (구의동),서울특별시 광진구 영화사로16길 19 (구의동),,37.55454,127.095940,양방향,N,N,Y,,2006,2025-09-01,Y,서울특별시 광진구청,02-450-7678,2025-10-29,I,2026-05-15 18:45:47,2025-10-29 16:37:06
3040000,202530400000900053,생활방범-055,방범용,가로변,서울특별시 광진구 영화사로16나길 21 (구의동),서울특별시 광진구 영화사로16나길 21 (구의동),,37.55324,127.096060,양방향,N,N,Y,,2006,2025-09-01,Y,서울특별시 광진구청,02-450-7678,2025-10-29,I,2026-05-15 18:45:47,2025-10-29 16:37:06
3040000,202530400000900054,생활방범-056,방범용,가로변,서울특별시 광진구 자양로52길 11 (구의동),서울특별시 광진구 자양로52길 11 (구의동),,37.55306,127.094050,양방향,N,N,Y,,2015,2025-09-01,Y,서울특별시 광진구청,02-450-7678,2025-10-29,I,2026-05-15 18:45:47,2025-10-29 16:37:06
3040000,202530400000900055,생활방범-057,방범용,가로변,서울특별시 광진구 자양로44길 125 (구의동),서울특별시 광진구 자양로44길 125 (구의동),,37.55131,127.096550,양방향,N,N,Y,,2014,2025-09-01,Y,서울특별시 광진구청,02-450-7678,2025-10-29,I,2026-05-15 18:45:47,2025-10-29 16:37:06
3040000,202530400000900056,생활방범-058,방범용,가로변,서울특별시 광진구 자양로44나길 26-14 (구의동),서울특별시 광진구 자양로44나길 26-14 (구의동),,37.55089,127.095950,양방향,N,N,Y,,2006,2025-09-01,Y,서울특별시 광진구청,02-450-7678,2025-10-29,I,2026-05-15 18:45:47,2025-10-29 16:37:06
3040000,202530400000900057,생활방범-059,방범용,가로변,서울특별시 광진구 자양로44나길 39 (구의동),서울특별시 광진구 자양로44나길 39 (구의동),,37.55157,127.094560,양방향,N,N,Y,,2006,2025-09-01,Y,서울특별시 광진구청,02-450-7678,2025-10-29,I,2026-05-15 18:45:47,2025-10-29 16:37:06
3040000,202530400000900058,생활방범-060,방범용,가로변,서울특별시 광진구 천호대로137길 38 (구의동),서울특별시 광진구 천호대로137길 38 (구의동),,37.55076,127.093680,양방향,N,N,Y,,2006,2025-09-01,Y,서울특별시 광진구청,02-450-7678,2025-10-29,I,2026-05-15 18:45:47,2025-10-29 16:37:06
3040000,202530400000900059,생활방범-061,방범용,가로변,서울특별시 광진구 자양로49길 15-2 (구의동),서울특별시 광진구 자양로49길 15-2 (구의동),,37.55289,127.091890,양방향,N,N,Y,,2006,2025-09-01,Y,서울특별시 광진구청,02-450-7678,2025-10-29,I,2026-05-15 18:45:47,2025-10-29 16:37:06
3040000,202530400000900060,생활방범-062,방범용,가로변,서울특별시 광진구 자양로43길 8 (구의동),서울특별시 광진구 자양로43길 8 (구의동),,37.55123,127.091060,양방향,N,N,Y,,2006,2025-09-01,Y,서울특별시 광진구청,02-450-7678,2025-10-29,I,2026-05-15 18:45:47,2025-10-29 16:37:06
3040000,202530400000900061,생활방범-063,방범용,가로변,서울특별시 광진구 영화사로11길 22 (구의동),서울특별시 광진구 영화사로11길 22 (구의동),,37.55551,127.094240,양방향,N,N,Y,,2006,2025-09-01,Y,서울특별시 광진구청,02-450-7678,2025-10-29,I,2026-05-15 18:45:47,2025-10-29 16:37:06
3040000,202530400000900062,생활방범-064,방범용,가로변,서울특별시 광진구 영화사로15길 25,서울특별시 광진구 영화사로15길 25,,37.55511,127.095080,양방향,N,N,Y,,2009,2025-09-01,Y,서울특별시 광진구청,02-450-7678,2025-10-29,I,2026-05-15 18:45:47,2025-10-29 16:37:06
3040000,202530400000900063,생활방범-065,방범용,가로변,서울특별시 광진구 천호대로135길 16 (구의동),서울특별시 광진구 천호대로135길 16 (구의동),,37.55012,127.092240,양방향,N,N,Y,,2006,2025-09-01,Y,서울특별시 광진구청,02-450-7678,2025-10-29,I,2026-05-15 18:45:47,2025-10-29 16:37:06
3040000,202530400000900064,생활방범-066,방범용,가로변,서울특별시 광진구 천호대로137길 10 (구의동),서울특별시 광진구 천호대로137길 10 (구의동),,37.54978,127.093150,양방향,N,N,Y,,2015,2025-09-01,Y,서울특별시 광진구청,02-450-7678,2025-10-29,I,2026-05-15 18:45:47,2025-10-29 16:37:06
3040000,202530400000900065,생활방범-067,방범용,가로변,서울특별시 광진구 자양로42길 42-24 (구의동),서울특별시 광진구 자양로42길 42-24 (구의동),,37.54794,127.091650,양방향,N,N,Y,,2006,2025-09-01,Y,서울특별시 광진구청,02-450-7678,2025-10-29,I,2026-05-15 18:45:47,2025-10-29 16:37:06
3040000,202530400000900066,생활방범-068,방범용,가로변,서울특별시 광진구 자양로35길 35,서울특별시 광진구 자양로35길 35,,37.54811,127.085950,양방향,N,N,Y,,2009,2025-09-01,Y,서울특별시 광진구청,02-450-7678,2025-10-29,I,2026-05-15 18:45:47,2025-10-29 16:37:06
3040000,202530400000900067,생활방범-069,방범용,가로변,서울특별시 광진구 자양로37길 21 (구의동),서울특별시 광진구 자양로37길 21 (구의동),,37.54836,127.086970,양방향,N,N,Y,,2006,2025-09-01,Y,서울특별시 광진구청,02-450-7678,2025-10-29,I,2026-05-15 18:45:47,2025-10-29 16:37:06
3040000,202530400000900068,생활방범-070,방범용,가로변,서울특별시 광진구 자양로33길 44 (구의동),서울특별시 광진구 자양로33길 44 (구의동),,37.54784,127.086340,양방향,N,N,Y,,2015,2025-09-01,Y,서울특별시 광진구청,02-450-7678,2025-10-29,I,2026-05-15 18:45:47,2025-10-29 16:37:06
3040000,202530400000900069,생활방범-071,방범용,가로변,서울특별시 광진구 천호대로134길 55 (구의동),서울특별시 광진구 천호대로134길 55 (구의동),,37.54723,127.088580,양방향,N,N,Y,,2006,2025-09-01,Y,서울특별시 광진구청,02-450-7678,2025-10-29,I,2026-05-15 18:45:47,2025-10-29 16:37:06
3040000,202530400000900070,생활방범-072,방범용,가로변,서울특별시 광진구 자양로36길 17-12 (구의동),서울특별시 광진구 자양로36길 17-12 (구의동),,37.54649,127.088290,양방향,N,N,Y,,2010,2025-09-01,Y,서울특별시 광진구청,02-450-7678,2025-10-29,I,2026-05-15 18:45:47,2025-10-29 16:37:06
3040000,202530400000900071,생활방범-073,방범용,가로변,서울특별시 광진구 자양로36길 11 (구의동),서울특별시 광진구 자양로36길 11 (구의동),,37.54627,127.087540,양방향,N,N,Y,,2009,2025-09-01,Y,서울특별시 광진구청,02-450-7678,2025-10-29,I,2026-05-15 18:45:47,2025-10-29 16:37:06
3040000,202530400000900072,생활방범-074,방범용,가로변,서울특별시 광진구 천호대로132길 27-7 (구의동),서울특별시 광진구 천호대로132길 27-7 (구의동),,37.54939,127.089080,양방향,N,N,Y,,2007,2025-09-01,Y,서울특별시 광진구청,02-450-7678,2025-10-29,I,2026-05-15 18:45:47,2025-10-29 16:37:06
3040000,202530400000900073,생활방범-076,방범용,가로변,서울특별시 광진구 광나루로44길 9 (구의동),서울특별시 광진구 광나루로44길 9 (구의동),,37.54383,127.091550,양방향,N,N,Y,,2006,2025-09-01,Y,서울특별시 광진구청,02-450-7678,2025-10-29,I,2026-05-15 18:45:47,2025-10-29 16:37:06
3040000,202530400000900074,생활방범-077,방범용,가로변,서울특별시 광진구 구의로16길 36 (구의동),서울특별시 광진구 구의로16길 36 (구의동),,37.54344,127.092600,양방향,N,N,Y,,2014,2025-09-01,Y,서울특별시 광진구청,02-450-7678,2025-10-29,I,2026-05-15 18:45:47,2025-10-29 16:37:06
3040000,202530400000900075,생활방범-079,방범용,가로변,서울특별시 광진구 광나루로52길 12 (구의동),서울특별시 광진구 광나루로52길 12 (구의동),,37.54127,127.094710,양방향,N,N,Y,,2007,2025-09-01,Y,서울특별시 광진구청,02-450-7678,2025-10-29,I,2026-05-15 18:45:47,2025-10-29 16:37:06
3040000,202530400000900076,생활방범-080,방범용,가로변,서울특별시 광진구 아차산로65길 14 (구의동),서울특별시 광진구 아차산로65길 14 (구의동),,37.54097,127.094140,양방향,N,N,Y,,2015,2025-09-01,Y,서울특별시 광진구청,02-450-7678,2025-10-29,I,2026-05-15 18:45:47,2025-10-29 16:37:06
3040000,202530400000900077,생활방범-081,방범용,가로변,서울특별시 광진구 구의로4길 51 (구의동),서울특별시 광진구 구의로4길 51 (구의동),,37.54071,127.092240,양방향,N,N,Y,,2013,2025-09-01,Y,서울특별시 광진구청,02-450-7678,2025-10-29,I,2026-05-15 18:45:47,2025-10-29 16:37:06
3040000,202530400000900078,생활방범-082,방범용,가로변,서울특별시 광진구 구의로6길 21 (구의동),서울특별시 광진구 구의로6길 21 (구의동),,37.5415,127.091040,양방향,N,N,Y,,2007,2025-09-01,Y,서울특별시 광진구청,02-450-7678,2025-10-29,I,2026-05-15 18:45:47,2025-10-29 16:37:06
3040000,202530400000900079,생활방범-083,방범용,가로변,서울특별시 광진구 아차산로63길 37 (구의동),서울특별시 광진구 아차산로63길 37 (구의동),,37.54131,127.092160,양방향,N,N,Y,,2011,2025-09-01,Y,서울특별시 광진구청,02-450-7678,2025-10-29,I,2026-05-15 18:45:47,2025-10-29 16:37:06
3040000,202530400000900080,생활방범-084,방범용,가로변,서울특별시 광진구 구의로4길 40 (구의동),서울특별시 광진구 구의로4길 40 (구의동),,37.54045,127.091640,양방향,N,N,Y,,2010,2025-09-01,Y,서울특별시 광진구청,02-450-7678,2025-10-29,I,2026-05-15 18:45:47,2025-10-29 16:37:06
3040000,202530400000900081,생활방범-085,방범용,가로변,서울특별시 광진구 구의로4길 60 (구의동),서울특별시 광진구 구의로4길 60 (구의동),,37.54109,127.092750,양방향,N,N,Y,,2006,2025-09-01,Y,서울특별시 광진구청,02-450-7678,2025-10-29,I,2026-05-15 18:45:47,2025-10-29 16:37:06
3040000,202530400000900082,생활방범-086,방범용,가로변,서울특별시 광진구 광나루로52길 43 (구의동),서울특별시 광진구 광나루로52길 43 (구의동),,37.54043,127.093250,양방향,N,N,Y,,2009,2025-09-01,Y,서울특별시 광진구청,02-450-7678,2025-10-29,I,2026-05-15 18:45:47,2025-10-29 16:37:06
3040000,202530400000900083,생활방범-087,방범용,가로변,서울특별시 광진구 아차산로60길 13-13 (구의동),서울특별시 광진구 아차산로60길 13-13 (구의동),,37.5383,127.092370,양방향,N,N,Y,,2009,2025-09-01,Y,서울특별시 광진구청,02-450-7678,2025-10-29,I,2026-05-15 18:45:47,2025-10-29 16:37:06
3040000,202530400000900084,생활방범-088,방범용,가로변,서울특별시 광진구 광나루로52길 83 (구의동),서울특별시 광진구 광나루로52길 83 (구의동),,37.53933,127.091500,양방향,N,N,Y,,2015,2025-09-01,Y,서울특별시 광진구청,02-450-7678,2025-10-29,I,2026-05-15 18:45:47,2025-10-29 16:37:06
3040000,202530400000900085,생활방범-089,방범용,가로변,서울특별시 광진구 아차산로59길 21-13 (구의동),서울특별시 광진구 아차산로59길 21-13 (구의동),,37.53973,127.090070,양방향,N,N,Y,,2008,2025-09-01,Y,서울특별시 광진구청,02-450-7678,2025-10-29,I,2026-05-15 18:45:47,2025-10-29 16:37:06
3040000,202530400000900086,생활방범-090,방범용,가로변,서울특별시 광진구 구의로4길 7-16 (구의동),서울특별시 광진구 구의로4길 7-16 (구의동),,37.54083,127.090140,양방향,N,N,Y,,2010,2025-09-01,Y,서울특별시 광진구청,02-450-7678,2025-10-29,I,2026-05-15 18:45:47,2025-10-29 16:37:06
3040000,202530400000900087,생활방범-091,방범용,가로변,서울특별시 광진구 구의로 56 (구의동),서울특별시 광진구 구의로 56 (구의동),,37.54292,127.090310,양방향,N,N,Y,,2007,2025-09-01,Y,서울특별시 광진구청,02-450-7678,2025-10-29,I,2026-05-15 18:45:47,2025-10-29 16:37:06
3040000,202530400000900088,생활방범-092,방범용,가로변,서울특별시 광진구 아차산로59길 13 (구의동),서울특별시 광진구 아차산로59길 13 (구의동),,37.53948,127.090700,양방향,N,N,Y,,2009,2025-09-01,Y,서울특별시 광진구청,02-450-7678,2025-10-29,I,2026-05-15 18:45:47,2025-10-29 16:37:06
3040000,202530400000900089,생활방범-093,방범용,가로변,서울특별시 광진구 뚝섬로67길 23 (구의동),서울특별시 광진구 뚝섬로67길 23 (구의동),,37.53546,127.090620,양방향,N,N,Y,,2006,2025-09-01,Y,서울특별시 광진구청,02-450-7678,2025-10-29,I,2026-05-15 18:45:47,2025-10-29 16:37:06
3040000,202530400000900090,생활방범-096,방범용,가로변,서울특별시 광진구 천호대로104나길 8 (군자동),서울특별시 광진구 천호대로104나길 8 (군자동),,37.55718,127.075030,양방향,N,N,Y,,2007,2025-09-01,Y,서울특별시 광진구청,02-450-7678,2025-10-29,I,2026-05-15 18:45:47,2025-10-29 16:37:06
3040000,202530400000900091,생활방범-097,방범용,가로변,서울특별시 광진구 면목로 27 (군자동),서울특별시 광진구 면목로 27 (군자동),,37.55671,127.076090,양방향,N,N,Y,,2010,2025-09-01,Y,서울특별시 광진구청,02-450-7678,2025-10-29,I,2026-05-15 18:45:47,2025-10-29 16:37:06
3040000,202530400000900092,생활방범-098,방범용,가로변,서울특별시 광진구 면목로6길 18 (군자동),서울특별시 광진구 면목로6길 18 (군자동),,37.55611,127.076580,양방향,N,N,Y,,2009,2025-09-01,Y,서울특별시 광진구청,02-450-7678,2025-10-29,I,2026-05-15 18:45:47,2025-10-29 16:37:06
3040000,202530400000900093,생활방범-099,방범용,가로변,서울특별시 광진구 능동로27길 33 (군자동),서울특별시 광진구 능동로27길 33 (군자동),,37.55472,127.076570,양방향,N,N,Y,,2014,2025-09-01,Y,서울특별시 광진구청,02-450-7678,2025-10-29,I,2026-05-15 18:45:47,2025-10-29 16:37:06
3040000,202530400000900094,생활방범-100,방범용,가로변,서울특별시 광진구 능동로27나길 17 (군자동),서울특별시 광진구 능동로27나길 17 (군자동),,37.55418,127.075810,양방향,N,N,Y,,2009,2025-09-01,Y,서울특별시 광진구청,02-450-7678,2025-10-29,I,2026-05-15 18:45:47,2025-10-29 16:37:06
3040000,202530400000900095,생활방범-101,방범용,가로변,서울특별시 광진구 능동로25길 22 (군자동),서울특별시 광진구 능동로25길 22 (군자동),,37.55299,127.075870,양방향,N,N,Y,,2006,2025-09-01,Y,서울특별시 광진구청,02-450-7678,2025-10-29,I,2026-05-15 18:45:47,2025-10-29 16:37:06
3040000,202530400000900096,생활방범-102,방범용,가로변,서울특별시 광진구 동일로52길 15-14 (군자동),서울특별시 광진구 동일로52길 15-14 (군자동),,37.55536,127.072530,양방향,N,N,Y,,2015,2025-09-01,Y,서울특별시 광진구청,02-450-7678,2025-10-29,I,2026-05-15 18:45:47,2025-10-29 16:37:06
3040000,202530400000900097,생활방범-103,방범용,가로변,서울특별시 광진구 동일로48길 14-10 (군자동),서울특별시 광진구 동일로48길 14-10 (군자동),,37.55391,127.071020,양방향,N,N,Y,,2013,2025-09-01,Y,서울특별시 광진구청,02-450-7678,2025-10-29,I,2026-05-15 18:45:47,2025-10-29 16:37:06
3040000,202530400000900098,생활방범-104,방범용,가로변,서울특별시 광진구 군자로15길 10-6 (군자동),서울특별시 광진구 군자로15길 10-6 (군자동),,37.55406,127.073620,양방향,N,N,Y,,2015,2025-09-01,Y,서울특별시 광진구청,02-450-7678,2025-10-29,I,2026-05-15 18:45:47,2025-10-29 16:37:06
3040000,202530400000900099,생활방범-105,방범용,가로변,서울특별시 광진구 능동로29가길 24 (군자동),서울특별시 광진구 능동로29가길 24 (군자동),,37.55572,127.077910,양방향,N,N,Y,,2010,2025-09-01,Y,서울특별시 광진구청,02-450-7678,2025-10-29,I,2026-05-15 18:45:47,2025-10-29 16:37:06
3040000,202530400000900100,생활방범-106,방범용,가로변,서울특별시 광진구 능동로27길 9 (군자동),서울특별시 광진구 능동로27길 9 (군자동),,37.55384,127.076820,양방향,N,N,Y,,2014,2025-09-01,Y,서울특별시 광진구청,02-450-7678,2025-10-29,I,2026-05-15 18:45:47,2025-10-29 16:37:06
3040000,202530400000900101,생활방범-107,방범용,가로변,서울특별시 광진구 능동로27길 9 (군자동),서울특별시 광진구 능동로27길 9 (군자동),,37.55243,127.074960,양방향,N,N,Y,,2010,2025-09-01,Y,서울특별시 광진구청,02-450-7678,2025-10-29,I,2026-05-15 18:45:47,2025-10-29 16:37:06
3040000,202530400000900102,생활방범-108,방범용,가로변,서울특별시 광진구 능동로27길 9 (군자동),서울특별시 광진구 능동로27길 9 (군자동),,37.55046,127.070530,양방향,N,N,Y,,2010,2025-09-01,Y,서울특별시 광진구청,02-450-7678,2025-10-29,I,2026-05-15 18:45:47,2025-10-29 16:37:06
3040000,202530400000900103,생활방범-109,방범용,가로변,서울특별시 광진구 광나루로17길 14 (군자동),서울특별시 광진구 광나루로17길 14 (군자동),,37.54838,127.072690,양방향,N,N,Y,,2009,2025-09-01,Y,서울특별시 광진구청,02-450-7678,2025-10-29,I,2026-05-15 18:45:47,2025-10-29 16:37:06
3040000,202530400000900104,생활방범-110,방범용,가로변,서울특별시 광진구 동일로60길 25 (군자동),서울특별시 광진구 동일로60길 25 (군자동),,37.55829,127.074740,양방향,N,N,Y,,2007,2025-09-01,Y,서울특별시 광진구청,02-450-7678,2025-10-29,I,2026-05-15 18:45:47,2025-10-29 16:37:06
3040000,202530400000900105,생활방범-111,방범용,가로변,서울특별시 광진구 군자로17길 34 (군자동),서울특별시 광진구 군자로17길 34 (군자동),,37.55676,127.077220,양방향,N,N,Y,,2009,2025-09-01,Y,서울특별시 광진구청,02-450-7678,2025-10-29,I,2026-05-15 18:45:47,2025-10-29 16:37:06
3040000,202530400000900106,생활방범-112,방범용,가로변,서울특별시 광진구 면목로5길 30-6 (군자동),서울특별시 광진구 면목로5길 30-6 (군자동),,37.55685,127.074610,양방향,N,N,Y,,2015,2025-09-01,Y,서울특별시 광진구청,02-450-7678,2025-10-29,I,2026-05-15 18:45:47,2025-10-29 16:37:06
3040000,202530400000900107,생활방범-113,방범용,가로변,서울특별시 광진구 천호대로116길 88 (능동),서울특별시 광진구 천호대로116길 88 (능동),,37.55231,127.081840,양방향,N,N,Y,,2008,2025-09-01,Y,서울특별시 광진구청,02-450-7678,2025-10-29,I,2026-05-15 18:45:47,2025-10-29 16:37:06
3040000,202530400000900108,생활방범-114,방범용,가로변,서울특별시 광진구 능동로24길 76 (능동),서울특별시 광진구 능동로24길 76 (능동),,37.55322,127.080560,양방향,N,N,Y,,2006,2025-09-01,Y,서울특별시 광진구청,02-450-7678,2025-10-29,I,2026-05-15 18:45:47,2025-10-29 16:37:06
3040000,202530400000900109,생활방범-115,방범용,가로변,서울특별시 광진구 천호대로110길 34 (능동),서울특별시 광진구 천호대로110길 34 (능동),,37.55581,127.079470,양방향,N,N,Y,,2010,2025-09-01,Y,서울특별시 광진구청,02-450-7678,2025-10-29,I,2026-05-15 18:45:47,2025-10-29 16:37:06
3040000,202530400000900110,생활방범-116,방범용,가로변,서울특별시 광진구 능동로36길 12 (능동),서울특별시 광진구 능동로36길 12 (능동),,37.55623,127.079800,양방향,N,N,Y,,2015,2025-09-01,Y,서울특별시 광진구청,02-450-7678,2025-10-29,I,2026-05-15 18:45:47,2025-10-29 16:37:06
3040000,202530400000900111,생활방범-117,방범용,가로변,서울특별시 광진구 천호대로112길 10 (능동),서울특별시 광진구 천호대로112길 10 (능동),,37.55572,127.081120,양방향,N,N,Y,,2009,2025-09-01,Y,서울특별시 광진구청,02-450-7678,2025-10-29,I,2026-05-15 18:45:47,2025-10-29 16:37:06
3040000,202530400000900112,생활방범-118,방범용,가로변,서울특별시 광진구 천호대로112길 25 (능동),서울특별시 광진구 천호대로112길 25 (능동),,37.55509,127.081190,양방향,N,N,Y,,2015,2025-09-01,Y,서울특별시 광진구청,02-450-7678,2025-10-29,I,2026-05-15 18:45:47,2025-10-29 16:37:06
3040000,202530400000900113,생활방범-119,방범용,가로변,서울특별시 광진구 천호대로116길 26 (능동),서울특별시 광진구 천호대로116길 26 (능동),,37.55412,127.083630,양방향,N,N,Y,,2010,2025-09-01,Y,서울특별시 광진구청,02-450-7678,2025-10-29,I,2026-05-15 18:45:47,2025-10-29 16:37:06
3040000,202530400000900114,생활방범-120,방범용,가로변,서울특별시 광진구 능동로32길 82-34 (능동),서울특별시 광진구 능동로32길 82-34 (능동),,37.55304,127.082390,양방향,N,N,Y,,2014,2025-09-01,Y,서울특별시 광진구청,02-450-7678,2025-10-29,I,2026-05-15 18:45:47,2025-10-29 16:37:06
3040000,202530400000900115,생활방범-121,방범용,가로변,서울특별시 광진구 천호대로116길 57 (능동),서울특별시 광진구 천호대로116길 57 (능동),,37.55259,127.082840,양방향,N,N,Y,,2006,2025-09-01,Y,서울특별시 광진구청,02-450-7678,2025-10-29,I,2026-05-15 18:45:47,2025-10-29 16:37:06
3040000,202530400000900116,생활방범-122,방범용,가로변,서울특별시 광진구 천호대로118길 36 (능동),서울특별시 광진구 천호대로118길 36 (능동),,37.55318,127.084660,양방향,N,N,Y,,2014,2025-09-01,Y,서울특별시 광진구청,02-450-7678,2025-10-29,I,2026-05-15 18:45:47,2025-10-29 16:37:06
3040000,202530400000900117,생활방범-123,방범용,가로변,서울특별시 광진구 천호대로118길 16 (능동),서울특별시 광진구 천호대로118길 16 (능동),,37.55412,127.085230,양방향,N,N,Y,,2007,2025-09-01,Y,서울특별시 광진구청,02-450-7678,2025-10-29,I,2026-05-15 18:45:47,2025-10-29 16:37:06
3040000,202530400000900118,생활방범-124,방범용,가로변,서울특별시 광진구 천호대로124길 86 (능동),서울특별시 광진구 천호대로124길 86 (능동),,37.55214,127.084810,양방향,N,N,Y,,2009,2025-09-01,Y,서울특별시 광진구청,02-450-7678,2025-10-29,I,2026-05-15 18:45:47,2025-10-29 16:37:06
3040000,202530400000900119,생활방범-125,방범용,가로변,서울특별시 광진구 천호대로120길 21 (능동),서울특별시 광진구 천호대로120길 21 (능동),,37.55313,127.086360,양방향,N,N,Y,,2006,2025-09-01,Y,서울특별시 광진구청,02-450-7678,2025-10-29,I,2026-05-15 18:45:47,2025-10-29 16:37:06
3040000,202530400000900120,생활방범-126,방범용,가로변,서울특별시 광진구 천호대로120길 21 (능동),서울특별시 광진구 천호대로120길 21 (능동),,37.55311,127.087940,양방향,N,N,Y,,2010,2025-09-01,Y,서울특별시 광진구청,02-450-7678,2025-10-29,I,2026-05-15 18:45:47,2025-10-29 16:37:06
3040000,202530400000900121,생활방범-127,방범용,가로변,서울특별시 광진구 천호대로122길 33 (능동),서울특별시 광진구 천호대로122길 33 (능동),,37.55211,127.087320,양방향,N,N,Y,,2009,2025-09-01,Y,서울특별시 광진구청,02-450-7678,2025-10-29,I,2026-05-15 18:45:47,2025-10-29 16:37:06
3040000,202530400000900122,생활방범-128,방범용,가로변,서울특별시 광진구 천호대로110길 87 (능동),서울특별시 광진구 천호대로110길 87 (능동),,37.55361,127.078420,양방향,N,N,Y,,2009,2025-09-01,Y,서울특별시 광진구청,02-450-7678,2025-10-29,I,2026-05-15 18:45:47,2025-10-29 16:37:06
3040000,202530400000900123,생활방범-129,방범용,가로변,서울특별시 광진구 능동로24길 41 (능동),서울특별시 광진구 능동로24길 41 (능동),,37.55239,127.079130,양방향,N,N,Y,,2015,2025-09-01,Y,서울특별시 광진구청,02-450-7678,2025-10-29,I,2026-05-15 18:45:47,2025-10-29 16:37:06
3040000,202530400000900124,생활방범-130,방범용,가로변,서울특별시 광진구 능동로26길 23 (능동),서울특별시 광진구 능동로26길 23 (능동),,37.55269,127.078550,양방향,N,N,Y,,2007,2025-09-01,Y,서울특별시 광진구청,02-450-7678,2025-10-29,I,2026-05-15 18:45:47,2025-10-29 16:37:06
3040000,202530400000900125,생활방범-131,방범용,가로변,서울특별시 광진구 능동로32길 16-16 (능동),서울특별시 광진구 능동로32길 16-16 (능동),,37.5546,127.079170,양방향,N,N,Y,,2013,2025-09-01,Y,서울특별시 광진구청,02-450-7678,2025-10-29,I,2026-05-15 18:45:47,2025-10-29 16:37:06
3040000,202530400000900126,생활방범-132,방범용,가로변,서울특별시 광진구 능동로32길 16-16 (능동),서울특별시 광진구 능동로32길 16-16 (능동),,37.55393,127.079200,양방향,N,N,Y,,2007,2025-09-01,Y,서울특별시 광진구청,02-450-7678,2025-10-29,I,2026-05-15 18:45:47,2025-10-29 16:37:06
3040000,202530400000900127,생활방범-133,방범용,가로변,서울특별시 광진구 자양로13길 41 (자양동),서울특별시 광진구 자양로13길 41 (자양동),,37.53437,127.081950,양방향,N,N,Y,,2009,2025-09-01,Y,서울특별시 광진구청,02-450-7678,2025-10-29,I,2026-05-15 18:45:47,2025-10-29 16:37:06
3040000,202530400000900128,생활방범-134,방범용,가로변,서울특별시 광진구 자양로21길 35 (자양동),서울특별시 광진구 자양로21길 35 (자양동),,37.53952,127.081330,양방향,N,N,Y,,2006,2025-09-01,Y,서울특별시 광진구청,02-450-7678,2025-10-29,I,2026-05-15 18:45:47,2025-10-29 16:37:06
3040000,202530400000900129,생활방범-135,방범용,가로변,서울특별시 광진구 아차산로46길 23 (자양동),서울특별시 광진구 아차산로46길 23 (자양동),,37.53609,127.080830,양방향,N,N,Y,,2009,2025-09-01,Y,서울특별시 광진구청,02-450-7678,2025-10-29,I,2026-05-15 18:45:47,2025-10-29 16:37:06
3040000,202530400000900130,생활방범-136,방범용,가로변,서울특별시 광진구 아차산로46가길 19 (자양동),서울특별시 광진구 아차산로46가길 19 (자양동),,37.53637,127.081960,양방향,N,N,Y,,2010,2025-09-01,Y,서울특별시 광진구청,02-450-7678,2025-10-29,I,2026-05-15 18:45:47,2025-10-29 16:37:06
3040000,202530400000900131,생활방범-137,방범용,가로변,서울특별시 광진구 자양로15길 6 (자양동),서울특별시 광진구 자양로15길 6 (자양동),,37.53604,127.083120,양방향,N,N,Y,,2010,2025-09-01,Y,서울특별시 광진구청,02-450-7678,2025-10-29,I,2026-05-15 18:45:47,2025-10-29 16:37:06
3040000,202530400000900132,생활방범-138,방범용,가로변,서울특별시 광진구 뚝섬로47길 49 (자양동),서울특별시 광진구 뚝섬로47길 49 (자양동),,37.53455,127.079480,양방향,N,N,Y,,2008,2025-09-01,Y,서울특별시 광진구청,02-450-7678,2025-10-29,I,2026-05-15 18:45:47,2025-10-29 16:37:06
3040000,202530400000900133,생활방범-139,방범용,가로변,서울특별시 광진구 자양로15길84,서울특별시 광진구 자양로15길84,,37.53479,127.078900,양방향,N,N,Y,,2008,2025-09-01,Y,서울특별시 광진구청,02-450-7678,2025-10-29,I,2026-05-15 18:45:47,2025-10-29 16:37:06
3040000,202530400000900134,생활방범-140,방범용,가로변,서울특별시 광진구 자양로13길 100 (자양동),서울특별시 광진구 자양로13길 100 (자양동),,37.5326,127.079810,양방향,N,N,Y,,2015,2025-09-01,Y,서울특별시 광진구청,02-450-7678,2025-10-29,I,2026-05-15 18:45:47,2025-10-29 16:37:06
3040000,202530400000900135,생활방범-141,방범용,가로변,서울특별시 광진구 뚝섬로51길 24 (자양동),서울특별시 광진구 뚝섬로51길 24 (자양동),,37.53368,127.080090,양방향,N,N,Y,,2008,2025-09-01,Y,서울특별시 광진구청,02-450-7678,2025-10-29,I,2026-05-15 18:45:47,2025-10-29 16:37:06
3040000,202530400000900136,생활방범-142,방범용,가로변,서울특별시 광진구 자양로13다길 34 (자양동),서울특별시 광진구 자양로13다길 34 (자양동),,37.53321,127.078120,양방향,N,N,Y,,2007,2025-09-01,Y,서울특별시 광진구청,02-450-7678,2025-10-29,I,2026-05-15 18:45:47,2025-10-29 16:37:06
3040000,202530400000900137,생활방범-143,방범용,가로변,서울특별시 광진구 자양로13나길 14 (자양동),서울특별시 광진구 자양로13나길 14 (자양동),,37.53388,127.080390,양방향,N,N,Y,,2008,2025-09-01,Y,서울특별시 광진구청,02-450-7678,2025-10-29,I,2026-05-15 18:45:47,2025-10-29 16:37:06
3040000,202530400000900138,생활방범-144,방범용,가로변,서울특별시 광진구 자양로9길 24-3 (자양동),서울특별시 광진구 자양로9길 24-3 (자양동),,37.53385,127.082940,양방향,N,N,Y,,2009,2025-09-01,Y,서울특별시 광진구청,02-450-7678,2025-10-29,I,2026-05-15 18:45:47,2025-10-29 16:37:06
3040000,202530400000900139,생활방범-145,방범용,가로변,서울특별시 광진구 자양로13길 73 (자양동),서울특별시 광진구 자양로13길 73 (자양동),,37.53351,127.080960,양방향,N,N,Y,,2013,2025-09-01,Y,서울특별시 광진구청,02-450-7678,2025-10-29,I,2026-05-15 18:45:47,2025-10-29 16:37:06
3040000,202530400000900140,생활방범-146,방범용,가로변,서울특별시 광진구 자양로11길 45-8 (자양동),서울특별시 광진구 자양로11길 45-8 (자양동),,37.53343,127.082190,양방향,N,N,Y,,2015,2025-09-01,Y,서울특별시 광진구청,02-450-7678,2025-10-29,I,2026-05-15 18:45:47,2025-10-29 16:37:06
3040000,202530400000900141,생활방범-148,방범용,가로변,서울특별시 광진구 뚝섬로57가길 55 (자양동),서울특별시 광진구 뚝섬로57가길 55 (자양동),,37.53239,127.080550,양방향,N,N,Y,,2009,2025-09-01,Y,서울특별시 광진구청,02-450-7678,2025-10-29,I,2026-05-15 18:45:47,2025-10-29 16:37:06
3040000,202530400000900142,생활방범-149,방범용,가로변,서울특별시 광진구 뚝섬로55길 19 (자양동),서울특별시 광진구 뚝섬로55길 19 (자양동),,37.53238,127.082360,양방향,N,N,Y,,2009,2025-09-01,Y,서울특별시 광진구청,02-450-7678,2025-10-29,I,2026-05-15 18:45:47,2025-10-29 16:37:06
3040000,202530400000900143,생활방범-150,방범용,가로변,서울특별시 광진구 자양로21길 14 (자양동),서울특별시 광진구 자양로21길 14 (자양동),,37.53992,127.082250,양방향,N,N,Y,,2009,2025-09-01,Y,서울특별시 광진구청,02-450-7678,2025-10-29,I,2026-05-15 18:45:47,2025-10-29 16:37:06
3040000,202530400000900144,생활방범-151,방범용,가로변,서울특별시 광진구 자양로19길 48-4 (자양동),서울특별시 광진구 자양로19길 48-4 (자양동),,37.53846,127.080970,양방향,N,N,Y,,2014,2025-09-01,Y,서울특별시 광진구청,02-450-7678,2025-10-29,I,2026-05-15 18:45:47,2025-10-29 16:37:06
3040000,202530400000900145,생활방범-152,방범용,가로변,서울특별시 광진구 자양로19길 54 (자양동),서울특별시 광진구 자양로19길 54 (자양동),,37.53818,127.080460,양방향,N,N,Y,,2014,2025-09-01,Y,서울특별시 광진구청,02-450-7678,2025-10-29,I,2026-05-15 18:45:47,2025-10-29 16:37:06
3040000,202530400000900146,생활방범-153,방범용,가로변,서울특별시 광진구 뚝섬로52마길 60 (자양동),서울특별시 광진구 뚝섬로52마길 60 (자양동),,37.52873,127.081110,양방향,N,N,Y,,2009,2025-09-01,Y,서울특별시 광진구청,02-450-7678,2025-10-29,I,2026-05-15 18:45:47,2025-10-29 16:37:06
3040000,202530400000900147,생활방범-154,방범용,가로변,서울특별시 광진구 뚝섬로52마길 60 (자양동),서울특별시 광진구 뚝섬로52마길 60 (자양동),,37.52783,127.084400,양방향,N,N,Y,,2018,2025-09-01,Y,서울특별시 광진구청,02-450-7678,2025-10-29,I,2026-05-15 18:45:47,2025-10-29 16:37:06
3040000,202530400000900148,생활방범-155,방범용,가로변,서울특별시 광진구 자양로5길 13 (자양동),서울특별시 광진구 자양로5길 13 (자양동),,37.53164,127.085070,양방향,N,N,Y,,2009,2025-09-01,Y,서울특별시 광진구청,02-450-7678,2025-10-29,I,2026-05-15 18:45:47,2025-10-29 16:37:06
3040000,202530400000900149,생활방범-156,방범용,가로변,서울특별시 광진구 자양로6길 40 (자양동),서울특별시 광진구 자양로6길 40 (자양동),,37.53278,127.087880,양방향,N,N,Y,,2006,2025-09-01,Y,서울특별시 광진구청,02-450-7678,2025-10-29,I,2026-05-15 18:45:47,2025-10-29 16:37:06
3040000,202530400000900150,생활방범-157,방범용,가로변,서울특별시 광진구 뚝섬로48길 52 (자양동),서울특별시 광진구 뚝섬로48길 52 (자양동),,37.52967,127.076840,양방향,N,N,Y,,2006,2025-09-01,Y,서울특별시 광진구청,02-450-7678,2025-10-29,I,2026-05-15 18:45:47,2025-10-29 16:37:06
3040000,202530400000900151,생활방범-158,방범용,가로변,서울특별시 광진구 뚝섬로50길 28 (자양동),서울특별시 광진구 뚝섬로50길 28 (자양동),,37.53119,127.077910,양방향,N,N,Y,,2010,2025-09-01,Y,서울특별시 광진구청,02-450-7678,2025-10-29,I,2026-05-15 18:45:47,2025-10-29 16:37:06
3040000,202530400000900152,생활방범-160,방범용,가로변,서울특별시 광진구 뚝섬로54길 24 (자양동),서울특별시 광진구 뚝섬로54길 24 (자양동),,37.53064,127.080490,양방향,N,N,Y,,2006,2025-09-01,Y,서울특별시 광진구청,02-450-7678,2025-10-29,I,2026-05-15 18:45:47,2025-10-29 16:37:06
3040000,202530400000900153,생활방범-161,방범용,가로변,서울특별시 광진구 뚝섬로54길 46 (자양동),서울특별시 광진구 뚝섬로54길 46 (자양동),,37.52968,127.079990,양방향,N,N,Y,,2007,2025-09-01,Y,서울특별시 광진구청,02-450-7678,2025-10-29,I,2026-05-15 18:45:47,2025-10-29 16:37:06
3040000,202530400000900154,생활방범-162,방범용,가로변,서울특별시 광진구 뚝섬로52마길 42-15 (자양동),서울특별시 광진구 뚝섬로52마길 42-15 (자양동),,37.52797,127.080240,양방향,N,N,Y,,2010,2025-09-01,Y,서울특별시 광진구청,02-450-7678,2025-10-29,I,2026-05-15 18:45:47,2025-10-29 16:37:06
3040000,202530400000900155,생활방범-163,방범용,가로변,서울특별시 광진구 자양로3길 49 (자양동),서울특별시 광진구 자양로3길 49 (자양동),,37.52914,127.083910,양방향,N,N,Y,,2007,2025-09-01,Y,서울특별시 광진구청,02-450-7678,2025-10-29,I,2026-05-15 18:45:47,2025-10-29 16:37:06
3040000,202530400000900156,생활방범-164,방범용,가로변,서울특별시 광진구 자양로3길 39-3 (자양동),서울특별시 광진구 자양로3길 39-3 (자양동),,37.52987,127.084550,양방향,N,N,Y,,2009,2025-09-01,Y,서울특별시 광진구청,02-450-7678,2025-10-29,I,2026-05-15 18:45:47,2025-10-29 16:37:06
3040000,202530400000900157,생활방범-165,방범용,가로변,서울특별시 광진구 자양로3가길 36 (자양동),서울특별시 광진구 자양로3가길 36 (자양동),,37.52866,127.085110,양방향,N,N,Y,,2015,2025-09-01,Y,서울특별시 광진구청,02-450-7678,2025-10-29,I,2026-05-15 18:45:47,2025-10-29 16:37:06
3040000,202530400000900158,생활방범-166,방범용,가로변,서울특별시 광진구 자양로3가길 37 (자양동),서울특별시 광진구 자양로3가길 37 (자양동),,37.53642,127.084650,양방향,N,N,Y,,2015,2025-09-01,Y,서울특별시 광진구청,02-450-7678,2025-10-29,I,2026-05-15 18:45:47,2025-10-29 16:37:06
3040000,202530400000900159,생활방범-167,방범용,가로변,서울특별시 광진구 뚝섬로60길 6 (자양동),서울특별시 광진구 뚝섬로60길 6 (자양동),,37.53257,127.086540,양방향,N,N,Y,,2014,2025-09-01,Y,서울특별시 광진구청,02-450-7678,2025-10-29,I,2026-05-15 18:45:47,2025-10-29 16:37:06
3040000,202530400000900160,생활방범-168,방범용,가로변,서울특별시 광진구 자양로4길 12-1 (자양동),서울특별시 광진구 자양로4길 12-1 (자양동),,37.53147,127.086790,양방향,N,N,Y,,2015,2025-09-01,Y,서울특별시 광진구청,02-450-7678,2025-10-29,I,2026-05-15 18:45:47,2025-10-29 16:37:06
3040000,202530400000900161,생활방범-169,방범용,가로변,서울특별시 광진구 자양로2길 29 (자양동),서울특별시 광진구 자양로2길 29 (자양동),,37.53153,127.088170,양방향,N,N,Y,,2008,2025-09-01,Y,서울특별시 광진구청,02-450-7678,2025-10-29,I,2026-05-15 18:45:47,2025-10-29 16:37:06
3040000,202530400000900162,생활방범-170,방범용,가로변,서울특별시 광진구 자양로4나길 31 (자양동),서울특별시 광진구 자양로4나길 31 (자양동),,37.53045,127.087960,양방향,N,N,Y,,2014,2025-09-01,Y,서울특별시 광진구청,02-450-7678,2025-10-29,I,2026-05-15 18:45:47,2025-10-29 16:37:06
3040000,202530400000900163,생활방범-171,방범용,가로변,서울특별시 광진구 자양번영로11길 4-9 (자양동),서울특별시 광진구 자양번영로11길 4-9 (자양동),,37.53753,127.076670,양방향,N,N,Y,,2009,2025-09-01,Y,서울특별시 광진구청,02-450-7678,2025-10-29,I,2026-05-15 18:45:47,2025-10-29 16:37:06
3040000,202530400000900164,생활방범-172,방범용,가로변,서울특별시 광진구 자양번영로11길 29 (자양동),서울특별시 광진구 자양번영로11길 29 (자양동),,37.53738,127.075070,양방향,N,N,Y,,2006,2025-09-01,Y,서울특별시 광진구청,02-450-7678,2025-10-29,I,2026-05-15 18:45:47,2025-10-29 16:37:06
3040000,202530400000900165,생활방범-173,방범용,가로변,서울특별시 광진구 아차산로 288 (자양동),서울특별시 광진구 아차산로 288 (자양동),,37.53852,127.075010,양방향,N,N,Y,,2014,2025-09-01,Y,서울특별시 광진구청,02-450-7678,2025-10-29,I,2026-05-15 18:45:47,2025-10-29 16:37:06
3040000,202530400000900166,생활방범-174,방범용,가로변,서울특별시 광진구 자양번영로11길 37-14 (자양동),서울특별시 광진구 자양번영로11길 37-14 (자양동),,37.53695,127.074430,양방향,N,N,Y,,2015,2025-09-01,Y,서울특별시 광진구청,02-450-7678,2025-10-29,I,2026-05-15 18:45:47,2025-10-29 16:37:06
3040000,202530400000900167,생활방범-175,방범용,가로변,서울특별시 광진구 자양번영로9길 6-7 (자양동),서울특별시 광진구 자양번영로9길 6-7 (자양동),,37.53656,127.076180,양방향,N,N,Y,,2009,2025-09-01,Y,서울특별시 광진구청,02-450-7678,2025-10-29,I,2026-05-15 18:45:47,2025-10-29 16:37:06
3040000,202530400000900168,생활방범-176,방범용,가로변,서울특별시 광진구 자양번영로7길 12-7 (자양동),서울특별시 광진구 자양번영로7길 12-7 (자양동),,37.5362,127.075780,양방향,N,N,Y,,2014,2025-09-01,Y,서울특별시 광진구청,02-450-7678,2025-10-29,I,2026-05-15 18:45:47,2025-10-29 16:37:06
3040000,202530400000900169,생활방범-177,방범용,가로변,서울특별시 광진구 자양번영로3다길 11-5,서울특별시 광진구 자양번영로3다길 11-5,,37.53136,127.073520,양방향,N,N,Y,,2015,2025-09-01,Y,서울특별시 광진구청,02-450-7678,2025-10-29,I,2026-05-15 18:45:47,2025-10-29 16:37:06
3040000,202530400000900170,생활방범-178,방범용,가로변,서울특별시 광진구 아차산로38길 5-16 (자양동),서울특별시 광진구 아차산로38길 5-16 (자양동),,37.53818,127.075370,양방향,N,N,Y,,2009,2025-09-01,Y,서울특별시 광진구청,02-450-7678,2025-10-29,I,2026-05-15 18:45:47,2025-10-29 16:37:06
3040000,202530400000900171,생활방범-179,방범용,가로변,서울특별시 광진구 뚝섬로36가길 43 (자양동),서울특별시 광진구 뚝섬로36가길 43 (자양동),,37.53117,127.072720,양방향,N,N,Y,,2007,2025-09-01,Y,서울특별시 광진구청,02-450-7678,2025-10-29,I,2026-05-15 18:45:47,2025-10-29 16:37:06
3040000,202530400000900172,생활방범-180,방범용,가로변,서울특별시 광진구 뚝섬로36길 49-8 (자양동),서울특별시 광진구 뚝섬로36길 49-8 (자양동),,37.53204,127.070840,양방향,N,N,Y,,2009,2025-09-01,Y,서울특별시 광진구청,02-450-7678,2025-10-29,I,2026-05-15 18:45:47,2025-10-29 16:37:06
3040000,202530400000900173,생활방범-181,방범용,가로변,서울특별시 광진구 능동로8길 28 (자양동),서울특별시 광진구 능동로8길 28 (자양동),,37.53603,127.070730,양방향,N,N,Y,,2008,2025-09-01,Y,서울특별시 광진구청,02-450-7678,2025-10-29,I,2026-05-15 18:45:47,2025-10-29 16:37:06
3040000,202530400000900174,생활방범-183,방범용,가로변,서울특별시 광진구 뚝섬로36길 15 (자양동),서울특별시 광진구 뚝섬로36길 15 (자양동),,37.53368,127.071400,양방향,N,N,Y,,2006,2025-09-01,Y,서울특별시 광진구청,02-450-7678,2025-10-29,I,2026-05-15 18:45:47,2025-10-29 16:37:06
3040000,202530400000900175,생활방범-184,방범용,가로변,서울특별시 광진구 자양번영로5길 16 (자양동),서울특별시 광진구 자양번영로5길 16 (자양동),,37.53273,127.074480,양방향,N,N,Y,,2009,2025-09-01,Y,서울특별시 광진구청,02-450-7678,2025-10-29,I,2026-05-15 18:45:47,2025-10-29 16:37:06
3040000,202530400000900176,생활방범-185,방범용,가로변,서울특별시 광진구 자양번영로3길 16 (자양동),서울특별시 광진구 자양번영로3길 16 (자양동),,37.53185,127.074450,양방향,N,N,Y,,2006,2025-09-01,Y,서울특별시 광진구청,02-450-7678,2025-10-29,I,2026-05-15 18:45:47,2025-10-29 16:37:06
3040000,202530400000900177,생활방범-186,방범용,가로변,서울특별시 광진구 자양번영로1길 27 (자양동),서울특별시 광진구 자양번영로1길 27 (자양동),,37.53084,127.073410,양방향,N,N,Y,,2010,2025-09-01,Y,서울특별시 광진구청,02-450-7678,2025-10-29,I,2026-05-15 18:45:47,2025-10-29 16:37:06
3040000,202530400000900178,생활방범-187,방범용,가로변,서울특별시 광진구 자양번영로3나길 40 (자양동),서울특별시 광진구 자양번영로3나길 40 (자양동),,37.53016,127.073370,양방향,N,N,Y,,2013,2025-09-01,Y,서울특별시 광진구청,02-450-7678,2025-10-29,I,2026-05-15 18:45:47,2025-10-29 16:37:06
3040000,202530400000900179,생활방범-188,방범용,가로변,서울특별시 광진구 동일로10길 42 (자양동),서울특별시 광진구 동일로10길 42 (자양동),,37.53763,127.063990,양방향,N,N,Y,,2010,2025-09-01,Y,서울특별시 광진구청,02-450-7678,2025-10-29,I,2026-05-15 18:45:47,2025-10-29 16:37:06
3040000,202530400000900180,생활방범-189,방범용,가로변,서울특별시 광진구 뚝섬로 491 (자양동),서울특별시 광진구 뚝섬로 491 (자양동),,37.53654,127.065190,양방향,N,N,Y,,2009,2025-09-01,Y,서울특별시 광진구청,02-450-7678,2025-10-29,I,2026-05-15 18:45:47,2025-10-29 16:37:06
3040000,202530400000900181,생활방범-190,방범용,가로변,서울특별시 광진구 능동로3나길 10,서울특별시 광진구 능동로3나길 10,,37.53411,127.065690,양방향,N,N,Y,,2006,2025-09-01,Y,서울특별시 광진구청,02-450-7678,2025-10-29,I,2026-05-15 18:45:47,2025-10-29 16:37:06
3040000,202530400000900182,생활방범-191,방범용,가로변,서울특별시 광진구 뚝섬로24길 27 (자양동),서울특별시 광진구 뚝섬로24길 27 (자양동),,37.5353,127.063300,양방향,N,N,Y,,2006,2025-09-01,Y,서울특별시 광진구청,02-450-7678,2025-10-29,I,2026-05-15 18:45:47,2025-10-29 16:37:06
3040000,202530400000900183,생활방범-192,방범용,가로변,서울특별시 광진구 자양강변길 73 (자양동),서울특별시 광진구 자양강변길 73 (자양동),,37.53274,127.063700,양방향,N,N,Y,,2008,2025-09-01,Y,서울특별시 광진구청,02-450-7678,2025-10-29,I,2026-05-15 18:45:47,2025-10-29 16:37:06
3040000,202530400000900184,생활방범-193,방범용,가로변,서울특별시 광진구 능동로3라길 16 (자양동),서울특별시 광진구 능동로3라길 16 (자양동),,37.53477,127.064910,양방향,N,N,Y,,2009,2025-09-01,Y,서울특별시 광진구청,02-450-7678,2025-10-29,I,2026-05-15 18:45:47,2025-10-29 16:37:06
3040000,202530400000900185,생활방범-194,방범용,가로변,서울특별시 광진구 능동로3가길 12 (자양동),서울특별시 광진구 능동로3가길 12 (자양동),,37.5333,127.065630,양방향,N,N,Y,,2007,2025-09-01,Y,서울특별시 광진구청,02-450-7678,2025-10-29,I,2026-05-15 18:45:47,2025-10-29 16:37:06
3040000,202530400000900186,생활방범-195,방범용,가로변,서울특별시 광진구 아차산로30길 18,서울특별시 광진구 아차산로30길 18,,37.53987,127.067440,양방향,N,N,Y,,2006,2025-09-01,Y,서울특별시 광진구청,02-450-7678,2025-10-29,I,2026-05-15 18:45:47,2025-10-29 16:37:06
3040000,202530400000900187,생활방범-196,방범용,가로변,서울특별시 광진구 아차산로32길 21 (자양동),서울특별시 광진구 아차산로32길 21 (자양동),,37.53901,127.068080,양방향,N,N,Y,,2010,2025-09-01,Y,서울특별시 광진구청,02-450-7678,2025-10-29,I,2026-05-15 18:45:47,2025-10-29 16:37:06
3040000,202530400000900188,생활방범-197,방범용,가로변,서울특별시 광진구 아차산로30길 39 (자양동),서울특별시 광진구 아차산로30길 39 (자양동),,37.53895,127.066870,양방향,N,N,Y,,2009,2025-09-01,Y,서울특별시 광진구청,02-450-7678,2025-10-29,I,2026-05-15 18:45:47,2025-10-29 16:37:06
3040000,202530400000900189,생활방범-198,방범용,가로변,서울특별시 광진구 동일로18길 44 (자양동),서울특별시 광진구 동일로18길 44 (자양동),,37.53938,127.065260,양방향,N,N,Y,,2010,2025-09-01,Y,서울특별시 광진구청,02-450-7678,2025-10-29,I,2026-05-15 18:45:47,2025-10-29 16:37:06
3040000,202530400000900190,생활방범-200,방범용,가로변,서울특별시 광진구 아차산로22길 27 (자양동),서울특별시 광진구 아차산로22길 27 (자양동),,37.54066,127.064050,양방향,N,N,Y,,2006,2025-09-01,Y,서울특별시 광진구청,02-450-7678,2025-10-29,I,2026-05-15 18:45:47,2025-10-29 16:37:06
3040000,202530400000900191,생활방범-201,방범용,가로변,서울특별시 광진구 자양강변길 19 (자양동),서울특별시 광진구 자양강변길 19 (자양동),,37.53426,127.061100,양방향,N,N,Y,,2007,2025-09-01,Y,서울특별시 광진구청,02-450-7678,2025-10-29,I,2026-05-15 18:45:47,2025-10-29 16:37:06
3040000,202530400000900192,생활방범-202,방범용,가로변,서울특별시 광진구 뚝섬로22가길 22 (자양동),서울특별시 광진구 뚝섬로22가길 22 (자양동),,37.53551,127.062380,양방향,N,N,Y,,2009,2025-09-01,Y,서울특별시 광진구청,02-450-7678,2025-10-29,I,2026-05-15 18:45:47,2025-10-29 16:37:06
3040000,202530400000900193,생활방범-203,방범용,가로변,서울특별시 광진구 동일로4가길 9-2 (자양동),서울특별시 광진구 동일로4가길 9-2 (자양동),,37.53593,127.062820,양방향,N,N,Y,,2009,2025-09-01,Y,서울특별시 광진구청,02-450-7678,2025-10-29,I,2026-05-15 18:45:47,2025-10-29 16:37:06
3040000,202530400000900194,생활방범-204,방범용,가로변,서울특별시 광진구 동일로 34-11 (자양동),서울특별시 광진구 동일로 34-11 (자양동),,37.53574,127.061250,양방향,N,N,Y,,2007,2025-09-01,Y,서울특별시 광진구청,02-450-7678,2025-10-29,I,2026-05-15 18:45:47,2025-10-29 16:37:06
3040000,202530400000900195,생활방범-205,방범용,가로변,서울특별시 광진구 군자로15길36,서울특별시 광진구 군자로15길36,,37.555,127.073330,양방향,N,N,Y,,2006,2025-09-01,Y,서울특별시 광진구청,02-450-7678,2025-10-29,I,2026-05-15 18:45:47,2025-10-29 16:37:06
3040000,202530400000900196,생활방범-206,방범용,가로변,서울특별시 광진구 동일로10길 5 (자양동),서울특별시 광진구 동일로10길 5 (자양동),,37.53891,127.062600,양방향,N,N,Y,,2007,2025-09-01,Y,서울특별시 광진구청,02-450-7678,2025-10-29,I,2026-05-15 18:45:47,2025-10-29 16:37:06
3040000,202530400000900197,생활방범-207,방범용,가로변,서울특별시 광진구 능동로9길 23,서울특별시 광진구 능동로9길 23,,37.53767,127.067970,양방향,N,N,Y,,2014,2025-09-01,Y,서울특별시 광진구청,02-450-7678,2025-10-29,I,2026-05-15 18:45:47,2025-10-29 16:37:06
3040000,202530400000900198,생활방범-208,방범용,가로변,서울특별시 광진구 뚝섬로32길 17 (자양동),서울특별시 광진구 뚝섬로32길 17 (자양동),,37.53471,127.067130,양방향,N,N,Y,,2013,2025-09-01,Y,서울특별시 광진구청,02-450-7678,2025-10-29,I,2026-05-15 18:45:47,2025-10-29 16:37:06
3040000,202530400000900199,생활방범-209,방범용,가로변,서울특별시 광진구 능동로5길 7,서울특별시 광진구 능동로5길 7,,37.53643,127.067450,양방향,N,N,Y,,2008,2025-09-01,Y,서울특별시 광진구청,02-450-7678,2025-10-29,I,2026-05-15 18:45:47,2025-10-29 16:37:06
3040000,202530400000900200,생활방범-210,방범용,가로변,서울특별시 광진구 뚝섬로30길 15 (자양동),서울특별시 광진구 뚝섬로30길 15 (자양동),,37.53522,127.066550,양방향,N,N,Y,,2015,2025-09-01,Y,서울특별시 광진구청,02-450-7678,2025-10-29,I,2026-05-15 18:45:47,2025-10-29 16:37:06
3040000,202530400000900201,생활방범-211,방범용,가로변,서울특별시 광진구 능동로3길 61-8 (자양동),서울특별시 광진구 능동로3길 61-8 (자양동),,37.5341,127.063860,양방향,N,N,Y,,2006,2025-09-01,Y,서울특별시 광진구청,02-450-7678,2025-10-29,I,2026-05-15 18:45:47,2025-10-29 16:37:06
3040000,202530400000900202,생활방범-212,방범용,가로변,서울특별시 광진구 동일로12길 20 (자양동),서울특별시 광진구 동일로12길 20 (자양동),,37.53953,127.063350,양방향,N,N,Y,,2013,2025-09-01,Y,서울특별시 광진구청,02-450-7678,2025-10-29,I,2026-05-15 18:45:47,2025-10-29 16:37:07
3040000,202530400000900203,생활방범-213,방범용,가로변,서울특별시 광진구 동일로10길 25 (자양동),서울특별시 광진구 동일로10길 25 (자양동),,37.53829,127.063410,양방향,N,N,Y,,2010,2025-09-01,Y,서울특별시 광진구청,02-450-7678,2025-10-29,I,2026-05-15 18:45:47,2025-10-29 16:37:07
3040000,202530400000900204,생활방범-214,방범용,가로변,서울특별시 광진구 동일로18가길 13 (자양동),서울특별시 광진구 동일로18가길 13 (자양동),,37.53906,127.064540,양방향,N,N,Y,,2007,2025-09-01,Y,서울특별시 광진구청,02-450-7678,2025-10-29,I,2026-05-15 18:45:47,2025-10-29 16:37:07
3040000,202530400000900205,생활방범-215,방범용,가로변,서울특별시 광진구 동일로10나길 18 (자양동),서울특별시 광진구 동일로10나길 18 (자양동),,37.53828,127.064310,양방향,N,N,Y,,2015,2025-09-01,Y,서울특별시 광진구청,02-450-7678,2025-10-29,I,2026-05-15 18:45:47,2025-10-29 16:37:07
3040000,202530400000900206,생활방범-216,방범용,가로변,서울특별시 광진구 동일로18나길 24 (자양동),서울특별시 광진구 동일로18나길 24 (자양동),,37.53866,127.065290,양방향,N,N,Y,,2009,2025-09-01,Y,서울특별시 광진구청,02-450-7678,2025-10-29,I,2026-05-15 18:45:47,2025-10-29 16:37:07
3040000,202530400000900207,생활방범-217,방범용,가로변,서울특별시 광진구 뚝섬로23가길 11 (자양동),서울특별시 광진구 뚝섬로23가길 11 (자양동),,37.53795,127.065400,양방향,N,N,Y,,2013,2025-09-01,Y,서울특별시 광진구청,02-450-7678,2025-10-29,I,2026-05-15 18:45:47,2025-10-29 16:37:07
3040000,202530400000900208,생활방범-221,방범용,가로변,서울특별시 광진구 뚝섬로57길 13 (자양동),서울특별시 광진구 뚝섬로57길 13 (자양동),,37.53231,127.083590,양방향,N,N,Y,,2013,2025-09-01,Y,서울특별시 광진구청,02-450-7678,2025-10-29,I,2026-05-15 18:45:47,2025-10-29 16:37:07
3040000,202530400000900209,생활방범-222,방범용,가로변,서울특별시 광진구 긴고랑로14길 33 (중곡동),서울특별시 광진구 긴고랑로14길 33 (중곡동),,37.56123,127.080960,양방향,N,N,Y,,2009,2025-09-01,Y,서울특별시 광진구청,02-450-7678,2025-10-29,I,2026-05-15 18:45:47,2025-10-29 16:37:07
3040000,202530400000900210,생활방범-223,방범용,가로변,서울특별시 광진구 긴고랑로5길 11 (중곡동),서울특별시 광진구 긴고랑로5길 11 (중곡동),,37.56493,127.079200,양방향,N,N,Y,,2008,2025-09-01,Y,서울특별시 광진구청,02-450-7678,2025-10-29,I,2026-05-15 18:45:47,2025-10-29 16:37:07
3040000,202530400000900211,생활방범-224,방범용,가로변,서울특별시 광진구 긴고랑로1길 11 (중곡동),서울특별시 광진구 긴고랑로1길 11 (중곡동),,37.5647,127.077500,양방향,N,N,Y,,2007,2025-09-01,Y,서울특별시 광진구청,02-450-7678,2025-10-29,I,2026-05-15 18:45:47,2025-10-29 16:37:07
3040000,202530400000900212,생활방범-225,방범용,가로변,서울특별시 광진구 긴고랑로7길 11 (중곡동),서울특별시 광진구 긴고랑로7길 11 (중곡동),,37.56405,127.079370,양방향,N,N,Y,,2013,2025-09-01,Y,서울특별시 광진구청,02-450-7678,2025-10-29,I,2026-05-15 18:45:47,2025-10-29 16:37:07
3040000,202530400000900213,생활방범-226,방범용,가로변,서울특별시 광진구 동일로70길 22 (중곡동),서울특별시 광진구 동일로70길 22 (중곡동),,37.56455,127.078000,양방향,N,N,Y,,2009,2025-09-01,Y,서울특별시 광진구청,02-450-7678,2025-10-29,I,2026-05-15 18:45:47,2025-10-29 16:37:07
3040000,202530400000900214,생활방범-227,방범용,가로변,서울특별시 광진구 긴고랑로14길 8 (중곡동),서울특별시 광진구 긴고랑로14길 8 (중곡동),,37.56224,127.081460,양방향,N,N,Y,,2015,2025-09-01,Y,서울특별시 광진구청,02-450-7678,2025-10-29,I,2026-05-15 18:45:47,2025-10-29 16:37:07
3040000,202530400000900215,생활방범-228,방범용,가로변,서울특별시 광진구 긴고랑로12길 12 (중곡동),서울특별시 광진구 긴고랑로12길 12 (중곡동),,37.56225,127.080680,양방향,N,N,Y,,2015,2025-09-01,Y,서울특별시 광진구청,02-450-7678,2025-10-29,I,2026-05-15 18:45:47,2025-10-29 16:37:07
3040000,202530400000900216,생활방범-229,방범용,가로변,서울특별시 광진구 능동로43길 38 (중곡동),서울특별시 광진구 능동로43길 38 (중곡동),,37.56177,127.079700,양방향,N,N,Y,,2014,2025-09-01,Y,서울특별시 광진구청,02-450-7678,2025-10-29,I,2026-05-15 18:45:47,2025-10-29 16:37:07
3040000,202530400000900217,생활방범-230,방범용,가로변,서울특별시 광진구 면목로 93 (중곡동),서울특별시 광진구 면목로 93 (중곡동),,37.56199,127.079040,양방향,N,N,Y,,2010,2025-09-01,Y,서울특별시 광진구청,02-450-7678,2025-10-29,I,2026-05-15 18:45:47,2025-10-29 16:37:07
3040000,202530400000900218,생활방범-231,방범용,가로변,서울특별시 광진구 긴고랑로6길 9 (중곡동),서울특별시 광진구 긴고랑로6길 9 (중곡동),,37.56315,127.078220,양방향,N,N,Y,,2009,2025-09-01,Y,서울특별시 광진구청,02-450-7678,2025-10-29,I,2026-05-15 18:45:47,2025-10-29 16:37:07
3040000,202530400000900219,생활방범-233,방범용,가로변,서울특별시 광진구 동일로 374 (중곡동),서울특별시 광진구 동일로 374 (중곡동),,37.56432,127.076280,양방향,N,N,Y,,2013,2025-09-01,Y,서울특별시 광진구청,02-450-7678,2025-10-29,I,2026-05-15 18:45:47,2025-10-29 16:37:07
3040000,202530400000900220,생활방범-234,방범용,가로변,서울특별시 광진구 동일로66길 9 (중곡동),서울특별시 광진구 동일로66길 9 (중곡동),,37.56167,127.075810,양방향,N,N,Y,,2009,2025-09-01,Y,서울특별시 광진구청,02-450-7678,2025-10-29,I,2026-05-15 18:45:47,2025-10-29 16:37:07
3040000,202530400000900221,생활방범-235,방범용,가로변,서울특별시 광진구 자양로43길 47 (중곡동),서울특별시 광진구 자양로43길 47 (중곡동),,37.55261,127.090270,양방향,N,N,Y,,2010,2025-09-01,Y,서울특별시 광진구청,02-450-7678,2025-10-29,I,2026-05-15 18:45:47,2025-10-29 16:37:07
3040000,202530400000900222,생활방범-236,방범용,가로변,서울특별시 광진구 천호대로101길 11 (중곡동),서울특별시 광진구 천호대로101길 11 (중곡동),,37.55981,127.074770,양방향,N,N,Y,,2009,2025-09-01,Y,서울특별시 광진구청,02-450-7678,2025-10-29,I,2026-05-15 18:45:47,2025-10-29 16:37:07
3040000,202530400000900223,생활방범-237,방범용,가로변,서울특별시 광진구 긴고랑로8길 60 (중곡동),서울특별시 광진구 긴고랑로8길 60 (중곡동),,37.56104,127.077720,양방향,N,N,Y,,2007,2025-09-01,Y,서울특별시 광진구청,02-450-7678,2025-10-29,I,2026-05-15 18:45:47,2025-10-29 16:37:07
3040000,202530400000900224,생활방범-238,방범용,가로변,서울특별시 광진구 긴고랑로8길 90 (중곡동),서울특별시 광진구 긴고랑로8길 90 (중곡동),,37.55966,127.077000,양방향,N,N,Y,,2009,2025-09-01,Y,서울특별시 광진구청,02-450-7678,2025-10-29,I,2026-05-15 18:45:47,2025-10-29 16:37:07
3040000,202530400000900225,생활방범-239,방범용,가로변,서울특별시 광진구 동일로62길 37 (중곡동),서울특별시 광진구 동일로62길 37 (중곡동),,37.55937,127.076100,양방향,N,N,Y,,2014,2025-09-01,Y,서울특별시 광진구청,02-450-7678,2025-10-29,I,2026-05-15 18:45:47,2025-10-29 16:37:07
3040000,202530400000900226,생활방범-241,방범용,가로변,서울특별시 광진구 면목로 74 (중곡동),서울특별시 광진구 면목로 74 (중곡동),,37.5602,127.079540,양방향,N,N,Y,,2007,2025-09-01,Y,서울특별시 광진구청,02-450-7678,2025-10-29,I,2026-05-15 18:45:47,2025-10-29 16:37:07
3040000,202530400000900227,생활방범-242,방범용,가로변,서울특별시 광진구 긴고랑로14길 63 (중곡동),서울특별시 광진구 긴고랑로14길 63 (중곡동),,37.55993,127.080250,양방향,N,N,Y,,2009,2025-09-01,Y,서울특별시 광진구청,02-450-7678,2025-10-29,I,2026-05-15 18:45:47,2025-10-29 16:37:07
3040000,202530400000900228,생활방범-243,방범용,가로변,서울특별시 광진구 천호대로107길 22 (중곡동),서울특별시 광진구 천호대로107길 22 (중곡동),,37.55887,127.078890,양방향,N,N,Y,,2006,2025-09-01,Y,서울특별시 광진구청,02-450-7678,2025-10-29,I,2026-05-15 18:45:47,2025-10-29 16:37:07
3040000,202530400000900229,생활방범-244,방범용,가로변,서울특별시 광진구 천호대로107길 8 (중곡동),서울특별시 광진구 천호대로107길 8 (중곡동),,37.55841,127.078540,양방향,N,N,Y,,2010,2025-09-01,Y,서울특별시 광진구청,02-450-7678,2025-10-29,I,2026-05-15 18:45:47,2025-10-29 16:37:07
3040000,202530400000900230,생활방범-245,방범용,가로변,서울특별시 광진구 능동로47길 35 (중곡동),서울특별시 광진구 능동로47길 35 (중곡동),,37.56427,127.081100,양방향,N,N,Y,,2009,2025-09-01,Y,서울특별시 광진구청,02-450-7678,2025-10-29,I,2026-05-15 18:45:47,2025-10-29 16:37:07
3040000,202530400000900231,생활방범-246,방범용,가로변,서울특별시 광진구 능동로47길 35 (중곡동),서울특별시 광진구 능동로47길 35 (중곡동),,37.56364,127.080740,양방향,N,N,Y,,2009,2025-09-01,Y,서울특별시 광진구청,02-450-7678,2025-10-29,I,2026-05-15 18:45:47,2025-10-29 16:37:07
3040000,202530400000900232,생활방범-247,방범용,가로변,서울특별시 광진구 능동로47길 35 (중곡동),서울특별시 광진구 능동로47길 35 (중곡동),,37.56338,127.081340,양방향,N,N,Y,,2009,2025-09-01,Y,서울특별시 광진구청,02-450-7678,2025-10-29,I,2026-05-15 18:45:47,2025-10-29 16:37:07
3040000,202530400000900233,생활방범-248,방범용,가로변,서울특별시 광진구 능동로50길 8 (중곡동),서울특별시 광진구 능동로50길 8 (중곡동),,37.56401,127.083960,양방향,N,N,Y,,2014,2025-09-01,Y,서울특별시 광진구청,02-450-7678,2025-10-29,I,2026-05-15 18:45:47,2025-10-29 16:37:07
3040000,202530400000900234,생활방범-249,방범용,가로변,서울특별시 광진구 능동로48가길 36 (중곡동),서울특별시 광진구 능동로48가길 36 (중곡동),,37.56342,127.085810,양방향,N,N,Y,,2011,2025-09-01,Y,서울특별시 광진구청,02-450-7678,2025-10-29,I,2026-05-15 18:45:47,2025-10-29 16:37:07
3040000,202530400000900235,생활방범-250,방범용,가로변,서울특별시 광진구 긴고랑로29길 47 (중곡동),서울특별시 광진구 긴고랑로29길 47 (중곡동),,37.56204,127.086400,양방향,N,N,Y,,2006,2025-09-01,Y,서울특별시 광진구청,02-450-7678,2025-10-29,I,2026-05-15 18:45:47,2025-10-29 16:37:07
3040000,202530400000900236,생활방범-251,방범용,가로변,서울특별시 광진구 용마산로21길 77 (중곡동),서울특별시 광진구 용마산로21길 77 (중곡동),,37.56152,127.084750,양방향,N,N,Y,,2014,2025-09-01,Y,서울특별시 광진구청,02-450-7678,2025-10-29,I,2026-05-15 18:45:47,2025-10-29 16:37:07
3040000,202530400000900237,생활방범-252,방범용,가로변,서울특별시 광진구 용마산로3길 13 (중곡동),서울특별시 광진구 용마산로3길 13 (중곡동),,37.55631,127.087280,양방향,N,N,Y,,2006,2025-09-01,Y,서울특별시 광진구청,02-450-7678,2025-10-29,I,2026-05-15 18:45:47,2025-10-29 16:37:07
3040000,202530400000900238,생활방범-253,방범용,가로변,서울특별시 광진구 천호대로125길 35-17 (중곡동),서울특별시 광진구 천호대로125길 35-17 (중곡동),,37.55537,127.087230,양방향,N,N,Y,,2009,2025-09-01,Y,서울특별시 광진구청,02-450-7678,2025-10-29,I,2026-05-15 18:45:47,2025-10-29 16:37:07
3040000,202530400000900239,생활방범-254,방범용,가로변,서울특별시 광진구 용마산로1길 22 (중곡동),서울특별시 광진구 용마산로1길 22 (중곡동),,37.55503,127.087390,양방향,N,N,Y,,2007,2025-09-01,Y,서울특별시 광진구청,02-450-7678,2025-10-29,I,2026-05-15 18:45:47,2025-10-29 16:37:07
3040000,202530400000900240,생활방범-255,방범용,가로변,서울특별시 광진구 천호대로121길 39 (중곡동),서울특별시 광진구 천호대로121길 39 (중곡동),,37.55682,127.086430,양방향,N,N,Y,,2010,2025-09-01,Y,서울특별시 광진구청,02-450-7678,2025-10-29,I,2026-05-15 18:45:47,2025-10-29 16:37:07
3040000,202530400000900241,생활방범-256,방범용,가로변,서울특별시 광진구 긴고랑로 110 (중곡동),서울특별시 광진구 긴고랑로 110 (중곡동),,37.55925,127.086910,양방향,N,N,Y,,2014,2025-09-01,Y,서울특별시 광진구청,02-450-7678,2025-10-29,I,2026-05-15 18:45:47,2025-10-29 16:37:07
3040000,202530400000900242,생활방범-257,방범용,가로변,서울특별시 광진구 천호대로119길 89 (중곡동),서울특별시 광진구 천호대로119길 89 (중곡동),,37.55903,127.085610,양방향,N,N,Y,,2010,2025-09-01,Y,서울특별시 광진구청,02-450-7678,2025-10-29,I,2026-05-15 18:45:47,2025-10-29 16:37:07
3040000,202530400000900243,생활방범-258,방범용,가로변,서울특별시 광진구 용마산로3길 38 (중곡동),서울특별시 광진구 용마산로3길 38 (중곡동),,37.55615,127.086110,양방향,N,N,Y,,2009,2025-09-01,Y,서울특별시 광진구청,02-450-7678,2025-10-29,I,2026-05-15 18:45:47,2025-10-29 16:37:07
3040000,202530400000900244,생활방범-259,방범용,가로변,서울특별시 광진구 용마산로1길 91 (중곡동),서울특별시 광진구 용마산로1길 91 (중곡동),,37.55647,127.083560,양방향,N,N,Y,,2006,2025-09-01,Y,서울특별시 광진구청,02-450-7678,2025-10-29,I,2026-05-15 18:45:47,2025-10-29 16:37:07
3040000,202530400000900245,생활방범-260,방범용,가로변,서울특별시 광진구 긴고랑로27길 26 (중곡동),서울특별시 광진구 긴고랑로27길 26 (중곡동),,37.56144,127.086130,양방향,N,N,Y,,2009,2025-09-01,Y,서울특별시 광진구청,02-450-7678,2025-10-29,I,2026-05-15 18:45:47,2025-10-29 16:37:07
3040000,202530400000900246,생활방범-261,방범용,가로변,서울특별시 광진구 긴고랑로31길 28 (중곡동),서울특별시 광진구 긴고랑로31길 28 (중곡동),,37.5612,127.087000,양방향,N,N,Y,,2009,2025-09-01,Y,서울특별시 광진구청,02-450-7678,2025-10-29,I,2026-05-15 18:45:47,2025-10-29 16:37:07
3040000,202530400000900247,생활방범-263,방범용,가로변,서울특별시 광진구 천호대로109길 53 (중곡동),서울특별시 광진구 천호대로109길 53 (중곡동),,37.55932,127.082010,양방향,N,N,Y,,2007,2025-09-01,Y,서울특별시 광진구청,02-450-7678,2025-10-29,I,2026-05-15 18:45:47,2025-10-29 16:37:07
3040000,202530400000900248,생활방범-264,방범용,가로변,서울특별시 광진구 긴고랑로15길 15 (중곡동),서울특별시 광진구 긴고랑로15길 15 (중곡동),,37.56276,127.083290,양방향,N,N,Y,,2008,2025-09-01,Y,서울특별시 광진구청,02-450-7678,2025-10-29,I,2026-05-15 18:45:47,2025-10-29 16:37:07
3040000,202530400000900249,생활방범-265,방범용,가로변,서울특별시 광진구 긴고랑로19길 34-4 (중곡동),서울특별시 광진구 긴고랑로19길 34-4 (중곡동),,37.56293,127.085000,양방향,N,N,Y,,2013,2025-09-01,Y,서울특별시 광진구청,02-450-7678,2025-10-29,I,2026-05-15 18:45:47,2025-10-29 16:37:07
3040000,202530400000900250,생활방범-266,방범용,가로변,서울특별시 광진구 용마산로21길 65 (중곡동),서울특별시 광진구 용마산로21길 65 (중곡동),,37.56207,127.085080,양방향,N,N,Y,,2015,2025-09-01,Y,서울특별시 광진구청,02-450-7678,2025-10-29,I,2026-05-15 18:45:47,2025-10-29 16:37:07
3040000,202530400000900251,생활방범-267,방범용,가로변,서울특별시 광진구 능동로44길 13 (중곡동),서울특별시 광진구 능동로44길 13 (중곡동),,37.56085,127.082290,양방향,N,N,Y,,2015,2025-09-01,Y,서울특별시 광진구청,02-450-7678,2025-10-29,I,2026-05-15 18:45:47,2025-10-29 16:37:07
3040000,202530400000900252,생활방범-268,방범용,가로변,서울특별시 광진구 긴고랑로16길 9-9 (중곡동),서울특별시 광진구 긴고랑로16길 9-9 (중곡동),,37.56141,127.083200,양방향,N,N,Y,,2009,2025-09-01,Y,서울특별시 광진구청,02-450-7678,2025-10-29,I,2026-05-15 18:45:47,2025-10-29 16:37:07
3040000,202530400000900253,생활방범-269,방범용,가로변,서울특별시 광진구 긴고랑로 103,서울특별시 광진구 긴고랑로 103,,37.56011,127.086740,양방향,N,N,Y,,2015,2025-09-01,Y,서울특별시 광진구청,02-450-7678,2025-10-29,I,2026-05-15 18:45:47,2025-10-29 16:37:07
3040000,202530400000900254,생활방범-270,방범용,가로변,서울특별시 광진구 동일로76나길 20 (중곡동),서울특별시 광진구 동일로76나길 20 (중곡동),,37.56858,127.080100,양방향,N,N,Y,,2011,2025-09-01,Y,서울특별시 광진구청,02-450-7678,2025-10-29,I,2026-05-15 18:45:47,2025-10-29 16:37:07
3040000,202530400000900255,생활방범-271,방범용,가로변,서울특별시 광진구 능동로 411 (중곡동),서울특별시 광진구 능동로 411 (중곡동),,37.56582,127.083900,양방향,N,N,Y,,2009,2025-09-01,Y,서울특별시 광진구청,02-450-7678,2025-10-29,I,2026-05-15 18:45:47,2025-10-29 16:37:07
3040000,202530400000900256,생활방범-272,방범용,가로변,서울특별시 광진구 용마산로31길 31 (중곡동),서울특별시 광진구 용마산로31길 31 (중곡동),,37.56911,127.084250,양방향,N,N,Y,,2009,2025-09-01,Y,서울특별시 광진구청,02-450-7678,2025-10-29,I,2026-05-15 18:45:47,2025-10-29 16:37:07
3040000,202530400000900257,생활방범-273,방범용,가로변,서울특별시 광진구 능동로53길 24-9 (중곡동),서울특별시 광진구 능동로53길 24-9 (중곡동),,37.56723,127.083500,양방향,N,N,Y,,2014,2025-09-01,Y,서울특별시 광진구청,02-450-7678,2025-10-29,I,2026-05-15 18:45:47,2025-10-29 16:37:07
3040000,202530400000900258,생활방범-274,방범용,가로변,서울특별시 광진구 능동로53길 30-12 (중곡동),서울특별시 광진구 능동로53길 30-12 (중곡동),,37.56724,127.082440,양방향,N,N,Y,,2007,2025-09-01,Y,서울특별시 광진구청,02-450-7678,2025-10-29,I,2026-05-15 18:45:47,2025-10-29 16:37:07
3040000,202530400000900259,생활방범-275,방범용,가로변,서울특별시 광진구 답십리로 78길 (중곡동),서울특별시 광진구 답십리로 78길 (중곡동),,37.56985,127.081300,양방향,N,N,Y,,2006,2025-09-01,Y,서울특별시 광진구청,02-450-7678,2025-10-29,I,2026-05-15 18:45:47,2025-10-29 16:37:07
3040000,202530400000900260,생활방범-276,방범용,가로변,서울특별시 광진구 동일로76길 12 (중곡동),서울특별시 광진구 동일로76길 12 (중곡동),,37.56771,127.079340,양방향,N,N,Y,,2010,2025-09-01,Y,서울특별시 광진구청,02-450-7678,2025-10-29,I,2026-05-15 18:45:47,2025-10-29 16:37:07
3040000,202530400000900261,생활방범-277,방범용,가로변,서울특별시 광진구 면목로11길 20 (중곡동),서울특별시 광진구 면목로11길 20 (중곡동),,37.56705,127.080540,양방향,N,N,Y,,2009,2025-09-01,Y,서울특별시 광진구청,02-450-7678,2025-10-29,I,2026-05-15 18:45:47,2025-10-29 16:37:07
3040000,202530400000900262,생활방범-278,방범용,가로변,서울특별시 광진구 답십리로88길 19 (중곡동),서울특별시 광진구 답십리로88길 19 (중곡동),,37.57027,127.084980,양방향,N,N,Y,,2009,2025-09-01,Y,서울특별시 광진구청,02-450-7678,2025-10-29,I,2026-05-15 18:45:47,2025-10-29 16:37:07
3040000,202530400000900263,생활방범-279,방범용,가로변,서울특별시 광진구 용마산로31길 16 (중곡동),서울특별시 광진구 용마산로31길 16 (중곡동),,37.56934,127.085270,양방향,N,N,Y,,2010,2025-09-01,Y,서울특별시 광진구청,02-450-7678,2025-10-29,I,2026-05-15 18:45:47,2025-10-29 16:37:07
3040000,202530400000900264,생활방범-280,방범용,가로변,서울특별시 광진구 면목로16길 10 (중곡동),서울특별시 광진구 면목로16길 10 (중곡동),,37.56953,127.083760,양방향,N,N,Y,,2015,2025-09-01,Y,서울특별시 광진구청,02-450-7678,2025-10-29,I,2026-05-15 18:45:47,2025-10-29 16:37:07
3040000,202530400000900265,생활방범-281,방범용,가로변,서울특별시 광진구 용마산로27길 10 (중곡동),서울특별시 광진구 용마산로27길 10 (중곡동),,37.56732,127.085820,양방향,N,N,Y,,2006,2025-09-01,Y,서울특별시 광진구청,02-450-7678,2025-10-29,I,2026-05-15 18:45:47,2025-10-29 16:37:07
3040000,202530400000900266,생활방범-282,방범용,가로변,서울특별시 광진구 용마산로29길 25 (중곡동),서울특별시 광진구 용마산로29길 25 (중곡동),,37.56719,127.085440,양방향,N,N,Y,,2007,2025-09-01,Y,서울특별시 광진구청,02-450-7678,2025-10-29,I,2026-05-15 18:45:47,2025-10-29 16:37:07
3040000,202530400000900267,생활방범-283,방범용,가로변,서울특별시 광진구 답십리로84길 6 (중곡동),서울특별시 광진구 답십리로84길 6 (중곡동),,37.57098,127.083940,양방향,N,N,Y,,2015,2025-09-01,Y,서울특별시 광진구청,02-450-7678,2025-10-29,I,2026-05-15 18:45:47,2025-10-29 16:37:07
3040000,202530400000900268,생활방범-284,방범용,가로변,서울특별시 광진구 답십리로 370 (중곡동),서울특별시 광진구 답십리로 370 (중곡동),,37.57156,127.081510,양방향,N,N,Y,,2010,2025-09-01,Y,서울특별시 광진구청,02-450-7678,2025-10-29,I,2026-05-15 18:45:47,2025-10-29 16:37:07
3040000,202530400000900269,생활방범-285,방범용,가로변,서울특별시 광진구 답십리로82길 18 (중곡동),서울특별시 광진구 답십리로82길 18 (중곡동),,37.57055,127.082690,양방향,N,N,Y,,2013,2025-09-01,Y,서울특별시 광진구청,02-450-7678,2025-10-29,I,2026-05-15 18:45:47,2025-10-29 16:37:07
3040000,202530400000900270,생활방범-286,방범용,가로변,서울특별시 광진구 동일로78길 20 (중곡동),서울특별시 광진구 동일로78길 20 (중곡동),,37.56924,127.080620,양방향,N,N,Y,,2010,2025-09-01,Y,서울특별시 광진구청,02-450-7678,2025-10-29,I,2026-05-15 18:45:47,2025-10-29 16:37:07
3040000,202530400000900271,생활방범-287,방범용,가로변,서울특별시 광진구 동일로76길 51-22 (중곡동),서울특별시 광진구 동일로76길 51-22 (중곡동),,37.56817,127.080550,양방향,N,N,Y,,2010,2025-09-01,Y,서울특별시 광진구청,02-450-7678,2025-10-29,I,2026-05-15 18:45:47,2025-10-29 16:37:07
3040000,202530400000900272,생활방범-288,방범용,가로변,서울특별시 광진구 동일로76길 49 (중곡동),서울특별시 광진구 동일로76길 49 (중곡동),,37.56803,127.081230,양방향,N,N,Y,,2008,2025-09-01,Y,서울특별시 광진구청,02-450-7678,2025-10-29,I,2026-05-15 18:45:47,2025-10-29 16:37:07
3040000,202530400000900273,생활방범-289,방범용,가로변,서울특별시 광진구 영화사로5길 25 (중곡동),서울특별시 광진구 영화사로5길 25 (중곡동),,37.55726,127.092190,양방향,N,N,Y,,2009,2025-09-01,Y,서울특별시 광진구청,02-450-7678,2025-10-29,I,2026-05-15 18:45:47,2025-10-29 16:37:07
3040000,202530400000900274,생활방범-290,방범용,가로변,서울특별시 광진구 자양로45길 89 (중곡동),서울특별시 광진구 자양로45길 89 (중곡동),,37.55516,127.089800,양방향,N,N,Y,,2007,2025-09-01,Y,서울특별시 광진구청,02-450-7678,2025-10-29,I,2026-05-15 18:45:47,2025-10-29 16:37:07
3040000,202530400000900275,생활방범-291,방범용,가로변,서울특별시 광진구 용마산로22길 10-10 (중곡동),서울특별시 광진구 용마산로22길 10-10 (중곡동),,37.5631,127.087670,양방향,N,N,Y,,2010,2025-09-01,Y,서울특별시 광진구청,02-450-7678,2025-10-29,I,2026-05-15 18:45:47,2025-10-29 16:37:07
3040000,202530400000900276,생활방범-292,방범용,가로변,서울특별시 광진구 영화사로3가길 9 (중곡동),서울특별시 광진구 영화사로3가길 9 (중곡동),,37.55791,127.093040,양방향,N,N,Y,,2006,2025-09-01,Y,서울특별시 광진구청,02-450-7678,2025-10-29,I,2026-05-15 18:45:47,2025-10-29 16:37:07
3040000,202530400000900277,생활방범-293,방범용,가로변,서울특별시 광진구 영화사로3가길 25 (중곡동),서울특별시 광진구 영화사로3가길 25 (중곡동),,37.55749,127.093470,양방향,N,N,Y,,2015,2025-09-01,Y,서울특별시 광진구청,02-450-7678,2025-10-29,I,2026-05-15 18:45:47,2025-10-29 16:37:07
3040000,202530400000900278,생활방범-294,방범용,가로변,서울특별시 광진구 영화사로9가길 61 (중곡동),서울특별시 광진구 영화사로9가길 61 (중곡동),,37.55764,127.095230,양방향,N,N,Y,,2014,2025-09-01,Y,서울특별시 광진구청,02-450-7678,2025-10-29,I,2026-05-15 18:45:47,2025-10-29 16:37:07
3040000,202530400000900279,생활방범-295,방범용,가로변,서울특별시 광진구 영화사로9길 10 (중곡동),서울특별시 광진구 영화사로9길 10 (중곡동),,37.55554,127.093290,양방향,N,N,Y,,2009,2025-09-01,Y,서울특별시 광진구청,02-450-7678,2025-10-29,I,2026-05-15 18:45:47,2025-10-29 16:37:07
3040000,202530400000900280,생활방범-296,방범용,가로변,서울특별시 광진구 영화사로9길 70-12 (중곡동),서울특별시 광진구 영화사로9길 70-12 (중곡동),,37.55674,127.094650,양방향,N,N,Y,,2013,2025-09-01,Y,서울특별시 광진구청,02-450-7678,2025-10-29,I,2026-05-15 18:45:47,2025-10-29 16:37:07
3040000,202530400000900281,생활방범-297,방범용,가로변,서울특별시 광진구 영화사로7길 24 (중곡동),서울특별시 광진구 영화사로7길 24 (중곡동),,37.55678,127.092120,양방향,N,N,Y,,2008,2025-09-01,Y,서울특별시 광진구청,02-450-7678,2025-10-29,I,2026-05-15 18:45:47,2025-10-29 16:37:07
3040000,202530400000900282,생활방범-298,방범용,가로변,서울특별시 광진구 영화사로 51 (중곡동),서울특별시 광진구 영화사로 51 (중곡동),,37.55567,127.092340,양방향,N,N,Y,,2007,2025-09-01,Y,서울특별시 광진구청,02-450-7678,2025-10-29,I,2026-05-15 18:45:47,2025-10-29 16:37:07
3040000,202530400000900283,생활방범-299,방범용,가로변,서울특별시 광진구 용마산로8가길 26 (중곡동),서울특별시 광진구 용마산로8가길 26 (중곡동),,37.56092,127.088800,양방향,N,N,Y,,2014,2025-09-01,Y,서울특별시 광진구청,02-450-7678,2025-10-29,I,2026-05-15 18:45:47,2025-10-29 16:37:07
3040000,202530400000900284,생활방범-300,방범용,가로변,서울특별시 광진구 용마산로8다길 23 (중곡동),서울특별시 광진구 용마산로8다길 23 (중곡동),,37.56176,127.089460,양방향,N,N,Y,,2009,2025-09-01,Y,서울특별시 광진구청,02-450-7678,2025-10-29,I,2026-05-15 18:45:47,2025-10-29 16:37:07
3040000,202530400000900285,생활방범-301,방범용,가로변,서울특별시 광진구 용마산로36길 66 (중곡동),서울특별시 광진구 용마산로36길 66 (중곡동),,37.56947,127.088720,양방향,N,N,Y,,2007,2025-09-01,Y,서울특별시 광진구청,02-450-7678,2025-10-29,I,2026-05-15 18:45:47,2025-10-29 16:37:07
3040000,202530400000900286,생활방범-302,방범용,가로변,서울특별시 광진구 용마산로8길 10 (중곡동),서울특별시 광진구 용마산로8길 10 (중곡동),,37.55968,127.088370,양방향,N,N,Y,,2009,2025-09-01,Y,서울특별시 광진구청,02-450-7678,2025-10-29,I,2026-05-15 18:45:47,2025-10-29 16:37:07
3040000,202530400000900287,생활방범-303,방범용,가로변,서울특별시 광진구 용마산로36길 44 (중곡동),서울특별시 광진구 용마산로36길 44 (중곡동),,37.57039,127.088330,양방향,N,N,Y,,2010,2025-09-01,Y,서울특별시 광진구청,02-450-7678,2025-10-29,I,2026-05-15 18:45:47,2025-10-29 16:37:07
3040000,202530400000900288,생활방범-304,방범용,가로변,서울특별시 광진구 용마산로34길 15 (중곡동),서울특별시 광진구 용마산로34길 15 (중곡동),,37.57019,127.087160,양방향,N,N,Y,,2006,2025-09-01,Y,서울특별시 광진구청,02-450-7678,2025-10-29,I,2026-05-15 18:45:47,2025-10-29 16:37:07
3040000,202530400000900289,생활방범-305,방범용,가로변,서울특별시 광진구 긴고랑로46가길 36 (중곡동),서울특별시 광진구 긴고랑로46가길 36 (중곡동),,37.55864,127.095250,양방향,N,N,Y,,2009,2025-09-01,Y,서울특별시 광진구청,02-450-7678,2025-10-29,I,2026-05-15 18:45:47,2025-10-29 16:37:07
3040000,202530400000900290,생활방범-306,방범용,가로변,서울특별시 광진구 긴고랑로46길 11,서울특별시 광진구 긴고랑로46길 11,,37.56024,127.095610,양방향,N,N,Y,,2010,2025-09-01,Y,서울특별시 광진구청,02-450-7678,2025-10-29,I,2026-05-15 18:45:47,2025-10-29 16:37:07
3040000,202530400000900291,생활방범-307,방범용,가로변,서울특별시 광진구 용마산로2길 45 (중곡동),서울특별시 광진구 용마산로2길 45 (중곡동),,37.55596,127.090760,양방향,N,N,Y,,2015,2025-09-01,Y,서울특별시 광진구청,02-450-7678,2025-10-29,I,2026-05-15 18:45:47,2025-10-29 16:37:07
3040000,202530400000900292,생활방범-308,방범용,가로변,서울특별시 광진구 자양로45길 65 (중곡동),서울특별시 광진구 자양로45길 65 (중곡동),,37.55399,127.090310,양방향,N,N,Y,,2010,2025-09-01,Y,서울특별시 광진구청,02-450-7678,2025-10-29,I,2026-05-15 18:45:47,2025-10-29 16:37:07
3040000,202530400000900293,생활방범-309,방범용,가로변,서울특별시 광진구 자양로43길 86 (중곡동),서울특별시 광진구 자양로43길 86 (중곡동),,37.55444,127.089500,양방향,N,N,Y,,2006,2025-09-01,Y,서울특별시 광진구청,02-450-7678,2025-10-29,I,2026-05-15 18:45:47,2025-10-29 16:37:07
3040000,202530400000900294,생활방범-310,방범용,가로변,서울특별시 광진구 아차산로21길 47 (화양동),서울특별시 광진구 아차산로21길 47 (화양동),,37.54421,127.065340,양방향,N,N,Y,,2007,2025-09-01,Y,서울특별시 광진구청,02-450-7678,2025-10-29,I,2026-05-15 18:45:47,2025-10-29 16:37:07
3040000,202530400000900295,생활방범-311,방범용,가로변,서울특별시 광진구 동일로28길 16 (화양동),서울특별시 광진구 동일로28길 16 (화양동),,37.54621,127.067930,양방향,N,N,Y,,2010,2025-09-01,Y,서울특별시 광진구청,02-450-7678,2025-10-29,I,2026-05-15 18:45:47,2025-10-29 16:37:07
3040000,202530400000900296,생활방범-312,방범용,가로변,서울특별시 광진구 아차산로23길 68 (화양동),서울특별시 광진구 아차산로23길 68 (화양동),,37.54517,127.067480,양방향,N,N,Y,,2006,2025-09-01,Y,서울특별시 광진구청,02-450-7678,2025-10-29,I,2026-05-15 18:45:47,2025-10-29 16:37:07
3040000,202530400000900297,생활방범-313,방범용,가로변,서울특별시 광진구 아차산로25길 27 (화양동),서울특별시 광진구 아차산로25길 27 (화양동),,37.54283,127.067160,양방향,N,N,Y,,2009,2025-09-01,Y,서울특별시 광진구청,02-450-7678,2025-10-29,I,2026-05-15 18:45:47,2025-10-29 16:37:07
3040000,202530400000900298,생활방범-314,방범용,가로변,서울특별시 광진구 동일로24길 56 (화양동),서울특별시 광진구 동일로24길 56 (화양동),,37.54312,127.068230,양방향,N,N,Y,,2008,2025-09-01,Y,서울특별시 광진구청,02-450-7678,2025-10-29,I,2026-05-15 18:45:47,2025-10-29 16:37:07
3040000,202530400000900299,생활방범-315,방범용,가로변,서울특별시 광진구 동일로22길 28 (화양동),서울특별시 광진구 동일로22길 28 (화양동),,37.54224,127.065900,양방향,N,N,Y,,2013,2025-09-01,Y,서울특별시 광진구청,02-450-7678,2025-10-29,I,2026-05-15 18:45:47,2025-10-29 16:37:07
3040000,202530400000900300,생활방범-317,방범용,가로변,서울특별시 광진구 아차산로 241 (화양동),서울특별시 광진구 아차산로 241 (화양동),,37.54062,127.070540,양방향,N,N,Y,,2015,2025-09-01,Y,서울특별시 광진구청,02-450-7678,2025-10-29,I,2026-05-15 18:45:47,2025-10-29 16:37:07
3040000,202530400000900301,생활방범-318,방범용,가로변,서울특별시 광진구 답십리로84길 56 (중곡동),서울특별시 광진구 답십리로84길 56 (중곡동),,37.56868,127.083660,양방향,N,N,Y,,2010,2025-09-01,Y,서울특별시 광진구청,02-450-7678,2025-10-29,I,2026-05-15 18:45:47,2025-10-29 16:37:07
3040000,202530400000900302,생활방범-319,방범용,가로변,서울특별시 광진구 군자로3길 25-16 (화양동),서울특별시 광진구 군자로3길 25-16 (화양동),,37.54373,127.070610,양방향,N,N,Y,,2007,2025-09-01,Y,서울특별시 광진구청,02-450-7678,2025-10-29,I,2026-05-15 18:45:47,2025-10-29 16:37:07
3040000,202530400000900303,생활방범-320,방범용,가로변,서울특별시 광진구 군자로5길 18-12 (화양동),서울특별시 광진구 군자로5길 18-12 (화양동),,37.54558,127.069540,양방향,N,N,Y,,2006,2025-09-01,Y,서울특별시 광진구청,02-450-7678,2025-10-29,I,2026-05-15 18:45:47,2025-10-29 16:37:07
3040000,202530400000900304,생활방범-321,방범용,가로변,서울특별시 광진구 긴고랑로46길 11 (화양동),서울특별시 광진구 긴고랑로46길 11 (화양동),,37.54556,127.074200,양방향,N,N,Y,,2009,2025-09-01,Y,서울특별시 광진구청,02-450-7678,2025-10-29,I,2026-05-15 18:45:47,2025-10-29 16:37:07
3040000,202530400000900305,생활방범-322,방범용,가로변,서울특별시 광진구 능동로13길 88 (화양동),서울특별시 광진구 능동로13길 88 (화양동),,37.54545,127.068660,양방향,N,N,Y,,2014,2025-09-01,Y,서울특별시 광진구청,02-450-7678,2025-10-29,I,2026-05-15 18:45:47,2025-10-29 16:37:07
3040000,202530400000900306,생활방범-323,방범용,가로변,서울특별시 광진구 동일로28길 38 (화양동),서울특별시 광진구 동일로28길 38 (화양동),,37.54628,127.068830,양방향,N,N,Y,,2014,2025-09-01,Y,서울특별시 광진구청,02-450-7678,2025-10-29,I,2026-05-15 18:45:47,2025-10-29 16:37:07
3040000,202530400000900307,생활방범-324,방범용,가로변,서울특별시 광진구 아차산로25길 48 (화양동),서울특별시 광진구 아차산로25길 48 (화양동),,37.54343,127.067530,양방향,N,N,Y,,2015,2025-09-01,Y,서울특별시 광진구청,02-450-7678,2025-10-29,I,2026-05-15 18:45:47,2025-10-29 16:37:07
3040000,202530400000900308,생활방범-325,방범용,가로변,서울특별시 광진구 동일로22길 71 (화양동),서울특별시 광진구 동일로22길 71 (화양동),,37.54147,127.068310,양방향,N,N,Y,,2013,2025-09-01,Y,서울특별시 광진구청,02-450-7678,2025-10-29,I,2026-05-15 18:45:47,2025-10-29 16:37:07
3040000,202530400000900309,생활방범-326,방범용,가로변,서울특별시 광진구 광나루로24길 12 (화양동),서울특별시 광진구 광나루로24길 12 (화양동),,37.54577,127.076090,양방향,N,N,Y,,2011,2025-09-01,Y,서울특별시 광진구청,02-450-7678,2025-10-29,I,2026-05-15 18:45:47,2025-10-29 16:37:07
3040000,202530400000900310,생활방범-327,방범용,가로변,서울특별시 광진구 광나루로22길 7,서울특별시 광진구 광나루로22길 7,,37.5463,127.075230,양방향,N,N,Y,,2010,2025-09-01,Y,서울특별시 광진구청,02-450-7678,2025-10-29,I,2026-05-15 18:45:47,2025-10-29 16:37:07
3040000,202530400000900311,생활방범-328,방범용,가로변,서울특별시 광진구 광나루로20가길 21 (화양동),서울특별시 광진구 광나루로20가길 21 (화양동),,37.5452,127.075280,양방향,N,N,Y,,2010,2025-09-01,Y,서울특별시 광진구청,02-450-7678,2025-10-29,I,2026-05-15 18:45:47,2025-10-29 16:37:07
3040000,202530400000900312,생활방범-329,방범용,가로변,서울특별시 광진구 광나루로26길 24 (화양동),서울특별시 광진구 광나루로26길 24 (화양동),,37.54541,127.077290,양방향,N,N,Y,,2015,2025-09-01,Y,서울특별시 광진구청,02-450-7678,2025-10-29,I,2026-05-15 18:45:47,2025-10-29 16:37:07
3040000,202530400000900313,생활방범-330,방범용,가로변,서울특별시 광진구 아차산로31길 14 (화양동),서울특별시 광진구 아차산로31길 14 (화양동),,37.54167,127.069530,양방향,N,N,Y,,2009,2025-09-01,Y,서울특별시 광진구청,02-450-7678,2025-10-29,I,2026-05-15 18:45:47,2025-10-29 16:37:07
3040000,202530400000900314,생활방범-332,방범용,가로변,서울특별시 광진구 긴고랑로 19 (중곡동),서울특별시 광진구 긴고랑로 19 (중곡동),,37.56385,127.078720,양방향,N,N,Y,,2016,2025-09-01,Y,서울특별시 광진구청,02-450-7678,2025-10-29,I,2026-05-15 18:45:47,2025-10-29 16:37:07
3040000,202530400000900315,생활방범-333,방범용,가로변,서울특별시 광진구 긴고랑로16길 50 (중곡동),서울특별시 광진구 긴고랑로16길 50 (중곡동),,37.55986,127.081720,양방향,N,N,Y,,2016,2025-09-01,Y,서울특별시 광진구청,02-450-7678,2025-10-29,I,2026-05-15 18:45:47,2025-10-29 16:37:07
3040000,202530400000900316,생활방범-334,방범용,가로변,서울특별시 광진구 답십리로78길 9-16 (중곡동),서울특별시 광진구 답십리로78길 9-16 (중곡동),,37.57104,127.082270,양방향,N,N,Y,,2016,2025-09-01,Y,서울특별시 광진구청,02-450-7678,2025-10-29,I,2026-05-15 18:45:47,2025-10-29 16:37:07
3040000,202530400000900317,생활방범-335,방범용,가로변,서울특별시 광진구 용마산로4길 26 (중곡동),서울특별시 광진구 용마산로4길 26 (중곡동),,37.55656,127.089570,양방향,N,N,Y,,2016,2025-09-01,Y,서울특별시 광진구청,02-450-7678,2025-10-29,I,2026-05-15 18:45:47,2025-10-29 16:37:07
3040000,202530400000900318,생활방범-336,방범용,가로변,서울특별시 광진구 천호대로110길 122 (능동),서울특별시 광진구 천호대로110길 122 (능동),,37.55231,127.077740,양방향,N,N,Y,,2016,2025-09-01,Y,서울특별시 광진구청,02-450-7678,2025-10-29,I,2026-05-15 18:45:47,2025-10-29 16:37:07
3040000,202530400000900319,생활방범-337,방범용,가로변,서울특별시 광진구 자양로22길 58(구의동),서울특별시 광진구 자양로22길 58(구의동),,37.53982,127.086410,양방향,N,N,Y,,2016,2025-09-01,Y,서울특별시 광진구청,02-450-7678,2025-10-29,I,2026-05-15 18:45:47,2025-10-29 16:37:07
3040000,202530400000900320,생활방범-338,방범용,가로변,서울특별시 광진구 자양로47길 11 (구의동),서울특별시 광진구 자양로47길 11 (구의동),,37.55223,127.091910,양방향,N,N,Y,,2016,2025-09-01,Y,서울특별시 광진구청,02-450-7678,2025-10-29,I,2026-05-15 18:45:47,2025-10-29 16:37:07
3040000,202530400000900321,생활방범-339,방범용,가로변,서울특별시 광진구 광나루로52길 66 (구의동),서울특별시 광진구 광나루로52길 66 (구의동),,37.5399,127.092300,양방향,N,N,Y,,2016,2025-09-01,Y,서울특별시 광진구청,02-450-7678,2025-10-29,I,2026-05-15 18:45:47,2025-10-29 16:37:07
3040000,202530400000900322,생활방범-340,방범용,가로변,서울특별시 광진구 광장로7길 7 (광장동),서울특별시 광진구 광장로7길 7 (광장동),,37.54825,127.105670,양방향,N,N,Y,,2016,2025-09-01,Y,서울특별시 광진구청,02-450-7678,2025-10-29,I,2026-05-15 18:45:47,2025-10-29 16:37:07
3040000,202530400000900323,생활방범-341,방범용,가로변,서울특별시 광진구 자양로15길 108 (자양동),서울특별시 광진구 자양로15길 108 (자양동),,37.5344,127.077950,양방향,N,N,Y,,2016,2025-09-01,Y,서울특별시 광진구청,02-450-7678,2025-10-29,I,2026-05-15 18:45:47,2025-10-29 16:37:07
3040000,202530400000900324,생활방범-342,방범용,가로변,서울특별시 광진구 자양로3길 7 (자양동),서울특별시 광진구 자양로3길 7 (자양동),,37.53045,127.085060,양방향,N,N,Y,,2016,2025-09-01,Y,서울특별시 광진구청,02-450-7678,2025-10-29,I,2026-05-15 18:45:47,2025-10-29 16:37:07
3040000,202530400000900325,생활방범-343,방범용,가로변,서울특별시 광진구 뚝섬로40길 31 (자양동),서울특별시 광진구 뚝섬로40길 31 (자양동),,37.53257,127.072550,양방향,N,N,Y,,2016,2025-09-01,Y,서울특별시 광진구청,02-450-7678,2025-10-29,I,2026-05-15 18:45:47,2025-10-29 16:37:07
3040000,202530400000900326,생활방범-344,방범용,가로변,서울특별시 광진구 뚝섬로22길 89 (자양동),서울특별시 광진구 뚝섬로22길 89 (자양동),,37.53411,127.062690,양방향,N,N,Y,,2016,2025-09-01,Y,서울특별시 광진구청,02-450-7678,2025-10-29,I,2026-05-15 18:45:47,2025-10-29 16:37:07
3040000,202530400000900327,생활방범-345,방범용,가로변,서울특별시 광진구 군자로 38 (화양동),서울특별시 광진구 군자로 38 (화양동),,37.5465,127.070300,양방향,N,N,Y,,2016,2025-09-01,Y,서울특별시 광진구청,02-450-7678,2025-10-29,I,2026-05-15 18:45:47,2025-10-29 16:37:07
3040000,202530400000900328,생활방범-346,방범용,가로변,서울특별시 광진구 능동로31길 12-15 (군자동),서울특별시 광진구 능동로31길 12-15 (군자동),,37.55639,127.078200,양방향,N,N,Y,,2016,2025-09-01,Y,서울특별시 광진구청,02-450-7678,2025-10-29,I,2026-05-15 18:45:47,2025-10-29 16:37:07
3040000,202530400000900329,생활방범-347,방범용,가로변,서울특별시 광진구 자양로30길 29 (구의동),서울특별시 광진구 자양로30길 29 (구의동),,37.54359,127.086450,양방향,N,N,Y,,2009,2025-09-01,Y,서울특별시 광진구청,02-450-7678,2025-10-29,I,2026-05-15 18:45:47,2025-10-29 16:37:07
3040000,202530400000900330,생활방범-348,방범용,가로변,서울특별시 광진구 천호대로121길 6 (중곡동),서울특별시 광진구 천호대로121길 6 (중곡동),,37.55551,127.086560,양방향,N,N,Y,,2010,2025-09-01,Y,서울특별시 광진구청,02-450-7678,2025-10-29,I,2026-05-15 18:45:47,2025-10-29 16:37:07
3040000,202530400000900331,생활방범-349,방범용,가로변,서울특별시 광진구 자양번영로13길 32 (자양동),서울특별시 광진구 자양번영로13길 32 (자양동),,37.53789,127.075130,양방향,N,N,Y,,2017,2025-09-01,Y,서울특별시 광진구청,02-450-7678,2025-10-29,I,2026-05-15 18:45:47,2025-10-29 16:37:07
3040000,202530400000900332,생활방범-350,방범용,가로변,서울특별시 광진구 동일로20길 106 (자양동),서울특별시 광진구 동일로20길 106 (자양동),,37.53933,127.069380,양방향,N,N,Y,,2019,2025-09-01,Y,서울특별시 광진구청,02-450-7678,2025-10-29,I,2026-05-15 18:45:47,2025-10-29 16:37:07
3040000,202530400000900333,생활방범-351,방범용,가로변,서울특별시 광진구 동일로66길 28 (중곡동),서울특별시 광진구 동일로66길 28 (중곡동),,37.56151,127.076520,양방향,N,N,Y,,2017,2025-09-01,Y,서울특별시 광진구청,02-450-7678,2025-10-29,I,2026-05-15 18:45:47,2025-10-29 16:37:07
3040000,202530400000900334,생활방범-352,방범용,가로변,서울특별시 광진구 능동로48길 59 (중곡동),서울특별시 광진구 능동로48길 59 (중곡동),,37.56199,127.085840,양방향,N,N,Y,,2017,2025-09-01,Y,서울특별시 광진구청,02-450-7678,2025-10-29,I,2026-05-15 18:45:47,2025-10-29 16:37:07
3040000,202530400000900335,생활방범-353,방범용,가로변,서울특별시 광진구 능동로55길 20 (중곡동),서울특별시 광진구 능동로55길 20 (중곡동),,37.568,127.084440,양방향,N,N,Y,,2017,2025-09-01,Y,서울특별시 광진구청,02-450-7678,2025-10-29,I,2026-05-15 18:45:47,2025-10-29 16:37:08
3040000,202530400000900336,생활방범-354,방범용,가로변,서울특별시 광진구 용마산로30길 6 (중곡동),서울특별시 광진구 용마산로30길 6 (중곡동),,37.5683,127.086290,양방향,N,N,Y,,2017,2025-09-01,Y,서울특별시 광진구청,02-450-7678,2025-10-29,I,2026-05-15 18:45:47,2025-10-29 16:37:08
3040000,202530400000900337,생활방범-355,방범용,가로변,서울특별시 광진구 아차산로21길 97(화양동),서울특별시 광진구 아차산로21길 97(화양동),,37.54615,127.067070,양방향,N,N,Y,,2017,2025-09-01,Y,서울특별시 광진구청,02-450-7678,2025-10-29,I,2026-05-15 18:45:47,2025-10-29 16:37:08
3040000,202530400000900338,생활방범-356,방범용,가로변,서울특별시 광진구 광나루로17길 14-14 (군자동),서울특별시 광진구 광나루로17길 14-14 (군자동),,37.54885,127.072730,양방향,N,N,Y,,2017,2025-09-01,Y,서울특별시 광진구청,02-450-7678,2025-10-29,I,2026-05-15 18:45:47,2025-10-29 16:37:08
3040000,202530400000900339,생활방범-357,방범용,가로변,서울특별시 광진구 천호대로124길 62 (능동),서울특별시 광진구 천호대로124길 62 (능동),,37.55157,127.086100,양방향,N,N,Y,,2017,2025-09-01,Y,서울특별시 광진구청,02-450-7678,2025-10-29,I,2026-05-15 18:45:47,2025-10-29 16:37:08
3040000,202530400000900340,생활방범-358,방범용,가로변,서울특별시 광진구 자양번영로8길 7 (자양동),서울특별시 광진구 자양번영로8길 7 (자양동),,37.53443,127.076620,양방향,N,N,Y,,2017,2025-09-01,Y,서울특별시 광진구청,02-450-7678,2025-10-29,I,2026-05-15 18:45:47,2025-10-29 16:37:08
3040000,202530400000900341,생활방범-359,방범용,가로변,서울특별시 광진구 뚝섬로50길 6 (자양동),서울특별시 광진구 뚝섬로50길 6 (자양동),,37.53221,127.078320,양방향,N,N,Y,,2017,2025-09-01,Y,서울특별시 광진구청,02-450-7678,2025-10-29,I,2026-05-15 18:45:47,2025-10-29 16:37:08
3040000,202530400000900342,생활방범-360,방범용,가로변,서울특별시 광진구 자양번영로 81 (자양동),서울특별시 광진구 자양번영로 81 (자양동),,37.53697,127.076670,양방향,N,N,Y,,2017,2025-09-01,Y,서울특별시 광진구청,02-450-7678,2025-10-29,I,2026-05-15 18:45:47,2025-10-29 16:37:08
3040000,202530400000900343,생활방범-362,방범용,가로변,서울특별시 광진구 자양로22길 61 (구의동),서울특별시 광진구 자양로22길 61 (구의동),,37.54323,127.087830,양방향,N,N,Y,,2017,2025-09-01,Y,서울특별시 광진구청,02-450-7678,2025-10-29,I,2026-05-15 18:45:47,2025-10-29 16:37:08
3040000,202530400000900344,생활방범-364,방범용,가로변,서울특별시 광진구 아차산로62길 14-2 (구의동),서울특별시 광진구 아차산로62길 14-2 (구의동),,37.53903,127.093650,양방향,N,N,Y,,2017,2025-09-01,Y,서울특별시 광진구청,02-450-7678,2025-10-29,I,2026-05-15 18:45:47,2025-10-29 16:37:08
3040000,202530400000900345,생활방범-365,방범용,가로변,서울특별시 광진구 광장로 64 (광장동),서울특별시 광진구 광장로 64 (광장동),,37.54742,127.104270,양방향,N,N,Y,,2017,2025-09-01,Y,서울특별시 광진구청,02-450-7678,2025-10-29,I,2026-05-15 18:45:47,2025-10-29 16:37:08
3040000,202530400000900346,생활방범-366,방범용,가로변,서울특별시 광진구 동일로4길 60 (자양동),서울특별시 광진구 동일로4길 60 (자양동),,37.53571,127.064090,양방향,N,N,Y,,2019,2025-09-01,Y,서울특별시 광진구청,02-450-7678,2025-10-29,I,2026-05-15 18:45:47,2025-10-29 16:37:08
3040000,202530400000900347,생활방범-367,방범용,가로변,서울특별시 광진구 긴고랑로26길 7-1 (중곡동),서울특별시 광진구 긴고랑로26길 7-1 (중곡동),,37.56019,127.085400,양방향,N,N,Y,,2017,2025-09-01,Y,서울특별시 광진구청,02-450-7678,2025-10-29,I,2026-05-15 18:45:47,2025-10-29 16:37:08
3040000,202530400000900348,생활방범-368,방범용,가로변,서울특별시 광진구 능동로55길 43 (중곡동),서울특별시 광진구 능동로55길 43 (중곡동),,37.56801,127.083140,양방향,N,N,Y,,2017,2025-09-01,Y,서울특별시 광진구청,02-450-7678,2025-10-29,I,2026-05-15 18:45:47,2025-10-29 16:37:08
3040000,202530400000900349,생활방범-369,방범용,가로변,서울특별시 광진구 긴고랑로44길 42 (중곡동),서울특별시 광진구 긴고랑로44길 42 (중곡동),,37.55836,127.094440,양방향,N,N,Y,,2017,2025-09-01,Y,서울특별시 광진구청,02-450-7678,2025-10-29,I,2026-05-15 18:45:47,2025-10-29 16:37:08
3040000,202530400000900350,생활방범-370,방범용,가로변,서울특별시 광진구 능동로32길 82-53 (능동),서울특별시 광진구 능동로32길 82-53 (능동),,37.5527,127.081800,양방향,N,N,Y,,2017,2025-09-01,Y,서울특별시 광진구청,02-450-7678,2025-10-29,I,2026-05-15 18:45:47,2025-10-29 16:37:08
3040000,202530400000900351,생활방범-371,방범용,가로변,서울특별시 광진구 아차산로57길 41 (구의동),서울특별시 광진구 아차산로57길 41 (구의동),,37.54051,127.088600,양방향,N,N,Y,,2017,2025-09-01,Y,서울특별시 광진구청,02-450-7678,2025-10-29,I,2026-05-15 18:45:47,2025-10-29 16:37:08
3040000,202530400000900352,생활방범-372,방범용,가로변,서울특별시 광진구 아차산로59길 56,서울특별시 광진구 아차산로59길 56,,37.54085,127.090860,양방향,N,N,Y,,2007,2025-09-01,Y,서울특별시 광진구청,02-450-7678,2025-10-29,I,2026-05-15 18:45:47,2025-10-29 16:37:08
3040000,202530400000900353,생활방범-373,방범용,가로변,서울특별시 광진구 자양로43길 18 (구의동),서울특별시 광진구 자양로43길 18 (구의동),,37.55159,127.090700,양방향,N,N,Y,,2009,2025-09-01,Y,서울특별시 광진구청,02-450-7678,2025-10-29,I,2026-05-15 18:45:47,2025-10-29 16:37:08
3040000,202530400000900354,생활방범-374,방범용,가로변,서울특별시 광진구 아차산로58길 77 (구의동),서울특별시 광진구 아차산로58길 77 (구의동),,37.53513,127.089790,양방향,N,N,Y,,2017,2025-09-01,Y,서울특별시 광진구청,02-450-7678,2025-10-29,I,2026-05-15 18:45:47,2025-10-29 16:37:08
3040000,202530400000900355,생활방범-375,방범용,가로변,서울특별시 광진구 아차산로70길 17-16 (과장동),서울특별시 광진구 아차산로70길 17-16 (과장동),,37.54151,127.102420,양방향,N,N,Y,,2007,2025-09-01,Y,서울특별시 광진구청,02-450-7678,2025-10-29,I,2026-05-15 18:45:47,2025-10-29 16:37:08
3040000,202530400000900356,생활방범-376,방범용,가로변,서울특별시 광진구 뚝섬로49길 59 (자양동),서울특별시 광진구 뚝섬로49길 59 (자양동),,37.53454,127.080430,양방향,N,N,Y,,2019,2025-09-01,Y,서울특별시 광진구청,02-450-7678,2025-10-29,I,2026-05-15 18:45:47,2025-10-29 16:37:08
3040000,202530400000900357,생활방범-377,방범용,가로변,서울특별시 광진구 자양번영로2길 55 (자양동),서울특별시 광진구 자양번영로2길 55 (자양동),,37.53006,127.077960,양방향,N,N,Y,,2017,2025-09-01,Y,서울특별시 광진구청,02-450-7678,2025-10-29,I,2026-05-15 18:45:47,2025-10-29 16:37:08
3040000,202530400000900358,생활방범-378,방범용,가로변,서울특별시 광진구 뚝섬로36길 38 (자양동),서울특별시 광진구 뚝섬로36길 38 (자양동),,37.53294,127.070510,양방향,N,N,Y,,2019,2025-09-01,Y,서울특별시 광진구청,02-450-7678,2025-10-29,I,2026-05-15 18:45:47,2025-10-29 16:37:08
3040000,202530400000900359,생활방범-379,방범용,가로변,서울특별시 광진구 동일로4길 74 (자양동),서울특별시 광진구 동일로4길 74 (자양동),,37.53567,127.064980,양방향,N,N,Y,,2017,2025-09-01,Y,서울특별시 광진구청,02-450-7678,2025-10-29,I,2026-05-15 18:45:47,2025-10-29 16:37:08
3040000,202530400000900360,생활방범-380,방범용,가로변,서울특별시 광진구 뚝섬로24길 48 (자양동),서울특별시 광진구 뚝섬로24길 48 (자양동),,37.5346,127.062860,양방향,N,N,Y,,2017,2025-09-01,Y,서울특별시 광진구청,02-450-7678,2025-10-29,I,2026-05-15 18:45:47,2025-10-29 16:37:08
3040000,202530400000900361,생활방범-381,방범용,가로변,서울특별시 광진구 능동로 49 (자양동),서울특별시 광진구 능동로 49 (자양동),,37.53444,127.068060,양방향,N,N,Y,,2019,2025-09-01,Y,서울특별시 광진구청,02-450-7678,2025-10-29,I,2026-05-15 18:45:47,2025-10-29 16:37:08
3040000,202530400000900362,생활방범-382,방범용,가로변,서울특별시 광진구 능동로 25-1 (자양동),서울특별시 광진구 능동로 25-1 (자양동),,37.53378,127.067780,양방향,N,N,Y,,2017,2025-09-01,Y,서울특별시 광진구청,02-450-7678,2025-10-29,I,2026-05-15 18:45:47,2025-10-29 16:37:08
3040000,202530400000900363,생활방범-383,방범용,가로변,서울특별시 광진구 아차산로27길 45-6 (화양동),서울특별시 광진구 아차산로27길 45-6 (화양동),,37.54364,127.068260,양방향,N,N,Y,,2019,2025-09-01,Y,서울특별시 광진구청,02-450-7678,2025-10-29,I,2026-05-15 18:45:47,2025-10-29 16:37:08
3040000,202530400000900364,생활방범-384,방범용,가로변,서울특별시 광진구 광나루로24길 53 (화양동),서울특별시 광진구 광나루로24길 53 (화양동),,37.54506,127.078110,양방향,N,N,Y,,2017,2025-09-01,Y,서울특별시 광진구청,02-450-7678,2025-10-29,I,2026-05-15 18:45:47,2025-10-29 16:37:08
3040000,202530400000900365,생활방범-385,방범용,가로변,서울특별시 광진구 군자로13길 35 (군자동),서울특별시 광진구 군자로13길 35 (군자동),,37.5519,127.070490,양방향,N,N,Y,,2017,2025-09-01,Y,서울특별시 광진구청,02-450-7678,2025-10-29,I,2026-05-15 18:45:47,2025-10-29 16:37:08
3040000,202530400000900366,생활방범-386,방범용,가로변,서울특별시 광진구 광나루로38길 67 (구의동),서울특별시 광진구 광나루로38길 67 (구의동),,37.54207,127.087330,양방향,N,N,Y,,2017,2025-09-01,Y,서울특별시 광진구청,02-450-7678,2025-10-29,I,2026-05-15 18:45:47,2025-10-29 16:37:08
3040000,202530400000900367,생활방범-387,방범용,가로변,서울특별시 광진구 광장로3길 18-21 (광장동),서울특별시 광진구 광장로3길 18-21 (광장동),,37.54751,127.103090,양방향,N,N,Y,,2017,2025-09-01,Y,서울특별시 광진구청,02-450-7678,2025-10-29,I,2026-05-15 18:45:47,2025-10-29 16:37:08
3040000,202530400000900368,생활방범-388,방범용,가로변,서울특별시 광진구 광장로5길 12 (광장동),서울특별시 광진구 광장로5길 12 (광장동),,37.54822,127.105060,양방향,N,N,Y,,2017,2025-09-01,Y,서울특별시 광진구청,02-450-7678,2025-10-29,I,2026-05-15 18:45:47,2025-10-29 16:37:08
3040000,202530400000900369,생활방범-389,방범용,가로변,서울특별시 광진구 광장로7길 24 (광장동),서울특별시 광진구 광장로7길 24 (광장동),,37.54876,127.105370,양방향,N,N,Y,,2017,2025-09-01,Y,서울특별시 광진구청,02-450-7678,2025-10-29,I,2026-05-15 18:45:47,2025-10-29 16:37:08
3040000,202530400000900370,생활방범-390,방범용,가로변,서울특별시 광진구 광장로1길 19 (광장동),서울특별시 광진구 광장로1길 19 (광장동),,37.54783,127.101970,양방향,N,N,Y,,2006,2025-09-01,Y,서울특별시 광진구청,02-450-7678,2025-10-29,I,2026-05-15 18:45:47,2025-10-29 16:37:08
3040000,202530400000900371,생활방범-392,방범용,가로변,서울특별시 광진구 아차산로69길 36 (광장동),서울특별시 광진구 아차산로69길 36 (광장동),,37.54388,127.098700,양방향,N,N,Y,,2010,2025-09-01,Y,서울특별시 광진구청,02-450-7678,2025-10-29,I,2026-05-15 18:45:47,2025-10-29 16:37:08
3040000,202530400000900372,생활방범-393,방범용,가로변,서울특별시 광진구 아차산로66길 8 (광장동),서울특별시 광진구 아차산로66길 8 (광장동),,37.54133,127.097360,양방향,N,N,Y,,2010,2025-09-01,Y,서울특별시 광진구청,02-450-7678,2025-10-29,I,2026-05-15 18:45:47,2025-10-29 16:37:08
3040000,202530400000900373,생활방범-395,방범용,가로변,서울특별시 광진구 아차산로55길 81 (구의동),서울특별시 광진구 아차산로55길 81 (구의동),,37.54111,127.086980,양방향,N,N,Y,,2010,2025-09-01,Y,서울특별시 광진구청,02-450-7678,2025-10-29,I,2026-05-15 18:45:47,2025-10-29 16:37:08
3040000,202530400000900374,생활방범-396,방범용,가로변,서울특별시 광진구 자양로23길 65 (구의동),서울특별시 광진구 자양로23길 65 (구의동),,37.54326,127.083660,양방향,N,N,Y,,2017,2025-09-01,Y,서울특별시 광진구청,02-450-7678,2025-10-29,I,2026-05-15 18:45:47,2025-10-29 16:37:08
3040000,202530400000900375,생활방범-398,방범용,가로변,서울특별시 광진구 광나루로54길 20 (구의동),서울특별시 광진구 광나루로54길 20 (구의동),,37.54012,127.095310,양방향,N,N,Y,,2009,2025-09-01,Y,서울특별시 광진구청,02-450-7678,2025-10-29,I,2026-05-15 18:45:47,2025-10-29 16:37:08
3040000,202530400000900376,생활방범-399,방범용,가로변,서울특별시 광진구 아차산로65길 57 (구의동),서울특별시 광진구 아차산로65길 57 (구의동),,37.54239,127.092350,양방향,N,N,Y,,2017,2025-09-01,Y,서울특별시 광진구청,02-450-7678,2025-10-29,I,2026-05-15 18:45:47,2025-10-29 16:37:08
3040000,202530400000900377,생활방범-400,방범용,가로변,서울특별시 광진구 구의강변로3가길 3 (구의동),서울특별시 광진구 구의강변로3가길 3 (구의동),,37.53582,127.091600,양방향,N,N,Y,,2017,2025-09-01,Y,서울특별시 광진구청,02-450-7678,2025-10-29,I,2026-05-15 18:45:47,2025-10-29 16:37:08
3040000,202530400000900378,생활방범-401,방범용,가로변,서울특별시 광진구 구의강변로3길 39 (구의동),서울특별시 광진구 구의강변로3길 39 (구의동),,37.53659,127.090300,양방향,N,N,Y,,2019,2025-09-01,Y,서울특별시 광진구청,02-450-7678,2025-10-29,I,2026-05-15 18:45:47,2025-10-29 16:37:08
3040000,202530400000900379,생활방범-402,방범용,가로변,서울특별시 광진구 동일로52길 24 (군자동),서울특별시 광진구 동일로52길 24 (군자동),,37.55445,127.072430,양방향,N,N,Y,,2019,2025-09-01,Y,서울특별시 광진구청,02-450-7678,2025-10-29,I,2026-05-15 18:45:47,2025-10-29 16:37:08
3040000,202530400000900380,생활방범-403,방범용,가로변,서울특별시 광진구 동일로46길 26 (군자동),서울특별시 광진구 동일로46길 26 (군자동),,37.55355,127.071850,양방향,N,N,Y,,2019,2025-09-01,Y,서울특별시 광진구청,02-450-7678,2025-10-29,I,2026-05-15 18:45:47,2025-10-29 16:37:08
3040000,202530400000900381,생활방범-404,방범용,가로변,서울특별시 광진구 면목로5길 59 (군자동),서울특별시 광진구 면목로5길 59 (군자동),,37.55601,127.073210,양방향,N,N,Y,,2019,2025-09-01,Y,서울특별시 광진구청,02-450-7678,2025-10-29,I,2026-05-15 18:45:47,2025-10-29 16:37:08
3040000,202530400000900382,생활방범-405,방범용,가로변,서울특별시 광진구 면목로5길 49 (군자동),서울특별시 광진구 면목로5길 49 (군자동),,37.55645,127.073460,양방향,N,N,Y,,2017,2025-09-01,Y,서울특별시 광진구청,02-450-7678,2025-10-29,I,2026-05-15 18:45:47,2025-10-29 16:37:08
3040000,202530400000900383,생활방범-406,방범용,가로변,서울특별시 광진구 동일로34길 19 (군자동),서울특별시 광진구 동일로34길 19 (군자동),,37.54988,127.069700,양방향,N,N,Y,,2017,2025-09-01,Y,서울특별시 광진구청,02-450-7678,2025-10-29,I,2026-05-15 18:45:47,2025-10-29 16:37:08
3040000,202530400000900384,생활방범-407,방범용,가로변,서울특별시 광진구 광나루로13길 30 (군자동),서울특별시 광진구 광나루로13길 30 (군자동),,37.54952,127.068830,양방향,N,N,Y,,2019,2025-09-01,Y,서울특별시 광진구청,02-450-7678,2025-10-29,I,2026-05-15 18:45:47,2025-10-29 16:37:08
3040000,202530400000900385,생활방범-409,방범용,가로변,서울특별시 광진구 아차산로40길 28 (자양동),서울특별시 광진구 아차산로40길 28 (자양동),,37.53641,127.078140,양방향,N,N,Y,,2006,2025-09-01,Y,서울특별시 광진구청,02-450-7678,2025-10-29,I,2026-05-15 18:45:47,2025-10-29 16:37:08
3040000,202530400000900386,생활방범-410,방범용,가로변,서울특별시 광진구 아차산로44길 26 (자양동),서울특별시 광진구 아차산로44길 26 (자양동),,37.53654,127.079730,양방향,N,N,Y,,2017,2025-09-01,Y,서울특별시 광진구청,02-450-7678,2025-10-29,I,2026-05-15 18:45:47,2025-10-29 16:37:08
3040000,202530400000900387,생활방범-411,방범용,가로변,서울특별시 광진구 아차산로39길 11 (자양동),서울특별시 광진구 아차산로39길 11 (자양동),,37.53857,127.077180,양방향,N,N,Y,,2019,2025-09-01,Y,서울특별시 광진구청,02-450-7678,2025-10-29,I,2026-05-15 18:45:47,2025-10-29 16:37:08
3040000,202530400000900388,생활방범-412,방범용,가로변,서울특별시 광진구 뚝섬로43길 7 (자양동),서울특별시 광진구 뚝섬로43길 7 (자양동),,37.53347,127.076730,양방향,N,N,Y,,2019,2025-09-01,Y,서울특별시 광진구청,02-450-7678,2025-10-29,I,2026-05-15 18:45:47,2025-10-29 16:37:08
3040000,202530400000900389,생활방범-413,방범용,가로변,서울특별시 광진구 뚝섬로59길 18 (자양동),서울특별시 광진구 뚝섬로59길 18 (자양동),,37.533,127.083940,양방향,N,N,Y,,2017,2025-09-01,Y,서울특별시 광진구청,02-450-7678,2025-10-29,I,2026-05-15 18:45:47,2025-10-29 16:37:08
3040000,202530400000900390,생활방범-414,방범용,가로변,서울특별시 광진구 아차산로41길 16 (자양동),서울특별시 광진구 아차산로41길 16 (자양동),,37.53858,127.078910,양방향,N,N,Y,,2017,2025-09-01,Y,서울특별시 광진구청,02-450-7678,2025-10-29,I,2026-05-15 18:45:47,2025-10-29 16:37:08
3040000,202530400000900391,생활방범-415,방범용,가로변,서울특별시 광진구 뚝섬로56길 35 (자양동),서울특별시 광진구 뚝섬로56길 35 (자양동),,37.52999,127.082720,양방향,N,N,Y,,2017,2025-09-01,Y,서울특별시 광진구청,02-450-7678,2025-10-29,I,2026-05-15 18:45:47,2025-10-29 16:37:08
3040000,202530400000900392,생활방범-416,방범용,가로변,서울특별시 광진구 자양번영로4길 17 (자양동),서울특별시 광진구 자양번영로4길 17 (자양동),,37.53145,127.076550,양방향,N,N,Y,,2017,2025-09-01,Y,서울특별시 광진구청,02-450-7678,2025-10-29,I,2026-05-15 18:45:47,2025-10-29 16:37:08
3040000,202530400000900393,생활방범-417,방범용,가로변,서울특별시 광진구 뚝섬로56길 59 (자양동),서울특별시 광진구 뚝섬로56길 59 (자양동),,37.52877,127.082880,양방향,N,N,Y,,2019,2025-09-01,Y,서울특별시 광진구청,02-450-7678,2025-10-29,I,2026-05-15 18:45:47,2025-10-29 16:37:08
3040000,202530400000900394,생활방범-418,방범용,가로변,서울특별시 광진구 뚝섬로64길 14 (자양동),서울특별시 광진구 뚝섬로64길 14 (자양동),,37.53309,127.088860,양방향,N,N,Y,,2019,2025-09-01,Y,서울특별시 광진구청,02-450-7678,2025-10-29,I,2026-05-15 18:45:47,2025-10-29 16:37:08
3040000,202530400000900395,생활방범-419,방범용,가로변,서울특별시 광진구 뚝섬로64길 70 (자양동),서울특별시 광진구 뚝섬로64길 70 (자양동),,37.53054,127.089140,양방향,N,N,Y,,2019,2025-09-01,Y,서울특별시 광진구청,02-450-7678,2025-10-29,I,2026-05-15 18:45:47,2025-10-29 16:37:08
3040000,202530400000900396,생활방범-420,방범용,가로변,서울특별시 광진구 뚝섬로34길 13 (자양동),서울특별시 광진구 뚝섬로34길 13 (자양동),,37.53413,127.069760,양방향,N,N,Y,,2019,2025-09-01,Y,서울특별시 광진구청,02-450-7678,2025-10-29,I,2026-05-15 18:45:47,2025-10-29 16:37:08
3040000,202530400000900397,생활방범-421,방범용,가로변,서울특별시 광진구 능동로4길 13 (자양동),서울특별시 광진구 능동로4길 13 (자양동),,37.53338,127.068550,양방향,N,N,Y,,2019,2025-09-01,Y,서울특별시 광진구청,02-450-7678,2025-10-29,I,2026-05-15 18:45:47,2025-10-29 16:37:08
3040000,202530400000900398,생활방범-422,방범용,가로변,서울특별시 광진구 뚝섬로37길 28 (자양동),서울특별시 광진구 뚝섬로37길 28 (자양동),,37.53545,127.075570,양방향,N,N,Y,,2019,2025-09-01,Y,서울특별시 광진구청,02-450-7678,2025-10-29,I,2026-05-15 18:45:47,2025-10-29 16:37:08
3040000,202530400000900399,생활방범-423,방범용,가로변,서울특별시 광진구 뚝섬로22길 8 (자양동),서울특별시 광진구 뚝섬로22길 8 (자양동),,37.53653,127.061630,양방향,N,N,Y,,2018,2025-09-01,Y,서울특별시 광진구청,02-450-7678,2025-10-29,I,2026-05-15 18:45:47,2025-10-29 16:37:08
3040000,202530400000900400,생활방범-424,방범용,가로변,서울특별시 광진구 뚝섬로25길 23 (자양동),서울특별시 광진구 뚝섬로25길 23 (자양동),,37.53706,127.064690,양방향,N,N,Y,,2019,2025-09-01,Y,서울특별시 광진구청,02-450-7678,2025-10-29,I,2026-05-15 18:45:47,2025-10-29 16:37:08
3040000,202530400000900401,생활방범-425,방범용,가로변,서울특별시 광진구 능동로5길 7 (자양동),서울특별시 광진구 능동로5길 7 (자양동),,37.53708,127.068070,양방향,N,N,Y,,2017,2025-09-01,Y,서울특별시 광진구청,02-450-7678,2025-10-29,I,2026-05-15 18:45:47,2025-10-29 16:37:08
3040000,202530400000900402,생활방범-426,방범용,가로변,서울특별시 광진구 뚝섬로27길 43 (자양동),서울특별시 광진구 뚝섬로27길 43 (자양동),,37.53781,127.066200,양방향,N,N,Y,,2019,2025-09-01,Y,서울특별시 광진구청,02-450-7678,2025-10-29,I,2026-05-15 18:45:47,2025-10-29 16:37:08
3040000,202530400000900403,생활방범-427,방범용,가로변,서울특별시 광진구 용마산로3길 98 (중곡동),서울특별시 광진구 용마산로3길 98 (중곡동),,37.55732,127.083100,양방향,N,N,Y,,2019,2025-09-01,Y,서울특별시 광진구청,02-450-7678,2025-10-29,I,2026-05-15 18:45:47,2025-10-29 16:37:08
3040000,202530400000900404,생활방범-428,방범용,가로변,서울특별시 광진구 긴고랑로7길 69 (중곡동),서울특별시 광진구 긴고랑로7길 69 (중곡동),,37.56638,127.080680,양방향,N,N,Y,,2019,2025-09-01,Y,서울특별시 광진구청,02-450-7678,2025-10-29,I,2026-05-15 18:45:47,2025-10-29 16:37:08
3040000,202530400000900405,생활방범-430,방범용,가로변,서울특별시 광진구 긴고랑로9길 46 (중곡동),서울특별시 광진구 긴고랑로9길 46 (중곡동),,37.56556,127.081900,양방향,N,N,Y,,2017,2025-09-01,Y,서울특별시 광진구청,02-450-7678,2025-10-29,I,2026-05-15 18:45:47,2025-10-29 16:37:08
3040000,202530400000900406,생활방범-431,방범용,가로변,서울특별시 광진구 용마산로28길 24 (중곡동),서울특별시 광진구 용마산로28길 24 (중곡동),,37.56791,127.087020,양방향,N,N,Y,,2019,2025-09-01,Y,서울특별시 광진구청,02-450-7678,2025-10-29,I,2026-05-15 18:45:47,2025-10-29 16:37:08
3040000,202530400000900407,생활방범-432,방범용,가로변,서울특별시 광진구 능동로15길 11 (화양동),서울특별시 광진구 능동로15길 11 (화양동),,37.54518,127.072130,양방향,N,N,Y,,2019,2025-09-01,Y,서울특별시 광진구청,02-450-7678,2025-10-29,I,2026-05-15 18:45:47,2025-10-29 16:37:08
3040000,202530400000900408,생활방범-433,방범용,가로변,서울특별시 광진구 능동로13길 39 (화양동),서울특별시 광진구 능동로13길 39 (화양동),,37.54411,127.069750,양방향,N,N,Y,,2017,2025-09-01,Y,서울특별시 광진구청,02-450-7678,2025-10-29,I,2026-05-15 18:45:47,2025-10-29 16:37:08
3040000,202530400000900409,생활방범-434,방범용,가로변,서울특별시 광진구 군자로2길 4 (화양동),서울특별시 광진구 군자로2길 4 (화양동),,37.54433,127.071630,양방향,N,N,Y,,2019,2025-09-01,Y,서울특별시 광진구청,02-450-7678,2025-10-29,I,2026-05-15 18:45:47,2025-10-29 16:37:08
3040000,202530400000900410,생활방범-435,방범용,가로변,서울특별시 광진구 면목로 127 (중곡동),서울특별시 광진구 면목로 127 (중곡동),,37.56515,127.080750,양방향,N,N,Y,,2018,2025-09-01,Y,서울특별시 광진구청,02-450-7678,2025-10-29,I,2026-05-15 18:45:47,2025-10-29 16:37:08
3040000,202530400000900411,생활방범-436,방범용,가로변,서울특별시 광진구 긴고랑로3길 19-2 (중곡동),서울특별시 광진구 긴고랑로3길 19-2 (중곡동),,37.56538,127.078300,양방향,N,N,Y,,2018,2025-09-01,Y,서울특별시 광진구청,02-450-7678,2025-10-29,I,2026-05-15 18:45:47,2025-10-29 16:37:08
3040000,202530400000900412,생활방범-437,방범용,가로변,서울특별시 광진구 용마산로7길 59 (중곡동),서울특별시 광진구 용마산로7길 59 (중곡동),,37.55997,127.084640,양방향,N,N,Y,,2018,2025-09-01,Y,서울특별시 광진구청,02-450-7678,2025-10-29,I,2026-05-15 18:45:47,2025-10-29 16:37:08
3040000,202530400000900413,생활방범-438,방범용,가로변,서울특별시 광진구 긴고랑로17길11 (중곡동),서울특별시 광진구 긴고랑로17길11 (중곡동),,37.56299,127.084090,양방향,N,N,Y,,2018,2025-09-01,Y,서울특별시 광진구청,02-450-7678,2025-10-29,I,2026-05-15 18:45:47,2025-10-29 16:37:08
3040000,202530400000900414,생활방범-439,방범용,가로변,서울특별시 광진구 답십리로74길 15 (중곡동),서울특별시 광진구 답십리로74길 15 (중곡동),,37.57101,127.080510,양방향,N,N,Y,,2018,2025-09-01,Y,서울특별시 광진구청,02-450-7678,2025-10-29,I,2026-05-15 18:45:47,2025-10-29 16:37:08
3040000,202530400000900415,생활방범-440,방범용,가로변,서울특별시 광진구 긴고랑로38길 14 (중곡동),서울특별시 광진구 긴고랑로38길 14 (중곡동),,37.55843,127.090360,양방향,N,N,Y,,2018,2025-09-01,Y,서울특별시 광진구청,02-450-7678,2025-10-29,I,2026-05-15 18:45:47,2025-10-29 16:37:08
3040000,202530400000900416,생활방범-441,방범용,가로변,서울특별시 광진구 자양로43길 123 (중곡동),서울특별시 광진구 자양로43길 123 (중곡동),,37.55593,127.089010,양방향,N,N,Y,,2018,2025-09-01,Y,서울특별시 광진구청,02-450-7678,2025-10-29,I,2026-05-15 18:45:47,2025-10-29 16:37:08
3040000,202530400000900417,생활방범-442,방범용,가로변,서울특별시 광진구 용마산로30길 49 (중곡동),서울특별시 광진구 용마산로30길 49 (중곡동),,37.56863,127.088980,양방향,N,N,Y,,2018,2025-09-01,Y,서울특별시 광진구청,02-450-7678,2025-10-29,I,2026-05-15 18:45:47,2025-10-29 16:37:08
3040000,202530400000900418,생활방범-443,방범용,가로변,서울특별시 광진구 아차산로33길 16-8 (화양동),서울특별시 광진구 아차산로33길 16-8 (화양동),,37.54106,127.070330,양방향,N,N,Y,,2018,2025-09-01,Y,서울특별시 광진구청,02-450-7678,2025-10-29,I,2026-05-15 18:45:47,2025-10-29 16:37:08
3040000,202530400000900419,생활방범-444,방범용,가로변,서울특별시 광진구 아차산로25길 76 (화양동),서울특별시 광진구 아차산로25길 76 (화양동),,37.54454,127.068150,양방향,N,N,Y,,2018,2025-09-01,Y,서울특별시 광진구청,02-450-7678,2025-10-29,I,2026-05-15 18:45:47,2025-10-29 16:37:08
3040000,202530400000900420,생활방범-445,방범용,가로변,서울특별시 광진구 면목로5길 15 (군자동),서울특별시 광진구 면목로5길 15 (군자동),,37.55657,127.075070,양방향,N,N,Y,,2018,2025-09-01,Y,서울특별시 광진구청,02-450-7678,2025-10-29,I,2026-05-15 18:45:47,2025-10-29 16:37:08
3040000,202530400000900421,생활방범-446,방범용,가로변,서울특별시 광진구 능동로32길 29 (능동),서울특별시 광진구 능동로32길 29 (능동),,37.55489,127.080070,양방향,N,N,Y,,2018,2025-09-01,Y,서울특별시 광진구청,02-450-7678,2025-10-29,I,2026-05-15 18:45:47,2025-10-29 16:37:08
3040000,202530400000900422,생활방범-447,방범용,가로변,서울특별시 광진구 능동로32길 82-26,서울특별시 광진구 능동로32길 82-26,,37.55332,127.085520,양방향,N,N,Y,,2018,2025-09-01,Y,서울특별시 광진구청,02-450-7678,2025-10-29,I,2026-05-15 18:45:47,2025-10-29 16:37:08
3040000,202530400000900423,생활방범-448,방범용,가로변,서울특별시 광진구 아차산로45길 31 (자양동),서울특별시 광진구 아차산로45길 31 (자양동),,37.53824,127.079990,양방향,N,N,Y,,2018,2025-09-01,Y,서울특별시 광진구청,02-450-7678,2025-10-29,I,2026-05-15 18:45:47,2025-10-29 16:37:08
3040000,202530400000900424,생활방범-449,방범용,가로변,서울특별시 광진구 뚝섬로52다길 45 (자양동),서울특별시 광진구 뚝섬로52다길 45 (자양동),,37.52976,127.081480,양방향,N,N,Y,,2018,2025-09-01,Y,서울특별시 광진구청,02-450-7678,2025-10-29,I,2026-05-15 18:45:47,2025-10-29 16:37:08
3040000,202530400000900425,생활방범-451,방범용,가로변,서울특별시 광진구 자양번영로9길 16-4 (자양동),서울특별시 광진구 자양번영로9길 16-4 (자양동),,37.53645,127.075600,양방향,N,N,Y,,2018,2025-09-01,Y,서울특별시 광진구청,02-450-7678,2025-10-29,I,2026-05-15 18:45:47,2025-10-29 16:37:08
3040000,202530400000900426,생활방범-452,방범용,가로변,서울특별시 광진구 뚝섬로40길 65 (자양동),서울특별시 광진구 뚝섬로40길 65 (자양동),,37.53137,127.071530,양방향,N,N,Y,,2018,2025-09-01,Y,서울특별시 광진구청,02-450-7678,2025-10-29,I,2026-05-15 18:45:47,2025-10-29 16:37:08
3040000,202530400000900427,생활방범-453,방범용,가로변,서울특별시 광진구 뚝섬로27길 19 (자양동),서울특별시 광진구 뚝섬로27길 19 (자양동),,37.53693,127.065830,양방향,N,N,Y,,2018,2025-09-01,Y,서울특별시 광진구청,02-450-7678,2025-10-29,I,2026-05-15 18:45:47,2025-10-29 16:37:08
3040000,202530400000900428,생활방범-454,방범용,가로변,서울특별시 광진구 광나루로40길 34 (구의동),서울특별시 광진구 광나루로40길 34 (구의동),,37.54333,127.089270,양방향,N,N,Y,,2018,2025-09-01,Y,서울특별시 광진구청,02-450-7678,2025-10-29,I,2026-05-15 18:45:47,2025-10-29 16:37:08
3040000,202530400000900429,생활방범-455,방범용,가로변,서울특별시 광진구 천호대로134길 31 (구의동),서울특별시 광진구 천호대로134길 31 (구의동),,37.54821,127.089720,양방향,N,N,Y,,2018,2025-09-01,Y,서울특별시 광진구청,02-450-7678,2025-10-29,I,2026-05-15 18:45:47,2025-10-29 16:37:08
3040000,202530400000900430,생활방범-456,방범용,가로변,서울특별시 광진구 자양로37길 22-10 (구의동),서울특별시 광진구 자양로37길 22-10 (구의동),,37.54868,127.087410,양방향,N,N,Y,,2018,2025-09-01,Y,서울특별시 광진구청,02-450-7678,2025-10-29,I,2026-05-15 18:45:47,2025-10-29 16:37:08
3040000,202530400000900431,생활방범-457,방범용,가로변,서울특별시 광진구 아차산로 63길 17 (구의동),서울특별시 광진구 아차산로 63길 17 (구의동),,37.54042,127.092410,양방향,N,N,Y,,2018,2025-09-01,Y,서울특별시 광진구청,02-450-7678,2025-10-29,I,2026-05-15 18:45:47,2025-10-29 16:37:08
3040000,202530400000900432,생활방범-458,방범용,가로변,서울특별시 광진구 자양로51길 46,서울특별시 광진구 자양로51길 46,,37.55477,127.091380,양방향,N,N,Y,,2018,2025-09-01,Y,서울특별시 광진구청,02-450-7678,2025-10-29,I,2026-05-15 18:45:47,2025-10-29 16:37:08
3040000,202530400000900433,생활방범-459,방범용,가로변,서울특별시 광진구 아차산로 78길 153 (광장동),서울특별시 광진구 아차산로 78길 153 (광장동),,37.5485,127.109180,양방향,N,N,Y,,2018,2025-09-01,Y,서울특별시 광진구청,02-450-7678,2025-10-29,I,2026-05-15 18:45:47,2025-10-29 16:37:08
3040000,202530400000900434,생활방범-460,방범용,가로변,서울특별시 광진구 광장로9길 6 (광장동),서울특별시 광진구 광장로9길 6 (광장동),,37.54822,127.106130,양방향,N,N,Y,,2018,2025-09-01,Y,서울특별시 광진구청,02-450-7678,2025-10-29,I,2026-05-15 18:45:47,2025-10-29 16:37:08
3040000,202530400000900435,생활방범-461,방범용,가로변,서울특별시 광진구 능동로3다길 4 (자양동),서울특별시 광진구 능동로3다길 4 (자양동),,37.53398,127.065020,양방향,N,N,Y,,2018,2025-09-01,Y,서울특별시 광진구청,02-450-7678,2025-10-29,I,2026-05-15 18:45:47,2025-10-29 16:37:08
3040000,202530400000900436,생활방범-462,방범용,가로변,서울특별시 광진구 긴고랑로 12길 40 (중곡동),서울특별시 광진구 긴고랑로 12길 40 (중곡동),,37.5612,127.079870,양방향,N,N,Y,,2018,2025-09-01,Y,서울특별시 광진구청,02-450-7678,2025-10-29,I,2026-05-15 18:45:47,2025-10-29 16:37:08
3040000,202530400000900437,생활방범-463,방범용,가로변,서울특별시 광진구 긴고랑로 26길 23 (중곡동),서울특별시 광진구 긴고랑로 26길 23 (중곡동),,37.55858,127.082440,양방향,N,N,Y,,2018,2025-09-01,Y,서울특별시 광진구청,02-450-7678,2025-10-29,I,2026-05-15 18:45:47,2025-10-29 16:37:08
3040000,202530400000900438,생활방범-464,방범용,가로변,서울특별시 광진구 영화사로9가길 39-15 (중곡동),서울특별시 광진구 영화사로9가길 39-15 (중곡동),,37.55656,127.093670,양방향,N,N,Y,,2018,2025-09-01,Y,서울특별시 광진구청,02-450-7678,2025-10-29,I,2026-05-15 18:45:47,2025-10-29 16:37:08
3040000,202530400000900439,생활방범-466,방범용,가로변,서울특별시 광진구 동일로 44길 17 (군자동),서울특별시 광진구 동일로 44길 17 (군자동),,37.5531,127.071330,양방향,N,N,Y,,2018,2025-09-01,Y,서울특별시 광진구청,02-450-7678,2025-10-29,I,2026-05-15 18:45:47,2025-10-29 16:37:08
3040000,202530400000900440,생활방범-467,방범용,가로변,서울특별시 광진구 능동로 32길 35 (능동),서울특별시 광진구 능동로 32길 35 (능동),,37.55474,127.080810,양방향,N,N,Y,,2018,2025-09-01,Y,서울특별시 광진구청,02-450-7678,2025-10-29,I,2026-05-15 18:45:47,2025-10-29 16:37:08
3040000,202530400000900441,생활방범-468,방범용,가로변,서울특별시 광진구 뚝섬로 631 (자양동),서울특별시 광진구 뚝섬로 631 (자양동),,37.53211,127.079740,양방향,N,N,Y,,2018,2025-09-01,Y,서울특별시 광진구청,02-450-7678,2025-10-29,I,2026-05-15 18:45:47,2025-10-29 16:37:08
3040000,202530400000900442,생활방범-469,방범용,가로변,서울특별시 광진구 뚝섬로 700 (자양동),서울특별시 광진구 뚝섬로 700 (자양동),,37.53302,127.086940,양방향,N,N,Y,,2018,2025-09-01,Y,서울특별시 광진구청,02-450-7678,2025-10-29,I,2026-05-15 18:45:47,2025-10-29 16:37:08
3040000,202530400000900443,생활방범-470,방범용,가로변,서울특별시 광진구 자양번영로 3길 27 (자양동),서울특별시 광진구 자양번영로 3길 27 (자양동),,37.53211,127.073420,양방향,N,N,Y,,2018,2025-09-01,Y,서울특별시 광진구청,02-450-7678,2025-10-29,I,2026-05-15 18:45:47,2025-10-29 16:37:08
3040000,202530400000900444,생활방범-471,방범용,가로변,서울특별시 광진구 능동로 3길 20 (자양동),서울특별시 광진구 능동로 3길 20 (자양동),,37.53363,127.066580,양방향,N,N,Y,,2018,2025-09-01,Y,서울특별시 광진구청,02-450-7678,2025-10-29,I,2026-05-15 18:45:47,2025-10-29 16:37:08
3040000,202530400000900445,생활방범-472,방범용,가로변,서울특별시 광진구 자양로28길 14 (구의동),서울특별시 광진구 자양로28길 14 (구의동),,37.54236,127.085070,양방향,N,N,Y,,2018,2025-09-01,Y,서울특별시 광진구청,02-450-7678,2025-10-29,I,2026-05-15 18:45:47,2025-10-29 16:37:08
3040000,202530400000900446,생활방범-473,방범용,가로변,서울특별시 광진구 자양로44가길 18 (구의동),서울특별시 광진구 자양로44가길 18 (구의동),,37.55089,127.094340,양방향,N,N,Y,,2018,2025-09-01,Y,서울특별시 광진구청,02-450-7678,2025-10-29,I,2026-05-15 18:45:47,2025-10-29 16:37:08
3040000,202530400000900447,생활방범-474,방범용,가로변,서울특별시 광진구 구의로10길 12 (구의동),서울특별시 광진구 구의로10길 12 (구의동),,37.54215,127.090920,양방향,N,N,Y,,2018,2025-09-01,Y,서울특별시 광진구청,02-450-7678,2025-10-29,I,2026-05-15 18:45:47,2025-10-29 16:37:08
3040000,202530400000900448,생활방범-475,방범용,가로변,서울특별시 광진구 광장로1가길 49 (광장동),서울특별시 광진구 광장로1가길 49 (광장동),,37.54854,127.099890,양방향,N,N,Y,,2018,2025-09-01,Y,서울특별시 광진구청,02-450-7678,2025-10-29,I,2026-05-15 18:45:47,2025-10-29 16:37:08
3040000,202530400000900449,생활방범-476,방범용,가로변,서울특별시 광진구 용마산로22길 82 (중곡동),서울특별시 광진구 용마산로22길 82 (중곡동),,37.5672,127.088950,양방향,N,N,Y,,2018,2025-09-01,Y,서울특별시 광진구청,02-450-7678,2025-10-29,I,2026-05-15 18:45:47,2025-10-29 16:37:09
3040000,202530400000900450,생활방범-477,방범용,가로변,서울특별시 광진구 용마산로22길 82 (중곡동),서울특별시 광진구 용마산로22길 82 (중곡동),,37.56726,127.088380,양방향,N,N,Y,,2019,2025-09-01,Y,서울특별시 광진구청,02-450-7678,2025-10-29,I,2026-05-15 18:45:47,2025-10-29 16:37:09
3040000,202530400000900451,생활방범-478,방범용,가로변,서울특별시 광진구 용마산로22길 82 (중곡동),서울특별시 광진구 용마산로22길 82 (중곡동),,37.56725,127.087950,양방향,N,N,Y,,2018,2025-09-01,Y,서울특별시 광진구청,02-450-7678,2025-10-29,I,2026-05-15 18:45:47,2025-10-29 16:37:09
3040000,202530400000900452,생활방범-479,방범용,가로변,서울특별시 광진구 용마산로22길 82 (중곡동),서울특별시 광진구 용마산로22길 82 (중곡동),,37.56686,127.087870,양방향,N,N,Y,,2018,2025-09-01,Y,서울특별시 광진구청,02-450-7678,2025-10-29,I,2026-05-15 18:45:47,2025-10-29 16:37:09
3040000,202530400000900453,생활방범-480,방범용,가로변,서울특별시 광진구 동일로 64길 20 (중곡동),서울특별시 광진구 동일로 64길 20 (중곡동),,37.56058,127.075900,양방향,N,N,Y,,2019,2025-09-01,Y,서울특별시 광진구청,02-450-7678,2025-10-29,I,2026-05-15 18:45:47,2025-10-29 16:37:09
3040000,202530400000900454,생활방범-481,방범용,가로변,서울특별시 광진구 능동로46길 28 (중곡동),서울특별시 광진구 능동로46길 28 (중곡동),,37.56075,127.084040,양방향,N,N,Y,,2019,2025-09-01,Y,서울특별시 광진구청,02-450-7678,2025-10-29,I,2026-05-15 18:45:47,2025-10-29 16:37:09
3040000,202530400000900455,생활방범-482,방범용,가로변,서울특별시 광진구 동일로78길 46-33 (중곡동),서울특별시 광진구 동일로78길 46-33 (중곡동),,37.56842,127.081090,양방향,N,N,Y,,2019,2025-09-01,Y,서울특별시 광진구청,02-450-7678,2025-10-29,I,2026-05-15 18:45:47,2025-10-29 16:37:09
3040000,202530400000900456,생활방범-483,방범용,가로변,서울특별시 광진구 긴고랑로 36길57 (중곡동),서울특별시 광진구 긴고랑로 36길57 (중곡동),,37.55707,127.091260,양방향,N,N,Y,,2019,2025-09-01,Y,서울특별시 광진구청,02-450-7678,2025-10-29,I,2026-05-15 18:45:47,2025-10-29 16:37:09
3040000,202530400000900457,생활방범-484,방범용,가로변,서울특별시 광진구 용마산로8가길 20-15 (중곡동),서울특별시 광진구 용마산로8가길 20-15 (중곡동),,37.56027,127.089690,양방향,N,N,Y,,2019,2025-09-01,Y,서울특별시 광진구청,02-450-7678,2025-10-29,I,2026-05-15 18:45:47,2025-10-29 16:37:09
3040000,202530400000900458,생활방범-485,방범용,가로변,서울특별시 광진구 긴고랑로 36길 5 (중곡동),서울특별시 광진구 긴고랑로 36길 5 (중곡동),,37.55868,127.089000,양방향,N,N,Y,,2019,2025-09-01,Y,서울특별시 광진구청,02-450-7678,2025-10-29,I,2026-05-15 18:45:47,2025-10-29 16:37:09
3040000,202530400000900459,생활방범-486,방범용,가로변,서울특별시 광진구 광장로1다길31 (광장동),서울특별시 광진구 광장로1다길31 (광장동),,37.55009,127.102330,양방향,N,N,Y,,2019,2025-09-01,Y,서울특별시 광진구청,02-450-7678,2025-10-29,I,2026-05-15 18:45:47,2025-10-29 16:37:09
3040000,202530400000900460,생활방범-487,방범용,가로변,서울특별시 광진구 자양로 13길 31-8 (자양동),서울특별시 광진구 자양로 13길 31-8 (자양동),,37.53442,127.082880,양방향,N,N,Y,,2019,2025-09-01,Y,서울특별시 광진구청,02-450-7678,2025-10-29,I,2026-05-15 18:45:47,2025-10-29 16:37:09
3040000,202530400000900461,생활방범-488,방범용,가로변,서울특별시 광진구 뚝섬로56길47 (자양동),서울특별시 광진구 뚝섬로56길47 (자양동),,37.52936,127.082770,양방향,N,N,Y,,2019,2025-09-01,Y,서울특별시 광진구청,02-450-7678,2025-10-29,I,2026-05-15 18:45:47,2025-10-29 16:37:09
3040000,202530400000900462,생활방범-489,방범용,가로변,서울특별시 광진구 자양번영로3길38-10 (자양동),서울특별시 광진구 자양번영로3길38-10 (자양동),,37.53249,127.073420,양방향,N,N,Y,,2019,2025-09-01,Y,서울특별시 광진구청,02-450-7678,2025-10-29,I,2026-05-15 18:45:47,2025-10-29 16:37:09
3040000,202530400000900463,생활방범-490,방범용,가로변,서울특별시 광진구 동일로10가길23 (자양동),서울특별시 광진구 동일로10가길23 (자양동),,37.53868,127.063830,양방향,N,N,Y,,2019,2025-09-01,Y,서울특별시 광진구청,02-450-7678,2025-10-29,I,2026-05-15 18:45:47,2025-10-29 16:37:09
3040000,202530400000900464,생활방범-491,방범용,가로변,서울특별시 광진구 자양로28길 98 (구의동),서울특별시 광진구 자양로28길 98 (구의동),,37.54154,127.089500,양방향,N,N,Y,,2019,2025-09-01,Y,서울특별시 광진구청,02-450-7678,2025-10-29,I,2026-05-15 18:45:47,2025-10-29 16:37:09
3040000,202530400000900465,생활방범-492,방범용,가로변,서울특별시 광진구 자양로48길 20 (구의동),서울특별시 광진구 자양로48길 20 (구의동),,37.55133,127.093170,양방향,N,N,Y,,2019,2025-09-01,Y,서울특별시 광진구청,02-450-7678,2025-10-29,I,2026-05-15 18:45:47,2025-10-29 16:37:09
3040000,202530400000900466,생활방범-493,방범용,가로변,서울특별시 광진구 자양로53길21,서울특별시 광진구 자양로53길21,,37.55441,127.092720,양방향,N,N,Y,,2019,2025-09-01,Y,서울특별시 광진구청,02-450-7678,2025-10-29,I,2026-05-15 18:45:47,2025-10-29 16:37:09
3040000,202530400000900467,생활방범-494,방범용,가로변,서울특별시 광진구 아차산로25길 20-9 (화양동),서울특별시 광진구 아차산로25길 20-9 (화양동),,37.54213,127.067390,양방향,N,N,Y,,2019,2025-09-01,Y,서울특별시 광진구청,02-450-7678,2025-10-29,I,2026-05-15 18:45:47,2025-10-29 16:37:09
3040000,202530400000900468,생활방범-495,방범용,가로변,서울특별시 광진구 동일로 30길 28 (화양동),서울특별시 광진구 동일로 30길 28 (화양동),,37.54758,127.068800,양방향,N,N,Y,,2019,2025-09-01,Y,서울특별시 광진구청,02-450-7678,2025-10-29,I,2026-05-15 18:45:47,2025-10-29 16:37:09
3040000,202530400000900469,생활방범-496,방범용,가로변,서울특별시 광진구 면목로1길 19 (군자동),서울특별시 광진구 면목로1길 19 (군자동),,37.55507,127.074530,양방향,N,N,Y,,2019,2025-09-01,Y,서울특별시 광진구청,02-450-7678,2025-10-29,I,2026-05-15 18:45:47,2025-10-29 16:37:09
3040000,202530400000900470,생활방범-497,방범용,가로변,서울특별시 광진구 능동로 48길 36 (중곡동),서울특별시 광진구 능동로 48길 36 (중곡동),,37.56224,127.084460,양방향,N,N,Y,,2019,2025-09-01,Y,서울특별시 광진구청,02-450-7678,2025-10-29,I,2026-05-15 18:45:47,2025-10-29 16:37:09
3040000,202530400000900471,생활방범-498,방범용,가로변,서울특별시 광진구 아차산 순환도로 (광장동),서울특별시 광진구 아차산 순환도로 (광장동),,37.55117,127.100500,양방향,N,N,Y,,2020,2025-09-01,Y,서울특별시 광진구청,02-450-7678,2025-10-29,I,2026-05-15 18:45:47,2025-10-29 16:37:09
3040000,202530400000900472,생활방범-499,방범용,가로변,서울특별시 광진구 천호대로102길 58 (군자동),서울특별시 광진구 천호대로102길 58 (군자동),,37.55673,127.073150,양방향,N,N,Y,,2020,2025-09-01,Y,서울특별시 광진구청,02-450-7678,2025-10-29,I,2026-05-15 18:45:47,2025-10-29 16:37:09
3040000,202530400000900473,생활방범-500,방범용,가로변,서울특별시 광진구 자양로18길 72 (구의동),서울특별시 광진구 자양로18길 72 (구의동),,37.53833,127.087440,양방향,N,N,Y,,2020,2025-09-01,Y,서울특별시 광진구청,02-450-7678,2025-10-29,I,2026-05-15 18:45:47,2025-10-29 16:37:09
3040000,202530400000900474,생활방범-501,방범용,가로변,서울특별시 광진구 면목로 172 (중곡동),서울특별시 광진구 면목로 172 (중곡동),,37.56864,127.082820,양방향,N,N,Y,,2020,2025-09-01,Y,서울특별시 광진구청,02-450-7678,2025-10-29,I,2026-05-15 18:45:47,2025-10-29 16:37:09
3040000,202530400000900475,생활방범-502,방범용,가로변,서울특별시 광진구 동일로22길 89 (화양동),서울특별시 광진구 동일로22길 89 (화양동),,37.54116,127.069180,양방향,N,N,Y,,2020,2025-09-01,Y,서울특별시 광진구청,02-450-7678,2025-10-29,I,2026-05-15 18:45:47,2025-10-29 16:37:09
3040000,202530400000900476,생활방범-503,방범용,가로변,서울특별시 광진구 자양로15길 56 (자양동),서울특별시 광진구 자양로15길 56 (자양동),,37.53531,127.080590,양방향,N,N,Y,,2020,2025-09-01,Y,서울특별시 광진구청,02-450-7678,2025-10-29,I,2026-05-15 18:45:47,2025-10-29 16:37:09
3040000,202530400000900477,생활방범-504,방범용,가로변,서울특별시 광진구 긴고랑로 185-2 (중곡동),서울특별시 광진구 긴고랑로 185-2 (중곡동),,37.56021,127.094780,양방향,N,N,Y,,2020,2025-09-01,Y,서울특별시 광진구청,02-450-7678,2025-10-29,I,2026-05-15 18:45:47,2025-10-29 16:37:09
3040000,202530400000900478,생활방범-505,방범용,가로변,서울특별시 광진구 자양로44길 30-1 (구의동),서울특별시 광진구 자양로44길 30-1 (구의동),,37.55043,127.093110,양방향,N,N,Y,,2020,2025-09-01,Y,서울특별시 광진구청,02-450-7678,2025-10-29,I,2026-05-15 18:45:47,2025-10-29 16:37:09
3040000,202530400000900479,생활방범-506,방범용,가로변,서울특별시 광진구 자양로2길 6 (자양동),서울특별시 광진구 자양로2길 6 (자양동),,37.5307,127.087200,양방향,N,N,Y,,2020,2025-09-01,Y,서울특별시 광진구청,02-450-7678,2025-10-29,I,2026-05-15 18:45:47,2025-10-29 16:37:09
3040000,202530400000900480,생활방범-507,방범용,가로변,서울특별시 광진구 동일로56가길 19-16,서울특별시 광진구 동일로56가길 19-16,,37.55437,127.073050,양방향,N,N,Y,,2020,2025-09-01,Y,서울특별시 광진구청,02-450-7678,2025-10-29,I,2026-05-15 18:45:47,2025-10-29 16:37:09
3040000,202530400000900481,생활방범-508,방범용,가로변,서울특별시 광진구 동일로56가길 19-16,서울특별시 광진구 동일로56가길 19-16,,37.53395,127.090150,양방향,N,N,Y,,2021,2025-09-01,Y,서울특별시 광진구청,02-450-7678,2025-10-29,I,2026-05-15 18:45:47,2025-10-29 16:37:09
3040000,202530400000900482,생활방범-509,방범용,가로변,서울특별시 광진구 긴고랑로38,서울특별시 광진구 긴고랑로38,,37.56283,127.080320,양방향,N,N,Y,,2021,2025-09-01,Y,서울특별시 광진구청,02-450-7678,2025-10-29,I,2026-05-15 18:45:47,2025-10-29 16:37:09
3040000,202530400000900483,생활방범-510,방범용,가로변,서울특별시 광진구 긴고랑로30길34,서울특별시 광진구 긴고랑로30길34,,37.55825,127.086990,양방향,N,N,Y,,2021,2025-09-01,Y,서울특별시 광진구청,02-450-7678,2025-10-29,I,2026-05-15 18:45:47,2025-10-29 16:37:09
3040000,202530400000900484,생활방범-511,방범용,가로변,서울특별시 광진구 능동로40길13,서울특별시 광진구 능동로40길13,,37.55802,127.080860,양방향,N,N,Y,,2021,2025-09-01,Y,서울특별시 광진구청,02-450-7678,2025-10-29,I,2026-05-15 18:45:47,2025-10-29 16:37:09
3040000,202530400000900485,생활방범-512,방범용,가로변,서울특별시 광진구 긴고랑로26길23,서울특별시 광진구 긴고랑로26길23,,37.55933,127.085010,양방향,N,N,Y,,2021,2025-09-01,Y,서울특별시 광진구청,02-450-7678,2025-10-29,I,2026-05-15 18:45:47,2025-10-29 16:37:09
3040000,202530400000900486,생활방범-513,방범용,가로변,서울특별시 광진구 동일로78길47,서울특별시 광진구 동일로78길47,,37.56876,127.082120,양방향,N,N,Y,,2021,2025-09-01,Y,서울특별시 광진구청,02-450-7678,2025-10-29,I,2026-05-15 18:45:47,2025-10-29 16:37:09
3040000,202530400000900487,생활방범-514,방범용,가로변,서울특별시 광진구 능동로53길24-1,서울특별시 광진구 능동로53길24-1,,37.56666,127.083180,양방향,N,N,Y,,2021,2025-09-01,Y,서울특별시 광진구청,02-450-7678,2025-10-29,I,2026-05-15 18:45:47,2025-10-29 16:37:09
3040000,202530400000900488,생활방범-515,방범용,가로변,서울특별시 광진구 능동로50길 31-9,서울특별시 광진구 능동로50길 31-9,,37.56393,127.085250,양방향,N,N,Y,,2021,2025-09-01,Y,서울특별시 광진구청,02-450-7678,2025-10-29,I,2026-05-15 18:45:47,2025-10-29 16:37:09
3040000,202530400000900489,생활방범-516,방범용,가로변,서울특별시 광진구 면목로182,서울특별시 광진구 면목로182,,37.56941,127.083170,양방향,N,N,Y,,2021,2025-09-01,Y,서울특별시 광진구청,02-450-7678,2025-10-29,I,2026-05-15 18:45:47,2025-10-29 16:37:09
3040000,202530400000900490,생활방범-517,방범용,가로변,서울특별시 광진구 면목로13길 17,서울특별시 광진구 면목로13길 17,,37.56922,127.082400,양방향,N,N,Y,,2021,2025-09-01,Y,서울특별시 광진구청,02-450-7678,2025-10-29,I,2026-05-15 18:45:47,2025-10-29 16:37:09
3040000,202530400000900491,생활방범-518,방범용,가로변,서울특별시 광진구 용마산로33길 41,서울특별시 광진구 용마산로33길 41,,37.57023,127.083820,양방향,N,N,Y,,2021,2025-09-01,Y,서울특별시 광진구청,02-450-7678,2025-10-29,I,2026-05-15 18:45:47,2025-10-29 16:37:09
3040000,202530400000900492,생활방범-519,방범용,가로변,서울특별시 광진구 용마산로28나길15,서울특별시 광진구 용마산로28나길15,,37.56825,127.087980,양방향,N,N,Y,,2021,2025-09-01,Y,서울특별시 광진구청,02-450-7678,2025-10-29,I,2026-05-15 18:45:47,2025-10-29 16:37:09
3040000,202530400000900493,생활방범-520,방범용,가로변,서울특별시 광진구 천호대로127길19,서울특별시 광진구 천호대로127길19,,37.55366,127.089830,양방향,N,N,Y,,2021,2025-09-01,Y,서울특별시 광진구청,02-450-7678,2025-10-29,I,2026-05-15 18:45:47,2025-10-29 16:37:09
3040000,202530400000900494,생활방범-521,방범용,가로변,서울특별시 광진구 용마산로20길9-1,서울특별시 광진구 용마산로20길9-1,,37.56268,127.087720,양방향,N,N,Y,,2021,2025-09-01,Y,서울특별시 광진구청,02-450-7678,2025-10-29,I,2026-05-15 18:45:47,2025-10-29 16:37:09
3040000,202530400000900495,생활방범-522,방범용,가로변,서울특별시 광진구 용마산로8나길 36,서울특별시 광진구 용마산로8나길 36,,37.56015,127.090530,양방향,N,N,Y,,2021,2025-09-01,Y,서울특별시 광진구청,02-450-7678,2025-10-29,I,2026-05-15 18:45:47,2025-10-29 16:37:09
3040000,202530400000900496,생활방범-523,방범용,가로변,서울특별시 광진구 긴고랑로 39길 54,서울특별시 광진구 긴고랑로 39길 54,,37.55932,127.092820,양방향,N,N,Y,,2021,2025-09-01,Y,서울특별시 광진구청,02-450-7678,2025-10-29,I,2026-05-15 18:45:47,2025-10-29 16:37:09
3040000,202530400000900497,생활방범-524,방범용,가로변,서울특별시 광진구 천호대로112길 60,서울특별시 광진구 천호대로112길 60,,37.55351,127.080170,양방향,N,N,Y,,2021,2025-09-01,Y,서울특별시 광진구청,02-450-7678,2025-10-29,I,2026-05-15 18:45:47,2025-10-29 16:37:09
3040000,202530400000900498,생활방범-525,방범용,가로변,서울특별시 광진구 영화사로13길21,서울특별시 광진구 영화사로13길21,,37.55514,127.094450,양방향,N,N,Y,,2021,2025-09-01,Y,서울특별시 광진구청,02-450-7678,2025-10-29,I,2026-05-15 18:45:47,2025-10-29 16:37:09
3040000,202530400000900499,생활방범-526,방범용,가로변,서울특별시 광진구 자양로209,서울특별시 광진구 자양로209,,37.5459,127.085900,양방향,N,N,Y,,2021,2025-09-01,Y,서울특별시 광진구청,02-450-7678,2025-10-29,I,2026-05-15 18:45:47,2025-10-29 16:37:09
3040000,202530400000900500,생활방범-527,방범용,가로변,서울특별시 광진구 광장로5길 25-1,서울특별시 광진구 광장로5길 25-1,,37.54865,127.104950,양방향,N,N,Y,,2021,2025-09-01,Y,서울특별시 광진구청,02-450-7678,2025-10-29,I,2026-05-15 18:45:47,2025-10-29 16:37:09
3040000,202530400000900501,생활방범-528,방범용,가로변,서울특별시 광진구 광나루로595,서울특별시 광진구 광나루로595,,37.54253,127.094580,양방향,N,N,Y,,2021,2025-09-01,Y,서울특별시 광진구청,02-450-7678,2025-10-29,I,2026-05-15 18:45:47,2025-10-29 16:37:09
3040000,202530400000900502,생활방범-529,방범용,가로변,서울특별시 광진구 천호대로 798,서울특별시 광진구 천호대로 798,,37.54562,127.101960,양방향,N,N,Y,,2021,2025-09-01,Y,서울특별시 광진구청,02-450-7678,2025-10-29,I,2026-05-15 18:45:47,2025-10-29 16:37:09
3040000,202530400000900503,생활방범-530,방범용,가로변,서울특별시 광진구 아차산로 78길 90,서울특별시 광진구 아차산로 78길 90,,37.55118,127.110690,양방향,N,N,Y,,2021,2025-09-01,Y,서울특별시 광진구청,02-450-7678,2025-10-29,I,2026-05-15 18:45:47,2025-10-29 16:37:09
3040000,202530400000900504,생활방범-531,방범용,가로변,서울특별시 광진구 군자로 183,서울특별시 광진구 군자로 183,,37.55677,127.078210,양방향,N,N,Y,,2021,2025-09-01,Y,서울특별시 광진구청,02-450-7678,2025-10-29,I,2026-05-15 18:45:47,2025-10-29 16:37:09
3040000,202530400000900505,생활방범-532,방범용,가로변,서울특별시 광진구 천호대로102길60,서울특별시 광진구 천호대로102길60,,37.55652,127.072830,양방향,N,N,Y,,2021,2025-09-01,Y,서울특별시 광진구청,02-450-7678,2025-10-29,I,2026-05-15 18:45:47,2025-10-29 16:37:09
3040000,202530400000900506,생활방범-533,방범용,가로변,서울특별시 광진구 면목로38,서울특별시 광진구 면목로38,,37.55741,127.076640,양방향,N,N,Y,,2021,2025-09-01,Y,서울특별시 광진구청,02-450-7678,2025-10-29,I,2026-05-15 18:45:47,2025-10-29 16:37:09
3040000,202530400000900507,생활방범-534,방범용,가로변,서울특별시 광진구 능동로 267-14,서울특별시 광진구 능동로 267-14,,37.55418,127.076780,양방향,N,N,Y,,2021,2025-09-01,Y,서울특별시 광진구청,02-450-7678,2025-10-29,I,2026-05-15 18:45:47,2025-10-29 16:37:09
3040000,202530400000900508,생활방범-535,방범용,가로변,서울특별시 광진구 자양로18길6,서울특별시 광진구 자양로18길6,,37.53735,127.083870,양방향,N,N,Y,,2021,2025-09-01,Y,서울특별시 광진구청,02-450-7678,2025-10-29,I,2026-05-15 18:45:47,2025-10-29 16:37:09
3040000,202530400000900509,생활방범-536,방범용,가로변,서울특별시 광진구 자양로25길 14-1,서울특별시 광진구 자양로25길 14-1,,37.54167,127.083010,양방향,N,N,Y,,2021,2025-09-01,Y,서울특별시 광진구청,02-450-7678,2025-10-29,I,2026-05-15 18:45:47,2025-10-29 16:37:09
3040000,202530400000900510,생활방범-537,방범용,가로변,서울특별시 광진구 광나루로 38길 8,서울특별시 광진구 광나루로 38길 8,,37.54437,127.088020,양방향,N,N,Y,,2021,2025-09-01,Y,서울특별시 광진구청,02-450-7678,2025-10-29,I,2026-05-15 18:45:47,2025-10-29 16:37:09
3040000,202530400000900511,생활방범-538,방범용,가로변,서울특별시 광진구 아차산로53길 62-14,서울특별시 광진구 아차산로53길 62-14,,37.54027,127.086150,양방향,N,N,Y,,2021,2025-09-01,Y,서울특별시 광진구청,02-450-7678,2025-10-29,I,2026-05-15 18:45:47,2025-10-29 16:37:09
3040000,202530400000900512,생활방범-540,방범용,가로변,서울특별시 광진구 아차산로 401-9,서울특별시 광진구 아차산로 401-9,,37.53779,127.087010,양방향,N,N,Y,,2021,2025-09-01,Y,서울특별시 광진구청,02-450-7678,2025-10-29,I,2026-05-15 18:45:47,2025-10-29 16:37:09
3040000,202530400000900513,생활방범-541,방범용,가로변,서울특별시 광진구 광나루로44길55,서울특별시 광진구 광나루로44길55,,37.54186,127.091210,양방향,N,N,Y,,2021,2025-09-01,Y,서울특별시 광진구청,02-450-7678,2025-10-29,I,2026-05-15 18:45:47,2025-10-29 16:37:09
3040000,202530400000900514,생활방범-542,방범용,가로변,서울특별시 광진구 아차산로58가길15,서울특별시 광진구 아차산로58가길15,,37.5359,127.090360,양방향,N,N,Y,,2021,2025-09-01,Y,서울특별시 광진구청,02-450-7678,2025-10-29,I,2026-05-15 18:45:47,2025-10-29 16:37:09
3040000,202530400000900515,생활방범-543,방범용,가로변,서울특별시 광진구 뚝섬로47길29,서울특별시 광진구 뚝섬로47길29,,37.53369,127.078670,양방향,N,N,Y,,2021,2025-09-01,Y,서울특별시 광진구청,02-450-7678,2025-10-29,I,2026-05-15 18:45:47,2025-10-29 16:37:09
3040000,202530400000900516,생활방범-544,방범용,가로변,서울특별시 광진구 자양로13다길10,서울특별시 광진구 자양로13다길10,,37.53271,127.079280,양방향,N,N,Y,,2021,2025-09-01,Y,서울특별시 광진구청,02-450-7678,2025-10-29,I,2026-05-15 18:45:47,2025-10-29 16:37:09
3040000,202530400000900517,생활방범-545,방범용,가로변,서울특별시 광진구 뚝섬로681,서울특별시 광진구 뚝섬로681,,37.53227,127.085020,양방향,N,N,Y,,2021,2025-09-01,Y,서울특별시 광진구청,02-450-7678,2025-10-29,I,2026-05-15 18:45:47,2025-10-29 16:37:09
3040000,202530400000900518,생활방범-546,방범용,가로변,서울특별시 광진구 자양로 117,서울특별시 광진구 자양로 117,,37.5389,127.082410,양방향,N,N,Y,,2021,2025-09-01,Y,서울특별시 광진구청,02-450-7678,2025-10-29,I,2026-05-15 18:45:47,2025-10-29 16:37:09
3040000,202530400000900519,생활방범-547,방범용,가로변,서울특별시 광진구 자양로11길 11-1,서울특별시 광진구 자양로11길 11-1,,37.53456,127.083280,양방향,N,N,Y,,2021,2025-09-01,Y,서울특별시 광진구청,02-450-7678,2025-10-29,I,2026-05-15 18:45:47,2025-10-29 16:37:09
3040000,202530400000900520,생활방범-548,방범용,가로변,서울특별시 광진구 자양로13길 20,서울특별시 광진구 자양로13길 20,,37.53526,127.082950,양방향,N,N,Y,,2021,2025-09-01,Y,서울특별시 광진구청,02-450-7678,2025-10-29,I,2026-05-15 18:45:47,2025-10-29 16:37:09
3040000,202530400000900521,생활방범-549,방범용,가로변,서울특별시 광진구 자양로4가길6-10,서울특별시 광진구 자양로4가길6-10,,37.53204,127.087270,양방향,N,N,Y,,2021,2025-09-01,Y,서울특별시 광진구청,02-450-7678,2025-10-29,I,2026-05-15 18:45:47,2025-10-29 16:37:09
3040000,202530400000900522,생활방범-550,방범용,가로변,서울특별시 광진구 뚝섬로52길 71,서울특별시 광진구 뚝섬로52길 71,,37.52922,127.078370,양방향,N,N,Y,,2021,2025-09-01,Y,서울특별시 광진구청,02-450-7678,2025-10-29,I,2026-05-15 18:45:47,2025-10-29 16:37:09
3040000,202530400000900523,생활방범-551,방범용,가로변,서울특별시 광진구 뚝섬로703-1,서울특별시 광진구 뚝섬로703-1,,37.53318,127.087570,양방향,N,N,Y,,2021,2025-09-01,Y,서울특별시 광진구청,02-450-7678,2025-10-29,I,2026-05-15 18:45:47,2025-10-29 16:37:09
3040000,202530400000900524,생활방범-552,방범용,가로변,서울특별시 광진구 뚝섬로 54길 61,서울특별시 광진구 뚝섬로 54길 61,,37.52895,127.079780,양방향,N,N,Y,,2021,2025-09-01,Y,서울특별시 광진구청,02-450-7678,2025-10-29,I,2026-05-15 18:45:47,2025-10-29 16:37:09
3040000,202530400000900525,생활방범-553,방범용,가로변,서울특별시 광진구 자양번영로1길15,서울특별시 광진구 자양번영로1길15,,37.53058,127.074120,양방향,N,N,Y,,2021,2025-09-01,Y,서울특별시 광진구청,02-450-7678,2025-10-29,I,2026-05-15 18:45:47,2025-10-29 16:37:09
3040000,202530400000900526,생활방범-554,방범용,가로변,서울특별시 광진구 자양번영로 7길 3,서울특별시 광진구 자양번영로 7길 3,,37.53551,127.076360,양방향,N,N,Y,,2021,2025-09-01,Y,서울특별시 광진구청,02-450-7678,2025-10-29,I,2026-05-15 18:45:47,2025-10-29 16:37:09
3040000,202530400000900527,생활방범-555,방범용,가로변,서울특별시 광진구 자양동 84-27,서울특별시 광진구 자양동 84-27,,37.53305,127.064380,양방향,N,N,Y,,2021,2025-09-01,Y,서울특별시 광진구청,02-450-7678,2025-10-29,I,2026-05-15 18:45:47,2025-10-29 16:37:09
3040000,202530400000900528,생활방범-556,방범용,가로변,서울특별시 광진구 뚝섬로27길3,서울특별시 광진구 뚝섬로27길3,,37.5361,127.065940,양방향,N,N,Y,,2021,2025-09-01,Y,서울특별시 광진구청,02-450-7678,2025-10-29,I,2026-05-15 18:45:47,2025-10-29 16:37:09
3040000,202530400000900529,생활방범-557,방범용,가로변,서울특별시 광진구 아차산로24길 17,서울특별시 광진구 아차산로24길 17,,37.54017,127.064850,양방향,N,N,Y,,2021,2025-09-01,Y,서울특별시 광진구청,02-450-7678,2025-10-29,I,2026-05-15 18:45:47,2025-10-29 16:37:09
3040000,202530400000900530,생활방범-558,방범용,가로변,서울특별시 광진구 아차산로192,서울특별시 광진구 아차산로192,,37.54129,127.064500,양방향,N,N,Y,,2021,2025-09-01,Y,서울특별시 광진구청,02-450-7678,2025-10-29,I,2026-05-15 18:45:47,2025-10-29 16:37:09
3040000,202530400000900531,생활방범-559,방범용,가로변,서울특별시 광진구 자양강변길 119,서울특별시 광진구 자양강변길 119,,37.53216,127.065110,양방향,N,N,Y,,2021,2025-09-01,Y,서울특별시 광진구청,02-450-7678,2025-10-29,I,2026-05-15 18:45:47,2025-10-29 16:37:09
3040000,202530400000900532,생활방범-560,방범용,가로변,서울특별시 광진구 동일로26길 47,서울특별시 광진구 동일로26길 47,,37.54463,127.068610,양방향,N,N,Y,,2021,2025-09-01,Y,서울특별시 광진구청,02-450-7678,2025-10-29,I,2026-05-15 18:45:47,2025-10-29 16:37:09
3040000,202530400000900533,생활방범-561,방범용,가로변,서울특별시 광진구 동일로28길54,서울특별시 광진구 동일로28길54,,37.54592,127.069480,양방향,N,N,Y,,2021,2025-09-01,Y,서울특별시 광진구청,02-450-7678,2025-10-29,I,2026-05-15 18:45:47,2025-10-29 16:37:09
3040000,202530400000900534,생활방범-562,방범용,가로변,서울특별시 광진구 아차산로 23길 45,서울특별시 광진구 아차산로 23길 45,,37.54392,127.066870,양방향,N,N,Y,,2021,2025-09-01,Y,서울특별시 광진구청,02-450-7678,2025-10-29,I,2026-05-15 18:45:47,2025-10-29 16:37:09
3040000,202530400000900535,생활방범-563,방범용,가로변,서울특별시 광진구 아차산로 21길 109,서울특별시 광진구 아차산로 21길 109,,37.54655,127.067390,양방향,N,N,Y,,2021,2025-09-01,Y,서울특별시 광진구청,02-450-7678,2025-10-29,I,2026-05-15 18:45:47,2025-10-29 16:37:09
3040000,202530400000900536,생활방범-564,방범용,가로변,서울특별시 광진구 광나루로 14길 26,서울특별시 광진구 광나루로 14길 26,,37.54683,127.068360,양방향,N,N,Y,,2021,2025-09-01,Y,서울특별시 광진구청,02-450-7678,2025-10-29,I,2026-05-15 18:45:47,2025-10-29 16:37:09
3040000,202530400000900537,생활방범-565,방범용,가로변,서울특별시 광진구 능동로 16길 14,서울특별시 광진구 능동로 16길 14,,37.54483,127.073870,양방향,N,N,Y,,2021,2025-09-01,Y,서울특별시 광진구청,02-450-7678,2025-10-29,I,2026-05-15 18:45:47,2025-10-29 16:37:09
3040000,202530400000900538,생활방범-566,방범용,가로변,서울특별시 광진구 긴고랑로7길 101,서울특별시 광진구 긴고랑로7길 101,,37.56751,127.081370,양방향,N,N,Y,,2022,2025-09-01,Y,서울특별시 광진구청,02-450-7678,2025-10-29,I,2026-05-15 18:45:47,2025-10-29 16:37:10
3040000,202530400000900539,생활방범-567,방범용,가로변,서울특별시 광진구 천호대로119길 16,서울특별시 광진구 천호대로119길 16,,37.55537,127.086170,양방향,N,N,Y,,2022,2025-09-01,Y,서울특별시 광진구청,02-450-7678,2025-10-29,I,2026-05-15 18:45:47,2025-10-29 16:37:10
3040000,202530400000900540,생활방범-568,방범용,가로변,서울특별시 광진구 용마산로 33길 9-7,서울특별시 광진구 용마산로 33길 9-7,,37.56975,127.085390,양방향,N,N,Y,,2022,2025-09-01,Y,서울특별시 광진구청,02-450-7678,2025-10-29,I,2026-05-15 18:45:47,2025-10-29 16:37:10
3040000,202530400000900541,생활방범-569,방범용,가로변,서울특별시 광진구 영화사로 16,서울특별시 광진구 영화사로 16,,37.55773,127.089310,양방향,N,N,Y,,2022,2025-09-01,Y,서울특별시 광진구청,02-450-7678,2025-10-29,I,2026-05-15 18:45:47,2025-10-29 16:37:10
3040000,202530400000900542,생활방범-570,방범용,가로변,서울특별시 광진구 긴고랑로 44길 26-12,서울특별시 광진구 긴고랑로 44길 26-12,,37.55857,127.094500,양방향,N,N,Y,,2022,2025-09-01,Y,서울특별시 광진구청,02-450-7678,2025-10-29,I,2026-05-15 18:45:47,2025-10-29 16:37:10
3040000,202530400000900543,생활방범-571,방범용,가로변,서울특별시 광진구 천호대로 114길 58,서울특별시 광진구 천호대로 114길 58,,37.55323,127.081620,양방향,N,N,Y,,2022,2025-09-01,Y,서울특별시 광진구청,02-450-7678,2025-10-29,I,2026-05-15 18:45:47,2025-10-29 16:37:10
3040000,202530400000900544,생활방범-572,방범용,가로변,서울특별시 광진구 자양로 237-1,서울특별시 광진구 자양로 237-1,,37.54782,127.088060,양방향,N,N,Y,,2022,2025-09-01,Y,서울특별시 광진구청,02-450-7678,2025-10-29,I,2026-05-15 18:45:47,2025-10-29 16:37:10
3040000,202530400000900545,생활방범-573,방범용,가로변,서울특별시 광진구 영화사로 11길 39,서울특별시 광진구 영화사로 11길 39,,37.55604,127.095120,양방향,N,N,Y,,2022,2025-09-01,Y,서울특별시 광진구청,02-450-7678,2025-10-29,I,2026-05-15 18:45:47,2025-10-29 16:37:10
3040000,202530400000900546,생활방범-574,방범용,가로변,서울특별시 광진구 광장로 7길 27,서울특별시 광진구 광장로 7길 27,,37.54898,127.105560,양방향,N,N,Y,,2022,2025-09-01,Y,서울특별시 광진구청,02-450-7678,2025-10-29,I,2026-05-15 18:45:47,2025-10-29 16:37:10
3040000,202530400000900547,생활방범-575,방범용,가로변,서울특별시 광진구 동일로56길 48,서울특별시 광진구 동일로56길 48,,37.55536,127.074610,양방향,N,N,Y,,2022,2025-09-01,Y,서울특별시 광진구청,02-450-7678,2025-10-29,I,2026-05-15 18:45:47,2025-10-29 16:37:10
3040000,202530400000900548,생활방범-576,방범용,가로변,서울특별시 광진구 동일로38길 17,서울특별시 광진구 동일로38길 17,,37.55124,127.070410,양방향,N,N,Y,,2022,2025-09-01,Y,서울특별시 광진구청,02-450-7678,2025-10-29,I,2026-05-15 18:45:47,2025-10-29 16:37:10
3040000,202530400000900549,생활방범-577,방범용,가로변,서울특별시 광진구 동일로 212,서울특별시 광진구 동일로 212,,37.55053,127.069230,양방향,N,N,Y,,2022,2025-09-01,Y,서울특별시 광진구청,02-450-7678,2025-10-29,I,2026-05-15 18:45:47,2025-10-29 16:37:10
3040000,202530400000900550,생활방범-578,방범용,가로변,서울특별시 광진구 군자로10길22,서울특별시 광진구 군자로10길22,,37.54887,127.071890,양방향,N,N,Y,,2022,2025-09-01,Y,서울특별시 광진구청,02-450-7678,2025-10-29,I,2026-05-15 18:45:47,2025-10-29 16:37:10
3040000,202530400000900551,생활방범-579,방범용,가로변,서울특별시 광진구 천호대로 104길22,서울특별시 광진구 천호대로 104길22,,37.55755,127.075350,양방향,N,N,Y,,2022,2025-09-01,Y,서울특별시 광진구청,02-450-7678,2025-10-29,I,2026-05-15 18:45:47,2025-10-29 16:37:10
3040000,202530400000900552,생활방범-580,방범용,가로변,서울특별시 광진구 광나루로 19길51,서울특별시 광진구 광나루로 19길51,,37.54976,127.072650,양방향,N,N,Y,,2022,2025-09-01,Y,서울특별시 광진구청,02-450-7678,2025-10-29,I,2026-05-15 18:45:47,2025-10-29 16:37:10
3040000,202530400000900553,생활방범-581,방범용,가로변,서울특별시 광진구 광나루로19길 31,서울특별시 광진구 광나루로19길 31,,37.54897,127.073300,양방향,N,N,Y,,2022,2025-09-01,Y,서울특별시 광진구청,02-450-7678,2025-10-29,I,2026-05-15 18:45:47,2025-10-29 16:37:10
3040000,202530400000900554,생활방범-582,방범용,가로변,서울특별시 광진구 광나루로 16길 18,서울특별시 광진구 광나루로 16길 18,,37.5468,127.069190,양방향,N,N,Y,,2022,2025-09-01,Y,서울특별시 광진구청,02-450-7678,2025-10-29,I,2026-05-15 18:45:47,2025-10-29 16:37:10
3040000,202530400000900555,생활방범-583,방범용,가로변,서울특별시 광진구 군자로 43,서울특별시 광진구 군자로 43,,37.54706,127.070270,양방향,N,N,Y,,2022,2025-09-01,Y,서울특별시 광진구청,02-450-7678,2025-10-29,I,2026-05-15 18:45:47,2025-10-29 16:37:10
3040000,202530400000900556,생활방범-584,방범용,가로변,서울특별시 광진구 능동로 17길 6,서울특별시 광진구 능동로 17길 6,,37.54611,127.072970,양방향,N,N,Y,,2022,2025-09-01,Y,서울특별시 광진구청,02-450-7678,2025-10-29,I,2026-05-15 18:45:47,2025-10-29 16:37:10
3040000,202530400000900557,생활방범-585,방범용,가로변,서울특별시 광진구 군자로 5길 29,서울특별시 광진구 군자로 5길 29,,37.5448,127.069510,양방향,N,N,Y,,2022,2025-09-01,Y,서울특별시 광진구청,02-450-7678,2025-10-29,I,2026-05-15 18:45:47,2025-10-29 16:37:10
3040000,202530400000900558,생활방범-586,방범용,가로변,서울특별시 광진구 능동로 13길 39,서울특별시 광진구 능동로 13길 39,,37.54333,127.070400,양방향,N,N,Y,,2022,2025-09-01,Y,서울특별시 광진구청,02-450-7678,2025-10-29,I,2026-05-15 18:45:47,2025-10-29 16:37:10
3040000,202530400000900559,생활방범-587,방범용,가로변,서울특별시 광진구 광나루로 14길 31,서울특별시 광진구 광나루로 14길 31,,37.54634,127.068130,양방향,N,N,Y,,2022,2025-09-01,Y,서울특별시 광진구청,02-450-7678,2025-10-29,I,2026-05-15 18:45:47,2025-10-29 16:37:10
3040000,202530400000900560,생활방범-588,방범용,가로변,서울특별시 광진구 아차산로39길 36,서울특별시 광진구 아차산로39길 36,,37.53894,127.075690,양방향,N,N,Y,,2022,2025-09-01,Y,서울특별시 광진구청,02-450-7678,2025-10-29,I,2026-05-15 18:45:47,2025-10-29 16:37:10
3040000,202530400000900561,생활방범-589,방범용,가로변,서울특별시 광진구 아차산로 78길 18,서울특별시 광진구 아차산로 78길 18,,37.5504,127.109760,양방향,N,N,Y,,2022,2025-09-01,Y,서울특별시 광진구청,02-450-7678,2025-10-29,I,2026-05-15 18:45:47,2025-10-29 16:37:10
3040000,202530400000900562,생활방범-590,방범용,가로변,서울특별시 광진구 아차산로 75길 9,서울특별시 광진구 아차산로 75길 9,,37.54628,127.104680,양방향,N,N,Y,,2022,2025-09-01,Y,서울특별시 광진구청,02-450-7678,2025-10-29,I,2026-05-15 18:45:47,2025-10-29 16:37:10
3040000,202530400000900563,생활방범-591,방범용,가로변,서울특별시 광진구 능동로 25길 48,서울특별시 광진구 능동로 25길 48,,37.5531,127.074710,양방향,N,N,Y,,2022,2025-09-01,Y,서울특별시 광진구청,02-450-7678,2025-10-29,I,2026-05-15 18:45:47,2025-10-29 16:37:10
3040000,202530400000900564,생활방범-592,방범용,가로변,서울특별시 광진구 능동로 21길 14-10,서울특별시 광진구 능동로 21길 14-10,,37.55175,127.075820,양방향,N,N,Y,,2022,2025-09-01,Y,서울특별시 광진구청,02-450-7678,2025-10-29,I,2026-05-15 18:45:47,2025-10-29 16:37:10
3040000,202530400000900565,생활방범-593,방범용,가로변,서울특별시 광진구 군자로 160-1,서울특별시 광진구 군자로 160-1,,37.55511,127.076740,양방향,N,N,Y,,2022,2025-09-01,Y,서울특별시 광진구청,02-450-7678,2025-10-29,I,2026-05-15 18:45:47,2025-10-29 16:37:10
3040000,202530400000900566,생활방범-594,방범용,가로변,서울특별시 광진구 동일로 26길 9,서울특별시 광진구 동일로 26길 9,,37.54531,127.066680,양방향,N,N,Y,,2022,2025-09-01,Y,서울특별시 광진구청,02-450-7678,2025-10-29,I,2026-05-15 18:45:47,2025-10-29 16:37:10
3040000,202530400000900567,생활방범-595,방범용,가로변,서울특별시 광진구 면목로9길31,서울특별시 광진구 면목로9길31,,37.56079,127.076620,양방향,N,N,Y,,2022,2025-09-01,Y,서울특별시 광진구청,02-450-7678,2025-10-29,I,2026-05-15 18:45:47,2025-10-29 16:37:10
3040000,202530400000900568,생활방범-596,방범용,가로변,서울특별시 광진구 천호대로123길83-13,서울특별시 광진구 천호대로123길83-13,,37.55913,127.085910,양방향,N,N,Y,,2022,2025-09-01,Y,서울특별시 광진구청,02-450-7678,2025-10-29,I,2026-05-15 18:45:47,2025-10-29 16:37:10
3040000,202530400000900569,생활방범-597,방범용,가로변,서울특별시 광진구 면목로15길30,서울특별시 광진구 면목로15길30,,37.56907,127.081300,양방향,N,N,Y,,2022,2025-09-01,Y,서울특별시 광진구청,02-450-7678,2025-10-29,I,2026-05-15 18:45:47,2025-10-29 16:37:10
3040000,202530400000900570,생활방범-598,방범용,가로변,서울특별시 광진구 용마산로22길9,서울특별시 광진구 용마산로22길9,,37.56358,127.087720,양방향,N,N,Y,,2022,2025-09-01,Y,서울특별시 광진구청,02-450-7678,2025-10-29,I,2026-05-15 18:45:47,2025-10-29 16:37:10
3040000,202530400000900571,생활방범-599,방범용,가로변,서울특별시 광진구 능동로24길60-84길,서울특별시 광진구 능동로24길60-84길,,37.55254,127.080140,양방향,N,N,Y,,2022,2025-09-01,Y,서울특별시 광진구청,02-450-7678,2025-10-29,I,2026-05-15 18:45:47,2025-10-29 16:37:10
3040000,202530400000900572,생활방범-600,방범용,가로변,서울특별시 광진구 군자로11길11,서울특별시 광진구 군자로11길11,,37.55078,127.070190,양방향,N,N,Y,,2022,2025-09-01,Y,서울특별시 광진구청,02-450-7678,2025-10-29,I,2026-05-15 18:45:47,2025-10-29 16:37:10
3040000,202530400000900573,생활방범-601,방범용,가로변,서울특별시 광진구 군자로15길21,서울특별시 광진구 군자로15길21,,37.55442,127.073510,양방향,N,N,Y,,2022,2025-09-01,Y,서울특별시 광진구청,02-450-7678,2025-10-29,I,2026-05-15 18:45:47,2025-10-29 16:37:10
3040000,202530400000900574,생활방범-602,방범용,가로변,서울특별시 광진구 광장로1-20,서울특별시 광진구 광장로1-20,,37.54638,127.101530,양방향,N,N,Y,,2022,2025-09-01,Y,서울특별시 광진구청,02-450-7678,2025-10-29,I,2026-05-15 18:45:47,2025-10-29 16:37:10
3040000,202530400000900575,생활방범-603,방범용,가로변,서울특별시 광진구 광장로77,서울특별시 광진구 광장로77,,37.54771,127.105730,양방향,N,N,Y,,2022,2025-09-01,Y,서울특별시 광진구청,02-450-7678,2025-10-29,I,2026-05-15 18:45:47,2025-10-29 16:37:10
3040000,202530400000900576,생활방범-604,방범용,가로변,서울특별시 광진구 광장로89,서울특별시 광진구 광장로89,,37.548,127.106920,양방향,N,N,Y,,2022,2025-09-01,Y,서울특별시 광진구청,02-450-7678,2025-10-29,I,2026-05-15 18:45:47,2025-10-29 16:37:10
3040000,202530400000900577,생활방범-605,방범용,가로변,서울특별시 광진구 영화사로3나길 28,서울특별시 광진구 영화사로3나길 28,,37.55709,127.093690,양방향,N,N,Y,,2022,2025-09-01,Y,서울특별시 광진구청,02-450-7678,2025-10-29,I,2026-05-15 18:45:47,2025-10-29 16:37:10
3040000,202530400000900578,생활방범-606,방범용,가로변,서울특별시 광진구 용마사로30길 37,서울특별시 광진구 용마사로30길 37,,37.56865,127.088080,양방향,N,N,Y,,2022,2025-09-01,Y,서울특별시 광진구청,02-450-7678,2025-10-29,I,2026-05-15 18:45:47,2025-10-29 16:37:10
3040000,202530400000900579,생활방범-607,방범용,가로변,서울특별시 광진구 자양로37길 85,서울특별시 광진구 자양로37길 85,,37.54747,127.085800,양방향,N,N,Y,,2022,2025-09-01,Y,서울특별시 광진구청,02-450-7678,2025-10-29,I,2026-05-15 18:45:47,2025-10-29 16:37:10
3040000,202530400000900580,생활방범-608,방범용,가로변,서울특별시 광진구 광장로1나길 8,서울특별시 광진구 광장로1나길 8,,37.54818,127.101970,양방향,N,N,Y,,2022,2025-09-01,Y,서울특별시 광진구청,02-450-7678,2025-10-29,I,2026-05-15 18:45:47,2025-10-29 16:37:10
3040000,202530400000900581,생활방범-609,방범용,가로변,서울특별시 광진구 자양로15길 27,서울특별시 광진구 자양로15길 27,,37.53556,127.082380,양방향,N,N,Y,,2022,2025-09-01,Y,서울특별시 광진구청,02-450-7678,2025-10-29,I,2026-05-15 18:45:47,2025-10-29 16:37:10
3040000,202530400000900582,생활방범-610,방범용,가로변,서울특별시 광진구 아차산로44가길 16,서울특별시 광진구 아차산로44가길 16,,37.53565,127.079750,양방향,N,N,Y,,2022,2025-09-01,Y,서울특별시 광진구청,02-450-7678,2025-10-29,I,2026-05-15 18:45:47,2025-10-29 16:37:10
3040000,202530400000900583,생활방범-611,방범용,가로변,서울특별시 광진구 뚝섬로58길 58,서울특별시 광진구 뚝섬로58길 58,,37.52958,127.085220,양방향,N,N,Y,,2022,2025-09-01,Y,서울특별시 광진구청,02-450-7678,2025-10-29,I,2026-05-15 18:45:47,2025-10-29 16:37:10
3040000,202530400000900584,생활방범-612,방범용,가로변,서울특별시 광진구 뚝섬로33길 34,서울특별시 광진구 뚝섬로33길 34,,37.53634,127.069920,양방향,N,N,Y,,2022,2025-09-01,Y,서울특별시 광진구청,02-450-7678,2025-10-29,I,2026-05-15 18:45:47,2025-10-29 16:37:10
3040000,202530400000900585,생활방범-613,방범용,가로변,서울특별시 광진구 아차산로21길 62,서울특별시 광진구 아차산로21길 62,,37.54446,127.066220,양방향,N,N,Y,,2022,2025-09-01,Y,서울특별시 광진구청,02-450-7678,2025-10-29,I,2026-05-15 18:45:47,2025-10-29 16:37:10
3040000,202530400000900586,생활방범-614,방범용,가로변,서울특별시 광진구 면목로114,서울특별시 광진구 면목로114,,37.56366,127.080130,양방향,N,N,Y,,2022,2025-09-01,Y,서울특별시 광진구청,02-450-7678,2025-10-29,I,2026-05-15 18:45:47,2025-10-29 16:37:10
3040000,202530400000900587,생활방범-615,방범용,가로변,서울특별시 광진구 능동로 237,서울특별시 광진구 능동로 237,,37.55104,127.076140,양방향,N,N,Y,,2023,2025-09-01,Y,서울특별시 광진구청,02-450-7678,2025-10-29,I,2026-05-15 18:45:47,2025-10-29 16:37:10
3040000,202530400000900588,생활방범-616,방범용,가로변,서울특별시 광진구 군자로 114,서울특별시 광진구 군자로 114,,37.54914,127.075180,양방향,N,N,Y,,2023,2025-09-01,Y,서울특별시 광진구청,02-450-7678,2025-10-29,I,2026-05-15 18:45:47,2025-10-29 16:37:10
3040000,202530400000900589,생활방범-617,방범용,가로변,서울특별시 광진구 아차산로39길 38-7,서울특별시 광진구 아차산로39길 38-7,,37.53923,127.075200,양방향,N,N,Y,,2023,2025-09-01,Y,서울특별시 광진구청,02-450-7678,2025-10-29,I,2026-05-15 18:45:47,2025-10-29 16:37:10
3040000,202530400000900590,생활방범-618,방범용,가로변,서울특별시 광진구 아차산로39가길 8,서울특별시 광진구 아차산로39가길 8,,37.53915,127.076750,양방향,N,N,Y,,2023,2025-09-01,Y,서울특별시 광진구청,02-450-7678,2025-10-29,I,2026-05-15 18:45:47,2025-10-29 16:37:10
3040000,202530400000900591,생활방범-619,방범용,가로변,서울특별시 광진구 광장로1다길 23,서울특별시 광진구 광장로1다길 23,,37.54511,127.098870,양방향,N,N,Y,,2023,2025-09-01,Y,서울특별시 광진구청,02-450-7678,2025-10-29,I,2026-05-15 18:45:47,2025-10-29 16:37:10
3040000,202530400000900592,생활방범-620,방범용,가로변,서울특별시 광진구 광장동 5-119,서울특별시 광진구 광장동 5-119,,37.55141,127.101970,양방향,N,N,Y,,2023,2025-09-01,Y,서울특별시 광진구청,02-450-7678,2025-10-29,I,2026-05-15 18:45:47,2025-10-29 16:37:10
3040000,202530400000900593,생활방범-621,방범용,가로변,서울특별시 광진구 광장동 5-116,서울특별시 광진구 광장동 5-116,,37.55175,127.103500,양방향,N,N,Y,,2023,2025-09-01,Y,서울특별시 광진구청,02-450-7678,2025-10-29,I,2026-05-15 18:45:47,2025-10-29 16:37:10
3040000,202530400000900594,생활방범-622,방범용,가로변,서울특별시 광진구 용마산로22길 76,서울특별시 광진구 용마산로22길 76,,37.56586,127.088270,양방향,N,N,Y,,2023,2025-09-01,Y,서울특별시 광진구청,02-450-7678,2025-10-29,I,2026-05-15 18:45:47,2025-10-29 16:37:10
3040000,202530400000900595,생활방범-623,방범용,가로변,서울특별시 광진구 군자동 111-2,서울특별시 광진구 군자동 111-2,,37.55324,127.073250,양방향,N,N,Y,,2023,2025-09-01,Y,서울특별시 광진구청,02-450-7678,2025-10-29,I,2026-05-15 18:45:47,2025-10-29 16:37:10
3040000,202530400000900596,생활방범-624,방범용,가로변,서울특별시 광진구 자양로37길 43,서울특별시 광진구 자양로37길 43,,37.54895,127.085950,양방향,N,N,Y,,2023,2025-09-01,Y,서울특별시 광진구청,02-450-7678,2025-10-29,I,2026-05-15 18:45:47,2025-10-29 16:37:10
3040000,202530400000900597,생활방범-625,방범용,가로변,서울특별시 광진구 자양로37길 38-6,서울특별시 광진구 자양로37길 38-6,,37.54884,127.086630,양방향,N,N,Y,,2023,2025-09-01,Y,서울특별시 광진구청,02-450-7678,2025-10-29,I,2026-05-15 18:45:47,2025-10-29 16:37:10
3040000,202530400000900598,생활방범-626,방범용,가로변,서울특별시 광진구 구의동 4-20,서울특별시 광진구 구의동 4-20,,37.55317,127.098350,양방향,N,N,Y,,2023,2025-09-01,Y,서울특별시 광진구청,02-450-7678,2025-10-29,I,2026-05-15 18:45:47,2025-10-29 16:37:10
3040000,202530400000900599,생활방범-627,방범용,가로변,서울특별시 광진구 워커힐로 32,서울특별시 광진구 워커힐로 32,,37.54473,127.097590,양방향,N,N,Y,,2023,2025-09-01,Y,서울특별시 광진구청,02-450-7678,2025-10-29,I,2026-05-15 18:45:47,2025-10-29 16:37:10
3040000,202530400000900600,생활방범-628,방범용,가로변,서울특별시 광진구 강변역로 18,서울특별시 광진구 강변역로 18,,37.53772,127.091660,양방향,N,N,Y,,2023,2025-09-01,Y,서울특별시 광진구청,02-450-7678,2025-10-29,I,2026-05-15 18:45:47,2025-10-29 16:37:10
3040000,202530400000900601,생활방범-629,방범용,가로변,서울특별시 광진구 자양강변길 301,서울특별시 광진구 자양강변길 301,,37.52944,127.075320,양방향,N,N,Y,,2023,2025-09-01,Y,서울특별시 광진구청,02-450-7678,2025-10-29,I,2026-05-15 18:45:47,2025-10-29 16:37:10
3040000,202530400000900602,생활방범-630,방범용,가로변,서울특별시 광진구 뚝섬로44길 56,서울특별시 광진구 뚝섬로44길 56,,37.53031,127.075600,양방향,N,N,Y,,2023,2025-09-01,Y,서울특별시 광진구청,02-450-7678,2025-10-29,I,2026-05-15 18:45:47,2025-10-29 16:37:10
3040000,202530400000900603,생활방범-631,방범용,가로변,서울특별시 광진구 뚝섬로 561,서울특별시 광진구 뚝섬로 561,,37.53397,127.072530,양방향,N,N,Y,,2023,2025-09-01,Y,서울특별시 광진구청,02-450-7678,2025-10-29,I,2026-05-15 18:45:47,2025-10-29 16:37:10
3040000,202530400000900604,생활방범-632,방범용,가로변,서울특별시 광진구 천호대로138길 40,서울특별시 광진구 천호대로138길 40,,37.54739,127.092100,양방향,N,N,Y,,2023,2025-09-01,Y,서울특별시 광진구청,02-450-7678,2025-10-29,I,2026-05-15 18:45:47,2025-10-29 16:37:10
3040000,202530400000900605,생활방범-633,방범용,가로변,서울특별시 광진구 광장로1가길 13,서울특별시 광진구 광장로1가길 13,,37.54749,127.101220,양방향,N,N,Y,,2023,2025-09-01,Y,서울특별시 광진구청,02-450-7678,2025-10-29,I,2026-05-15 18:45:47,2025-10-29 16:37:10
3040000,202530400000900606,생활방범-634,방범용,가로변,서울특별시 광진구 자양로 35,서울특별시 광진구 자양로 35,,37.53091,127.086280,양방향,N,N,Y,,2023,2025-09-01,Y,서울특별시 광진구청,02-450-7678,2025-10-29,I,2026-05-15 18:45:47,2025-10-29 16:37:10
3040000,202530400000900607,생활방범-635,방범용,가로변,서울특별시 광진구 자양로3길 16,서울특별시 광진구 자양로3길 16,,37.53061,127.085610,양방향,N,N,Y,,2023,2025-09-01,Y,서울특별시 광진구청,02-450-7678,2025-10-29,I,2026-05-15 18:45:47,2025-10-29 16:37:10
3040000,202530400000900608,생활방범-636,방범용,가로변,서울특별시 광진구 뚝섬로64길 45,서울특별시 광진구 뚝섬로64길 45,,37.53114,127.090320,양방향,N,N,Y,,2023,2025-09-01,Y,서울특별시 광진구청,02-450-7678,2025-10-29,I,2026-05-15 18:45:47,2025-10-29 16:37:10
3040000,202530400000900609,생활방범-637,방범용,가로변,서울특별시 광진구 자양동 783-2,서울특별시 광진구 자양동 783-2,,37.53575,127.074390,양방향,N,N,Y,,2023,2025-09-01,Y,서울특별시 광진구청,02-450-7678,2025-10-29,I,2026-05-15 18:45:47,2025-10-29 16:37:10
3040000,202530400000900610,생활방범-638,방범용,가로변,서울특별시 광진구 능동로3길 61-8,서울특별시 광진구 능동로3길 61-8,,37.53382,127.063830,양방향,N,N,Y,,2023,2025-09-01,Y,서울특별시 광진구청,02-450-7678,2025-10-29,I,2026-05-15 18:45:47,2025-10-29 16:37:10
3040000,202530400000900611,생활방범-639,방범용,가로변,서울특별시 광진구 자양동 57-2,서울특별시 광진구 자양동 57-2,,37.53273,127.062910,양방향,N,N,Y,,2023,2025-09-01,Y,서울특별시 광진구청,02-450-7678,2025-10-29,I,2026-05-15 18:45:47,2025-10-29 16:37:10
3040000,202530400000900612,생활방범-640,방범용,가로변,서울특별시 광진구 광나루로30길 80,서울특별시 광진구 광나루로30길 80,,37.54307,127.080370,양방향,N,N,Y,,2023,2025-09-01,Y,서울특별시 광진구청,02-450-7678,2025-10-29,I,2026-05-15 18:45:47,2025-10-29 16:37:10
3040000,202530400000900613,생활방범-641,방범용,가로변,서울특별시 광진구 뚝섬로58길 68,서울특별시 광진구 뚝섬로58길 68,,37.52926,127.084540,양방향,N,N,Y,,2023,2025-09-01,Y,서울특별시 광진구청,02-450-7678,2025-10-29,I,2026-05-15 18:45:47,2025-10-29 16:37:10
3040000,202530400000900614,생활방범-642,방범용,가로변,서울특별시 광진구 아차산로70 17-16,서울특별시 광진구 아차산로70 17-16,,37.54058,127.102740,양방향,N,N,Y,,2023,2025-09-01,Y,서울특별시 광진구청,02-450-7678,2025-10-29,I,2026-05-15 18:45:47,2025-10-29 16:37:10
3040000,202530400000900615,생활방범-643,방범용,가로변,서울특별시 광진구 동일로22길 117-20,서울특별시 광진구 동일로22길 117-20,,37.54128,127.070840,양방향,N,N,Y,,2023,2025-09-01,Y,서울특별시 광진구청,02-450-7678,2025-10-29,I,2026-05-15 18:45:47,2025-10-29 16:37:10
3040000,202530400000900616,생활방범-644,방범용,가로변,서울특별시 광진구 아차산로27길 60,서울특별시 광진구 아차산로27길 60,,37.54406,127.068990,양방향,N,N,Y,,2023,2025-09-01,Y,서울특별시 광진구청,02-450-7678,2025-10-29,I,2026-05-15 18:45:47,2025-10-29 16:37:10
3040000,202530400000900617,생활방범-645,방범용,가로변,서울특별시 광진구 능동로103,서울특별시 광진구 능동로103,,37.54017,127.070550,양방향,N,N,Y,,2023,2025-09-01,Y,서울특별시 광진구청,02-450-7678,2025-10-29,I,2026-05-15 18:45:47,2025-10-29 16:37:10
3040000,202530400000900618,생활방범-646,방범용,가로변,서울특별시 광진구 아차산로27길 20,서울특별시 광진구 아차산로27길 20,,37.54261,127.068020,양방향,N,N,Y,,2023,2025-09-01,Y,서울특별시 광진구청,02-450-7678,2025-10-29,I,2026-05-15 18:45:47,2025-10-29 16:37:10
3040000,202530400000900619,생활방범-647,방범용,가로변,서울특별시 광진구 광나루로22가길 12,서울특별시 광진구 광나루로22가길 12,,37.54597,127.075530,양방향,N,N,Y,,2023,2025-09-01,Y,서울특별시 광진구청,02-450-7678,2025-10-29,I,2026-05-15 18:45:47,2025-10-29 16:37:10
3040000,202530400000900620,생활방범-648,방범용,가로변,서울특별시 광진구 아차산로23길 23-5,서울특별시 광진구 아차산로23길 23-5,,37.54327,127.066140,양방향,N,N,Y,,2023,2025-09-01,Y,서울특별시 광진구청,02-450-7678,2025-10-29,I,2026-05-15 18:45:47,2025-10-29 16:37:10
3040000,202530400000900621,생활방범-649,방범용,가로변,서울특별시 광진구 군자로6길 20,서울특별시 광진구 군자로6길 20,,37.54593,127.071740,양방향,N,N,Y,,2023,2025-09-01,Y,서울특별시 광진구청,02-450-7678,2025-10-29,I,2026-05-15 18:45:47,2025-10-29 16:37:10
3040000,202530400000900622,생활방범-650,방범용,가로변,서울특별시 광진구 군자로6길 51,서울특별시 광진구 군자로6길 51,,37.54581,127.072300,양방향,N,N,Y,,2023,2025-09-01,Y,서울특별시 광진구청,02-450-7678,2025-10-29,I,2026-05-15 18:45:47,2025-10-29 16:37:10
3040000,202530400000900623,생활방범-651,방범용,가로변,서울특별시 광진구 천호대로111길 9,서울특별시 광진구 천호대로111길 9,,37.55694,127.082170,양방향,N,N,Y,,2023,2025-09-01,Y,서울특별시 광진구청,02-450-7678,2025-10-29,I,2026-05-15 18:45:47,2025-10-29 16:37:10
3040000,202530400000900624,생활방범-652,방범용,가로변,서울특별시 광진구 천호대로 585,서울특별시 광진구 천호대로 585,,37.55594,127.083220,양방향,N,N,Y,,2023,2025-09-01,Y,서울특별시 광진구청,02-450-7678,2025-10-29,I,2026-05-15 18:45:47,2025-10-29 16:37:10
3040000,202530400000900625,생활방범-653,방범용,가로변,서울특별시 광진구 천호대로 115길 29,서울특별시 광진구 천호대로 115길 29,,37.5571,127.083940,양방향,N,N,Y,,2023,2025-09-01,Y,서울특별시 광진구청,02-450-7678,2025-10-29,I,2026-05-15 18:45:47,2025-10-29 16:37:10
3040000,202530400000900626,생활방범-654,방범용,가로변,서울특별시 광진구 긴고랑로20길 28,서울특별시 광진구 긴고랑로20길 28,,37.56003,127.083210,양방향,N,N,Y,,2023,2025-09-01,Y,서울특별시 광진구청,02-450-7678,2025-10-29,I,2026-05-15 18:45:47,2025-10-29 16:37:10
3040000,202530400000900627,생활방범-655,방범용,가로변,서울특별시 광진구 동일로 338,서울특별시 광진구 동일로 338,,37.56084,127.075020,양방향,N,N,Y,,2023,2025-09-01,Y,서울특별시 광진구청,02-450-7678,2025-10-29,I,2026-05-15 18:45:47,2025-10-29 16:37:10
3040000,202530400000900628,생활방범-656,방범용,가로변,서울특별시 광진구 동일로 360,서울특별시 광진구 동일로 360,,37.56299,127.075790,양방향,N,N,Y,,2023,2025-09-01,Y,서울특별시 광진구청,02-450-7678,2025-10-29,I,2026-05-15 18:45:47,2025-10-29 16:37:10
3040000,202530400000900629,생활방범-657,방범용,가로변,서울특별시 광진구 동일로68길 49,서울특별시 광진구 동일로68길 49,,37.5612,127.078350,양방향,N,N,Y,,2023,2025-09-01,Y,서울특별시 광진구청,02-450-7678,2025-10-29,I,2026-05-15 18:45:47,2025-10-29 16:37:10
3040000,202530400000900630,생활방범-658,방범용,가로변,서울특별시 광진구 용마산로 183,서울특별시 광진구 용마산로 183,,37.57009,127.086090,양방향,N,N,Y,,2023,2025-09-01,Y,서울특별시 광진구청,02-450-7678,2025-10-29,I,2026-05-15 18:45:47,2025-10-29 16:37:10
3040000,202530400000900631,생활방범-659,방범용,가로변,서울특별시 광진구 용마산로22길 5-8,서울특별시 광진구 용마산로22길 5-8,,37.56121,127.087250,양방향,N,N,Y,,2023,2025-09-01,Y,서울특별시 광진구청,02-450-7678,2025-10-29,I,2026-05-15 18:45:47,2025-10-29 16:37:10
3040000,202530400000900632,생활방범-660,방범용,가로변,서울특별시 광진구 용마산로22길 19-19,서울특별시 광진구 용마산로22길 19-19,,37.5646,127.088000,양방향,N,N,Y,,2023,2025-09-01,Y,서울특별시 광진구청,02-450-7678,2025-10-29,I,2026-05-15 18:45:47,2025-10-29 16:37:11
3040000,202530400000900633,생활방범-661,방범용,가로변,서울특별시 광진구 용마산로8라길 30,서울특별시 광진구 용마산로8라길 30,,37.56121,127.090470,양방향,N,N,Y,,2023,2025-09-01,Y,서울특별시 광진구청,02-450-7678,2025-10-29,I,2026-05-15 18:45:47,2025-10-29 16:37:11
3040000,202530400000900634,생활방범-662,방범용,가로변,서울특별시 광진구 자양로51길 28,서울특별시 광진구 자양로51길 28,,37.55401,127.092310,양방향,N,N,Y,,2023,2025-09-01,Y,서울특별시 광진구청,02-450-7678,2025-10-29,I,2026-05-15 18:45:47,2025-10-29 16:37:11
3040000,202530400000900635,생활방범-663,방범용,가로변,서울특별시 광진구 천호대로 623-1,서울특별시 광진구 천호대로 623-1,,37.55435,127.187070,양방향,N,N,Y,,2023,2025-09-01,Y,서울특별시 광진구청,02-450-7678,2025-10-29,I,2026-05-15 18:45:47,2025-10-29 16:37:11
3040000,202530400000900636,생활방범-664,방범용,가로변,서울특별시 광진구 능동로36길 186,서울특별시 광진구 능동로36길 186,,37.55238,127.088420,양방향,N,N,Y,,2023,2025-09-01,Y,서울특별시 광진구청,02-450-7678,2025-10-29,I,2026-05-15 18:45:47,2025-10-29 16:37:11
3040000,202530400000900637,생활방범-665,방범용,가로변,서울특별시 광진구 자양로41길 26-9,서울특별시 광진구 자양로41길 26-9,,37.55039,127.089890,양방향,N,N,Y,,2023,2025-09-01,Y,서울특별시 광진구청,02-450-7678,2025-10-29,I,2026-05-15 18:45:47,2025-10-29 16:37:11
3040000,202530400000900638,생활방범-666,방범용,가로변,서울특별시 광진구 자양로 282,서울특별시 광진구 자양로 282,,37.55092,127.091550,양방향,N,N,Y,,2023,2025-09-01,Y,서울특별시 광진구청,02-450-7678,2025-10-29,I,2026-05-15 18:45:47,2025-10-29 16:37:11
3040000,202530400000900639,생활방범-667,방범용,가로변,서울특별시 광진구 자양로37길 38,서울특별시 광진구 자양로37길 38,,37.54872,127.086390,양방향,N,N,Y,,2023,2025-09-01,Y,서울특별시 광진구청,02-450-7678,2025-10-29,I,2026-05-15 18:45:47,2025-10-29 16:37:11
3040000,202530400000900640,생활방범-668,방범용,가로변,서울특별시 광진구 뚝섬로52가길 42,서울특별시 광진구 뚝섬로52가길 42,,37.53081,127.081580,양방향,N,N,Y,,2023,2025-09-01,Y,서울특별시 광진구청,02-450-7678,2025-10-29,I,2026-05-15 18:45:47,2025-10-29 16:37:11
3040000,202530400000900641,생활방범-669,방범용,가로변,서울특별시 광진구 뚝섬로52가길 10,서울특별시 광진구 뚝섬로52가길 10,,37.53125,127.079970,양방향,N,N,Y,,2023,2025-09-01,Y,서울특별시 광진구청,02-450-7678,2025-10-29,I,2026-05-15 18:45:47,2025-10-29 16:37:11
3040000,202530400000900642,생활방범-670,방범용,가로변,서울특별시 광진구 뚝섬로24길 74,서울특별시 광진구 뚝섬로24길 74,,37.53301,127.062250,양방향,N,N,Y,,2023,2025-09-01,Y,서울특별시 광진구청,02-450-7678,2025-10-29,I,2026-05-15 18:45:47,2025-10-29 16:37:11
3040000,202530400000900643,생활방범-671,방범용,가로변,서울특별시 광진구 용마산로 160,서울특별시 광진구 용마산로 160,,37.56804,127.086170,양방향,N,N,Y,,2023,2025-09-01,Y,서울특별시 광진구청,02-450-7678,2025-10-29,I,2026-05-15 18:45:47,2025-10-29 16:37:11
3040000,202530400000900644,생활방범-672,방범용,가로변,서울특별시 광진구 뚝섬로31가길 12,서울특별시 광진구 뚝섬로31가길 12,,37.53612,127.067330,양방향,N,N,Y,,2023,2025-09-01,Y,서울특별시 광진구청,02-450-7678,2025-10-29,I,2026-05-15 18:45:47,2025-10-29 16:37:11
3040000,202530400000900645,생활방범-673,방범용,가로변,서울특별시 광진구 자양로15길 72,서울특별시 광진구 자양로15길 72,,37.53502,127.079740,양방향,N,N,Y,,2023,2025-09-01,Y,서울특별시 광진구청,02-450-7678,2025-10-29,I,2026-05-15 18:45:47,2025-10-29 16:37:11
3040000,202530400000900646,생활방범-674,방범용,가로변,서울특별시 광진구 군자로 96-14,서울특별시 광진구 군자로 96-14,,37.55133,127.071810,양방향,N,N,Y,,2023,2025-09-01,Y,서울특별시 광진구청,02-450-7678,2025-10-29,I,2026-05-15 18:45:47,2025-10-29 16:37:11
3040000,202530400000900647,생활방범-675,방범용,가로변,서울특별시 광진구 군자로2길 4,서울특별시 광진구 군자로2길 4,,37.54446,127.015260,양방향,N,N,Y,,2023,2025-09-01,Y,서울특별시 광진구청,02-450-7678,2025-10-29,I,2026-05-15 18:45:47,2025-10-29 16:37:11
3040000,202530400000900648,생활방범-676,방범용,가로변,서울특별시 광진구 용마산로8마길 26,서울특별시 광진구 용마산로8마길 26,,37.56131,127.090840,양방향,N,N,Y,,2023,2025-09-01,Y,서울특별시 광진구청,02-450-7678,2025-10-29,I,2026-05-15 18:45:47,2025-10-29 16:37:11
3040000,202530400000900649,생활방범-677,방범용,가로변,서울특별시 광진구 면목로 136-1,서울특별시 광진구 면목로 136-1,,37.56551,127.081120,양방향,N,N,Y,,2023,2025-09-01,Y,서울특별시 광진구청,02-450-7678,2025-10-29,I,2026-05-15 18:45:47,2025-10-29 16:37:11
3040000,202530400000900650,생활방범-678,방범용,가로변,서울특별시 광진구 뚝섬로58가길 9,서울특별시 광진구 뚝섬로58가길 9,,37.53072,127.084240,양방향,N,N,Y,,2023,2025-09-01,Y,서울특별시 광진구청,02-450-7678,2025-10-29,I,2026-05-15 18:45:47,2025-10-29 16:37:11
3040000,202530400000900651,생활방범-679,방범용,가로변,서울특별시 광진구 강변역로 53,서울특별시 광진구 강변역로 53,,37.53559,127.093840,양방향,N,N,Y,,2023,2025-09-01,Y,서울특별시 광진구청,02-450-7678,2025-10-29,I,2026-05-15 18:45:47,2025-10-29 16:37:11
3040000,202530400000900652,생활방범-680,방범용,가로변,서울특별시 광진구 자양로 96,서울특별시 광진구 자양로 96,,37.53621,127.083900,양방향,N,N,Y,,2023,2025-09-01,Y,서울특별시 광진구청,02-450-7678,2025-10-29,I,2026-05-15 18:45:47,2025-10-29 16:37:11
3040000,202530400000900653,생활방범-681,방범용,가로변,서울특별시 광진구 구의로3길 11,서울특별시 광진구 구의로3길 11,,37.54025,127.087940,양방향,N,N,Y,,2023,2025-09-01,Y,서울특별시 광진구청,02-450-7678,2025-10-29,I,2026-05-15 18:45:47,2025-10-29 16:37:11
3040000,202530400000900654,생활방범-682,방범용,가로변,서울특별시 광진구 구의로 19,서울특별시 광진구 구의로 19,,37.53969,127.089390,양방향,N,N,Y,,2023,2025-09-01,Y,서울특별시 광진구청,02-450-7678,2025-10-29,I,2026-05-15 18:45:47,2025-10-29 16:37:11
3040000,202530400000900655,생활방범-683,방범용,가로변,서울특별시 광진구 천호대로107길 40,서울특별시 광진구 천호대로107길 40,,37.5594,127.079160,양방향,N,N,Y,,2023,2025-09-01,Y,서울특별시 광진구청,02-450-7678,2025-10-29,I,2026-05-15 18:45:47,2025-10-29 16:37:11
3040000,202530400000900656,생활방범-684,방범용,가로변,서울특별시 광진구 동일로32길 14-6,서울특별시 광진구 동일로32길 14-6,,37.54908,127.068900,양방향,N,N,Y,,2023,2025-09-01,Y,서울특별시 광진구청,02-450-7678,2025-10-29,I,2026-05-15 18:45:47,2025-10-29 16:37:11
3040000,202530400000900657,생활방범-685,방범용,가로변,서울특별시 광진구 면목로 5길 36,서울특별시 광진구 면목로 5길 36,,37.55658,127.074080,양방향,N,N,Y,,2023,2025-09-01,Y,서울특별시 광진구청,02-450-7678,2025-10-29,I,2026-05-15 18:45:47,2025-10-29 16:37:11
3040000,202530400000900658,생활방범-686,방범용,가로변,서울특별시 광진구 아차산로 241,서울특별시 광진구 아차산로 241,,37.54029,127.070210,양방향,N,N,Y,,2024,2025-09-01,Y,서울특별시 광진구청,02-450-7678,2025-10-29,I,2026-05-15 18:45:47,2025-10-29 16:37:11
3040000,202530400000900659,생활방범-687,방범용,가로변,서울특별시 광진구 영화사로3길 53,서울특별시 광진구 영화사로3길 53,,37.55824,127.092650,양방향,N,N,Y,,2024,2025-09-01,Y,서울특별시 광진구청,02-450-7678,2025-10-29,I,2026-05-15 18:45:47,2025-10-29 16:37:11
3040000,202530400000900660,생활방범-688,방범용,가로변,서울특별시 광진구 뚝섬로50길 39,서울특별시 광진구 뚝섬로50길 39,,37.53063,127.077820,양방향,N,N,Y,,2024,2025-09-01,Y,서울특별시 광진구청,02-450-7678,2025-10-29,I,2026-05-15 18:45:47,2025-10-29 16:37:11
3040000,202530400000900661,생활방범-689,방범용,가로변,서울특별시 광진구 구의강변로 77,서울특별시 광진구 구의강변로 77,,37.53769,127.093300,양방향,N,N,Y,,2024,2025-09-01,Y,서울특별시 광진구청,02-450-7678,2025-10-29,I,2026-05-15 18:45:47,2025-10-29 16:37:11
3040000,202530400000900662,생활방범-690,방범용,가로변,서울특별시 광진구 자양로 130,서울특별시 광진구 자양로 130,,37.5395,127.083370,양방향,N,N,Y,,2024,2025-09-01,Y,서울특별시 광진구청,02-450-7678,2025-10-29,I,2026-05-15 18:45:47,2025-10-29 16:37:11
3040000,202530400000900663,생활방범-691,방범용,가로변,서울특별시 광진구 뚝섬로23가길 35,서울특별시 광진구 뚝섬로23가길 35,,37.53867,127.065900,양방향,N,N,Y,,2024,2025-09-01,Y,서울특별시 광진구청,02-450-7678,2025-10-29,I,2026-05-15 18:45:47,2025-10-29 16:37:11
3040000,202530400000900664,생활방범-692,방범용,가로변,서울특별시 광진구 뚝섬로 515,서울특별시 광진구 뚝섬로 515,,37.53564,127.067550,양방향,N,N,Y,,2024,2025-09-01,Y,서울특별시 광진구청,02-450-7678,2025-10-29,I,2026-05-15 18:45:47,2025-10-29 16:37:11
3040000,202530400000900665,생활방범-693,방범용,가로변,서울특별시 광진구 광나루로13길 16,서울특별시 광진구 광나루로13길 16,,37.549,127.068600,양방향,N,N,Y,,2024,2025-09-01,Y,서울특별시 광진구청,02-450-7678,2025-10-29,I,2026-05-15 18:45:47,2025-10-29 16:37:11
3040000,202530400000900666,생활방범-694,방범용,가로변,서울특별시 광진구 능동로 160,서울특별시 광진구 능동로 160,,37.54487,127.073130,양방향,N,N,Y,,2024,2025-09-01,Y,서울특별시 광진구청,02-450-7678,2025-10-29,I,2026-05-15 18:45:47,2025-10-29 16:37:11
3040000,202530400000900667,생활방범-695,방범용,가로변,서울특별시 광진구 능동로19길 10,서울특별시 광진구 능동로19길 10,,37.54705,127.073280,양방향,N,N,Y,,2024,2025-09-01,Y,서울특별시 광진구청,02-450-7678,2025-10-29,I,2026-05-15 18:45:47,2025-10-29 16:37:11
3040000,202530400000900668,생활방범-696,방범용,가로변,서울특별시 광진구 광나루로 424,서울특별시 광진구 광나루로 424,,37.54607,127.076340,양방향,N,N,Y,,2024,2025-09-01,Y,서울특별시 광진구청,02-450-7678,2025-10-29,I,2026-05-15 18:45:47,2025-10-29 16:37:11
3040000,202530400000900669,생활방범-697,방범용,가로변,서울특별시 광진구 능동로23길 12,서울특별시 광진구 능동로23길 12,,37.55212,127.076130,양방향,N,N,Y,,2024,2025-09-01,Y,서울특별시 광진구청,02-450-7678,2025-10-29,I,2026-05-15 18:45:47,2025-10-29 16:37:11
3040000,202530400000900670,생활방범-698,방범용,가로변,서울특별시 광진구 아차산로 306,서울특별시 광진구 아차산로 306,,37.538,127.077030,양방향,N,N,Y,,2024,2025-09-01,Y,서울특별시 광진구청,02-450-7678,2025-10-29,I,2026-05-15 18:45:47,2025-10-29 16:37:11
3040000,202530400000900671,생활방범-699,방범용,가로변,서울특별시 광진구 자양로23나길 7,서울특별시 광진구 자양로23나길 7,,37.54222,127.082630,양방향,N,N,Y,,2024,2025-09-01,Y,서울특별시 광진구청,02-450-7678,2025-10-29,I,2026-05-15 18:45:47,2025-10-29 16:37:11
3040000,202530400000900672,생활방범-700,방범용,가로변,서울특별시 광진구 아차산로 401,서울특별시 광진구 아차산로 401,,37.53759,127.087350,양방향,N,N,Y,,2024,2025-09-01,Y,서울특별시 광진구청,02-450-7678,2025-10-29,I,2026-05-15 18:45:47,2025-10-29 16:37:11
3040000,202530400000900673,생활방범-701,방범용,가로변,서울특별시 광진구 뚝섬로64길 50,서울특별시 광진구 뚝섬로64길 50,,37.5313,127.089040,양방향,N,N,Y,,2024,2025-09-01,Y,서울특별시 광진구청,02-450-7678,2025-10-29,I,2026-05-15 18:45:47,2025-10-29 16:37:11
3040000,202530400000900674,생활방범-702,방범용,가로변,서울특별시 광진구 자양로44길 113,서울특별시 광진구 자양로44길 113,,37.55089,127.096960,양방향,N,N,Y,,2024,2025-09-01,Y,서울특별시 광진구청,02-450-7678,2025-10-29,I,2026-05-15 18:45:47,2025-10-29 16:37:11
3040000,202530400000900675,생활방범-703,방범용,가로변,서울특별시 광진구 아차산로76길 34,서울특별시 광진구 아차산로76길 34,,37.54665,127.107380,양방향,N,N,Y,,2024,2025-09-01,Y,서울특별시 광진구청,02-450-7678,2025-10-29,I,2026-05-15 18:45:47,2025-10-29 16:37:11
3040000,202530400000900676,생활방범-704,방범용,가로변,서울특별시 광진구 아차산로78가길 3,서울특별시 광진구 아차산로78가길 3,,37.54951,127.109310,양방향,N,N,Y,,2024,2025-09-01,Y,서울특별시 광진구청,02-450-7678,2025-10-29,I,2026-05-15 18:45:47,2025-10-29 16:37:11
3040000,202530400000900677,생활방범-705,방범용,가로변,서울특별시 광진구 아차산로55길 61,서울특별시 광진구 아차산로55길 61,,37.54012,127.086550,양방향,N,N,Y,,2024,2025-09-01,Y,서울특별시 광진구청,02-450-7678,2025-10-29,I,2026-05-15 18:45:47,2025-10-29 16:37:11
3040000,202530400000900678,생활방범-706,방범용,가로변,서울특별시 광진구 뚝섬로57길 50,서울특별시 광진구 뚝섬로57길 50,,37.53394,127.082450,양방향,N,N,Y,,2024,2025-09-01,Y,서울특별시 광진구청,02-450-7678,2025-10-29,I,2026-05-15 18:45:47,2025-10-29 16:37:11
3040000,202530400000900679,생활방범-707,방범용,가로변,서울특별시 광진구 자양로3길 65-9,서울특별시 광진구 자양로3길 65-9,,37.52926,127.083150,양방향,N,N,Y,,2024,2025-09-01,Y,서울특별시 광진구청,02-450-7678,2025-10-29,I,2026-05-15 18:45:47,2025-10-29 16:37:11
3040000,202530400000900680,생활방범-708,방범용,가로변,서울특별시 광진구 군자로13길 18-7,서울특별시 광진구 군자로13길 18-7,,37.55272,127.070940,양방향,N,N,Y,,2024,2025-09-01,Y,서울특별시 광진구청,02-450-7678,2025-10-29,I,2026-05-15 18:45:47,2025-10-29 16:37:11
3040000,202530400000900681,생활방범-709,방범용,가로변,서울특별시 광진구 동일로60길 14,서울특별시 광진구 동일로60길 14,,37.55848,127.074050,양방향,N,N,Y,,2024,2025-09-01,Y,서울특별시 광진구청,02-450-7678,2025-10-29,I,2026-05-15 18:45:47,2025-10-29 16:37:11
3040000,202530400000900682,생활방범-710,방범용,가로변,서울특별시 광진구 천호대로129길 49,서울특별시 광진구 천호대로129길 49,,37.55369,127.091870,양방향,N,N,Y,,2024,2025-09-01,Y,서울특별시 광진구청,02-450-7678,2025-10-29,I,2026-05-15 18:45:47,2025-10-29 16:37:11
3040000,202530400000900683,생활방범-711,방범용,가로변,서울특별시 광진구 뚝섬로26길 5,서울특별시 광진구 뚝섬로26길 5,,37.53615,127.064540,양방향,N,N,Y,,2024,2025-09-01,Y,서울특별시 광진구청,02-450-7678,2025-10-29,I,2026-05-15 18:45:47,2025-10-29 16:37:11
3040000,202530400000900684,생활방범-712,방범용,가로변,서울특별시 광진구 영화사로9나길 32,서울특별시 광진구 영화사로9나길 32,,37.55759,127.095720,양방향,N,N,Y,,2024,2025-09-01,Y,서울특별시 광진구청,02-450-7678,2025-10-29,I,2026-05-15 18:45:47,2025-10-29 16:37:11
3040000,202530400000900685,생활방범-713,방범용,가로변,서울특별시 광진구 광나루로40길 56,서울특별시 광진구 광나루로40길 56,,37.54229,127.088990,양방향,N,N,Y,,2024,2025-09-01,Y,서울특별시 광진구청,02-450-7678,2025-10-29,I,2026-05-15 18:45:47,2025-10-29 16:37:11
3040000,202530400000900686,생활방범-714,방범용,가로변,서울특별시 광진구 자양로50길 22-8,서울특별시 광진구 자양로50길 22-8,,37.55182,127.093690,양방향,N,N,Y,,2024,2025-09-01,Y,서울특별시 광진구청,02-450-7678,2025-10-29,I,2026-05-15 18:45:47,2025-10-29 16:37:11
3040000,202530400000900687,생활방범-715,방범용,가로변,서울특별시 광진구 용마산로14길 9-5,서울특별시 광진구 용마산로14길 9-5,,37.56152,127.087970,양방향,N,N,Y,,2024,2025-09-01,Y,서울특별시 광진구청,02-450-7678,2025-10-29,I,2026-05-15 18:45:47,2025-10-29 16:37:11
3040000,202530400000900688,생활방범-716,방범용,가로변,서울특별시 광진구 천호대로119길 61,서울특별시 광진구 천호대로119길 61,,37.55755,127.085850,양방향,N,N,Y,,2024,2025-09-01,Y,서울특별시 광진구청,02-450-7678,2025-10-29,I,2026-05-15 18:45:47,2025-10-29 16:37:11
3040000,202530400000900689,공원-001,방범용,가로변,서울특별시 광진구 자양로42길 44 (구의동),서울특별시 광진구 자양로42길 44 (구의동),,37.54832,127.092160,양방향,N,N,Y,,2012,2025-09-01,Y,서울특별시 광진구청,02-450-7678,2025-10-29,I,2026-05-15 18:45:47,2025-10-29 16:37:11
3040000,202530400000900690,공원-002,방범용,가로변,서울특별시 광진구 광나루로52길 12 (구의동),서울특별시 광진구 광나루로52길 12 (구의동),,37.54125,127.094320,양방향,N,N,Y,,2015,2025-09-01,Y,서울특별시 광진구청,02-450-7678,2025-10-29,I,2026-05-15 18:45:47,2025-10-29 16:37:11
3040000,202530400000900691,공원-003,방범용,가로변,서울특별시 광진구 아차산로60길 13-8,서울특별시 광진구 아차산로60길 13-8,,37.53804,127.092370,양방향,N,N,Y,,2015,2025-09-01,Y,서울특별시 광진구청,02-450-7678,2025-10-29,I,2026-05-15 18:45:47,2025-10-29 16:37:11
3040000,202530400000900692,공원-004,방범용,가로변,서울특별시 광진구 아차산로59길 49 (구의동),서울특별시 광진구 아차산로59길 49 (구의동),,37.5406,127.090660,양방향,N,N,Y,,2012,2025-09-01,Y,서울특별시 광진구청,02-450-7678,2025-10-29,I,2026-05-15 18:45:47,2025-10-29 16:37:11
3040000,202530400000900693,공원-005,방범용,가로변,서울특별시 광진구 광나루로44길 32 (구의동),서울특별시 광진구 광나루로44길 32 (구의동),,37.54288,127.091130,양방향,N,N,Y,,2015,2025-09-01,Y,서울특별시 광진구청,02-450-7678,2025-10-29,I,2026-05-15 18:45:47,2025-10-29 16:37:11
3040000,202530400000900694,공원-006,방범용,가로변,서울특별시 광진구 광나루로56길 86 (구의동),서울특별시 광진구 광나루로56길 86 (구의동),,37.53675,127.094810,양방향,N,N,Y,,2012,2025-09-01,Y,서울특별시 광진구청,02-450-7678,2025-10-29,I,2026-05-15 18:45:47,2025-10-29 16:37:11
3040000,202530400000900695,공원-007,방범용,가로변,서울특별시 광진구 광나루로56길 86 (구의동),서울특별시 광진구 광나루로56길 86 (구의동),,37.53735,127.094520,양방향,N,N,Y,,2014,2025-09-01,Y,서울특별시 광진구청,02-450-7678,2025-10-29,I,2026-05-15 18:45:47,2025-10-29 16:37:11
3040000,202530400000900696,공원-008,방범용,가로변,서울특별시 광진구 동일로56길 29 (군자동),서울특별시 광진구 동일로56길 29 (군자동),,37.55601,127.073740,양방향,N,N,Y,,2013,2025-09-01,Y,서울특별시 광진구청,02-450-7678,2025-10-29,I,2026-05-15 18:45:47,2025-10-29 16:37:11
3040000,202530400000900697,공원-009,방범용,가로변,서울특별시 광진구 천호대로116길 66 (능동),서울특별시 광진구 천호대로116길 66 (능동),,37.55242,127.082980,양방향,N,N,Y,,2013,2025-09-01,Y,서울특별시 광진구청,02-450-7678,2025-10-29,I,2026-05-15 18:45:47,2025-10-29 16:37:11
3040000,202530400000900698,공원-010,방범용,가로변,서울특별시 광진구 능동로30길 23 (능동),서울특별시 광진구 능동로30길 23 (능동),,37.55356,127.079280,양방향,N,N,Y,,2013,2025-09-01,Y,서울특별시 광진구청,02-450-7678,2025-10-29,I,2026-05-15 18:45:47,2025-10-29 16:37:11
3040000,202530400000900699,공원-011,방범용,가로변,서울특별시 광진구 능동로30길 23 (능동),서울특별시 광진구 능동로30길 23 (능동),,37.55374,127.079430,양방향,N,N,Y,,2013,2025-09-01,Y,서울특별시 광진구청,02-450-7678,2025-10-29,I,2026-05-15 18:45:47,2025-10-29 16:37:11
3040000,202530400000900700,공원-012,방범용,가로변,서울특별시 광진구 자양로13길 41 (자양동),서울특별시 광진구 자양로13길 41 (자양동),,37.53435,127.082210,양방향,N,N,Y,,2014,2025-09-01,Y,서울특별시 광진구청,02-450-7678,2025-10-29,I,2026-05-15 18:45:47,2025-10-29 16:37:11
3040000,202530400000900701,공원-013,방범용,가로변,서울특별시 광진구 아차산로40길 46 (자양동),서울특별시 광진구 아차산로40길 46 (자양동),,37.53582,127.077710,양방향,N,N,Y,,2012,2025-09-01,Y,서울특별시 광진구청,02-450-7678,2025-10-29,I,2026-05-15 18:45:47,2025-10-29 16:37:11
3040000,202530400000900702,공원-014,방범용,가로변,서울특별시 광진구 뚝섬로62길 24 (자양동),서울특별시 광진구 뚝섬로62길 24 (자양동),,37.53213,127.087830,양방향,N,N,Y,,2012,2025-09-01,Y,서울특별시 광진구청,02-450-7678,2025-10-29,I,2026-05-15 18:45:47,2025-10-29 16:37:11
3040000,202530400000900703,공원-015,방범용,가로변,서울특별시 광진구 뚝섬로34길 25-19 (자양동),서울특별시 광진구 뚝섬로34길 25-19 (자양동),,37.53366,127.069850,양방향,N,N,Y,,2013,2025-09-01,Y,서울특별시 광진구청,02-450-7678,2025-10-29,I,2026-05-15 18:45:47,2025-10-29 16:37:11
3040000,202530400000900704,공원-016,방범용,가로변,서울특별시 광진구 아차산로32길 17 (자양동),서울특별시 광진구 아차산로32길 17 (자양동),,37.53926,127.068230,양방향,N,N,Y,,2013,2025-09-01,Y,서울특별시 광진구청,02-450-7678,2025-10-29,I,2026-05-15 18:45:47,2025-10-29 16:37:11
3040000,202530400000900705,공원-017,방범용,가로변,서울특별시 광진구 아차산로32길 17 (자양동),서울특별시 광진구 아차산로32길 17 (자양동),,37.53913,127.068560,양방향,N,N,Y,,2013,2025-09-01,Y,서울특별시 광진구청,02-450-7678,2025-10-29,I,2026-05-15 18:45:47,2025-10-29 16:37:11
3040000,202530400000900706,공원-018,방범용,가로변,서울특별시 광진구 자양1동 859-1,서울특별시 광진구 자양1동 859-1,,37.53859,127.081730,양방향,N,N,Y,,2013,2025-09-01,Y,서울특별시 광진구청,02-450-7678,2025-10-29,I,2026-05-15 18:45:47,2025-10-29 16:37:11
3040000,202530400000900707,공원-019,방범용,가로변,서울특별시 광진구 자양4동 553-22,서울특별시 광진구 자양4동 553-22,,37.53507,127.067810,양방향,N,N,Y,,2013,2025-09-01,Y,서울특별시 광진구청,02-450-7678,2025-10-29,I,2026-05-15 18:45:47,2025-10-29 16:37:11
3040000,202530400000900708,공원-020,방범용,가로변,서울특별시 광진구 자양4동 74-21,서울특별시 광진구 자양4동 74-21,,37.53294,127.066370,양방향,N,N,Y,,2013,2025-09-01,Y,서울특별시 광진구청,02-450-7678,2025-10-29,I,2026-05-15 18:45:47,2025-10-29 16:37:11
3040000,202530400000900709,공원-021,방범용,가로변,서울특별시 광진구 긴고랑로5길 10 (중곡동),서울특별시 광진구 긴고랑로5길 10 (중곡동),,37.56471,127.079350,양방향,N,N,Y,,2013,2025-09-01,Y,서울특별시 광진구청,02-450-7678,2025-10-29,I,2026-05-15 18:45:47,2025-10-29 16:37:11
3040000,202530400000900710,공원-022,방범용,가로변,서울특별시 광진구 긴고랑로5길 10 (중곡동),서울특별시 광진구 긴고랑로5길 10 (중곡동),,37.55964,127.084100,양방향,N,N,Y,,2015,2025-09-01,Y,서울특별시 광진구청,02-450-7678,2025-10-29,I,2026-05-15 18:45:47,2025-10-29 16:37:11
3040000,202530400000900711,공원-024,방범용,가로변,서울특별시 광진구 용마산로33길 25 (중곡동),서울특별시 광진구 용마산로33길 25 (중곡동),,37.56999,127.084490,양방향,N,N,Y,,2012,2025-09-01,Y,서울특별시 광진구청,02-450-7678,2025-10-29,I,2026-05-15 18:45:47,2025-10-29 16:37:11
3040000,202530400000900712,공원-025,방범용,가로변,서울특별시 광진구 영화사로7길 25 (중곡동),서울특별시 광진구 영화사로7길 25 (중곡동),,37.55694,127.092140,양방향,N,N,Y,,2014,2025-09-01,Y,서울특별시 광진구청,02-450-7678,2025-10-29,I,2026-05-15 18:45:47,2025-10-29 16:37:11
3040000,202530400000900713,공원-026,방범용,가로변,서울특별시 광진구 영화사로7길 25 (중곡동),서울특별시 광진구 영화사로7길 25 (중곡동),,37.55905,127.090910,양방향,N,N,Y,,2013,2025-09-01,Y,서울특별시 광진구청,02-450-7678,2025-10-29,I,2026-05-15 18:45:47,2025-10-29 16:37:11
3040000,202530400000900714,공원-027,방범용,가로변,서울특별시 광진구 동일로28길 16 (화양동),서울특별시 광진구 동일로28길 16 (화양동),,37.54655,127.067690,양방향,N,N,Y,,2013,2025-09-01,Y,서울특별시 광진구청,02-450-7678,2025-10-29,I,2026-05-15 18:45:47,2025-10-29 16:37:11
3040000,202530400000900715,공원-028,방범용,가로변,서울특별시 광진구 아차산로25길 27 (화양동),서울특별시 광진구 아차산로25길 27 (화양동),,37.54288,127.066810,양방향,N,N,Y,,2015,2025-09-01,Y,서울특별시 광진구청,02-450-7678,2025-10-29,I,2026-05-15 18:45:47,2025-10-29 16:37:11
3040000,202530400000900716,공원-029,방범용,가로변,서울특별시 광진구 화양동 110-34,서울특별시 광진구 화양동 110-34,,37.54656,127.071830,양방향,N,N,Y,,2013,2025-09-01,Y,서울특별시 광진구청,02-450-7678,2025-10-29,I,2026-05-15 18:45:47,2025-10-29 16:37:11
3040000,202530400000900717,공원-030,방범용,가로변,서울특별시 광진구 군자로3길 15 (화양동),서울특별시 광진구 군자로3길 15 (화양동),,37.54455,127.070650,양방향,N,N,Y,,2012,2025-09-01,Y,서울특별시 광진구청,02-450-7678,2025-10-29,I,2026-05-15 18:45:47,2025-10-29 16:37:11
3040000,202530400000900718,공원-031,방범용,가로변,서울특별시 광진구 아차산로31길 14 (화양동),서울특별시 광진구 아차산로31길 14 (화양동),,37.54153,127.069780,양방향,N,N,Y,,2014,2025-09-01,Y,서울특별시 광진구청,02-450-7678,2025-10-29,I,2026-05-15 18:45:47,2025-10-29 16:37:11
3040000,202530400000900719,공원-032,방범용,가로변,서울특별시 광진구 뚝섬로56길 28 (자양동),서울특별시 광진구 뚝섬로56길 28 (자양동),,37.53016,127.082340,양방향,N,N,Y,,2016,2025-09-01,Y,서울특별시 광진구청,02-450-7678,2025-10-29,I,2026-05-15 18:45:47,2025-10-29 16:37:11
3040000,202530400000900720,공원-033,방범용,가로변,서울특별시 광진구 천호대로 717-18 (구의동),서울특별시 광진구 천호대로 717-18 (구의동),,37.54927,127.094710,양방향,N,N,Y,,2016,2025-09-01,Y,서울특별시 광진구청,02-450-7678,2025-10-29,I,2026-05-15 18:45:47,2025-10-29 16:37:11
3040000,202530400000900721,공원-034,방범용,가로변,서울특별시 광진구 천호대로 717-18 (구의동),서울특별시 광진구 천호대로 717-18 (구의동),,37.54811,127.096440,양방향,N,N,Y,,2018,2025-09-01,Y,서울특별시 광진구청,02-450-7678,2025-10-29,I,2026-05-15 18:45:47,2025-10-29 16:37:12
3040000,202530400000900722,공원-035,방범용,가로변,서울특별시 광진구 천호대로 717-18 (구의동),서울특별시 광진구 천호대로 717-18 (구의동),,37.54793,127.097020,양방향,N,N,Y,,2018,2025-09-01,Y,서울특별시 광진구청,02-450-7678,2025-10-29,I,2026-05-15 18:45:47,2025-10-29 16:37:12
3040000,202530400000900723,공원-036,방범용,가로변,서울특별시 광진구 천호대로 717-18 (구의동),서울특별시 광진구 천호대로 717-18 (구의동),,37.54787,127.098200,양방향,N,N,Y,,2018,2025-09-01,Y,서울특별시 광진구청,02-450-7678,2025-10-29,I,2026-05-15 18:45:47,2025-10-29 16:37:12
3040000,202530400000900724,공원-037,방범용,가로변,서울특별시 광진구 천호대로 717-18 (구의동),서울특별시 광진구 천호대로 717-18 (구의동),,37.54751,127.098340,양방향,N,N,Y,,2018,2025-09-01,Y,서울특별시 광진구청,02-450-7678,2025-10-29,I,2026-05-15 18:45:47,2025-10-29 16:37:12
3040000,202530400000900725,공원-038,방범용,가로변,서울특별시 광진구 천호대로 760,서울특별시 광진구 천호대로 760,,37.54635,127.098230,양방향,N,N,Y,,2018,2025-09-01,Y,서울특별시 광진구청,02-450-7678,2025-10-29,I,2026-05-15 18:45:47,2025-10-29 16:37:12
3040000,202530400000900726,공원-044,방범용,가로변,서울특별시 광진구 자양번영로3길 16 (자양동),서울특별시 광진구 자양번영로3길 16 (자양동),,37.53207,127.074400,양방향,N,N,Y,,2018,2025-09-01,Y,서울특별시 광진구청,02-450-7678,2025-10-29,I,2026-05-15 18:45:47,2025-10-29 16:37:12
3040000,202530400000900727,공원-045,방범용,가로변,서울특별시 광진구 아차산로73길 15 (광장동),서울특별시 광진구 아차산로73길 15 (광장동),,37.54594,127.103900,양방향,N,N,Y,,2018,2025-09-01,Y,서울특별시 광진구청,02-450-7678,2025-10-29,I,2026-05-15 18:45:47,2025-10-29 16:37:12
3040000,202530400000900728,공원-046,방범용,가로변,서울특별시 광진구 광장로1가길 31 (광장동),서울특별시 광진구 광장로1가길 31 (광장동),,37.54813,127.100590,양방향,N,N,Y,,2018,2025-09-01,Y,서울특별시 광진구청,02-450-7678,2025-10-29,I,2026-05-15 18:45:47,2025-10-29 16:37:12
3040000,202530400000900729,공원-047,방범용,가로변,서울특별시 광진구 천호대로 760,서울특별시 광진구 천호대로 760,,37.54624,127.098730,양방향,N,N,Y,,2019,2025-09-01,Y,서울특별시 광진구청,02-450-7678,2025-10-29,I,2026-05-15 18:45:47,2025-10-29 16:37:12
3040000,202530400000900730,공원-048,방범용,가로변,서울특별시 광진구 천호대로 760,서울특별시 광진구 천호대로 760,,37.54656,127.098980,양방향,N,N,Y,,2019,2025-09-01,Y,서울특별시 광진구청,02-450-7678,2025-10-29,I,2026-05-15 18:45:47,2025-10-29 16:37:12
3040000,202530400000900731,공원-049,방범용,가로변,서울특별시 광진구 도로명주소 없음,서울특별시 광진구 도로명주소 없음,,37.56863,127.077930,양방향,N,N,Y,,2020,2025-09-01,Y,서울특별시 광진구청,02-450-7678,2025-10-29,I,2026-05-15 18:45:47,2025-10-29 16:37:12
3040000,202530400000900732,공원-050,방범용,가로변,서울특별시 광진구 도로명주소 없음,서울특별시 광진구 도로명주소 없음,,37.54926,127.101420,양방향,N,N,Y,,2020,2025-09-01,Y,서울특별시 광진구청,02-450-7678,2025-10-29,I,2026-05-15 18:45:47,2025-10-29 16:37:12
3040000,202530400000900733,공원-051,방범용,가로변,서울특별시 광진구 도로명주소 없음,서울특별시 광진구 도로명주소 없음,,37.54976,127.101320,양방향,N,N,Y,,2020,2025-09-01,Y,서울특별시 광진구청,02-450-7678,2025-10-29,I,2026-05-15 18:45:47,2025-10-29 16:37:12
3040000,202530400000900734,공원-052,방범용,가로변,서울특별시 광진구 천호대로140길 60,서울특별시 광진구 천호대로140길 60,,37.54413,127.099220,양방향,N,N,Y,,2020,2025-09-01,Y,서울특별시 광진구청,02-450-7678,2025-10-29,I,2026-05-15 18:45:47,2025-10-29 16:37:12
3040000,202530400000900735,공원-053,방범용,가로변,서울특별시 광진구 천호대로140길 60,서울특별시 광진구 천호대로140길 60,,37.54433,127.099740,양방향,N,N,Y,,2020,2025-09-01,Y,서울특별시 광진구청,02-450-7678,2025-10-29,I,2026-05-15 18:45:47,2025-10-29 16:37:12
3040000,202530400000900736,공원-054,방범용,가로변,서울특별시 광진구 천호대로140길 60,서울특별시 광진구 천호대로140길 60,,37.54464,127.099320,양방향,N,N,Y,,2020,2025-09-01,Y,서울특별시 광진구청,02-450-7678,2025-10-29,I,2026-05-15 18:45:47,2025-10-29 16:37:12
3040000,202530400000900737,공원-055,방범용,가로변,서울특별시 광진구 천호대로140길 60,서울특별시 광진구 천호대로140길 60,,37.54576,127.100730,양방향,N,N,Y,,2020,2025-09-01,Y,서울특별시 광진구청,02-450-7678,2025-10-29,I,2026-05-15 18:45:47,2025-10-29 16:37:12
3040000,202530400000900738,공원-056,방범용,가로변,서울특별시 광진구 자양4동 199-4,서울특별시 광진구 자양4동 199-4,,37.5363,127.061770,양방향,N,N,Y,,2020,2025-09-01,Y,서울특별시 광진구청,02-450-7678,2025-10-29,I,2026-05-15 18:45:47,2025-10-29 16:37:12
3040000,202530400000900739,공원-057,방범용,가로변,서울특별시 광진구 구의1동 668-5,서울특별시 광진구 구의1동 668-5,,37.54585,127.088450,양방향,N,N,Y,,2020,2025-09-01,Y,서울특별시 광진구청,02-450-7678,2025-10-29,I,2026-05-15 18:45:47,2025-10-29 16:37:12
3040000,202530400000900740,공원-058,방범용,가로변,서울특별시 광진구 광장동 344-10,서울특별시 광진구 광장동 344-10,,37.54904,127.107400,양방향,N,N,Y,,2020,2025-09-01,Y,서울특별시 광진구청,02-450-7678,2025-10-29,I,2026-05-15 18:45:47,2025-10-29 16:37:12
3040000,202530400000900741,공원-059,방범용,가로변,서울특별시 광진구 자양3동 784-2,서울특별시 광진구 자양3동 784-2,,37.53584,127.067700,양방향,N,N,Y,,2020,2025-09-01,Y,서울특별시 광진구청,02-450-7678,2025-10-29,I,2026-05-15 18:45:47,2025-10-29 16:37:12
3040000,202530400000900742,공원-060,방범용,가로변,서울특별시 광진구 광장동 381-44,서울특별시 광진구 광장동 381-44,,37.5495,127.099100,양방향,N,N,Y,,2020,2025-09-01,Y,서울특별시 광진구청,02-450-7678,2025-10-29,I,2026-05-15 18:45:47,2025-10-29 16:37:12
3040000,202530400000900743,공원-061,방범용,가로변,서울특별시 광진구 용마도시자연공원-사무실,서울특별시 광진구 용마도시자연공원-사무실,,37.56227,127.096240,양방향,N,N,Y,,2021,2025-09-01,Y,서울특별시 광진구청,02-450-7678,2025-10-29,I,2026-05-15 18:45:47,2025-10-29 16:37:12
3040000,202530400000900744,공원-062,방범용,가로변,서울특별시 광진구 용마도시자연공원-입구,서울특별시 광진구 용마도시자연공원-입구,,37.56224,127.096140,양방향,N,N,Y,,2021,2025-09-01,Y,서울특별시 광진구청,02-450-7678,2025-10-29,I,2026-05-15 18:45:47,2025-10-29 16:37:12
3040000,202530400000900745,공원-063,방범용,가로변,서울특별시 광진구 용마도시자연공원-화장실 뒤,서울특별시 광진구 용마도시자연공원-화장실 뒤,,37.5622,127.095560,양방향,N,N,Y,,2021,2025-09-01,Y,서울특별시 광진구청,02-450-7678,2025-10-29,I,2026-05-15 18:45:47,2025-10-29 16:37:12
3040000,202530400000900746,공원-064,방범용,가로변,서울특별시 광진구 용마도시자연공원-체험장,서울특별시 광진구 용마도시자연공원-체험장,,37.56305,127.096170,양방향,N,N,Y,,2021,2025-09-01,Y,서울특별시 광진구청,02-450-7678,2025-10-29,I,2026-05-15 18:45:47,2025-10-29 16:37:12
3040000,202530400000900747,공원-065,방범용,가로변,서울특별시 광진구 용마도시자연공원-사방댐,서울특별시 광진구 용마도시자연공원-사방댐,,37.56302,127.096580,양방향,N,N,Y,,2021,2025-09-01,Y,서울특별시 광진구청,02-450-7678,2025-10-29,I,2026-05-15 18:45:47,2025-10-29 16:37:12
3040000,202530400000900748,공원-066,방범용,가로변,서울특별시 광진구 용마도시자연공원-산불장비,서울특별시 광진구 용마도시자연공원-산불장비,,37.56339,127.096350,양방향,N,N,Y,,2021,2025-09-01,Y,서울특별시 광진구청,02-450-7678,2025-10-29,I,2026-05-15 18:45:47,2025-10-29 16:37:12
3040000,202530400000900749,공원-067,방범용,가로변,서울특별시 광진구 용마도시자연공원-쌍용골,서울특별시 광진구 용마도시자연공원-쌍용골,,37.56416,127.096390,양방향,N,N,Y,,2021,2025-09-01,Y,서울특별시 광진구청,02-450-7678,2025-10-29,I,2026-05-15 18:45:47,2025-10-29 16:37:12
3040000,202530400000900750,공원-068,방범용,가로변,서울특별시 광진구 용마도시자연공원-유화교,서울특별시 광진구 용마도시자연공원-유화교,,37.56512,127.097400,양방향,N,N,Y,,2021,2025-09-01,Y,서울특별시 광진구청,02-450-7678,2025-10-29,I,2026-05-15 18:45:47,2025-10-29 16:37:12
3040000,202530400000900751,공원-069,방범용,가로변,서울특별시 광진구 용마도시자연공원-청용골,서울특별시 광진구 용마도시자연공원-청용골,,37.56605,127.098400,양방향,N,N,Y,,2021,2025-09-01,Y,서울특별시 광진구청,02-450-7678,2025-10-29,I,2026-05-15 18:45:47,2025-10-29 16:37:12
3040000,202530400000900752,공원-070,방범용,가로변,서울특별시 광진구 용마도시자연공원-마지막골,서울특별시 광진구 용마도시자연공원-마지막골,,37.56649,127.098720,양방향,N,N,Y,,2021,2025-09-01,Y,서울특별시 광진구청,02-450-7678,2025-10-29,I,2026-05-15 18:45:47,2025-10-29 16:37:12
3040000,202530400000900753,공원-071,방범용,가로변,서울특별시 광진구 아차산생태공원-사무실,서울특별시 광진구 아차산생태공원-사무실,,37.55303,127.099780,양방향,N,N,Y,,2021,2025-09-01,Y,서울특별시 광진구청,02-450-7678,2025-10-29,I,2026-05-15 18:45:47,2025-10-29 16:37:12
3040000,202530400000900754,공원-072,방범용,가로변,서울특별시 광진구 아차산생태공원-공원입구,서울특별시 광진구 아차산생태공원-공원입구,,37.55258,127.099690,양방향,N,N,Y,,2021,2025-09-01,Y,서울특별시 광진구청,02-450-7678,2025-10-29,I,2026-05-15 18:45:47,2025-10-29 16:37:12
3040000,202530400000900755,공원-073,방범용,가로변,서울특별시 광진구 아차산생태공원-소각장,서울특별시 광진구 아차산생태공원-소각장,,37.55221,127.100660,양방향,N,N,Y,,2021,2025-09-01,Y,서울특별시 광진구청,02-450-7678,2025-10-29,I,2026-05-15 18:45:47,2025-10-29 16:37:12
3040000,202530400000900756,공원-074,방범용,가로변,서울특별시 광진구 아차산생태공원-다목적,서울특별시 광진구 아차산생태공원-다목적,,37.55247,127.100640,양방향,N,N,Y,,2021,2025-09-01,Y,서울특별시 광진구청,02-450-7678,2025-10-29,I,2026-05-15 18:45:47,2025-10-29 16:37:12
3040000,202530400000900757,공원-075,방범용,가로변,서울특별시 광진구 아차산생태공원-생태자료,서울특별시 광진구 아차산생태공원-생태자료,,37.55179,127.101030,양방향,N,N,Y,,2021,2025-09-01,Y,서울특별시 광진구청,02-450-7678,2025-10-29,I,2026-05-15 18:45:47,2025-10-29 16:37:12
3040000,202530400000900758,공원-077,방범용,가로변,서울특별시 광진구 아차산생태공원-토요,서울특별시 광진구 아차산생태공원-토요,,37.55414,127.101330,양방향,N,N,Y,,2021,2025-09-01,Y,서울특별시 광진구청,02-450-7678,2025-10-29,I,2026-05-15 18:45:47,2025-10-29 16:37:12
3040000,202530400000900759,공원-079,방범용,가로변,서울특별시 광진구 아차산생태공원-고구려정1,서울특별시 광진구 아차산생태공원-고구려정1,,37.55816,127.102360,양방향,N,N,Y,,2021,2025-09-01,Y,서울특별시 광진구청,02-450-7678,2025-10-29,I,2026-05-15 18:45:47,2025-10-29 16:37:12
3040000,202530400000900760,공원-080,방범용,가로변,서울특별시 광진구 아차산생태공원-고구려정2,서울특별시 광진구 아차산생태공원-고구려정2,,37.55798,127.102610,양방향,N,N,Y,,2021,2025-09-01,Y,서울특별시 광진구청,02-450-7678,2025-10-29,I,2026-05-15 18:45:47,2025-10-29 16:37:12
3040000,202530400000900761,공원-081,방범용,가로변,서울특별시 광진구 아차산생태공원-공영주차,서울특별시 광진구 아차산생태공원-공영주차,,37.55168,127.100220,양방향,N,N,Y,,2021,2025-09-01,Y,서울특별시 광진구청,02-450-7678,2025-10-29,I,2026-05-15 18:45:47,2025-10-29 16:37:12
3040000,202530400000900762,공원-082,방범용,가로변,서울특별시 광진구 아차산생태공원-해맞이공원,서울특별시 광진구 아차산생태공원-해맞이공원,,37.55996,127.101570,양방향,N,N,Y,,2021,2025-09-01,Y,서울특별시 광진구청,02-450-7678,2025-10-29,I,2026-05-15 18:45:47,2025-10-29 16:37:12
3040000,202530400000900763,공원-083,방범용,가로변,서울특별시 광진구 중곡 4동 30-75,서울특별시 광진구 중곡 4동 30-75,,37.56602,127.084980,양방향,N,N,Y,,2021,2025-09-01,Y,서울특별시 광진구청,02-450-7678,2025-10-29,I,2026-05-15 18:45:47,2025-10-29 16:37:12
3040000,202530400000900764,공원-084,방범용,가로변,서울특별시 광진구 자양4동 547-16,서울특별시 광진구 자양4동 547-16,,37.53682,127.069000,양방향,N,N,Y,,2022,2025-09-01,Y,서울특별시 광진구청,02-450-7678,2025-10-29,I,2026-05-15 18:45:47,2025-10-29 16:37:12
3040000,202530400000900765,공원-085,방범용,가로변,서울특별시 광진구 공원방범(아차산어울림광장1),서울특별시 광진구 공원방범(아차산어울림광장1),,37.55225,127.099790,양방향,N,N,Y,,2021,2025-09-01,Y,서울특별시 광진구청,02-450-7678,2025-10-29,I,2026-05-15 18:45:47,2025-10-29 16:37:12
3040000,202530400000900766,공원-086,방범용,가로변,서울특별시 광진구 공원방범(아차산어울림광장2),서울특별시 광진구 공원방범(아차산어울림광장2),,37.55179,127.100840,양방향,N,N,Y,,2021,2025-09-01,Y,서울특별시 광진구청,02-450-7678,2025-10-29,I,2026-05-15 18:45:47,2025-10-29 16:37:12
3040000,202530400000900767,공원-087,방범용,가로변,서울특별시 광진구 영화사로107,서울특별시 광진구 영화사로107,,37.55535,127.098490,양방향,N,N,Y,,2021,2025-09-01,Y,서울특별시 광진구청,02-450-7678,2025-10-29,I,2026-05-15 18:45:47,2025-10-29 16:37:12
3040000,202530400000900768,공원-088,방범용,가로변,서울특별시 광진구 구의동3-11,서울특별시 광진구 구의동3-11,,37.55318,127.101150,양방향,N,N,Y,,2021,2025-09-01,Y,서울특별시 광진구청,02-450-7678,2025-10-29,I,2026-05-15 18:45:47,2025-10-29 16:37:12
3040000,202530400000900769,공원-089,방범용,가로변,서울특별시 광진구 천호대로 717-18,서울특별시 광진구 천호대로 717-18,,37.54934,127.094810,양방향,N,N,Y,,2021,2025-09-01,Y,서울특별시 광진구청,02-450-7678,2025-10-29,I,2026-05-15 18:45:47,2025-10-29 16:37:12
3040000,202530400000900770,공원-090,방범용,가로변,서울특별시 광진구 광장동 5-113,서울특별시 광진구 광장동 5-113,,37.55223,127.103750,양방향,N,N,Y,,2021,2025-09-01,Y,서울특별시 광진구청,02-450-7678,2025-10-29,I,2026-05-15 18:45:47,2025-10-29 16:37:12
3040000,202530400000900771,공원-091,방범용,가로변,서울특별시 광진구 자양로13다길 34,서울특별시 광진구 자양로13다길 34,,37.53297,127.078340,양방향,N,N,Y,,2021,2025-09-01,Y,서울특별시 광진구청,02-450-7678,2025-10-29,I,2026-05-15 18:45:47,2025-10-29 16:37:12
3040000,202530400000900772,공원-092,방범용,가로변,서울특별시 광진구 자양동 553-22,서울특별시 광진구 자양동 553-22,,37.53512,127.068220,양방향,N,N,Y,,2021,2025-09-01,Y,서울특별시 광진구청,02-450-7678,2025-10-29,I,2026-05-15 18:45:47,2025-10-29 16:37:12
3040000,202530400000900773,공원-104,방범용,가로변,서울특별시 광진구 영화사로 139,서울특별시 광진구 영화사로 139,,37.55218,127.101310,양방향,N,N,Y,,2022,2025-09-01,Y,서울특별시 광진구청,02-450-7678,2025-10-29,I,2026-05-15 18:45:47,2025-10-29 16:37:12
3040000,202530400000900774,공원-106,방범용,가로변,서울특별시 광진구 광나루로 389,서울특별시 광진구 광나루로 389,,37.5475,127.073470,양방향,N,N,Y,,2023,2025-09-01,Y,서울특별시 광진구청,02-450-7678,2025-10-29,I,2026-05-15 18:45:47,2025-10-29 16:37:12
3040000,202530400000900775,공원-107,방범용,가로변,서울특별시 광진구 구의동 624-1,서울특별시 광진구 구의동 624-1,,37.5324,127.092180,양방향,N,N,Y,,2023,2025-09-01,Y,서울특별시 광진구청,02-450-7678,2025-10-29,I,2026-05-15 18:45:47,2025-10-29 16:37:12
3040000,202530400000900776,공원-108,방범용,가로변,서울특별시 광진구 광나루로52길 12,서울특별시 광진구 광나루로52길 12,,37.54135,127.094480,양방향,N,N,Y,,2023,2025-09-01,Y,서울특별시 광진구청,02-450-7678,2025-10-29,I,2026-05-15 18:45:47,2025-10-29 16:37:12
3040000,202530400000900777,공원-109,방범용,가로변,서울특별시 광진구 광나루로56길 86,서울특별시 광진구 광나루로56길 86,,37.53692,127.095020,양방향,N,N,Y,,2023,2025-09-01,Y,서울특별시 광진구청,02-450-7678,2025-10-29,I,2026-05-15 18:45:47,2025-10-29 16:37:12
3040000,202530400000900778,공원-110,방범용,가로변,서울특별시 광진구 중곡동 68-19,서울특별시 광진구 중곡동 68-19,,37.55903,127.091000,양방향,N,N,Y,,2023,2025-09-01,Y,서울특별시 광진구청,02-450-7678,2025-10-29,I,2026-05-15 18:45:47,2025-10-29 16:37:12
3040000,202530400000900779,공원-111,방범용,가로변,서울특별시 광진구 광장동 378-76,서울특별시 광진구 광장동 378-76,,37.55025,127.101190,양방향,N,N,Y,,2023,2025-09-01,Y,서울특별시 광진구청,02-450-7678,2025-10-29,I,2026-05-15 18:45:47,2025-10-29 16:37:12
3040000,202530400000900780,공원-112,방범용,가로변,서울특별시 광진구 자양로42길 44,서울특별시 광진구 자양로42길 44,,37.54832,127.092160,양방향,N,N,Y,,2024,2025-09-01,Y,서울특별시 광진구청,02-450-7678,2025-10-29,I,2026-05-15 18:45:47,2025-10-29 16:37:12
3040000,202530400000900781,공원-113,방범용,가로변,서울특별시 광진구 구의강변로 69,서울특별시 광진구 구의강변로 69,,37.53804,127.092370,양방향,N,N,Y,,2024,2025-09-01,Y,서울특별시 광진구청,02-450-7678,2025-10-29,I,2026-05-15 18:45:47,2025-10-29 16:37:12
3040000,202530400000900782,공원-114,방범용,가로변,서울특별시 광진구 동일로28길 16,서울특별시 광진구 동일로28길 16,,37.54655,127.067690,양방향,N,N,Y,,2024,2025-09-01,Y,서울특별시 광진구청,02-450-7678,2025-10-29,I,2026-05-15 18:45:47,2025-10-29 16:37:12
3040000,202530400000900783,공원-115,방범용,가로변,서울특별시 광진구 중곡1동 248-29,서울특별시 광진구 중곡1동 248-29,,37.56272,127.076870,양방향,N,N,Y,,2024,2025-09-01,Y,서울특별시 광진구청,02-450-7678,2025-10-29,I,2026-05-15 18:45:47,2025-10-29 16:37:12
3040000,202530400000900784,공원-116,방범용,가로변,서울특별시 광진구 능동 237-3,서울특별시 광진구 능동 237-3,,37.55531,127.083590,양방향,N,N,Y,,2024,2025-09-01,Y,서울특별시 광진구청,02-450-7678,2025-10-29,I,2026-05-15 18:45:47,2025-10-29 16:37:12
3040000,202530400000900785,공원-117,방범용,가로변,서울특별시 광진구 구의2동 612-35,서울특별시 광진구 구의2동 612-35,,37.54817,127.085660,양방향,N,N,Y,,2024,2025-09-01,Y,서울특별시 광진구청,02-450-7678,2025-10-29,I,2026-05-15 18:45:47,2025-10-29 16:37:12
3040000,202530400000900786,공원-118,방범용,가로변,서울특별시 광진구 화양동 523-2,서울특별시 광진구 화양동 523-2,,37.54508,127.076270,양방향,N,N,Y,,2024,2025-09-01,Y,서울특별시 광진구청,02-450-7678,2025-10-29,I,2026-05-15 18:45:47,2025-10-29 16:37:12
3040000,202530400000900787,공원-119,방범용,가로변,서울특별시 광진구 중곡4동 72-122,서울특별시 광진구 중곡4동 72-122,,37.56103,127.095530,양방향,N,N,Y,,2024,2025-09-01,Y,서울특별시 광진구청,02-450-7678,2025-10-29,I,2026-05-15 18:45:47,2025-10-29 16:37:12
3040000,202530400000900788,공원-120,방범용,가로변,서울특별시 광진구 광장동 236-1,서울특별시 광진구 광장동 236-1,,37.54308,127.102130,양방향,N,N,Y,,2024,2025-09-01,Y,서울특별시 광진구청,02-450-7678,2025-10-29,I,2026-05-15 18:45:47,2025-10-29 16:37:12
3040000,202530400000900789,공원-121,방범용,가로변,서울특별시 광진구 자양2동 813-1,서울특별시 광진구 자양2동 813-1,,37.52995,127.089080,양방향,N,N,Y,,2024,2025-09-01,Y,서울특별시 광진구청,02-450-7678,2025-10-29,I,2026-05-15 18:45:47,2025-10-29 16:37:12
3040000,202530400000900790,공원-122,방범용,가로변,서울특별시 광진구 군자동 340-10,서울특별시 광진구 군자동 340-10,,37.55272,127.070220,양방향,N,N,Y,,2024,2025-09-01,Y,서울특별시 광진구청,02-450-7678,2025-10-29,I,2026-05-15 18:45:47,2025-10-29 16:37:12
3040000,202530400000900791,공원-123,방범용,가로변,서울특별시 광진구 자양1동 231-63,서울특별시 광진구 자양1동 231-63,,37.53635,127.079860,양방향,N,N,Y,,2024,2025-09-01,Y,서울특별시 광진구청,02-450-7678,2025-10-29,I,2026-05-15 18:45:47,2025-10-29 16:37:12
3040000,202530400000900792,공원-124,방범용,가로변,서울특별시 광진구 구의3동 624-5,서울특별시 광진구 구의3동 624-5,,37.53103,127.091970,양방향,N,N,Y,,2024,2025-09-01,Y,서울특별시 광진구청,02-450-7678,2025-10-29,I,2026-05-15 18:45:47,2025-10-29 16:37:12
3040000,202530400000900793,공원-125,방범용,가로변,서울특별시 광진구 강변역로 40-2,서울특별시 광진구 강변역로 40-2,,37.53613,127.094660,양방향,N,N,Y,,2024,2025-09-01,Y,서울특별시 광진구청,02-450-7678,2025-10-29,I,2026-05-15 18:45:47,2025-10-29 16:37:12
3040000,202530400000900794,공원-126,방범용,가로변,서울특별시 광진구 광장동 516-2,서울특별시 광진구 광장동 516-2,,37.54163,127.096150,양방향,N,N,Y,,2024,2025-09-01,Y,서울특별시 광진구청,02-450-7678,2025-10-29,I,2026-05-15 18:45:47,2025-10-29 16:37:12
3040000,202530400000900795,공원-127,방범용,가로변,서울특별시 광진구 천호대로 717-18,서울특별시 광진구 천호대로 717-18,,37.54913,127.093930,양방향,N,N,Y,,2024,2025-09-01,Y,서울특별시 광진구청,02-450-7678,2025-10-29,I,2026-05-15 18:45:47,2025-10-29 16:37:12
3040000,202530400000900796,공원-128,방범용,가로변,서울특별시 광진구 천호대로 717-18,서울특별시 광진구 천호대로 717-18,,37.54916,127.094460,양방향,N,N,Y,,2024,2025-09-01,Y,서울특별시 광진구청,02-450-7678,2025-10-29,I,2026-05-15 18:45:47,2025-10-29 16:37:12
3040000,202530400000900797,공원-129,방범용,가로변,서울특별시 광진구 자양1동 859-1,서울특별시 광진구 자양1동 859-1,,37.53845,127.081440,양방향,N,N,Y,,2024,2025-09-01,Y,서울특별시 광진구청,02-450-7678,2025-10-29,I,2026-05-15 18:45:47,2025-10-29 16:37:12
3040000,202530400000900798,공원-130,방범용,가로변,서울특별시 광진구 영화사로 139,서울특별시 광진구 영화사로 139,,37.55215,127.102670,양방향,N,N,Y,,2024,2025-09-01,Y,서울특별시 광진구청,02-450-7678,2025-10-29,I,2026-05-15 18:45:47,2025-10-29 16:37:12
3040000,202530400000900799,공원-131,방범용,가로변,서울특별시 광진구 광장동 5-112,서울특별시 광진구 광장동 5-112,,37.55226,127.103070,양방향,N,N,Y,,2024,2025-09-01,Y,서울특별시 광진구청,02-450-7678,2025-10-29,I,2026-05-15 18:45:47,2025-10-29 16:37:12
3040000,202530400000900800,공원-132,방범용,가로변,서울특별시 광진구 광장동 5-143,서울특별시 광진구 광장동 5-143,,37.55193,127.104320,양방향,N,N,Y,,2024,2025-09-01,Y,서울특별시 광진구청,02-450-7678,2025-10-29,I,2026-05-15 18:45:47,2025-10-29 16:37:12
3040000,202530400000900801,공원-133,방범용,가로변,서울특별시 광진구 광장동 5-112,서울특별시 광진구 광장동 5-112,,37.55261,127.103730,양방향,N,N,Y,,2024,2025-09-01,Y,서울특별시 광진구청,02-450-7678,2025-10-29,I,2026-05-15 18:45:47,2025-10-29 16:37:12
3040000,202530400000900802,공원-134,방범용,가로변,서울특별시 광진구 광장동 5-112,서울특별시 광진구 광장동 5-112,,37.55316,127.103520,양방향,N,N,Y,,2024,2025-09-01,Y,서울특별시 광진구청,02-450-7678,2025-10-29,I,2026-05-15 18:45:47,2025-10-29 16:37:12
3040000,202530400000900803,공원-135,방범용,가로변,서울특별시 광진구 광장동 5-112,서울특별시 광진구 광장동 5-112,,37.55383,127.104050,양방향,N,N,Y,,2024,2025-09-01,Y,서울특별시 광진구청,02-450-7678,2025-10-29,I,2026-05-15 18:45:47,2025-10-29 16:37:12
3040000,202530400000900804,공원-136,방범용,가로변,서울특별시 광진구 광장동 5-112,서울특별시 광진구 광장동 5-112,,37.55435,127.104070,양방향,N,N,Y,,2024,2025-09-01,Y,서울특별시 광진구청,02-450-7678,2025-10-29,I,2026-05-15 18:45:47,2025-10-29 16:37:12
3040000,202530400000900805,공원-137,방범용,가로변,서울특별시 광진구 구의동 3,서울특별시 광진구 구의동 3,,37.55312,127.100550,양방향,N,N,Y,,2024,2025-09-01,Y,서울특별시 광진구청,02-450-7678,2025-10-29,I,2026-05-15 18:45:47,2025-10-29 16:37:12
3040000,202530400000900806,공원-138,방범용,가로변,서울특별시 광진구 광장동 5-127,서울특별시 광진구 광장동 5-127,,37.55287,127.100950,양방향,N,N,Y,,2024,2025-09-01,Y,서울특별시 광진구청,02-450-7678,2025-10-29,I,2026-05-15 18:45:47,2025-10-29 16:37:12
3040000,202530400000900807,공원-139,방범용,가로변,서울특별시 광진구 광장동 5-124,서울특별시 광진구 광장동 5-124,,37.55293,127.101120,양방향,N,N,Y,,2024,2025-09-01,Y,서울특별시 광진구청,02-450-7678,2025-10-29,I,2026-05-15 18:45:47,2025-10-29 16:37:12
3040000,202530400000900808,공원-140,방범용,가로변,서울특별시 광진구 영화사로 107,서울특별시 광진구 영화사로 107,,37.55481,127.098030,양방향,N,N,Y,,2024,2025-09-01,Y,서울특별시 광진구청,02-450-7678,2025-10-29,I,2026-05-15 18:45:47,2025-10-29 16:37:12
3040000,202530400000900809,공원-141,방범용,가로변,서울특별시 광진구 구의동 3-3,서울특별시 광진구 구의동 3-3,,37.55611,127.098230,양방향,N,N,Y,,2024,2025-09-01,Y,서울특별시 광진구청,02-450-7678,2025-10-29,I,2026-05-15 18:45:47,2025-10-29 16:37:12
3040000,202530400000900810,공원-142,방범용,가로변,서울특별시 광진구 구의동 3-3,서울특별시 광진구 구의동 3-3,,37.55614,127.097620,양방향,N,N,Y,,2024,2025-09-01,Y,서울특별시 광진구청,02-450-7678,2025-10-29,I,2026-05-15 18:45:47,2025-10-29 16:37:12
3040000,202530400000900811,공원-143,방범용,가로변,서울특별시 광진구 구의동 3-3,서울특별시 광진구 구의동 3-3,,37.55633,127.096780,양방향,N,N,Y,,2024,2025-09-01,Y,서울특별시 광진구청,02-450-7678,2025-10-29,I,2026-05-15 18:45:47,2025-10-29 16:37:12
3040000,202530400000900812,공원-144,방범용,가로변,서울특별시 광진구 구의동 3-3,서울특별시 광진구 구의동 3-3,,37.55646,127.096330,양방향,N,N,Y,,2024,2025-09-01,Y,서울특별시 광진구청,02-450-7678,2025-10-29,I,2026-05-15 18:45:47,2025-10-29 16:37:12
3040000,202530400000900813,공원-145,방범용,가로변,서울특별시 광진구 중곡동 143-141,서울특별시 광진구 중곡동 143-141,,37.55663,127.096050,양방향,N,N,Y,,2024,2025-09-01,Y,서울특별시 광진구청,02-450-7678,2025-10-29,I,2026-05-15 18:45:47,2025-10-29 16:37:12
3040000,202530400000900814,공원-146,방범용,가로변,서울특별시 광진구 구의동 3-3,서울특별시 광진구 구의동 3-3,,37.55673,127.096760,양방향,N,N,Y,,2024,2025-09-01,Y,서울특별시 광진구청,02-450-7678,2025-10-29,I,2026-05-15 18:45:47,2025-10-29 16:37:12
3040000,202530400000900815,공원-147,방범용,가로변,서울특별시 광진구 중곡동 143-141,서울특별시 광진구 중곡동 143-141,,37.55669,127.095700,양방향,N,N,Y,,2024,2025-09-01,Y,서울특별시 광진구청,02-450-7678,2025-10-29,I,2026-05-15 18:45:47,2025-10-29 16:37:12
3040000,202530400000900816,공원-148,방범용,가로변,서울특별시 광진구 중곡동 143-119,서울특별시 광진구 중곡동 143-119,,37.56185,127.090810,양방향,N,N,Y,,2024,2025-09-01,Y,서울특별시 광진구청,02-450-7678,2025-10-29,I,2026-05-15 18:45:47,2025-10-29 16:37:12
3040000,202530400000900817,공원-149,방범용,가로변,서울특별시 광진구 용마산로22길 26,서울특별시 광진구 용마산로22길 26,,37.56289,127.091280,양방향,N,N,Y,,2024,2025-09-01,Y,서울특별시 광진구청,02-450-7678,2025-10-29,I,2026-05-15 18:45:47,2025-10-29 16:37:12
3040000,202530400000900818,공원-150,방범용,가로변,서울특별시 광진구 중곡동 176-122,서울특별시 광진구 중곡동 176-122,,37.56814,127.090120,양방향,N,N,Y,,2024,2025-09-01,Y,서울특별시 광진구청,02-450-7678,2025-10-29,I,2026-05-15 18:45:47,2025-10-29 16:37:12
3040000,202530400000900819,공원-151,방범용,가로변,서울특별시 광진구 중곡동 176-122,서울특별시 광진구 중곡동 176-122,,37.56811,127.090440,양방향,N,N,Y,,2024,2025-09-01,Y,서울특별시 광진구청,02-450-7678,2025-10-29,I,2026-05-15 18:45:47,2025-10-29 16:37:12
3040000,202530400000900820,공원-152,방범용,가로변,서울특별시 광진구 중곡동 176-122,서울특별시 광진구 중곡동 176-122,,37.56787,127.090470,양방향,N,N,Y,,2024,2025-09-01,Y,서울특별시 광진구청,02-450-7678,2025-10-29,I,2026-05-15 18:45:47,2025-10-29 16:37:12
3040000,202530400000900821,공원-153,방범용,가로변,서울특별시 광진구 중곡동 176-112,서울특별시 광진구 중곡동 176-112,,37.56759,127.089880,양방향,N,N,Y,,2024,2025-09-01,Y,서울특별시 광진구청,02-450-7678,2025-10-29,I,2026-05-15 18:45:47,2025-10-29 16:37:12
3040000,202530400000900822,공원-154,방범용,가로변,서울특별시 광진구 구의동 3-17,서울특별시 광진구 구의동 3-17,,37.55537,127.099110,양방향,N,N,Y,,2024,2025-09-01,Y,서울특별시 광진구청,02-450-7678,2025-10-29,I,2026-05-15 18:45:47,2025-10-29 16:37:12
3040000,202530400000900823,공원-155,방범용,가로변,서울특별시 광진구 구의동 3-17,서울특별시 광진구 구의동 3-17,,37.55511,127.099700,양방향,N,N,Y,,2024,2025-09-01,Y,서울특별시 광진구청,02-450-7678,2025-10-29,I,2026-05-15 18:45:47,2025-10-29 16:37:12
3040000,202530400000900824,공원-156,방범용,가로변,서울특별시 광진구 구의동 3-17,서울특별시 광진구 구의동 3-17,,37.5549,127.100370,양방향,N,N,Y,,2024,2025-09-01,Y,서울특별시 광진구청,02-450-7678,2025-10-29,I,2026-05-15 18:45:47,2025-10-29 16:37:12
3040000,202530400000900825,공원-157,방범용,가로변,서울특별시 광진구 구의동 3-17,서울특별시 광진구 구의동 3-17,,37.55492,127.100720,양방향,N,N,Y,,2024,2025-09-01,Y,서울특별시 광진구청,02-450-7678,2025-10-29,I,2026-05-15 18:45:47,2025-10-29 16:37:12
3040000,202530400000900826,공원-158,방범용,가로변,서울특별시 광진구 아차산로25길 27,서울특별시 광진구 아차산로25길 27,,37.54274,127.067060,양방향,N,N,Y,,2024,2025-09-01,Y,서울특별시 광진구청,02-450-7678,2025-10-29,I,2026-05-15 18:45:47,2025-10-29 16:37:12
3040000,202530400000900827,공원-159,방범용,가로변,서울특별시 광진구 아차산로59길 49,서울특별시 광진구 아차산로59길 49,,37.54056,127.090670,양방향,N,N,Y,,2024,2025-09-01,Y,서울특별시 광진구청,02-450-7678,2025-10-29,I,2026-05-15 18:45:47,2025-10-29 16:37:12
3040000,202530400000900828,공원-160,방범용,가로변,서울특별시 광진구 중곡동 176-133,서울특별시 광진구 중곡동 176-133,,37.56843,127.090030,양방향,N,N,Y,,2024,2025-09-01,Y,서울특별시 광진구청,02-450-7678,2025-10-29,I,2026-05-15 18:45:47,2025-10-29 16:37:12
3040000,202530400000900829,공원-161,방범용,가로변,서울특별시 광진구 중곡동 143-146,서울특별시 광진구 중곡동 143-146,,37.56276,127.096400,양방향,N,N,Y,,2024,2025-09-01,Y,서울특별시 광진구청,02-450-7678,2025-10-29,I,2026-05-15 18:45:47,2025-10-29 16:37:12
3040000,202530400000900830,공원-162,방범용,가로변,서울특별시 광진구 중곡동 143-146,서울특별시 광진구 중곡동 143-146,,37.56373,127.096990,양방향,N,N,Y,,2024,2025-09-01,Y,서울특별시 광진구청,02-450-7678,2025-10-29,I,2026-05-15 18:45:47,2025-10-29 16:37:12
3040000,202530400000900831,공원-163,방범용,가로변,서울특별시 광진구 광장동 5-117,서울특별시 광진구 광장동 5-117,,37.55186,127.101880,양방향,N,N,Y,,2024,2025-09-01,Y,서울특별시 광진구청,02-450-7678,2025-10-29,I,2026-05-15 18:45:47,2025-10-29 16:37:12
3040000,202530400000900832,공원-164,방범용,가로변,서울특별시 광진구 광장동 5-117,서울특별시 광진구 광장동 5-117,,37.55189,127.102780,양방향,N,N,Y,,2024,2025-09-01,Y,서울특별시 광진구청,02-450-7678,2025-10-29,I,2026-05-15 18:45:47,2025-10-29 16:37:12
3040000,202530400000900833,공원-165,방범용,가로변,서울특별시 광진구 광장동 5-115,서울특별시 광진구 광장동 5-115,,37.55196,127.103150,양방향,N,N,Y,,2024,2025-09-01,Y,서울특별시 광진구청,02-450-7678,2025-10-29,I,2026-05-15 18:45:47,2025-10-29 16:37:12
3040000,202530400000900834,공원-166,방범용,가로변,서울특별시 광진구 광장동 5-125,서울특별시 광진구 광장동 5-125,,37.55223,127.102060,양방향,N,N,Y,,2024,2025-09-01,Y,서울특별시 광진구청,02-450-7678,2025-10-29,I,2026-05-15 18:45:47,2025-10-29 16:37:12
3040000,202530400000900835,공원-167,방범용,가로변,서울특별시 광진구 광장동 5-123,서울특별시 광진구 광장동 5-123,,37.55254,127.102560,양방향,N,N,Y,,2024,2025-09-01,Y,서울특별시 광진구청,02-450-7678,2025-10-29,I,2026-05-15 18:45:47,2025-10-29 16:37:13
3040000,202530400000900836,공원-168,방범용,가로변,서울특별시 광진구 광장동 5-124,서울특별시 광진구 광장동 5-124,,37.55278,127.101690,양방향,N,N,Y,,2024,2025-09-01,Y,서울특별시 광진구청,02-450-7678,2025-10-29,I,2026-05-15 18:45:47,2025-10-29 16:37:13
3040000,202530400000900837,공원-169,방범용,가로변,서울특별시 광진구 구의동 3-10,서울특별시 광진구 구의동 3-10,,37.55336,127.102220,양방향,N,N,Y,,2024,2025-09-01,Y,서울특별시 광진구청,02-450-7678,2025-10-29,I,2026-05-15 18:45:47,2025-10-29 16:37:13
3040000,202530400000900838,공원-170,방범용,가로변,서울특별시 광진구 구의동 3-12,서울특별시 광진구 구의동 3-12,,37.55387,127.103150,양방향,N,N,Y,,2024,2025-09-01,Y,서울특별시 광진구청,02-450-7678,2025-10-29,I,2026-05-15 18:45:47,2025-10-29 16:37:13
3040000,202530400000900839,공원-171,방범용,가로변,서울특별시 광진구 구의동 3-10,서울특별시 광진구 구의동 3-10,,37.55496,127.103990,양방향,N,N,Y,,2024,2025-09-01,Y,서울특별시 광진구청,02-450-7678,2025-10-29,I,2026-05-15 18:45:47,2025-10-29 16:37:13
3040000,202530400000900840,공원-172,방범용,가로변,서울특별시 광진구 구의동 3-10,서울특별시 광진구 구의동 3-10,,37.55604,127.104400,양방향,N,N,Y,,2024,2025-09-01,Y,서울특별시 광진구청,02-450-7678,2025-10-29,I,2026-05-15 18:45:47,2025-10-29 16:37:13
3040000,202530400000900841,공원-173,방범용,가로변,서울특별시 광진구 구의동 3-8,서울특별시 광진구 구의동 3-8,,37.55713,127.104330,양방향,N,N,Y,,2024,2025-09-01,Y,서울특별시 광진구청,02-450-7678,2025-10-29,I,2026-05-15 18:45:47,2025-10-29 16:37:13
3040000,202530400000900842,공원-174,방범용,가로변,서울특별시 광진구 동일로76나길 20,서울특별시 광진구 동일로76나길 20,,37.56844,127.080260,양방향,N,N,Y,,2024,2025-09-01,Y,서울특별시 광진구청,02-450-7678,2025-10-29,I,2026-05-15 18:45:47,2025-10-29 16:37:13
3040000,202530400000900843,공원-175,방범용,가로변,서울특별시 광진구 동일로76나길 20,서울특별시 광진구 동일로76나길 20,,37.56843,127.080380,양방향,N,N,Y,,2024,2025-09-01,Y,서울특별시 광진구청,02-450-7678,2025-10-29,I,2026-05-15 18:45:47,2025-10-29 16:37:13
3040000,202530400000900844,공원-176,방범용,가로변,서울특별시 광진구 구의동 3-8,서울특별시 광진구 구의동 3-8,,37.55601,127.102720,양방향,N,N,Y,,2024,2025-09-01,Y,서울특별시 광진구청,02-450-7678,2025-10-29,I,2026-05-15 18:45:47,2025-10-29 16:37:13
3040000,202530400000900845,공원-177,방범용,가로변,서울특별시 광진구 구의동 3-8,서울특별시 광진구 구의동 3-8,,37.55694,127.103020,양방향,N,N,Y,,2024,2025-09-01,Y,서울특별시 광진구청,02-450-7678,2025-10-29,I,2026-05-15 18:45:47,2025-10-29 16:37:13
3040000,202530400000900846,공원-178,방범용,가로변,서울특별시 광진구 구의동 3-3,서울특별시 광진구 구의동 3-3,,37.55783,127.103900,양방향,N,N,Y,,2024,2025-09-01,Y,서울특별시 광진구청,02-450-7678,2025-10-29,I,2026-05-15 18:45:47,2025-10-29 16:37:13
3040000,202530400000900847,공원-179,방범용,가로변,서울특별시 광진구 구의동 3-3,서울특별시 광진구 구의동 3-3,,37.55908,127.102370,양방향,N,N,Y,,2024,2025-09-01,Y,서울특별시 광진구청,02-450-7678,2025-10-29,I,2026-05-15 18:45:47,2025-10-29 16:37:13
3040000,202530400000900848,공원-203,방범용,가로변,서울특별시 광진구 아차산로 400,서울특별시 광진구 아차산로 400,,37.53662,127.087170,양방향,N,N,Y,,2025,2025-09-01,Y,서울특별시 광진구청,02-450-7678,2025-10-29,I,2026-05-15 18:45:47,2025-10-29 16:37:13
3040000,202530400000900849,공원-204,방범용,가로변,서울특별시 광진구 아차산로 400,서울특별시 광진구 아차산로 400,,37.53695,127.087060,양방향,N,N,Y,,2025,2025-09-01,Y,서울특별시 광진구청,02-450-7678,2025-10-29,I,2026-05-15 18:45:47,2025-10-29 16:37:13
3040000,202530400000900850,공원-205,방범용,가로변,서울특별시 광진구 아차산로 400,서울특별시 광진구 아차산로 400,,37.53746,127.088260,양방향,N,N,Y,,2025,2025-09-01,Y,서울특별시 광진구청,02-450-7678,2025-10-29,I,2026-05-15 18:45:47,2025-10-29 16:37:13
3040000,202530400000900851,공원-206,방범용,가로변,서울특별시 광진구 아차산로 400,서울특별시 광진구 아차산로 400,,37.53748,127.089010,양방향,N,N,Y,,2025,2025-09-01,Y,서울특별시 광진구청,02-450-7678,2025-10-29,I,2026-05-15 18:45:47,2025-10-29 16:37:13
3040000,202530400000900852,그린파킹-001,방범용,가로변,서울특별시 광진구 광나루로36길 9-9,서울특별시 광진구 광나루로36길 9-9,,37.5444,127.087330,양방향,N,N,Y,,2007,2025-09-01,Y,서울특별시 광진구청,02-450-7678,2025-10-29,I,2026-05-15 18:45:47,2025-10-29 16:37:13
3040000,202530400000900853,그린파킹-002,방범용,가로변,서울특별시 광진구 구의로9길 15,서울특별시 광진구 구의로9길 15,,37.54236,127.088150,양방향,N,N,Y,,2007,2025-09-01,Y,서울특별시 광진구청,02-450-7678,2025-10-29,I,2026-05-15 18:45:47,2025-10-29 16:37:13
3040000,202530400000900854,그린파킹-003,방범용,가로변,서울특별시 광진구 자양로38길 17-7,서울특별시 광진구 자양로38길 17-7,,37.54731,127.089190,양방향,N,N,Y,,2005,2025-09-01,Y,서울특별시 광진구청,02-450-7678,2025-10-29,I,2026-05-15 18:45:47,2025-10-29 16:37:13
3040000,202530400000900855,그린파킹-004,방범용,가로변,서울특별시 광진구 동일로52길 11-13,서울특별시 광진구 동일로52길 11-13,,37.55528,127.072190,양방향,N,N,Y,,2007,2025-09-01,Y,서울특별시 광진구청,02-450-7678,2025-10-29,I,2026-05-15 18:45:47,2025-10-29 16:37:13
3040000,202530400000900856,그린파킹-005,방범용,가로변,서울특별시 광진구 천호대로116길 97,서울특별시 광진구 천호대로116길 97,,37.55263,127.081330,양방향,N,N,Y,,2004,2025-09-01,Y,서울특별시 광진구청,02-450-7678,2025-10-29,I,2026-05-15 18:45:47,2025-10-29 16:37:13
3040000,202530400000900857,그린파킹-006,방범용,가로변,서울특별시 광진구 천호대로110길 8,서울특별시 광진구 천호대로110길 8,,37.55636,127.080090,양방향,N,N,Y,,2004,2025-09-01,Y,서울특별시 광진구청,02-450-7678,2025-10-29,I,2026-05-15 18:45:47,2025-10-29 16:37:13
3040000,202530400000900858,그린파킹-007,방범용,가로변,서울특별시 광진구 능동로34길 11-19,서울특별시 광진구 능동로34길 11-19,,37.55545,127.080790,양방향,N,N,Y,,2004,2025-09-01,Y,서울특별시 광진구청,02-450-7678,2025-10-29,I,2026-05-15 18:45:47,2025-10-29 16:37:13
3040000,202530400000900859,그린파킹-009,방범용,가로변,서울특별시 광진구 천호대로112길 53,서울특별시 광진구 천호대로112길 53,,37.55388,127.080300,양방향,N,N,Y,,2004,2025-09-01,Y,서울특별시 광진구청,02-450-7678,2025-10-29,I,2026-05-15 18:45:47,2025-10-29 16:37:13
3040000,202530400000900860,그린파킹-011,방범용,가로변,서울특별시 광진구 능동로36길 87,서울특별시 광진구 능동로36길 87,,37.55472,127.083840,양방향,N,N,Y,,2004,2025-09-01,Y,서울특별시 광진구청,02-450-7678,2025-10-29,I,2026-05-15 18:45:47,2025-10-29 16:37:13
3040000,202530400000900861,그린파킹-012,방범용,가로변,서울특별시 광진구 천호대로116길 36,서울특별시 광진구 천호대로116길 36,,37.55368,127.083380,양방향,N,N,Y,,2004,2025-09-01,Y,서울특별시 광진구청,02-450-7678,2025-10-29,I,2026-05-15 18:45:47,2025-10-29 16:37:13
3040000,202530400000900862,그린파킹-013,방범용,가로변,서울특별시 광진구 능동로32길 106-13,서울특별시 광진구 능동로32길 106-13,,37.55274,127.083690,양방향,N,N,Y,,2004,2025-09-01,Y,서울특별시 광진구청,02-450-7678,2025-10-29,I,2026-05-15 18:45:47,2025-10-29 16:37:13
3040000,202530400000900863,그린파킹-014,방범용,가로변,서울특별시 광진구 능동로36길 141,서울특별시 광진구 능동로36길 141,,37.55361,127.086520,양방향,N,N,Y,,2004,2025-09-01,Y,서울특별시 광진구청,02-450-7678,2025-10-29,I,2026-05-15 18:45:47,2025-10-29 16:37:13
3040000,202530400000900864,그린파킹-015,방범용,가로변,서울특별시 광진구 천호대로118길 33-17,서울특별시 광진구 천호대로118길 33-17,,37.55296,127.085550,양방향,N,N,Y,,2007,2025-09-01,Y,서울특별시 광진구청,02-450-7678,2025-10-29,I,2026-05-15 18:45:47,2025-10-29 16:37:13
3040000,202530400000900865,그린파킹-016,방범용,가로변,서울특별시 광진구 능동로32길 139,서울특별시 광진구 능동로32길 139,,37.55272,127.085750,양방향,N,N,Y,,2004,2025-09-01,Y,서울특별시 광진구청,02-450-7678,2025-10-29,I,2026-05-15 18:45:47,2025-10-29 16:37:13
3040000,202530400000900866,그린파킹-017,방범용,가로변,서울특별시 광진구 천호대로122길 33,서울특별시 광진구 천호대로122길 33,,37.55209,127.087650,양방향,N,N,Y,,2004,2025-09-01,Y,서울특별시 광진구청,02-450-7678,2025-10-29,I,2026-05-15 18:45:47,2025-10-29 16:37:13
3040000,202530400000900867,그린파킹-018,방범용,가로변,서울특별시 광진구 능동로30길 8,서울특별시 광진구 능동로30길 8,,37.5541,127.078560,양방향,N,N,Y,,2004,2025-09-01,Y,서울특별시 광진구청,02-450-7678,2025-10-29,I,2026-05-15 18:45:47,2025-10-29 16:37:13
3040000,202530400000900868,그린파킹-019,방범용,가로변,서울특별시 광진구 능동로24길 23,서울특별시 광진구 능동로24길 23,,37.55199,127.078180,양방향,N,N,Y,,2004,2025-09-01,Y,서울특별시 광진구청,02-450-7678,2025-10-29,I,2026-05-15 18:45:47,2025-10-29 16:37:13
3040000,202530400000900869,그린파킹-020,방범용,가로변,서울특별시 광진구 능동로32길 12,서울특별시 광진구 능동로32길 12,,37.55523,127.079160,양방향,N,N,Y,,2004,2025-09-01,Y,서울특별시 광진구청,02-450-7678,2025-10-29,I,2026-05-15 18:45:47,2025-10-29 16:37:13
3040000,202530400000900870,그린파킹-021,방범용,가로변,서울특별시 광진구 능동로30길 38,서울특별시 광진구 능동로30길 38,,37.55321,127.079420,양방향,N,N,Y,,2004,2025-09-01,Y,서울특별시 광진구청,02-450-7678,2025-10-29,I,2026-05-15 18:45:47,2025-10-29 16:37:13
3040000,202530400000900871,그린파킹-022,방범용,가로변,서울특별시 광진구 능동로43길 37-16,서울특별시 광진구 능동로43길 37-16,,37.56143,127.079370,양방향,N,N,Y,,2006,2025-09-01,Y,서울특별시 광진구청,02-450-7678,2025-10-29,I,2026-05-15 18:45:47,2025-10-29 16:37:13
3040000,202530400000900872,그린파킹-023,방범용,가로변,서울특별시 광진구 천호대로125길 58,서울특별시 광진구 천호대로125길 58,,37.55706,127.087310,양방향,N,N,Y,,2007,2025-09-01,Y,서울특별시 광진구청,02-450-7678,2025-10-29,I,2026-05-15 18:45:47,2025-10-29 16:37:13
3040000,202530400000900873,그린파킹-024,방범용,가로변,서울특별시 광진구 용마산로5길 40-22,서울특별시 광진구 용마산로5길 40-22,,37.55849,127.085440,양방향,N,N,Y,,2007,2025-09-01,Y,서울특별시 광진구청,02-450-7678,2025-10-29,I,2026-05-15 18:45:47,2025-10-29 16:37:13
3040000,202530400000900874,그린파킹-025,방범용,가로변,서울특별시 광진구 능동로 386-16,서울특별시 광진구 능동로 386-16,,37.56299,127.083160,양방향,N,N,Y,,2007,2025-09-01,Y,서울특별시 광진구청,02-450-7678,2025-10-29,I,2026-05-15 18:45:47,2025-10-29 16:37:13
3040000,202530400000900875,그린파킹-026,방범용,가로변,서울특별시 광진구 용마산로21길 23,서울특별시 광진구 용마산로21길 23,,37.5637,127.085890,양방향,N,N,Y,,2007,2025-09-01,Y,서울특별시 광진구청,02-450-7678,2025-10-29,I,2026-05-15 18:45:47,2025-10-29 16:37:13
3040000,202530400000900876,그린파킹-027,방범용,가로변,서울특별시 광진구 동일로74길 31,서울특별시 광진구 동일로74길 31,,37.56674,127.079840,양방향,N,N,Y,,2007,2025-09-01,Y,서울특별시 광진구청,02-450-7678,2025-10-29,I,2026-05-15 18:45:47,2025-10-29 16:37:13
3040000,202530400000900877,그린파킹-028,방범용,가로변,서울특별시 광진구 능동로51길 37-10,서울특별시 광진구 능동로51길 37-10,,37.56609,127.081930,양방향,N,N,Y,,2007,2025-09-01,Y,서울특별시 광진구청,02-450-7678,2025-10-29,I,2026-05-15 18:45:47,2025-10-29 16:37:13
3040000,202530400000900878,그린파킹-029,방범용,가로변,서울특별시 광진구 능동로51길 19-8,서울특별시 광진구 능동로51길 19-8,,37.56597,127.083050,양방향,N,N,Y,,2007,2025-09-01,Y,서울특별시 광진구청,02-450-7678,2025-10-29,I,2026-05-15 18:45:47,2025-10-29 16:37:13
3040000,202530400000900879,그린파킹-030,방범용,가로변,서울특별시 광진구 능동로51길 25-12,서울특별시 광진구 능동로51길 25-12,,37.56569,127.082420,양방향,N,N,Y,,2007,2025-09-01,Y,서울특별시 광진구청,02-450-7678,2025-10-29,I,2026-05-15 18:45:47,2025-10-29 16:37:13
3040000,202530400000900880,그린파킹-031,방범용,가로변,서울특별시 광진구 용마산로27길 28,서울특별시 광진구 용마산로27길 28,,37.56662,127.085430,양방향,N,N,Y,,2007,2025-09-01,Y,서울특별시 광진구청,02-450-7678,2025-10-29,I,2026-05-15 18:45:47,2025-10-29 16:37:13
3040000,202530400000900881,그린파킹-032,방범용,가로변,서울특별시 광진구 용마산로8길 66,서울특별시 광진구 용마산로8길 66,,37.55946,127.091370,양방향,N,N,Y,,2006,2025-09-01,Y,서울특별시 광진구청,02-450-7678,2025-10-29,I,2026-05-15 18:45:47,2025-10-29 16:37:13
3040000,202530400000900882,그린파킹-033,방범용,가로변,서울특별시 광진구 긴고랑로42길 3-28,서울특별시 광진구 긴고랑로42길 3-28,,37.55893,127.094380,양방향,N,N,Y,,2006,2025-09-01,Y,서울특별시 광진구청,02-450-7678,2025-10-29,I,2026-05-15 18:45:47,2025-10-29 16:37:13
3040000,202530400000900883,그린파킹-034,방범용,가로변,서울특별시 광진구 용마산로36길 28-10,서울특별시 광진구 용마산로36길 28-10,,37.57042,127.087880,양방향,N,N,Y,,2006,2025-09-01,Y,서울특별시 광진구청,02-450-7678,2025-10-29,I,2026-05-15 18:45:47,2025-10-29 16:37:13
3040000,202530400000900884,그린파킹-035,방범용,가로변,서울특별시 광진구 용마산로36길 22,서울특별시 광진구 용마산로36길 22,,37.57082,127.087500,양방향,N,N,Y,,2007,2025-09-01,Y,서울특별시 광진구청,02-450-7678,2025-10-29,I,2026-05-15 18:45:47,2025-10-29 16:37:13
3040000,202530400000900885,그린파킹-036,방범용,가로변,서울특별시 광진구 긴고랑로47길 19,서울특별시 광진구 긴고랑로47길 19,,37.5619,127.095560,양방향,N,N,Y,,2007,2025-09-01,Y,서울특별시 광진구청,02-450-7678,2025-10-29,I,2026-05-15 18:45:47,2025-10-29 16:37:13
3040000,202530400000900886,그린파킹-037,방범용,가로변,서울특별시 광진구 긴고랑로49길 27,서울특별시 광진구 긴고랑로49길 27,,37.56104,127.095020,양방향,N,N,Y,,2007,2025-09-01,Y,서울특별시 광진구청,02-450-7678,2025-10-29,I,2026-05-15 18:45:47,2025-10-29 16:37:13
3040000,202530400000900887,그린파킹-038,방범용,가로변,서울특별시 광진구 긴고랑로42길 3-8,서울특별시 광진구 긴고랑로42길 3-8,,37.55871,127.093400,양방향,N,N,Y,,2006,2025-09-01,Y,서울특별시 광진구청,02-450-7678,2025-10-29,I,2026-05-15 18:45:47,2025-10-29 16:37:13
3040000,202530400000900888,그린파킹-039,방범용,가로변,서울특별시 광진구 긴고랑로42길 3-15,서울특별시 광진구 긴고랑로42길 3-15,,37.55879,127.094100,양방향,N,N,Y,,2006,2025-09-01,Y,서울특별시 광진구청,02-450-7678,2025-10-29,I,2026-05-15 18:45:47,2025-10-29 16:37:13
3040000,202530400000900889,그린파킹-040,방범용,가로변,서울특별시 광진구 동일로24길 80-5,서울특별시 광진구 동일로24길 80-5,,37.54254,127.069350,양방향,N,N,Y,,2007,2025-09-01,Y,서울특별시 광진구청,02-450-7678,2025-10-29,I,2026-05-15 18:45:47,2025-10-29 16:37:13
3040000,202530400000900890,그린파킹-047,방범용,가로변,서울특별시 광진구 광나루로30다길 30,서울특별시 광진구 광나루로30다길 30,,37.54285,127.083030,양방향,N,N,Y,,2007,2025-09-01,Y,서울특별시 광진구청,02-450-7678,2025-10-29,I,2026-05-15 18:45:47,2025-10-29 16:37:13
3040000,202530400000900891,그린파킹-048,방범용,가로변,서울특별시 광진구 천호대로136길 43,서울특별시 광진구 천호대로136길 43,,37.5478,127.090270,양방향,N,N,Y,,2005,2025-09-01,Y,서울특별시 광진구청,02-450-7678,2025-10-29,I,2026-05-15 18:45:47,2025-10-29 16:37:13
3040000,202530400000900892,그린파킹-049,방범용,가로변,서울특별시 광진구 천호대로136길 13,서울특별시 광진구 천호대로136길 13,,37.54879,127.091410,양방향,N,N,Y,,2005,2025-09-01,Y,서울특별시 광진구청,02-450-7678,2025-10-29,I,2026-05-15 18:45:47,2025-10-29 16:37:13
3040000,202530400000900893,그린파킹-050,방범용,가로변,서울특별시 광진구 천호대로136길 64,서울특별시 광진구 천호대로136길 64,,37.54719,127.089520,양방향,N,N,Y,,2005,2025-09-01,Y,서울특별시 광진구청,02-450-7678,2025-10-29,I,2026-05-15 18:45:47,2025-10-29 16:37:13
3040000,202530400000900894,그린파킹-051,방범용,가로변,서울특별시 광진구 아차산로42길 16,서울특별시 광진구 아차산로42길 16,,37.53693,127.078940,양방향,N,N,Y,,2007,2025-09-01,Y,서울특별시 광진구청,02-450-7678,2025-10-29,I,2026-05-15 18:45:47,2025-10-29 16:37:13
3040000,202530400000900895,그린파킹-052,방범용,가로변,서울특별시 광진구 용마산로5길 40,서울특별시 광진구 용마산로5길 40,,37.55752,127.085590,양방향,N,N,Y,,2007,2025-09-01,Y,서울특별시 광진구청,02-450-7678,2025-10-29,I,2026-05-15 18:45:47,2025-10-29 16:37:13
3040000,202530400000900896,그린파킹-053,방범용,가로변,서울특별시 광진구 동일로74길 15,서울특별시 광진구 동일로74길 15,,37.56701,127.078920,양방향,N,N,Y,,2007,2025-09-01,Y,서울특별시 광진구청,02-450-7678,2025-10-29,I,2026-05-15 18:45:47,2025-10-29 16:37:13
3040000,202530400000900897,시설방범-001,방범용,가로변,서울특별시 광진구 천호대로 548,서울특별시 광진구 천호대로 548,,37.55704,127.079140,양방향,N,N,Y,,2017,2025-09-01,Y,서울특별시 광진구청,02-450-7678,2025-10-29,I,2026-05-15 18:45:47,2025-10-29 16:37:13
3040000,202530400000900898,시설방범-002,방범용,가로변,서울특별시 광진구 천호대로 661,서울특별시 광진구 천호대로 661,,37.55215,127.089900,양방향,N,N,Y,,2015,2025-09-01,Y,서울특별시 광진구청,02-450-7678,2025-10-29,I,2026-05-15 18:45:47,2025-10-29 16:37:13
3040000,202530400000900899,시설방범-003,방범용,가로변,서울특별시 광진구 자양로3길 7,서울특별시 광진구 자양로3길 7,,37.53086,127.086430,양방향,N,N,Y,,2014,2025-09-01,Y,서울특별시 광진구청,02-450-7678,2025-10-29,I,2026-05-15 18:45:47,2025-10-29 16:37:13
3040000,202530400000900900,시설방범-004,방범용,가로변,서울특별시 광진구 능동로 10,서울특별시 광진구 능동로 10,,37.53214,127.067220,양방향,N,N,Y,,2015,2025-09-01,Y,서울특별시 광진구청,02-450-7678,2025-10-29,I,2026-05-15 18:45:47,2025-10-29 16:37:13
3040000,202530400000900901,시설방범-005,방범용,가로변,서울특별시 광진구 능동로 110,서울특별시 광진구 능동로 110,,37.54006,127.070960,양방향,N,N,Y,,2015,2025-09-01,Y,서울특별시 광진구청,02-450-7678,2025-10-29,I,2026-05-15 18:45:47,2025-10-29 16:37:13
3040000,202530400000900902,시설방범-007,방범용,가로변,서울특별시 광진구 아차산로 383,서울특별시 광진구 아차산로 383,,37.53714,127.085410,양방향,N,N,Y,,2018,2025-09-01,Y,서울특별시 광진구청,02-450-7678,2025-10-29,I,2026-05-15 18:45:47,2025-10-29 16:37:13
3040000,202530400000900903,시설방범-008,방범용,가로변,서울특별시 광진구 광나루로 377-2,서울특별시 광진구 광나루로 377-2,,37.54784,127.074330,양방향,N,N,Y,,2018,2025-09-01,Y,서울특별시 광진구청,02-450-7678,2025-10-29,I,2026-05-15 18:45:47,2025-10-29 16:37:13
3040000,202530400000900904,시설방범-009,방범용,가로변,서울특별시 광진구 천호대로 549,서울특별시 광진구 천호대로 549,,37.55741,127.079460,양방향,N,N,Y,,2018,2025-09-01,Y,서울특별시 광진구청,02-450-7678,2025-10-29,I,2026-05-15 18:45:47,2025-10-29 16:37:13
3040000,202530400000900905,시설방범-010,방범용,가로변,서울특별시 광진구 능동로 419,서울특별시 광진구 능동로 419,,37.56643,127.084350,양방향,N,N,Y,,2018,2025-09-01,Y,서울특별시 광진구청,02-450-7678,2025-10-29,I,2026-05-15 18:45:47,2025-10-29 16:37:13
3040000,202530400000900906,시설방범-011,방범용,가로변,서울특별시 광진구 동일로 419,서울특별시 광진구 동일로 419,,37.56832,127.078290,양방향,N,N,Y,,2018,2025-09-01,Y,서울특별시 광진구청,02-450-7678,2025-10-29,I,2026-05-15 18:45:47,2025-10-29 16:37:13
3040000,202530400000900907,시설방범-012,방범용,가로변,서울특별시 광진구 동일로 403,서울특별시 광진구 동일로 403,,37.56659,127.077260,양방향,N,N,Y,,2018,2025-09-01,Y,서울특별시 광진구청,02-450-7678,2025-10-29,I,2026-05-15 18:45:47,2025-10-29 16:37:13
3040000,202530400000900908,시설방범-013,방범용,가로변,서울특별시 광진구 중곡3동 485-7,서울특별시 광진구 중곡3동 485-7,,37.56727,127.077050,양방향,N,N,Y,,2019,2025-09-01,Y,서울특별시 광진구청,02-450-7678,2025-10-29,I,2026-05-15 18:45:47,2025-10-29 16:37:13
3040000,202530400000900909,시설방범-014,방범용,가로변,서울특별시 광진구 아차산로 397,서울특별시 광진구 아차산로 397,,37.53745,127.086740,양방향,N,N,Y,,2020,2025-09-01,Y,서울특별시 광진구청,02-450-7678,2025-10-29,I,2026-05-15 18:45:47,2025-10-29 16:37:13
3040000,202530400000900910,시설방범-015,방범용,가로변,서울특별시 광진구 아차산로 236,서울특별시 광진구 아차산로 236,,37.54018,127.069440,양방향,N,N,Y,,2020,2025-09-01,Y,서울특별시 광진구청,02-450-7678,2025-10-29,I,2026-05-15 18:45:47,2025-10-29 16:37:13
3040000,202530400000900911,시설방범-016,방범용,가로변,서울특별시 광진구 광나루로 389,서울특별시 광진구 광나루로 389,,37.54753,127.073970,양방향,N,N,Y,,2020,2025-09-01,Y,서울특별시 광진구청,02-450-7678,2025-10-29,I,2026-05-15 18:45:47,2025-10-29 16:37:13
3040000,202530400000900912,시설방범-017,방범용,가로변,서울특별시 광진구 아차산로 370,서울특별시 광진구 아차산로 370,,37.53645,127.083850,양방향,N,N,Y,,2020,2025-09-01,Y,서울특별시 광진구청,02-450-7678,2025-10-29,I,2026-05-15 18:45:47,2025-10-29 16:37:13
3040000,202530400000900913,시설방범-018,방범용,가로변,서울특별시 광진구 능동로 120-1,서울특별시 광진구 능동로 120-1,,37.53974,127.071880,양방향,N,N,Y,,2020,2025-09-01,Y,서울특별시 광진구청,02-450-7678,2025-10-29,I,2026-05-15 18:45:47,2025-10-29 16:37:13
3040000,202530400000900914,시설방범-019,방범용,가로변,서울특별시 광진구 능동로 90,서울특별시 광진구 능동로 90,,37.53899,127.070450,양방향,N,N,Y,,2020,2025-09-01,Y,서울특별시 광진구청,02-450-7678,2025-10-29,I,2026-05-15 18:45:47,2025-10-29 16:37:13
3040000,202530400000900915,시설방범-020,방범용,가로변,서울특별시 광진구 자양4동 72-1,서울특별시 광진구 자양4동 72-1,,37.53192,127.066290,양방향,N,N,Y,,2020,2025-09-01,Y,서울특별시 광진구청,02-450-7678,2025-10-29,I,2026-05-15 18:45:47,2025-10-29 16:37:13
3040000,202530400000900916,시설방범-021,방범용,가로변,서울특별시 광진구 천호대로 556,서울특별시 광진구 천호대로 556,,37.55688,127.079590,양방향,N,N,Y,,2020,2025-09-01,Y,서울특별시 광진구청,02-450-7678,2025-10-29,I,2026-05-15 18:45:47,2025-10-29 16:37:13
3040000,202530400000900917,시설방범-022,방범용,가로변,서울특별시 광진구 강변역로 53,서울특별시 광진구 강변역로 53,,37.53586,127.094340,양방향,N,N,Y,,2021,2025-09-01,Y,서울특별시 광진구청,02-450-7678,2025-10-29,I,2026-05-15 18:45:47,2025-10-29 16:37:13
3040000,202530400000900918,시설방범-023,방범용,가로변,서울특별시 광진구 화양동 4-14,서울특별시 광진구 화양동 4-14,,37.54098,127.071550,양방향,N,N,Y,,2021,2025-09-01,Y,서울특별시 광진구청,02-450-7678,2025-10-29,I,2026-05-15 18:45:47,2025-10-29 16:37:13
3040000,202530400000900919,시설방범-025,방범용,가로변,서울특별시 광진구 아차산로 563,서울특별시 광진구 아차산로 563,,37.54378,127.103080,양방향,N,N,Y,,2022,2025-09-01,Y,서울특별시 광진구청,02-450-7678,2025-10-29,I,2026-05-15 18:45:47,2025-10-29 16:37:13
3040000,202530400000900920,시설방범-026,방범용,가로변,서울특별시 광진구 능동로 90,서울특별시 광진구 능동로 90,,37.5392,127.070350,양방향,N,N,Y,,2022,2025-09-01,Y,서울특별시 광진구청,02-450-7678,2025-10-29,I,2026-05-15 18:45:47,2025-10-29 16:37:13
3040000,202530400000900921,시설방범-027,방범용,가로변,서울특별시 광진구 아차산로 361,서울특별시 광진구 아차산로 361,,37.53672,127.083350,양방향,N,N,Y,,2023,2025-09-01,Y,서울특별시 광진구청,02-450-7678,2025-10-29,I,2026-05-15 18:45:47,2025-10-29 16:37:13
3040000,202530400000900922,시설방범-028,방범용,가로변,서울특별시 광진구 자양로 117,서울특별시 광진구 자양로 117,,37.53834,127.083270,양방향,N,N,Y,,2023,2025-09-01,Y,서울특별시 광진구청,02-450-7678,2025-10-29,I,2026-05-15 18:45:47,2025-10-29 16:37:13
3040000,202530400000900923,시설방범-029,방범용,가로변,서울특별시 광진구 광장동 401-33,서울특별시 광진구 광장동 401-33,,37.54642,127.101390,양방향,N,N,Y,,2024,2025-09-01,Y,서울특별시 광진구청,02-450-7678,2025-10-29,I,2026-05-15 18:45:47,2025-10-29 16:37:13
3040000,202530400000900924,시설방범-030,방범용,가로변,서울특별시 광진구 중곡동 30-51,서울특별시 광진구 중곡동 30-51,,37.56596,127.084540,양방향,N,N,Y,,2024,2025-09-01,Y,서울특별시 광진구청,02-450-7678,2025-10-29,I,2026-05-15 18:45:47,2025-10-29 16:37:13
3040000,202530400000900925,시설방범-031,방범용,가로변,서울특별시 광진구 아차산로 355,서울특별시 광진구 아차산로 355,,37.53702,127.082160,양방향,N,N,Y,,2024,2025-09-01,Y,서울특별시 광진구청,02-450-7678,2025-10-29,I,2026-05-15 18:45:47,2025-10-29 16:37:13
3040000,202530400000900926,시설방범-032,방범용,가로변,서울특별시 광진구 자양로 59-2,서울특별시 광진구 자양로 59-2,,37.53298,127.084830,양방향,N,N,Y,,2024,2025-09-01,Y,서울특별시 광진구청,02-450-7678,2025-10-29,I,2026-05-15 18:45:47,2025-10-29 16:37:13
3040000,202530400000900927,시설방범-033,방범용,가로변,서울특별시 광진구 뚝섬로46길 64,서울특별시 광진구 뚝섬로46길 64,,37.5304,127.074920,양방향,N,N,Y,,2024,2025-09-01,Y,서울특별시 광진구청,02-450-7678,2025-10-29,I,2026-05-15 18:45:47,2025-10-29 16:37:13
3040000,202530400000900928,시설방범-034,방범용,가로변,서울특별시 광진구 능동로 172,서울특별시 광진구 능동로 172,,37.54603,127.073700,양방향,N,N,Y,,2024,2025-09-01,Y,서울특별시 광진구청,02-450-7678,2025-10-29,I,2026-05-15 18:45:47,2025-10-29 16:37:13
3040000,202530400000900929,시설방범-035,방범용,가로변,서울특별시 광진구 능동로 295-2,서울특별시 광진구 능동로 295-2,,37.55631,127.078800,양방향,N,N,Y,,2024,2025-09-01,Y,서울특별시 광진구청,02-450-7678,2025-10-29,I,2026-05-15 18:45:47,2025-10-29 16:37:13
3040000,202530400000900930,시설방범-036,방범용,가로변,서울특별시 광진구 면목로 98,서울특별시 광진구 면목로 98,,37.56243,127.079470,양방향,N,N,Y,,2025,2025-09-01,Y,서울특별시 광진구청,02-450-7678,2025-10-29,I,2026-05-15 18:45:47,2025-10-29 16:37:13
3040000,202530400000900931,어린이-004,방범용,가로변,서울특별시 광진구 광장로1길 27 (광장동),서울특별시 광진구 광장로1길 27 (광장동),,37.54795,127.101020,양방향,N,N,Y,,2010,2025-09-01,Y,서울특별시 광진구청,02-450-7678,2025-10-29,I,2026-05-15 18:45:47,2025-10-29 16:37:13
3040000,202530400000900932,어린이-005,방범용,가로변,서울특별시 광진구 아차산로70길 62 (광장동),서울특별시 광진구 아차산로70길 62 (광장동),,37.5416,127.100940,양방향,N,N,Y,,2012,2025-09-01,Y,서울특별시 광진구청,02-450-7678,2025-10-29,I,2026-05-15 18:45:47,2025-10-29 16:37:13
3040000,202530400000900933,어린이-006,방범용,가로변,서울특별시 광진구 아차산로70길 35 (광장동),서울특별시 광진구 아차산로70길 35 (광장동),,37.54205,127.101770,양방향,N,N,Y,,2010,2025-09-01,Y,서울특별시 광진구청,02-450-7678,2025-10-29,I,2026-05-15 18:45:47,2025-10-29 16:37:13
3040000,202530400000900934,어린이-007,방범용,가로변,"서울특별시 광진구 아차산로 503-23 (광장동, 청구아파트)","서울특별시 광진구 아차산로 503-23 (광장동, 청구아파트)",,37.54345,127.096530,양방향,N,N,Y,,2010,2025-09-01,Y,서울특별시 광진구청,02-450-7678,2025-10-29,I,2026-05-15 18:45:47,2025-10-29 16:37:13
3040000,202530400000900935,어린이-008,방범용,가로변,"서울특별시 광진구 아차산로 503-23 (광장동 ), 워커힐로 13 건너편","서울특별시 광진구 아차산로 503-23 (광장동 ), 워커힐로 13 건너편",,37.5433,127.095510,양방향,N,N,Y,,2014,2025-09-01,Y,서울특별시 광진구청,02-450-7678,2025-10-29,I,2026-05-15 18:45:47,2025-10-29 16:37:13
3040000,202530400000900936,어린이-009,방범용,가로변,서울특별시 광진구 아차산로73길 48 (광장동),서울특별시 광진구 아차산로73길 48 (광장동),,37.54683,127.102240,양방향,N,N,Y,,2012,2025-09-01,Y,서울특별시 광진구청,02-450-7678,2025-10-29,I,2026-05-15 18:45:47,2025-10-29 16:37:13
3040000,202530400000900937,어린이-010,방범용,가로변,서울특별시 광진구 광장로3길 19 (광장동),서울특별시 광진구 광장로3길 19 (광장동),,37.54788,127.102770,양방향,N,N,Y,,2013,2025-09-01,Y,서울특별시 광진구청,02-450-7678,2025-10-29,I,2026-05-15 18:45:47,2025-10-29 16:37:13
3040000,202530400000900938,어린이-016,방범용,가로변,서울특별시 광진구 아차산로69길 29 (광장동),서울특별시 광진구 아차산로69길 29 (광장동),,37.54399,127.097280,양방향,N,N,Y,,2013,2025-09-01,Y,서울특별시 광진구청,02-450-7678,2025-10-29,I,2026-05-15 18:45:47,2025-10-29 16:37:13
3040000,202530400000900939,어린이-017,방범용,가로변,서울특별시 광진구 아차산로 511 (광장동),서울특별시 광진구 아차산로 511 (광장동),,37.54215,127.098210,양방향,N,N,Y,,2015,2025-09-01,Y,서울특별시 광진구청,02-450-7678,2025-10-29,I,2026-05-15 18:45:47,2025-10-29 16:37:13
3040000,202530400000900940,어린이-019,방범용,가로변,"서울특별시 광진구 아차산로70길 61 (광장동), 아차산로70길 17-62 광남중","서울특별시 광진구 아차산로70길 61 (광장동), 아차산로70길 17-62 광남중",,37.54018,127.102190,양방향,N,N,Y,,2013,2025-09-01,Y,서울특별시 광진구청,02-450-7678,2025-10-29,I,2026-05-15 18:45:47,2025-10-29 16:37:13
3040000,202530400000900941,어린이-020,방범용,가로변,"서울특별시 광진구 아차산로70길 61 (광장동, 광장현대아파트)","서울특별시 광진구 아차산로70길 61 (광장동, 광장현대아파트)",,37.54063,127.100000,양방향,N,N,Y,,2011,2025-09-01,Y,서울특별시 광진구청,02-450-7678,2025-10-29,I,2026-05-15 18:45:47,2025-10-29 16:37:13
3040000,202530400000900942,어린이-023,방범용,가로변,서울특별시 광진구 광나루로38길 73 (구의동),서울특별시 광진구 광나루로38길 73 (구의동),,37.54174,127.087240,양방향,N,N,Y,,2012,2025-09-01,Y,서울특별시 광진구청,02-450-7678,2025-10-29,I,2026-05-15 18:45:47,2025-10-29 16:37:13
3040000,202530400000900943,어린이-027,방범용,가로변,서울특별시 광진구 광나루로30다길 3 (구의동),서울특별시 광진구 광나루로30다길 3 (구의동),,37.5434,127.081500,양방향,N,N,Y,,2012,2025-09-01,Y,서울특별시 광진구청,02-450-7678,2025-10-29,I,2026-05-15 18:45:47,2025-10-29 16:37:13
3040000,202530400000900944,어린이-028,방범용,가로변,서울특별시 광진구 자양로23가길 16 (구의동),서울특별시 광진구 자양로23가길 16 (구의동),,37.54212,127.081660,양방향,N,N,Y,,2010,2025-09-01,Y,서울특별시 광진구청,02-450-7678,2025-10-29,I,2026-05-15 18:45:47,2025-10-29 16:37:13
3040000,202530400000900945,어린이-029,방범용,가로변,서울특별시 광진구 자양로23길 21 (구의동),서울특별시 광진구 자양로23길 21 (구의동),,37.54171,127.082430,양방향,N,N,Y,,2012,2025-09-01,Y,서울특별시 광진구청,02-450-7678,2025-10-29,I,2026-05-15 18:45:47,2025-10-29 16:37:13
3040000,202530400000900946,어린이-030,방범용,가로변,서울특별시 광진구 영화사로 105 (구의동),서울특별시 광진구 영화사로 105 (구의동),,37.55396,127.097820,양방향,N,N,Y,,2010,2025-09-01,Y,서울특별시 광진구청,02-450-7678,2025-10-29,I,2026-05-15 18:45:47,2025-10-29 16:37:13
3040000,202530400000900947,어린이-031,방범용,가로변,서울특별시 광진구 워커힐로 93 (구의동),서울특별시 광진구 워커힐로 93 (구의동),,37.55029,127.096540,양방향,N,N,Y,,2011,2025-09-01,Y,서울특별시 광진구청,02-450-7678,2025-10-29,I,2026-05-15 18:45:47,2025-10-29 16:37:13
3040000,202530400000900948,어린이-032,방범용,가로변,서울특별시 광진구 천호대로130길 26 (구의동),서울특별시 광진구 천호대로130길 26 (구의동),,37.55067,127.088790,양방향,N,N,Y,,2011,2025-09-01,Y,서울특별시 광진구청,02-450-7678,2025-10-29,I,2026-05-15 18:45:47,2025-10-29 16:37:13
3040000,202530400000900949,어린이-033,방범용,가로변,서울특별시 광진구 자양로 247 (구의동),서울특별시 광진구 자양로 247 (구의동),,37.54865,127.089000,양방향,N,N,Y,,2013,2025-09-01,Y,서울특별시 광진구청,02-450-7678,2025-10-29,I,2026-05-15 18:45:47,2025-10-29 16:37:13
3040000,202530400000900950,어린이-034,방범용,가로변,서울특별시 광진구 영화사로 77-1 (구의동),서울특별시 광진구 영화사로 77-1 (구의동),,37.55471,127.094700,양방향,N,N,Y,,2014,2025-09-01,Y,서울특별시 광진구청,02-450-7678,2025-10-29,I,2026-05-15 18:45:47,2025-10-29 16:37:13
3040000,202530400000900951,어린이-035,방범용,가로변,서울특별시 광진구 영화사로 98-1 (구의동),서울특별시 광진구 영화사로 98-1 (구의동),,37.55441,127.096860,양방향,N,N,Y,,2014,2025-09-01,Y,서울특별시 광진구청,02-450-7678,2025-10-29,I,2026-05-15 18:45:47,2025-10-29 16:37:13
3040000,202530400000900952,어린이-036,방범용,가로변,"서울특별시 광진구 자양로50길 53 (구의동, 남광하이츠빌라)","서울특별시 광진구 자양로50길 53 (구의동, 남광하이츠빌라)",,37.55267,127.095340,양방향,N,N,Y,,2012,2025-09-01,Y,서울특별시 광진구청,02-450-7678,2025-10-29,I,2026-05-15 18:45:47,2025-10-29 16:37:14
3040000,202530400000900953,어린이-037,방범용,가로변,"서울특별시 광진구 자양로50길 79 (구의동, 유진아트빌라)","서울특별시 광진구 자양로50길 79 (구의동, 유진아트빌라)",,37.55291,127.096770,양방향,N,N,Y,,2013,2025-09-01,Y,서울특별시 광진구청,02-450-7678,2025-10-29,I,2026-05-15 18:45:47,2025-10-29 16:37:14
3040000,202530400000900954,어린이-038,방범용,가로변,서울특별시 광진구 자양로52길 21-19 (구의동),서울특별시 광진구 자양로52길 21-19 (구의동),,37.55354,127.094980,양방향,N,N,Y,,2013,2025-09-01,Y,서울특별시 광진구청,02-450-7678,2025-10-29,I,2026-05-15 18:45:47,2025-10-29 16:37:14
3040000,202530400000900955,어린이-039,방범용,가로변,서울특별시 광진구 자양로52길 3-9 (구의동),서울특별시 광진구 자양로52길 3-9 (구의동),,37.5537,127.093940,양방향,N,N,Y,,2012,2025-09-01,Y,서울특별시 광진구청,02-450-7678,2025-10-29,I,2026-05-15 18:45:47,2025-10-29 16:37:14
3040000,202530400000900956,어린이-040,방범용,가로변,서울특별시 광진구 자양로50길 13 (구의동),서울특별시 광진구 자양로50길 13 (구의동),,37.55215,127.093130,양방향,N,N,Y,,2011,2025-09-01,Y,서울특별시 광진구청,02-450-7678,2025-10-29,I,2026-05-15 18:45:47,2025-10-29 16:37:14
3040000,202530400000900957,어린이-043,방범용,가로변,서울특별시 광진구 구의2동 613-38,서울특별시 광진구 구의2동 613-38,,37.54902,127.087160,양방향,N,N,Y,,2010,2025-09-01,Y,서울특별시 광진구청,02-450-7678,2025-10-29,I,2026-05-15 18:45:47,2025-10-29 16:37:14
3040000,202530400000900958,어린이-045,방범용,가로변,서울특별시 광진구 구의강변로3길 19 (구의동),서울특별시 광진구 구의강변로3길 19 (구의동),,37.53604,127.091050,양방향,N,N,Y,,2013,2025-09-01,Y,서울특별시 광진구청,02-450-7678,2025-10-29,I,2026-05-15 18:45:47,2025-10-29 16:37:14
3040000,202530400000900959,어린이-047,방범용,가로변,"서울특별시 광진구 구의강변로 84 (구의동, 세양아파트)","서울특별시 광진구 구의강변로 84 (구의동, 세양아파트)",,37.53708,127.093800,양방향,N,N,Y,,2010,2025-09-01,Y,서울특별시 광진구청,02-450-7678,2025-10-29,I,2026-05-15 18:45:47,2025-10-29 16:37:14
3040000,202530400000900960,어린이-050,방범용,가로변,서울특별시 광진구 구의강변로 86 세양아파트 입구,서울특별시 광진구 구의강변로 86 세양아파트 입구,,37.53805,127.093680,양방향,N,N,Y,,2012,2025-09-01,Y,서울특별시 광진구청,02-450-7678,2025-10-29,I,2026-05-15 18:45:47,2025-10-29 16:37:14
3040000,202530400000900961,어린이-051,방범용,가로변,서울특별시 광진구 구의3동 215-10 교통섬,서울특별시 광진구 구의3동 215-10 교통섬,,37.53722,127.093400,양방향,N,N,Y,,2013,2025-09-01,Y,서울특별시 광진구청,02-450-7678,2025-10-29,I,2026-05-15 18:45:47,2025-10-29 16:37:14
3040000,202530400000900962,어린이-052,방범용,가로변,서울특별시 광진구 광나루로44길 32 (구의동),서울특별시 광진구 광나루로44길 32 (구의동),,37.54273,127.091240,양방향,N,N,Y,,2011,2025-09-01,Y,서울특별시 광진구청,02-450-7678,2025-10-29,I,2026-05-15 18:45:47,2025-10-29 16:37:14
3040000,202530400000900963,어린이-053,방범용,가로변,서울특별시 광진구 아차산로 426 (구의동),서울특별시 광진구 아차산로 426 (구의동),,37.53792,127.089530,양방향,N,N,Y,,2013,2025-09-01,Y,서울특별시 광진구청,02-450-7678,2025-10-29,I,2026-05-15 18:45:47,2025-10-29 16:37:14
3040000,202530400000900964,어린이-054,방범용,가로변,서울특별시 광진구 강변역로2길 18 (구의동),서울특별시 광진구 강변역로2길 18 (구의동),,37.5373,127.091190,양방향,N,N,Y,,2013,2025-09-01,Y,서울특별시 광진구청,02-450-7678,2025-10-29,I,2026-05-15 18:45:47,2025-10-29 16:37:14
3040000,202530400000900965,어린이-055,방범용,가로변,"서울특별시 광진구 구의강변로3가길 24 (구의동, 동서울빌라)","서울특별시 광진구 구의강변로3가길 24 (구의동, 동서울빌라)",,37.53666,127.091790,양방향,N,N,Y,,2010,2025-09-01,Y,서울특별시 광진구청,02-450-7678,2025-10-29,I,2026-05-15 18:45:47,2025-10-29 16:37:14
3040000,202530400000900966,어린이-057,방범용,가로변,서울특별시 광진구 구의강변로 69 구남초교 정문 앞,서울특별시 광진구 구의강변로 69 구남초교 정문 앞,,37.53711,127.092930,양방향,N,N,Y,,2011,2025-09-01,Y,서울특별시 광진구청,02-450-7678,2025-10-29,I,2026-05-15 18:45:47,2025-10-29 16:37:14
3040000,202530400000900967,어린이-059,방범용,가로변,서울특별시 광진구 구의강변로 35 (구의동),서울특별시 광진구 구의강변로 35 (구의동),,37.53398,127.091510,양방향,N,N,Y,,2014,2025-09-01,Y,서울특별시 광진구청,02-450-7678,2025-10-29,I,2026-05-15 18:45:47,2025-10-29 16:37:14
3040000,202530400000900968,어린이-060,방범용,가로변,서울특별시 광진구 광나루로56길 5 (구의동),서울특별시 광진구 광나루로56길 5 (구의동),,37.53881,127.098050,양방향,N,N,Y,,2011,2025-09-01,Y,서울특별시 광진구청,02-450-7678,2025-10-29,I,2026-05-15 18:45:47,2025-10-29 16:37:14
3040000,202530400000900969,어린이-061,방범용,가로변,서울특별시 광진구 영화사로 111 (구의동),서울특별시 광진구 영화사로 111 (구의동),,37.55349,127.099440,양방향,N,N,Y,,2010,2025-09-01,Y,서울특별시 광진구청,02-450-7678,2025-10-29,I,2026-05-15 18:45:47,2025-10-29 16:37:14
3040000,202530400000900970,어린이-062,방범용,가로변,서울특별시 광진구 구의로4길 15 (구의동),서울특별시 광진구 구의로4길 15 (구의동),,37.5401,127.090620,양방향,N,N,Y,,2015,2025-09-01,Y,서울특별시 광진구청,02-450-7678,2025-10-29,I,2026-05-15 18:45:47,2025-10-29 16:37:14
3040000,202530400000900971,어린이-063,방범용,가로변,서울특별시 광진구 광나루로 532 (구의동),서울특별시 광진구 광나루로 532 (구의동),,37.54483,127.088370,양방향,N,N,Y,,2012,2025-09-01,Y,서울특별시 광진구청,02-450-7678,2025-10-29,I,2026-05-15 18:45:47,2025-10-29 16:37:14
3040000,202530400000900972,어린이-064,방범용,가로변,서울특별시 광진구 아차산로 435 강변SK뷰 교통섬,서울특별시 광진구 아차산로 435 강변SK뷰 교통섬,,37.53822,127.090680,양방향,N,N,Y,,2012,2025-09-01,Y,서울특별시 광진구청,02-450-7678,2025-10-29,I,2026-05-15 18:45:47,2025-10-29 16:37:14
3040000,202530400000900973,어린이-065,방범용,가로변,"서울특별시 광진구 영화사로 87-1 (구의동, 동성주택)","서울특별시 광진구 영화사로 87-1 (구의동, 동성주택)",,37.55491,127.095840,양방향,N,N,Y,,2010,2025-09-01,Y,서울특별시 광진구청,02-450-7678,2025-10-29,I,2026-05-15 18:45:47,2025-10-29 16:37:14
3040000,202530400000900974,어린이-066,방범용,가로변,서울특별시 광진구 천호대로134길 2 (구의동),서울특별시 광진구 천호대로134길 2 (구의동),,37.54921,127.090810,양방향,N,N,Y,,2012,2025-09-01,Y,서울특별시 광진구청,02-450-7678,2025-10-29,I,2026-05-15 18:45:47,2025-10-29 16:37:14
3040000,202530400000900975,어린이-067,방범용,가로변,서울특별시 광진구 능동로 209 (군자동),서울특별시 광진구 능동로 209 (군자동),,37.5529,127.072350,양방향,N,N,Y,,2010,2025-09-01,Y,서울특별시 광진구청,02-450-7678,2025-10-29,I,2026-05-15 18:45:47,2025-10-29 16:37:14
3040000,202530400000900976,어린이-068,방범용,가로변,서울특별시 광진구 면목로 20 (군자동),서울특별시 광진구 면목로 20 (군자동),,37.55585,127.075810,양방향,N,N,Y,,2015,2025-09-01,Y,서울특별시 광진구청,02-450-7678,2025-10-29,I,2026-05-15 18:45:47,2025-10-29 16:37:14
3040000,202530400000900977,어린이-069,방범용,가로변,서울특별시 광진구 군자로12길 45 (군자동),서울특별시 광진구 군자로12길 45 (군자동),,37.55221,127.072520,양방향,N,N,Y,,2014,2025-09-01,Y,서울특별시 광진구청,02-450-7678,2025-10-29,I,2026-05-15 18:45:47,2025-10-29 16:37:14
3040000,202530400000900978,어린이-070,방범용,가로변,서울특별시 광진구 동일로52길 27 (군자동),서울특별시 광진구 동일로52길 27 (군자동),,37.55433,127.072980,양방향,N,N,Y,,2010,2025-09-01,Y,서울특별시 광진구청,02-450-7678,2025-10-29,I,2026-05-15 18:45:47,2025-10-29 16:37:14
3040000,202530400000900979,어린이-071,방범용,가로변,"서울특별시 광진구 동일로52길 10 (군자동, 파인하우스)","서울특별시 광진구 동일로52길 10 (군자동, 파인하우스)",,37.55474,127.071570,양방향,N,N,Y,,2013,2025-09-01,Y,서울특별시 광진구청,02-450-7678,2025-10-29,I,2026-05-15 18:45:47,2025-10-29 16:37:14
3040000,202530400000900980,어린이-074,방범용,가로변,서울특별시 광진구 군자로 127 세종대 기숙사 코너,서울특별시 광진구 군자로 127 세종대 기숙사 코너,,37.55368,127.073470,양방향,N,N,Y,,2012,2025-09-01,Y,서울특별시 광진구청,02-450-7678,2025-10-29,I,2026-05-15 18:45:47,2025-10-29 16:37:14
3040000,202530400000900981,어린이-078,방범용,가로변,서울특별시 광진구 동일로 222 (군자동),서울특별시 광진구 동일로 222 (군자동),,37.55162,127.069480,양방향,N,N,Y,,2013,2025-09-01,Y,서울특별시 광진구청,02-450-7678,2025-10-29,I,2026-05-15 18:45:47,2025-10-29 16:37:14
3040000,202530400000900982,어린이-080,방범용,가로변,서울특별시 광진구 군자로 70 화양슈퍼 코너,서울특별시 광진구 군자로 70 화양슈퍼 코너,,37.54971,127.070930,양방향,N,N,Y,,2012,2025-09-01,Y,서울특별시 광진구청,02-450-7678,2025-10-29,I,2026-05-15 18:45:47,2025-10-29 16:37:14
3040000,202530400000900983,어린이-082,방범용,가로변,서울특별시 광진구 군자로 74 (군자동),서울특별시 광진구 군자로 74 (군자동),,37.55105,127.071620,양방향,N,N,Y,,2010,2025-09-01,Y,서울특별시 광진구청,02-450-7678,2025-10-29,I,2026-05-15 18:45:47,2025-10-29 16:37:14
3040000,202530400000900984,어린이-083,방범용,가로변,서울특별시 광진구 천호대로102길 36 (군자동),서울특별시 광진구 천호대로102길 36 (군자동),,37.55754,127.073470,양방향,N,N,Y,,2012,2025-09-01,Y,서울특별시 광진구청,02-450-7678,2025-10-29,I,2026-05-15 18:45:47,2025-10-29 16:37:14
3040000,202530400000900985,어린이-084,방범용,가로변,서울특별시 광진구 천호대로 664 (능동),서울특별시 광진구 천호대로 664 (능동),,37.54943,127.087580,양방향,N,N,Y,,2014,2025-09-01,Y,서울특별시 광진구청,02-450-7678,2025-10-29,I,2026-05-15 18:45:47,2025-10-29 16:37:14
3040000,202530400000900986,어린이-085,방범용,가로변,서울특별시 광진구 천호대로114길 25 (능동),서울특별시 광진구 천호대로114길 25 (능동),,37.55458,127.082400,양방향,N,N,Y,,2013,2025-09-01,Y,서울특별시 광진구청,02-450-7678,2025-10-29,I,2026-05-15 18:45:47,2025-10-29 16:37:14
3040000,202530400000900987,어린이-087,방범용,가로변,서울특별시 광진구 자양로23길 7 (자양동),서울특별시 광진구 자양로23길 7 (자양동),,37.54132,127.083170,양방향,N,N,Y,,2013,2025-09-01,Y,서울특별시 광진구청,02-450-7678,2025-10-29,I,2026-05-15 18:45:47,2025-10-29 16:37:14
3040000,202530400000900988,어린이-089,방범용,가로변,서울특별시 광진구 아차산로 344 (자양동),서울특별시 광진구 아차산로 344 (자양동),,37.53709,127.080710,양방향,N,N,Y,,2013,2025-09-01,Y,서울특별시 광진구청,02-450-7678,2025-10-29,I,2026-05-15 18:45:47,2025-10-29 16:37:14
3040000,202530400000900989,어린이-090,방범용,가로변,서울특별시 광진구 아차산로44길 36 (자양동),서울특별시 광진구 아차산로44길 36 (자양동),,37.53645,127.078940,양방향,N,N,Y,,2010,2025-09-01,Y,서울특별시 광진구청,02-450-7678,2025-10-29,I,2026-05-15 18:45:47,2025-10-29 16:37:14
3040000,202530400000900990,어린이-095,방범용,가로변,서울특별시 광진구 자양로 61,서울특별시 광진구 자양로 61,,37.53325,127.084710,양방향,N,N,Y,,2012,2025-09-01,Y,서울특별시 광진구청,02-450-7678,2025-10-29,I,2026-05-15 18:45:47,2025-10-29 16:37:14
3040000,202530400000900991,어린이-099,방범용,가로변,서울특별시 광진구 자양번영로 32,서울특별시 광진구 자양번영로 32,,37.53259,127.075580,양방향,N,N,Y,,2011,2025-09-01,Y,서울특별시 광진구청,02-450-7678,2025-10-29,I,2026-05-15 18:45:47,2025-10-29 16:37:14
3040000,202530400000900992,어린이-100,방범용,가로변,서울특별시 광진구 자양번영로6길 20 (자양동),서울특별시 광진구 자양번영로6길 20 (자양동),,37.53226,127.076810,양방향,N,N,Y,,2011,2025-09-01,Y,서울특별시 광진구청,02-450-7678,2025-10-29,I,2026-05-15 18:45:47,2025-10-29 16:37:14
3040000,202530400000900993,어린이-103,방범용,가로변,"서울특별시 광진구 자양로6길 40 (자양동, 대양샤인빌)","서울특별시 광진구 자양로6길 40 (자양동, 대양샤인빌)",,37.53241,127.088970,양방향,N,N,Y,,2010,2025-09-01,Y,서울특별시 광진구청,02-450-7678,2025-10-29,I,2026-05-15 18:45:47,2025-10-29 16:37:14
3040000,202530400000900994,어린이-104,방범용,가로변,"서울특별시 광진구 뚝섬로62길 47 (자양동, 효성맨션)","서울특별시 광진구 뚝섬로62길 47 (자양동, 효성맨션)",,37.53084,127.088600,양방향,N,N,Y,,2010,2025-09-01,Y,서울특별시 광진구청,02-450-7678,2025-10-29,I,2026-05-15 18:45:47,2025-10-29 16:37:14
3040000,202530400000900995,어린이-106,방범용,가로변,"서울특별시 광진구 자양강변길 297 (자양동, 신호빌라트)","서울특별시 광진구 자양강변길 297 (자양동, 신호빌라트)",,37.5298,127.074770,양방향,N,N,Y,,2012,2025-09-01,Y,서울특별시 광진구청,02-450-7678,2025-10-29,I,2026-05-15 18:45:47,2025-10-29 16:37:14
3040000,202530400000900996,어린이-107,방범용,가로변,서울특별시 광진구 자양번영로4길 42-22 (자양동),서울특별시 광진구 자양번영로4길 42-22 (자양동),,37.53011,127.077310,양방향,N,N,Y,,2013,2025-09-01,Y,서울특별시 광진구청,02-450-7678,2025-10-29,I,2026-05-15 18:45:47,2025-10-29 16:37:14
3040000,202530400000900997,어린이-110,방범용,가로변,서울특별시 광진구 뚝섬로 656 성자초교앞 사거리,서울특별시 광진구 뚝섬로 656 성자초교앞 사거리,,37.53144,127.082570,양방향,N,N,Y,,2013,2025-09-01,Y,서울특별시 광진구청,02-450-7678,2025-10-29,I,2026-05-15 18:45:47,2025-10-29 16:37:14
3040000,202530400000900998,어린이-111,방범용,가로변,서울특별시 광진구 뚝섬로58길 13 노인보호센터 앞,서울특별시 광진구 뚝섬로58길 13 노인보호센터 앞,,37.53134,127.084430,양방향,N,N,Y,,2012,2025-09-01,Y,서울특별시 광진구청,02-450-7678,2025-10-29,I,2026-05-15 18:45:47,2025-10-29 16:37:14
3040000,202530400000900999,어린이-112,방범용,가로변,서울특별시 광진구 자양로5길 33 (자양동,서울특별시 광진구 자양로5길 33 (자양동,,37.53112,127.083940,양방향,N,N,Y,,2014,2025-09-01,Y,서울특별시 광진구청,02-450-7678,2025-10-29,I,2026-05-15 18:45:47,2025-10-29 16:37:14
3040000,202530400000901000,어린이-113,방범용,가로변,서울특별시 광진구 자양로5길 33 (자양동,서울특별시 광진구 자양로5길 33 (자양동,,37.53061,127.083850,양방향,N,N,Y,,2010,2025-09-01,Y,서울특별시 광진구청,02-450-7678,2025-10-29,I,2026-05-15 18:45:47,2025-10-29 16:37:14
3040000,202530400000901001,어린이-116,방범용,가로변,서울특별시 광진구 자양로6길 8 (자양동),서울특별시 광진구 자양로6길 8 (자양동),,37.53198,127.086390,양방향,N,N,Y,,2013,2025-09-01,Y,서울특별시 광진구청,02-450-7678,2025-10-29,I,2026-05-15 18:45:47,2025-10-29 16:37:14
3040000,202530400000901002,어린이-117,방범용,가로변,"서울특별시 광진구 뚝섬로62길 33-8 (자양동, 목화맨션)","서울특별시 광진구 뚝섬로62길 33-8 (자양동, 목화맨션)",,37.53183,127.088400,양방향,N,N,Y,,2012,2025-09-01,Y,서울특별시 광진구청,02-450-7678,2025-10-29,I,2026-05-15 18:45:47,2025-10-29 16:37:14
3040000,202530400000901003,어린이-119,방범용,가로변,서울특별시 광진구 자양로4길 63,서울특별시 광진구 자양로4길 63,,37.53352,127.090210,양방향,N,N,Y,,2013,2025-09-01,Y,서울특별시 광진구청,02-450-7678,2025-10-29,I,2026-05-15 18:45:47,2025-10-29 16:37:14
3040000,202530400000901004,어린이-120,방범용,가로변,서울특별시 광진구 뚝섬로40길 12 (자양동),서울특별시 광진구 뚝섬로40길 12 (자양동),,37.53355,127.073020,양방향,N,N,Y,,2012,2025-09-01,Y,서울특별시 광진구청,02-450-7678,2025-10-29,I,2026-05-15 18:45:47,2025-10-29 16:37:14
3040000,202530400000901005,어린이-122,방범용,가로변,서울특별시 광진구 능동로 42 (자양동),서울특별시 광진구 능동로 42 (자양동),,37.53453,127.068300,양방향,N,N,Y,,2010,2025-09-01,Y,서울특별시 광진구청,02-450-7678,2025-10-29,I,2026-05-15 18:45:47,2025-10-29 16:37:14
3040000,202530400000901006,어린이-124,방범용,가로변,서울특별시 광진구 뚝섬로 585 (자양동),서울특별시 광진구 뚝섬로 585 (자양동),,37.53355,127.074870,양방향,N,N,Y,,2012,2025-09-01,Y,서울특별시 광진구청,02-450-7678,2025-10-29,I,2026-05-15 18:45:47,2025-10-29 16:37:14
3040000,202530400000901007,어린이-126,방범용,가로변,서울특별시 광진구 뚝섬로35길 16-20 (자양동),서울특별시 광진구 뚝섬로35길 16-20 (자양동),,37.53531,127.071380,양방향,N,N,Y,,2011,2025-09-01,Y,서울특별시 광진구청,02-450-7678,2025-10-29,I,2026-05-15 18:45:47,2025-10-29 16:37:14
3040000,202530400000901008,어린이-128,방범용,가로변,서울특별시 광진구 뚝섬로 561 (자양동),서울특별시 광진구 뚝섬로 561 (자양동),,37.53451,127.071790,양방향,N,N,Y,,2010,2025-09-01,Y,서울특별시 광진구청,02-450-7678,2025-10-29,I,2026-05-15 18:45:47,2025-10-29 16:37:14
3040000,202530400000901009,어린이-131,방범용,가로변,서울특별시 광진구 능동로4길 88 (자양동),서울특별시 광진구 능동로4길 88 (자양동),,37.53085,127.071470,양방향,N,N,Y,,2011,2025-09-01,Y,서울특별시 광진구청,02-450-7678,2025-10-29,I,2026-05-15 18:45:47,2025-10-29 16:37:14
3040000,202530400000901010,어린이-132,방범용,가로변,서울특별시 광진구 능동로 42 신양초교 후문입구,서울특별시 광진구 능동로 42 신양초교 후문입구,,37.53481,127.070090,양방향,N,N,Y,,2013,2025-09-01,Y,서울특별시 광진구청,02-450-7678,2025-10-29,I,2026-05-15 18:45:47,2025-10-29 16:37:14
3040000,202530400000901011,어린이-133,방범용,가로변,서울특별시 광진구 동일로4길 51 (자양동),서울특별시 광진구 동일로4길 51 (자양동),,37.53596,127.063570,양방향,N,N,Y,,2013,2025-09-01,Y,서울특별시 광진구청,02-450-7678,2025-10-29,I,2026-05-15 18:45:47,2025-10-29 16:37:14
3040000,202530400000901012,어린이-134,방범용,가로변,서울특별시 광진구 동일로4가길 2 (자양동),서울특별시 광진구 동일로4가길 2 (자양동),,37.53625,127.062230,양방향,N,N,Y,,2011,2025-09-01,Y,서울특별시 광진구청,02-450-7678,2025-10-29,I,2026-05-15 18:45:47,2025-10-29 16:37:14
3040000,202530400000901013,어린이-137,방범용,가로변,서울특별시 광진구 뚝섬로 476 (자양동),서울특별시 광진구 뚝섬로 476 (자양동),,37.53666,127.063220,양방향,N,N,Y,,2013,2025-09-01,Y,서울특별시 광진구청,02-450-7678,2025-10-29,I,2026-05-15 18:45:47,2025-10-29 16:37:14
3040000,202530400000901014,어린이-138,방범용,가로변,서울특별시 광진구 뚝섬로23길 44 (자양동),서울특별시 광진구 뚝섬로23길 44 (자양동),,37.53715,127.065890,양방향,N,N,Y,,2012,2025-09-01,Y,서울특별시 광진구청,02-450-7678,2025-10-29,I,2026-05-15 18:45:47,2025-10-29 16:37:14
3040000,202530400000901015,어린이-140,방범용,가로변,서울특별시 광진구 능동로5길 17 (자양동),서울특별시 광진구 능동로5길 17 (자양동),,37.53681,127.066750,양방향,N,N,Y,,2013,2025-09-01,Y,서울특별시 광진구청,02-450-7678,2025-10-29,I,2026-05-15 18:45:47,2025-10-29 16:37:14
3040000,202530400000901016,어린이-142,방범용,가로변,서울특별시 광진구 뚝섬로64길 71 (자양동),서울특별시 광진구 뚝섬로64길 71 (자양동),,37.53025,127.089190,양방향,N,N,Y,,2015,2025-09-01,Y,서울특별시 광진구청,02-450-7678,2025-10-29,I,2026-05-15 18:45:47,2025-10-29 16:37:14
3040000,202530400000901017,어린이-143,방범용,가로변,서울특별시 광진구 뚝섬로46길 74 (자양동),서울특별시 광진구 뚝섬로46길 74 (자양동),,37.52937,127.075920,양방향,N,N,Y,,2015,2025-09-01,Y,서울특별시 광진구청,02-450-7678,2025-10-29,I,2026-05-15 18:45:47,2025-10-29 16:37:14
3040000,202530400000901018,어린이-144,방범용,가로변,서울특별시 광진구 아차산로 326 (자양동),서울특별시 광진구 아차산로 326 (자양동),,37.53748,127.079200,양방향,N,N,Y,,2015,2025-09-01,Y,서울특별시 광진구청,02-450-7678,2025-10-29,I,2026-05-15 18:45:47,2025-10-29 16:37:14
3040000,202530400000901019,어린이-145,방범용,가로변,서울특별시 광진구 자양로 43 (자양동),서울특별시 광진구 자양로 43 (자양동),,37.53191,127.085630,양방향,N,N,Y,,2016,2025-09-01,Y,서울특별시 광진구청,02-450-7678,2025-10-29,I,2026-05-15 18:45:47,2025-10-29 16:37:14
3040000,202530400000901020,어린이-146,방범용,가로변,서울특별시 광진구 긴고랑로13길 10 (중곡동),서울특별시 광진구 긴고랑로13길 10 (중곡동),,37.56313,127.081970,양방향,N,N,Y,,2011,2025-09-01,Y,서울특별시 광진구청,02-450-7678,2025-10-29,I,2026-05-15 18:45:47,2025-10-29 16:37:14
3040000,202530400000901021,어린이-147,방범용,가로변,서울특별시 광진구 긴고랑로 51 (중곡동),서울특별시 광진구 긴고랑로 51 (중곡동),,37.5626,127.082060,양방향,N,N,Y,,2012,2025-09-01,Y,서울특별시 광진구청,02-450-7678,2025-10-29,I,2026-05-15 18:45:47,2025-10-29 16:37:14
3040000,202530400000901022,어린이-148,방범용,가로변,서울특별시 광진구 능동로49길 9 (중곡동),서울특별시 광진구 능동로49길 9 (중곡동),,37.56445,127.082730,양방향,N,N,Y,,2011,2025-09-01,Y,서울특별시 광진구청,02-450-7678,2025-10-29,I,2026-05-15 18:45:47,2025-10-29 16:37:14
3040000,202530400000901023,어린이-149,방범용,가로변,서울특별시 광진구 동일로72길 34 (중곡동),서울특별시 광진구 동일로72길 34 (중곡동),,37.56564,127.079550,양방향,N,N,Y,,2013,2025-09-01,Y,서울특별시 광진구청,02-450-7678,2025-10-29,I,2026-05-15 18:45:47,2025-10-29 16:37:14
3040000,202530400000901024,어린이-150,방범용,가로변,서울특별시 광진구 긴고랑로22길 29,서울특별시 광진구 긴고랑로22길 29,,37.55984,127.083810,양방향,N,N,Y,,2010,2025-09-01,Y,서울특별시 광진구청,02-450-7678,2025-10-29,I,2026-05-15 18:45:47,2025-10-29 16:37:14
3040000,202530400000901025,어린이-151,방범용,가로변,서울특별시 광진구 천호대로113길 50-4 (중곡동),서울특별시 광진구 천호대로113길 50-4 (중곡동),,37.55926,127.084170,양방향,N,N,Y,,2012,2025-09-01,Y,서울특별시 광진구청,02-450-7678,2025-10-29,I,2026-05-15 18:45:47,2025-10-29 16:37:14
3040000,202530400000901026,어린이-152,방범용,가로변,서울특별시 광진구 용마산로 111 (중곡동),서울특별시 광진구 용마산로 111 (중곡동),,37.56347,127.086790,양방향,N,N,Y,,2014,2025-09-01,Y,서울특별시 광진구청,02-450-7678,2025-10-29,I,2026-05-15 18:45:47,2025-10-29 16:37:14
3040000,202530400000901027,어린이-153,방범용,가로변,서울특별시 광진구 용마산로5길 27 (중곡동),서울특별시 광진구 용마산로5길 27 (중곡동),,37.55759,127.086540,양방향,N,N,Y,,2011,2025-09-01,Y,서울특별시 광진구청,02-450-7678,2025-10-29,I,2026-05-15 18:45:47,2025-10-29 16:37:14
3040000,202530400000901028,어린이-154,방범용,가로변,서울특별시 광진구 용마산로 47 (중곡동),서울특별시 광진구 용마산로 47 (중곡동),,37.55783,127.087770,양방향,N,N,Y,,2013,2025-09-01,Y,서울특별시 광진구청,02-450-7678,2025-10-29,I,2026-05-15 18:45:47,2025-10-29 16:37:14
3040000,202530400000901029,어린이-155,방범용,가로변,서울특별시 광진구 용마산로1길 65 (중곡동),서울특별시 광진구 용마산로1길 65 (중곡동),,37.55595,127.084860,양방향,N,N,Y,,2013,2025-09-01,Y,서울특별시 광진구청,02-450-7678,2025-10-29,I,2026-05-15 18:45:47,2025-10-29 16:37:14
3040000,202530400000901030,어린이-156,방범용,가로변,서울특별시 광진구 용마산로3길 57 (중곡동),서울특별시 광진구 용마산로3길 57 (중곡동),,37.55645,127.085080,양방향,N,N,Y,,2011,2025-09-01,Y,서울특별시 광진구청,02-450-7678,2025-10-29,I,2026-05-15 18:45:47,2025-10-29 16:37:14
3040000,202530400000901031,어린이-157,방범용,가로변,서울특별시 광진구 용마산로3길 57 (중곡동),서울특별시 광진구 용마산로3길 57 (중곡동),,37.55867,127.083830,양방향,N,N,Y,,2010,2025-09-01,Y,서울특별시 광진구청,02-450-7678,2025-10-29,I,2026-05-15 18:45:47,2025-10-29 16:37:14
3040000,202530400000901032,어린이-158,방범용,가로변,서울특별시 광진구 용마산로3길 57 (중곡동),서울특별시 광진구 용마산로3길 57 (중곡동),,37.55777,127.083320,양방향,N,N,Y,,2010,2025-09-01,Y,서울특별시 광진구청,02-450-7678,2025-10-29,I,2026-05-15 18:45:47,2025-10-29 16:37:14
3040000,202530400000901033,어린이-160,방범용,가로변,서울특별시 광진구 천호대로111길 41 (중곡동),서울특별시 광진구 천호대로111길 41 (중곡동),,37.5581,127.082810,양방향,N,N,Y,,2011,2025-09-01,Y,서울특별시 광진구청,02-450-7678,2025-10-29,I,2026-05-15 18:45:47,2025-10-29 16:37:14
3040000,202530400000901034,어린이-161,방범용,가로변,서울특별시 광진구 동일로80길 13 (중곡동),서울특별시 광진구 동일로80길 13 (중곡동),,37.5704,127.080590,양방향,N,N,Y,,2011,2025-09-01,Y,서울특별시 광진구청,02-450-7678,2025-10-29,I,2026-05-15 18:45:47,2025-10-29 16:37:14
3040000,202530400000901035,어린이-162,방범용,가로변,"서울특별시 광진구 능동로53길 13 (중곡동, 정인주택)","서울특별시 광진구 능동로53길 13 (중곡동, 정인주택)",,37.56658,127.083850,양방향,N,N,Y,,2013,2025-09-01,Y,서울특별시 광진구청,02-450-7678,2025-10-29,I,2026-05-15 18:45:47,2025-10-29 16:37:14
3040000,202530400000901036,어린이-163,방범용,가로변,서울특별시 광진구 동일로80길 24 (중곡동),서울특별시 광진구 동일로80길 24 (중곡동),,37.5702,127.081170,양방향,N,N,Y,,2011,2025-09-01,Y,서울특별시 광진구청,02-450-7678,2025-10-29,I,2026-05-15 18:45:47,2025-10-29 16:37:14
3040000,202530400000901037,어린이-164,방범용,가로변,서울특별시 광진구 동일로72길 23-5 (중곡동),서울특별시 광진구 동일로72길 23-5 (중곡동),,37.56604,127.079160,양방향,N,N,Y,,2010,2025-09-01,Y,서울특별시 광진구청,02-450-7678,2025-10-29,I,2026-05-15 18:45:47,2025-10-29 16:37:14
3040000,202530400000901038,어린이-167,방범용,가로변,"서울특별시 광진구 동일로72길 17 (중곡동, 중곡아파트)","서울특별시 광진구 동일로72길 17 (중곡동, 중곡아파트)",,37.56606,127.078380,양방향,N,N,Y,,2010,2025-09-01,Y,서울특별시 광진구청,02-450-7678,2025-10-29,I,2026-05-15 18:45:47,2025-10-29 16:37:14
3040000,202530400000901039,어린이-168,방범용,가로변,"서울특별시 광진구 긴고랑로7길 60 (중곡동, 주원그린빌)","서울특별시 광진구 긴고랑로7길 60 (중곡동, 주원그린빌)",,37.56604,127.080500,양방향,N,N,Y,,2014,2025-09-01,Y,서울특별시 광진구청,02-450-7678,2025-10-29,I,2026-05-15 18:45:47,2025-10-29 16:37:14
3040000,202530400000901040,어린이-173,방범용,가로변,서울특별시 광진구 동일로 399 (중곡동),서울특별시 광진구 동일로 399 (중곡동),,37.56635,127.077490,양방향,N,N,Y,,2014,2025-09-01,Y,서울특별시 광진구청,02-450-7678,2025-10-29,I,2026-05-15 18:45:47,2025-10-29 16:37:14
3040000,202530400000901041,어린이-174,방범용,가로변,서울특별시 광진구 답십리로78길 11 (중곡동),서울특별시 광진구 답십리로78길 11 (중곡동),,37.57107,127.081380,양방향,N,N,Y,,2013,2025-09-01,Y,서울특별시 광진구청,02-450-7678,2025-10-29,I,2026-05-15 18:45:47,2025-10-29 16:37:14
3040000,202530400000901042,어린이-175,방범용,가로변,서울특별시 광진구 동일로 462 (중곡동),서울특별시 광진구 동일로 462 (중곡동),,37.57162,127.080240,양방향,N,N,Y,,2014,2025-09-01,Y,서울특별시 광진구청,02-450-7678,2025-10-29,I,2026-05-15 18:45:47,2025-10-29 16:37:14
3040000,202530400000901043,어린이-176,방범용,가로변,서울특별시 광진구 동일로 452-1 (중곡동),서울특별시 광진구 동일로 452-1 (중곡동),,37.57057,127.079990,양방향,N,N,Y,,2011,2025-09-01,Y,서울특별시 광진구청,02-450-7678,2025-10-29,I,2026-05-15 18:45:47,2025-10-29 16:37:14
3040000,202530400000901044,어린이-177,방범용,가로변,서울특별시 광진구 용마산로 191 (중곡동),서울특별시 광진구 용마산로 191 (중곡동),,37.57086,127.086030,양방향,N,N,Y,,2011,2025-09-01,Y,서울특별시 광진구청,02-450-7678,2025-10-29,I,2026-05-15 18:45:47,2025-10-29 16:37:14
3040000,202530400000901045,어린이-178,방범용,가로변,서울특별시 광진구 긴고랑로 136 (중곡동),서울특별시 광진구 긴고랑로 136 (중곡동),,37.55909,127.090110,양방향,N,N,Y,,2013,2025-09-01,Y,서울특별시 광진구청,02-450-7678,2025-10-29,I,2026-05-15 18:45:47,2025-10-29 16:37:14
3040000,202530400000901046,어린이-179,방범용,가로변,서울특별시 광진구 용마산로8가길 80 (중곡동),서울특별시 광진구 용마산로8가길 80 (중곡동),,37.56227,127.088500,양방향,N,N,Y,,2013,2025-09-01,Y,서울특별시 광진구청,02-450-7678,2025-10-29,I,2026-05-15 18:45:47,2025-10-29 16:37:14
3040000,202530400000901047,어린이-180,방범용,가로변,서울특별시 광진구 용마산로28길 62 (중곡동),서울특별시 광진구 용마산로28길 62 (중곡동),,37.5671,127.089660,양방향,N,N,Y,,2010,2025-09-01,Y,서울특별시 광진구청,02-450-7678,2025-10-29,I,2026-05-15 18:45:47,2025-10-29 16:37:14
3040000,202530400000901048,어린이-183,방범용,가로변,서울특별시 광진구 용마산로22길 76 (중곡동),서울특별시 광진구 용마산로22길 76 (중곡동),,37.56539,127.088440,양방향,N,N,Y,,2013,2025-09-01,Y,서울특별시 광진구청,02-450-7678,2025-10-29,I,2026-05-15 18:45:47,2025-10-29 16:37:14
3040000,202530400000901049,어린이-184,방범용,가로변,서울특별시 광진구 용마산로 128 (중곡동) 원방빌딩,서울특별시 광진구 용마산로 128 (중곡동) 원방빌딩,,37.56523,127.087000,양방향,N,N,Y,,2012,2025-09-01,Y,서울특별시 광진구청,02-450-7678,2025-10-29,I,2026-05-15 18:45:47,2025-10-29 16:37:14
3040000,202530400000901050,어린이-185,방범용,가로변,서울특별시 광진구 용마산로22길 24 (중곡동),서울특별시 광진구 용마산로22길 24 (중곡동),,37.56372,127.088480,양방향,N,N,Y,,2011,2025-09-01,Y,서울특별시 광진구청,02-450-7678,2025-10-29,I,2026-05-15 18:45:47,2025-10-29 16:37:14
3040000,202530400000901051,어린이-186,방범용,가로변,서울특별시 광진구 용마산로30길 17 (중곡동),서울특별시 광진구 용마산로30길 17 (중곡동),,37.56876,127.086820,양방향,N,N,Y,,2012,2025-09-01,Y,서울특별시 광진구청,02-450-7678,2025-10-29,I,2026-05-15 18:45:47,2025-10-29 16:37:14
3040000,202530400000901052,어린이-187,방범용,가로변,서울특별시 광진구 긴고랑로 152 (중곡동),서울특별시 광진구 긴고랑로 152 (중곡동),,37.55865,127.091670,양방향,N,N,Y,,2011,2025-09-01,Y,서울특별시 광진구청,02-450-7678,2025-10-29,I,2026-05-15 18:45:47,2025-10-29 16:37:14
3040000,202530400000901053,어린이-188,방범용,가로변,서울특별시 광진구 용마산로6길 13 (중곡동),서울특별시 광진구 용마산로6길 13 (중곡동),,37.55744,127.088740,양방향,N,N,Y,,2012,2025-09-01,Y,서울특별시 광진구청,02-450-7678,2025-10-29,I,2026-05-15 18:45:47,2025-10-29 16:37:14
3040000,202530400000901054,어린이-190,방범용,가로변,서울특별시 광진구 동일로80길 34 (중곡동),서울특별시 광진구 동일로80길 34 (중곡동),,37.57008,127.081770,양방향,N,N,Y,,2015,2025-09-01,Y,서울특별시 광진구청,02-450-7678,2025-10-29,I,2026-05-15 18:45:47,2025-10-29 16:37:14
3040000,202530400000901055,어린이-191,방범용,가로변,서울특별시 광진구 용마산로28길 43 (중곡동),서울특별시 광진구 용마산로28길 43 (중곡동),,37.56741,127.088600,양방향,N,N,Y,,2012,2025-09-01,Y,서울특별시 광진구청,02-450-7678,2025-10-29,I,2026-05-15 18:45:47,2025-10-29 16:37:14
3040000,202530400000901056,어린이-192,방범용,가로변,서울특별시 광진구 아차산로21길 47 (화양동),서울특별시 광진구 아차산로21길 47 (화양동),,37.54403,127.065900,양방향,N,N,Y,,2016,2025-09-01,Y,서울특별시 광진구청,02-450-7678,2025-10-29,I,2026-05-15 18:45:47,2025-10-29 16:37:14
3040000,202530400000901057,어린이-193,방범용,가로변,서울특별시 광진구 군자로 18 (화양동),서울특별시 광진구 군자로 18 (화양동),,37.54501,127.071240,양방향,N,N,Y,,2012,2025-09-01,Y,서울특별시 광진구청,02-450-7678,2025-10-29,I,2026-05-15 18:45:47,2025-10-29 16:37:14
3040000,202530400000901058,어린이-195,방범용,가로변,서울특별시 광진구 광나루로30길 49 (화양동),서울특별시 광진구 광나루로30길 49 (화양동),,37.54311,127.081350,양방향,N,N,Y,,2015,2025-09-01,Y,서울특별시 광진구청,02-450-7678,2025-10-29,I,2026-05-15 18:45:47,2025-10-29 16:37:14
3040000,202530400000901059,어린이-197,방범용,가로변,서울특별시 광진구 능동로13길 15 (화양동),서울특별시 광진구 능동로13길 15 (화양동),,37.54284,127.070990,양방향,N,N,Y,,2010,2025-09-01,Y,서울특별시 광진구청,02-450-7678,2025-10-29,I,2026-05-15 18:45:47,2025-10-29 16:37:14
3040000,202530400000901060,어린이-198,방범용,가로변,서울특별시 광진구 군자로 27 (화양동),서울특별시 광진구 군자로 27 (화양동),,37.54567,127.070650,양방향,N,N,Y,,2010,2025-09-01,Y,서울특별시 광진구청,02-450-7678,2025-10-29,I,2026-05-15 18:45:47,2025-10-29 16:37:14
3040000,202530400000901061,어린이-199,방범용,가로변,서울특별시 광진구 광나루로 448 (화양동),서울특별시 광진구 광나루로 448 (화양동),,37.54539,127.079050,양방향,N,N,Y,,2014,2025-09-01,Y,서울특별시 광진구청,02-450-7678,2025-10-29,I,2026-05-15 18:45:47,2025-10-29 16:37:14
3040000,202530400000901062,어린이-201,방범용,가로변,서울특별시 광진구 능동로 145 (화양동),서울특별시 광진구 능동로 145 (화양동),,37.54362,127.072220,양방향,N,N,Y,,2013,2025-09-01,Y,서울특별시 광진구청,02-450-7678,2025-10-29,I,2026-05-15 18:45:47,2025-10-29 16:37:14
3040000,202530400000901063,어린이-202,방범용,가로변,서울특별시 광진구 아차산로21길 15 (화양동),서울특별시 광진구 아차산로21길 15 (화양동),,37.54356,127.065630,양방향,N,N,Y,,2013,2025-09-01,Y,서울특별시 광진구청,02-450-7678,2025-10-29,I,2026-05-15 18:45:47,2025-10-29 16:37:14
3040000,202530400000901064,어린이-203,방범용,가로변,서울특별시 광진구 아차산로 191 (화양동),서울특별시 광진구 아차산로 191 (화양동),,37.54248,127.065120,양방향,N,N,Y,,2011,2025-09-01,Y,서울특별시 광진구청,02-450-7678,2025-10-29,I,2026-05-15 18:45:47,2025-10-29 16:37:14
3040000,202530400000901065,어린이-205,방범용,가로변,서울특별시 광진구 자양로40길 53 (구의동),서울특별시 광진구 자양로40길 53 (구의동),,37.54685,127.091740,양방향,N,N,Y,,2012,2025-09-01,Y,서울특별시 광진구청,02-450-7678,2025-10-29,I,2026-05-15 18:45:47,2025-10-29 16:37:14
3040000,202530400000901066,어린이-206,방범용,가로변,서울특별시 광진구 뚝섬로 52길,서울특별시 광진구 뚝섬로 52길,,37.53181,127.084090,양방향,N,N,Y,,2017,2025-09-01,Y,서울특별시 광진구청,02-450-7678,2025-10-29,I,2026-05-15 18:45:47,2025-10-29 16:37:14
3040000,202530400000901067,어린이-207,방범용,가로변,서울특별시 광진구 아차산로58길 47 (구의동),서울특별시 광진구 아차산로58길 47 (구의동),,37.53569,127.089280,양방향,N,N,Y,,2013,2025-09-01,Y,서울특별시 광진구청,02-450-7678,2025-10-29,I,2026-05-15 18:45:47,2025-10-29 16:37:15
3040000,202530400000901068,어린이-208,방범용,가로변,서울특별시 광진구 뚝섬로 741 (구의동),서울특별시 광진구 뚝섬로 741 (구의동),,37.53442,127.091110,양방향,N,N,Y,,2013,2025-09-01,Y,서울특별시 광진구청,02-450-7678,2025-10-29,I,2026-05-15 18:45:47,2025-10-29 16:37:15
3040000,202530400000901069,어린이-209,방범용,가로변,서울특별시 광진구 아차산로 44가길 5,서울특별시 광진구 아차산로 44가길 5,,37.53629,127.079700,양방향,N,N,Y,,2018,2025-09-01,Y,서울특별시 광진구청,02-450-7678,2025-10-29,I,2026-05-15 18:45:47,2025-10-29 16:37:15
3040000,202530400000901070,어린이-210,방범용,가로변,서울특별시 광진구 자양로 219,서울특별시 광진구 자양로 219,,37.54691,127.087030,양방향,N,N,Y,,2018,2025-09-01,Y,서울특별시 광진구청,02-450-7678,2025-10-29,I,2026-05-15 18:45:47,2025-10-29 16:37:15
3040000,202530400000901071,어린이-211,방범용,가로변,서울특별시 광진구 자양로23길 79,서울특별시 광진구 자양로23길 79,,37.54379,127.083790,양방향,N,N,Y,,2019,2025-09-01,Y,서울특별시 광진구청,02-450-7678,2025-10-29,I,2026-05-15 18:45:47,2025-10-29 16:37:15
3040000,202530400000901072,어린이-212,방범용,가로변,서울특별시 광진구 자양로23길 79,서울특별시 광진구 자양로23길 79,,37.53037,127.090500,양방향,N,N,Y,,2020,2025-09-01,Y,서울특별시 광진구청,02-450-7678,2025-10-29,I,2026-05-15 18:45:47,2025-10-29 16:37:15
3040000,202530400000901073,어린이-214,방범용,가로변,서울특별시 광진구 자양로43길 115,서울특별시 광진구 자양로43길 115,,37.55547,127.089030,양방향,N,N,Y,,2021,2025-09-01,Y,서울특별시 광진구청,02-450-7678,2025-10-29,I,2026-05-15 18:45:47,2025-10-29 16:37:15
3040000,202530400000901074,어린이-216,방범용,가로변,서울특별시 광진구 자양로41길 20,서울특별시 광진구 자양로41길 20,,37.54998,127.089570,양방향,N,N,Y,,2021,2025-09-01,Y,서울특별시 광진구청,02-450-7678,2025-10-29,I,2026-05-15 18:45:47,2025-10-29 16:37:15
3040000,202530400000901075,어린이-217,방범용,가로변,서울특별시 광진구 광나루로15길 23,서울특별시 광진구 광나루로15길 23,,37.54908,127.069540,양방향,N,N,Y,,2021,2025-09-01,Y,서울특별시 광진구청,02-450-7678,2025-10-29,I,2026-05-15 18:45:47,2025-10-29 16:37:15
3040000,202530400000901076,어린이-218,방범용,가로변,서울특별시 광진구 군자로 142,서울특별시 광진구 군자로 142,,37.55421,127.075170,양방향,N,N,Y,,2021,2025-09-01,Y,서울특별시 광진구청,02-450-7678,2025-10-29,I,2026-05-15 18:45:47,2025-10-29 16:37:15
3040000,202530400000901077,어린이-219,방범용,가로변,서울특별시 광진구 구의강변로 96,서울특별시 광진구 구의강변로 96,,37.5391,127.094060,양방향,N,N,Y,,2021,2025-09-01,Y,서울특별시 광진구청,02-450-7678,2025-10-29,I,2026-05-15 18:45:47,2025-10-29 16:37:15
3040000,202530400000901078,다목적-001,방범용,가로변,서울특별시 광진구 뚝섬로46길 64 (자양동),서울특별시 광진구 뚝섬로46길 64 (자양동),,37.5303,127.076210,양방향,N,N,Y,,2010,2025-09-01,Y,서울특별시 광진구청,02-450-7678,2025-10-29,I,2026-05-15 18:45:47,2025-10-29 16:37:15
3040000,202530400000901079,다목적-002,방범용,가로변,서울특별시 광진구 천호대로140길 40 (광장동),서울특별시 광진구 천호대로140길 40 (광장동),,37.54428,127.100240,양방향,N,N,Y,,2010,2025-09-01,Y,서울특별시 광진구청,02-450-7678,2025-10-29,I,2026-05-15 18:45:47,2025-10-29 16:37:15
3040000,202530400000901080,다목적-003,방범용,가로변,서울특별시 광진구 뚝섬로 41길 33,서울특별시 광진구 뚝섬로 41길 33,,37.53493,127.075310,양방향,N,N,Y,,2021,2025-09-01,Y,서울특별시 광진구청,02-450-7678,2025-10-29,I,2026-05-15 18:45:47,2025-10-29 16:37:15
3040000,202530400000901081,다목적-004,방범용,가로변,서울특별시 광진구 긴고랑로13길 69 (중곡동),서울특별시 광진구 긴고랑로13길 69 (중곡동),,37.56547,127.083180,양방향,N,N,Y,,2010,2025-09-01,Y,서울특별시 광진구청,02-450-7678,2025-10-29,I,2026-05-15 18:45:47,2025-10-29 16:37:15
3040000,202530400000901082,다목적-005,방범용,가로변,서울특별시 광진구 긴고랑로9길 40 (중곡동),서울특별시 광진구 긴고랑로9길 40 (중곡동),,37.56531,127.081720,양방향,N,N,Y,,2013,2025-09-01,Y,서울특별시 광진구청,02-450-7678,2025-10-29,I,2026-05-15 18:45:47,2025-10-29 16:37:15
3040000,202530400000901083,다목적-006,방범용,가로변,서울특별시 광진구 자양로38길 55 (구의동),서울특별시 광진구 자양로38길 55 (구의동),,37.54674,127.090550,양방향,N,N,Y,,2017,2025-09-01,Y,서울특별시 광진구청,02-450-7678,2025-10-29,I,2026-05-15 18:45:47,2025-10-29 16:37:15
3040000,202530400000901084,다목적-007,방범용,가로변,서울특별시 광진구 아차산로70길 17-21,서울특별시 광진구 아차산로70길 17-21,,37.54106,127.103300,양방향,N,N,Y,,2010,2025-09-01,Y,서울특별시 광진구청,02-450-7678,2025-10-29,I,2026-05-15 18:45:47,2025-10-29 16:37:15
3040000,202530400000901085,다목적-008,방범용,가로변,서울특별시 광진구 광나루로40길 80-4 (구의동),서울특별시 광진구 광나루로40길 80-4 (구의동),,37.54129,127.088750,양방향,N,N,Y,,2017,2025-09-01,Y,서울특별시 광진구청,02-450-7678,2025-10-29,I,2026-05-15 18:45:47,2025-10-29 16:37:15
3040000,202530400000901086,다목적-009,방범용,가로변,서울특별시 광진구 광나루로30나길 17 (구의동),서울특별시 광진구 광나루로30나길 17 (구의동),,37.54358,127.082680,양방향,N,N,Y,,2010,2025-09-01,Y,서울특별시 광진구청,02-450-7678,2025-10-29,I,2026-05-15 18:45:47,2025-10-29 16:37:15
3040000,202530400000901087,다목적-010,방범용,가로변,서울특별시 광진구 구의로16길 68 (구의동),서울특별시 광진구 구의로16길 68 (구의동),,37.54235,127.093580,양방향,N,N,Y,,2014,2025-09-01,Y,서울특별시 광진구청,02-450-7678,2025-10-29,I,2026-05-15 18:45:47,2025-10-29 16:37:15
3040000,202530400000901088,다목적-011,방범용,가로변,서울특별시 광진구 능동로32길 67 (능동),서울특별시 광진구 능동로32길 67 (능동),,37.55414,127.082120,양방향,N,N,Y,,2019,2025-09-01,Y,서울특별시 광진구청,02-450-7678,2025-10-29,I,2026-05-15 18:45:47,2025-10-29 16:37:15
3040000,202530400000901089,다목적-012,방범용,가로변,서울특별시 광진구 자양로9길 32 (자양동),서울특별시 광진구 자양로9길 32 (자양동),,37.5336,127.082780,양방향,N,N,Y,,2013,2025-09-01,Y,서울특별시 광진구청,02-450-7678,2025-10-29,I,2026-05-15 18:45:47,2025-10-29 16:37:15
3040000,202530400000901090,다목적-013,방범용,가로변,서울특별시 광진구 자양번영로6길 67 (자양동),서울특별시 광진구 자양번영로6길 67 (자양동),,37.53159,127.079320,양방향,N,N,Y,,2013,2025-09-01,Y,서울특별시 광진구청,02-450-7678,2025-10-29,I,2026-05-15 18:45:47,2025-10-29 16:37:15
3040000,202530400000901091,다목적-014,방범용,가로변,서울특별시 광진구 능동로4길 51 (자양동),서울특별시 광진구 능동로4길 51 (자양동),,37.53218,127.070100,양방향,N,N,Y,,2007,2025-09-01,Y,서울특별시 광진구청,02-450-7678,2025-10-29,I,2026-05-15 18:45:47,2025-10-29 16:37:15
3040000,202530400000901092,다목적-015,방범용,가로변,서울특별시 광진구 긴고랑로4길 30 (중곡동) 도로명 주소 X,서울특별시 광진구 긴고랑로4길 30 (중곡동) 도로명 주소 X,,37.5625,127.077050,양방향,N,N,Y,,2006,2025-09-01,Y,서울특별시 광진구청,02-450-7678,2025-10-29,I,2026-05-15 18:45:47,2025-10-29 16:37:15
3040000,202530400000901093,다목적-016,방범용,가로변,서울특별시 광진구 면목로 53 (중곡동),서울특별시 광진구 면목로 53 (중곡동),,37.55889,127.077300,양방향,N,N,Y,,2010,2025-09-01,Y,서울특별시 광진구청,02-450-7678,2025-10-29,I,2026-05-15 18:45:47,2025-10-29 16:37:15
3040000,202530400000901094,다목적-017,방범용,가로변,서울특별시 광진구 천호대로109길 13 (중곡동),서울특별시 광진구 천호대로109길 13 (중곡동),,37.5575,127.081040,양방향,N,N,Y,,2014,2025-09-01,Y,서울특별시 광진구청,02-450-7678,2025-10-29,I,2026-05-15 18:45:47,2025-10-29 16:37:15
3040000,202530400000901095,다목적-018,방범용,가로변,서울특별시 광진구 능동로51길 37-1 (중곡동),서울특별시 광진구 능동로51길 37-1 (중곡동),,37.56647,127.082040,양방향,N,N,Y,,2017,2025-09-01,Y,서울특별시 광진구청,02-450-7678,2025-10-29,I,2026-05-15 18:45:47,2025-10-29 16:37:15
3040000,202530400000901096,다목적-019,방범용,가로변,서울특별시 광진구 광나루로 18길 21 (화양동),서울특별시 광진구 광나루로 18길 21 (화양동),,37.54675,127.072030,양방향,N,N,Y,,2018,2025-09-01,Y,서울특별시 광진구청,02-450-7678,2025-10-29,I,2026-05-15 18:45:47,2025-10-29 16:37:15
3040000,202530400000901097,다목적-020,방범용,가로변,서울특별시 광진구 아차산로 384-1,서울특별시 광진구 아차산로 384-1,,37.5377,127.087900,양방향,N,N,Y,,2023,2025-09-01,Y,서울특별시 광진구청,02-450-7678,2025-10-29,I,2026-05-15 18:45:47,2025-10-29 16:37:15
3040000,202530400000901098,다목적-021,방범용,가로변,서울특별시 광진구 자양로39길 19 (구의동),서울특별시 광진구 자양로39길 19 (구의동),,37.54917,127.088330,양방향,N,N,Y,,2012,2025-09-01,Y,서울특별시 광진구청,02-450-7678,2025-10-29,I,2026-05-15 18:45:47,2025-10-29 16:37:15
3040000,202530400000901099,다목적-022,방범용,가로변,서울특별시 광진구 광나루로56길 34 (구의동),서울특별시 광진구 광나루로56길 34 (구의동),,37.53921,127.095250,양방향,N,N,Y,,2011,2025-09-01,Y,서울특별시 광진구청,02-450-7678,2025-10-29,I,2026-05-15 18:45:47,2025-10-29 16:37:15
3040000,202530400000901100,다목적-023,방범용,가로변,서울특별시 광진구 능동로 32길 145,서울특별시 광진구 능동로 32길 145,,37.5525,127.086000,양방향,N,N,Y,,2021,2025-09-01,Y,서울특별시 광진구청,02-450-7678,2025-10-29,I,2026-05-15 18:45:47,2025-10-29 16:37:15
3040000,202530400000901101,다목적-024,방범용,가로변,서울특별시 광진구 뚝섬로52길 74 (자양동),서울특별시 광진구 뚝섬로52길 74 (자양동),,37.52986,127.078480,양방향,N,N,Y,,2011,2025-09-01,Y,서울특별시 광진구청,02-450-7678,2025-10-29,I,2026-05-15 18:45:47,2025-10-29 16:37:15
3040000,202530400000901102,다목적-025,방범용,가로변,서울특별시 광진구 뚝섬로56길 7 (자양동),서울특별시 광진구 뚝섬로56길 7 (자양동),,37.53089,127.082650,양방향,N,N,Y,,2010,2025-09-01,Y,서울특별시 광진구청,02-450-7678,2025-10-29,I,2026-05-15 18:45:47,2025-10-29 16:37:15
3040000,202530400000901103,다목적-026,방범용,가로변,서울특별시 광진구 능동로 42 (자양동),서울특별시 광진구 능동로 42 (자양동),,37.53522,127.068630,양방향,N,N,Y,,2013,2025-09-01,Y,서울특별시 광진구청,02-450-7678,2025-10-29,I,2026-05-15 18:45:47,2025-10-29 16:37:15
3040000,202530400000901104,다목적-027,방범용,가로변,서울특별시 광진구 용마산로3길 104 (중곡동),서울특별시 광진구 용마산로3길 104 (중곡동),,37.5575,127.082560,양방향,N,N,Y,,2012,2025-09-01,Y,서울특별시 광진구청,02-450-7678,2025-10-29,I,2026-05-15 18:45:47,2025-10-29 16:37:15
3040000,202530400000901105,다목적-028,방범용,가로변,서울특별시 광진구 천호대로113길 10,서울특별시 광진구 천호대로113길 10,,37.55807,127.085090,양방향,N,N,Y,,2021,2025-09-01,Y,서울특별시 광진구청,02-450-7678,2025-10-29,I,2026-05-15 18:45:47,2025-10-29 16:37:15
3040000,202530400000901106,다목적-029,방범용,가로변,서울특별시 광진구 동일로72길 43 (중곡동),서울특별시 광진구 동일로72길 43 (중곡동),,37.56544,127.080130,양방향,N,N,Y,,2014,2025-09-01,Y,서울특별시 광진구청,02-450-7678,2025-10-29,I,2026-05-15 18:45:47,2025-10-29 16:37:15
3040000,202530400000901107,다목적-030,방범용,가로변,"서울특별시 광진구 용마산로22길 19-34 (중곡동, 삼보드림빌)","서울특별시 광진구 용마산로22길 19-34 (중곡동, 삼보드림빌)",,37.56533,127.087940,양방향,N,N,Y,,2010,2025-09-01,Y,서울특별시 광진구청,02-450-7678,2025-10-29,I,2026-05-15 18:45:47,2025-10-29 16:37:15
3040000,202530400000901108,다목적-032,방범용,가로변,서울특별시 광진구 뚝섬로 561,서울특별시 광진구 뚝섬로 561,,37.5361,127.073560,양방향,N,N,Y,,2011,2025-09-01,Y,서울특별시 광진구청,02-450-7678,2025-10-29,I,2026-05-15 18:45:47,2025-10-29 16:37:15
3040000,202530400000901109,다목적-033,방범용,가로변,"서울특별시 광진구 자양로42길 53 (구의동, 광진로얄빌라)","서울특별시 광진구 자양로42길 53 (구의동, 광진로얄빌라)",,37.5482,127.093020,양방향,N,N,Y,,2023,2025-09-01,Y,서울특별시 광진구청,02-450-7678,2025-10-29,I,2026-05-15 18:45:47,2025-10-29 16:37:15
3040000,202530400000901110,다목적-034,방범용,가로변,서울특별시 광진구 능동로6길 16 학교 정문 앞,서울특별시 광진구 능동로6길 16 학교 정문 앞,,37.53434,127.068960,양방향,N,N,Y,,2012,2025-09-01,Y,서울특별시 광진구청,02-450-7678,2025-10-29,I,2026-05-15 18:45:47,2025-10-29 16:37:15
3040000,202530400000901111,다목적-035,방범용,가로변,서울특별시 광진구 자양번영로 12 (자양동),서울특별시 광진구 자양번영로 12 (자양동),,37.53057,127.075010,양방향,N,N,Y,,2012,2025-09-01,Y,서울특별시 광진구청,02-450-7678,2025-10-29,I,2026-05-15 18:45:47,2025-10-29 16:37:15
3040000,202530400000901112,다목적-036,방범용,가로변,서울특별시 광진구 군자로 70 두산위브 앞,서울특별시 광진구 군자로 70 두산위브 앞,,37.54883,127.070780,양방향,N,N,Y,,2013,2025-09-01,Y,서울특별시 광진구청,02-450-7678,2025-10-29,I,2026-05-15 18:45:47,2025-10-29 16:37:15
3040000,202530400000901113,다목적-037,방범용,가로변,서울특별시 광진구 아차산로76길 19 (광장동),서울특별시 광진구 아차산로76길 19 (광장동),,37.54747,127.107950,양방향,N,N,Y,,2006,2025-09-01,Y,서울특별시 광진구청,02-450-7678,2025-10-29,I,2026-05-15 18:45:47,2025-10-29 16:37:15
3040000,202530400000901114,다목적-038,방범용,가로변,서울특별시 광진구 아차산로69길,서울특별시 광진구 아차산로69길,,37.54275,127.098310,양방향,N,N,Y,,2007,2025-09-01,Y,서울특별시 광진구청,02-450-7678,2025-10-29,I,2026-05-15 18:45:47,2025-10-29 16:37:15
3040000,202530400000901115,다목적-039,방범용,가로변,서울특별시 광진구 아차산로 200 (자양동),서울특별시 광진구 아차산로 200 (자양동),,37.54094,127.066060,양방향,N,N,Y,,2009,2025-09-01,Y,서울특별시 광진구청,02-450-7678,2025-10-29,I,2026-05-15 18:45:47,2025-10-29 16:37:15
3040000,202530400000901116,다목적-040,방범용,가로변,서울특별시 광진구 뚝섬로 716 (자양동),서울특별시 광진구 뚝섬로 716 (자양동),,37.53367,127.088230,양방향,N,N,Y,,2018,2025-09-01,Y,서울특별시 광진구청,02-450-7678,2025-10-29,I,2026-05-15 18:45:47,2025-10-29 16:37:15
3040000,202530400000901117,다목적-041,방범용,가로변,서울특별시 광진구 구의강변로 11,서울특별시 광진구 구의강변로 11,,37.53241,127.090200,양방향,N,N,Y,,2012,2025-09-01,Y,서울특별시 광진구청,02-450-7678,2025-10-29,I,2026-05-15 18:45:47,2025-10-29 16:37:15
3040000,202530400000901118,다목적-042,방범용,가로변,서울특별시 광진구 자양로40길 41 (구의동),서울특별시 광진구 자양로40길 41 (구의동),,37.54751,127.090790,양방향,N,N,Y,,2010,2025-09-01,Y,서울특별시 광진구청,02-450-7678,2025-10-29,I,2026-05-15 18:45:47,2025-10-29 16:37:15
3040000,202530400000901119,다목적-043,방범용,가로변,서울특별시 광진구 구의로 7,서울특별시 광진구 구의로 7,,37.53876,127.089230,양방향,N,N,Y,,2021,2025-09-01,Y,서울특별시 광진구청,02-450-7678,2025-10-29,I,2026-05-15 18:45:47,2025-10-29 16:37:15
