시설명,시설유형,주소,위도,경도,데이터출처
CCTV,CCTV,서울특별시 광진구 광장로3길 22 (광장동),37.5485,127.103,기존_광진구통합본
CCTV,CCTV,서울특별시 광진구 아차산로 540 (광장동),37.54244,127.10147,기존_광진구통합본
CCTV,CCTV,서울특별시 광진구 아차산로78길 53 (광장동),37.55144,127.10983,기존_광진구통합본
CCTV,CCTV,서울특별시 광진구 아차산로 636 (광장동),37.54891,127.10899,기존_광진구통합본
CCTV,CCTV,서울특별시 광진구 천호대로 809 (광장동),37.54587,127.10359,기존_광진구통합본
CCTV,CCTV,서울특별시 광진구 천호대로 143길 23,37.54656,127.10345,기존_광진구통합본
CCTV,CCTV,서울특별시 광진구 아차산로78길 176 (광장동),37.54802,127.10806,기존_광진구통합본
CCTV,CCTV,서울특별시 광진구 광장로1다길 60 (광장동),37.55079,127.10133,기존_광진구통합본
CCTV,CCTV,서울특별시 광진구 광장로1나길 16 (광장동),37.54876,127.10183,기존_광진구통합본
CCTV,CCTV,서울특별시 광진구 광장로 1 (광장동),37.54543,127.09779,기존_광진구통합본
CCTV,CCTV,서울특별시 광진구 아차산로70길 62,37.54127,127.09891,기존_광진구통합본
CCTV,CCTV,서울특별시 광진구 구의로 13-6 (구의동),37.53938,127.08895,기존_광진구통합본
CCTV,CCTV,서울특별시 광진구 아차산로57길 14 (구의동),37.53914,127.08831,기존_광진구통합본
CCTV,CCTV,서울특별시 광진구 자양로26길 91-14 (구의동),37.54099,127.089,기존_광진구통합본
CCTV,CCTV,서울특별시 광진구 광나루로40길 17 (구의동),37.54403,127.08944,기존_광진구통합본
CCTV,CCTV,서울특별시 광진구 자양로30길 79 (구의동),37.54298,127.08942,기존_광진구통합본
CCTV,CCTV,서울특별시 광진구 구의로 65 (구의동),37.54398,127.09043,기존_광진구통합본
CCTV,CCTV,서울특별시 광진구 자양로30길 87-10 (구의동),37.54348,127.08962,기존_광진구통합본
CCTV,CCTV,서울특별시 광진구 광나루로38길 27 (구의동),37.54371,127.08807,기존_광진구통합본
CCTV,CCTV,서울특별시 광진구 구의로11길 28 (구의동),37.54369,127.08876,기존_광진구통합본
CCTV,CCTV,서울특별시 광진구 자양로30길 43 (구의동),37.5434,127.08723,기존_광진구통합본
CCTV,CCTV,서울특별시 광진구 자양로32길 31 (구의동),37.54432,127.0866,기존_광진구통합본
CCTV,CCTV,서울특별시 광진구 자양로30길 14,37.54363,127.08565,기존_광진구통합본
CCTV,CCTV,서울특별시 광진구 자양로28길 73 (구의동),37.54173,127.08823,기존_광진구통합본
CCTV,CCTV,서울특별시 광진구 자양로26길 95,37.54019,127.08915,기존_광진구통합본
CCTV,CCTV,서울특별시 광진구 구의로1길 12 (구의동),37.53916,127.08758,기존_광진구통합본
CCTV,CCTV,서울특별시 광진구 구의로1길 26 (구의동),37.53907,127.0868,기존_광진구통합본
CCTV,CCTV,서울특별시 광진구 아차산로53길 77 (구의동),37.54073,127.08608,기존_광진구통합본
CCTV,CCTV,서울특별시 광진구 자양로26길 45-7,37.54162,127.08668,기존_광진구통합본
CCTV,CCTV,서울특별시 광진구 광나루로36길 68 (구의동),37.54217,127.08583,기존_광진구통합본
CCTV,CCTV,서울특별시 광진구 자양로26길 14 (구의동),37.54181,127.08488,기존_광진구통합본
CCTV,CCTV,서울특별시 광진구 아차산로49길 70 (구의동),37.54003,127.08419,기존_광진구통합본
CCTV,CCTV,서울특별시 광진구 아차산로51길 23 (구의동),37.53822,127.08502,기존_광진구통합본
CCTV,CCTV,서울특별시 광진구 아차산로49길 32 (구의동),37.53848,127.08438,기존_광진구통합본
CCTV,CCTV,서울특별시 광진구 아차산로49길 50 (구의동),37.53916,127.08429,기존_광진구통합본
CCTV,CCTV,서울특별시 광진구 자양로23길 86 (구의동),37.54425,127.084,기존_광진구통합본
CCTV,CCTV,서울특별시 광진구 아차산로55길 23 (구의동),37.53854,127.0865,기존_광진구통합본
CCTV,CCTV,서울특별시 광진구 아차산로53길 53 (구의동),37.53972,127.08565,기존_광진구통합본
CCTV,CCTV,서울특별시 광진구 아차산로53길 29 (구의동),37.53854,127.0858,기존_광진구통합본
CCTV,CCTV,서울특별시 광진구 아차산로53길 38-12 (구의동),37.53915,127.08609,기존_광진구통합본
CCTV,CCTV,서울특별시 광진구 광나루로30가길 9 (구의동),37.54423,127.08247,기존_광진구통합본
CCTV,CCTV,서울특별시 광진구 자양로44길 141-7 (구의동),37.55164,127.09554,기존_광진구통합본
CCTV,CCTV,서울특별시 광진구 자양로44길 69 (구의동),37.54979,127.09498,기존_광진구통합본
CCTV,CCTV,서울특별시 광진구 자양로45길 13 (구의동),37.55178,127.09139,기존_광진구통합본
CCTV,CCTV,서울특별시 광진구 광나루로 517-10 (구의동),37.54564,127.08721,기존_광진구통합본
CCTV,CCTV,서울특별시 광진구 자양로37가길 10 (구의동),37.54771,127.08726,기존_광진구통합본
CCTV,CCTV,서울특별시 광진구 자양로51길 11 (구의동),37.55364,127.09286,기존_광진구통합본
CCTV,CCTV,서울특별시 광진구 영화사로16가길 21 (구의동),37.55362,127.09558,기존_광진구통합본
CCTV,CCTV,서울특별시 광진구 자양로53길 10 (구의동),37.55417,127.09335,기존_광진구통합본
CCTV,CCTV,서울특별시 광진구 자양로54길 11 (구의동),37.55387,127.09458,기존_광진구통합본
CCTV,CCTV,서울특별시 광진구 자양로51길 10-9 (구의동),37.55386,127.09343,기존_광진구통합본
CCTV,CCTV,서울특별시 광진구 영화사로16길 19 (구의동),37.55454,127.09594,기존_광진구통합본
CCTV,CCTV,서울특별시 광진구 영화사로16나길 21 (구의동),37.55324,127.09606,기존_광진구통합본
CCTV,CCTV,서울특별시 광진구 자양로52길 11 (구의동),37.55306,127.09405,기존_광진구통합본
CCTV,CCTV,서울특별시 광진구 자양로44길 125 (구의동),37.55131,127.09655,기존_광진구통합본
CCTV,CCTV,서울특별시 광진구 자양로44나길 26-14 (구의동),37.55089,127.09595,기존_광진구통합본
CCTV,CCTV,서울특별시 광진구 자양로44나길 39 (구의동),37.55157,127.09456,기존_광진구통합본
CCTV,CCTV,서울특별시 광진구 천호대로137길 38 (구의동),37.55076,127.09368,기존_광진구통합본
CCTV,CCTV,서울특별시 광진구 자양로49길 15-2 (구의동),37.55289,127.09189,기존_광진구통합본
CCTV,CCTV,서울특별시 광진구 자양로43길 8 (구의동),37.55123,127.09106,기존_광진구통합본
CCTV,CCTV,서울특별시 광진구 영화사로11길 22 (구의동),37.55551,127.09424,기존_광진구통합본
CCTV,CCTV,서울특별시 광진구 영화사로15길 25,37.55511,127.09508,기존_광진구통합본
CCTV,CCTV,서울특별시 광진구 천호대로135길 16 (구의동),37.55012,127.09224,기존_광진구통합본
CCTV,CCTV,서울특별시 광진구 천호대로137길 10 (구의동),37.54978,127.09315,기존_광진구통합본
CCTV,CCTV,서울특별시 광진구 자양로42길 42-24 (구의동),37.54794,127.09165,기존_광진구통합본
CCTV,CCTV,서울특별시 광진구 자양로35길 35,37.54811,127.08595,기존_광진구통합본
CCTV,CCTV,서울특별시 광진구 자양로37길 21 (구의동),37.54836,127.08697,기존_광진구통합본
CCTV,CCTV,서울특별시 광진구 자양로33길 44 (구의동),37.54784,127.08634,기존_광진구통합본
CCTV,CCTV,서울특별시 광진구 천호대로134길 55 (구의동),37.54723,127.08858,기존_광진구통합본
CCTV,CCTV,서울특별시 광진구 자양로36길 17-12 (구의동),37.54649,127.08829,기존_광진구통합본
CCTV,CCTV,서울특별시 광진구 자양로36길 11 (구의동),37.54627,127.08754,기존_광진구통합본
CCTV,CCTV,서울특별시 광진구 천호대로132길 27-7 (구의동),37.54939,127.08908,기존_광진구통합본
CCTV,CCTV,서울특별시 광진구 광나루로44길 9 (구의동),37.54383,127.09155,기존_광진구통합본
CCTV,CCTV,서울특별시 광진구 구의로16길 36 (구의동),37.54344,127.0926,기존_광진구통합본
CCTV,CCTV,서울특별시 광진구 광나루로52길 12 (구의동),37.54127,127.09471,기존_광진구통합본
CCTV,CCTV,서울특별시 광진구 아차산로65길 14 (구의동),37.54097,127.09414,기존_광진구통합본
CCTV,CCTV,서울특별시 광진구 구의로4길 51 (구의동),37.54071,127.09224,기존_광진구통합본
CCTV,CCTV,서울특별시 광진구 구의로6길 21 (구의동),37.5415,127.09104,기존_광진구통합본
CCTV,CCTV,서울특별시 광진구 아차산로63길 37 (구의동),37.54131,127.09216,기존_광진구통합본
CCTV,CCTV,서울특별시 광진구 구의로4길 40 (구의동),37.54045,127.09164,기존_광진구통합본
CCTV,CCTV,서울특별시 광진구 구의로4길 60 (구의동),37.54109,127.09275,기존_광진구통합본
CCTV,CCTV,서울특별시 광진구 광나루로52길 43 (구의동),37.54043,127.09325,기존_광진구통합본
CCTV,CCTV,서울특별시 광진구 아차산로60길 13-13 (구의동),37.5383,127.09237,기존_광진구통합본
CCTV,CCTV,서울특별시 광진구 광나루로52길 83 (구의동),37.53933,127.0915,기존_광진구통합본
CCTV,CCTV,서울특별시 광진구 아차산로59길 21-13 (구의동),37.53973,127.09007,기존_광진구통합본
CCTV,CCTV,서울특별시 광진구 구의로4길 7-16 (구의동),37.54083,127.09014,기존_광진구통합본
CCTV,CCTV,서울특별시 광진구 구의로 56 (구의동),37.54292,127.09031,기존_광진구통합본
CCTV,CCTV,서울특별시 광진구 아차산로59길 13 (구의동),37.53948,127.0907,기존_광진구통합본
CCTV,CCTV,서울특별시 광진구 뚝섬로67길 23 (구의동),37.53546,127.09062,기존_광진구통합본
CCTV,CCTV,서울특별시 광진구 천호대로104나길 8 (군자동),37.55718,127.07503,기존_광진구통합본
CCTV,CCTV,서울특별시 광진구 면목로 27 (군자동),37.55671,127.07609,기존_광진구통합본
CCTV,CCTV,서울특별시 광진구 면목로6길 18 (군자동),37.55611,127.07658,기존_광진구통합본
CCTV,CCTV,서울특별시 광진구 능동로27길 33 (군자동),37.55472,127.07657,기존_광진구통합본
CCTV,CCTV,서울특별시 광진구 능동로27나길 17 (군자동),37.55418,127.07581,기존_광진구통합본
CCTV,CCTV,서울특별시 광진구 능동로25길 22 (군자동),37.55299,127.07587,기존_광진구통합본
CCTV,CCTV,서울특별시 광진구 동일로52길 15-14 (군자동),37.55536,127.07253,기존_광진구통합본
CCTV,CCTV,서울특별시 광진구 동일로48길 14-10 (군자동),37.55391,127.07102,기존_광진구통합본
CCTV,CCTV,서울특별시 광진구 군자로15길 10-6 (군자동),37.55406,127.07362,기존_광진구통합본
CCTV,CCTV,서울특별시 광진구 능동로29가길 24 (군자동),37.55572,127.07791,기존_광진구통합본
CCTV,CCTV,서울특별시 광진구 능동로27길 9 (군자동),37.55384,127.07682,기존_광진구통합본
CCTV,CCTV,서울특별시 광진구 능동로27길 9 (군자동),37.55243,127.07496,기존_광진구통합본
CCTV,CCTV,서울특별시 광진구 능동로27길 9 (군자동),37.55046,127.07053,기존_광진구통합본
CCTV,CCTV,서울특별시 광진구 광나루로17길 14 (군자동),37.54838,127.07269,기존_광진구통합본
CCTV,CCTV,서울특별시 광진구 동일로60길 25 (군자동),37.55829,127.07474,기존_광진구통합본
CCTV,CCTV,서울특별시 광진구 군자로17길 34 (군자동),37.55676,127.07722,기존_광진구통합본
CCTV,CCTV,서울특별시 광진구 면목로5길 30-6 (군자동),37.55685,127.07461,기존_광진구통합본
CCTV,CCTV,서울특별시 광진구 천호대로116길 88 (능동),37.55231,127.08184,기존_광진구통합본
CCTV,CCTV,서울특별시 광진구 능동로24길 76 (능동),37.55322,127.08056,기존_광진구통합본
CCTV,CCTV,서울특별시 광진구 천호대로110길 34 (능동),37.55581,127.07947,기존_광진구통합본
CCTV,CCTV,서울특별시 광진구 능동로36길 12 (능동),37.55623,127.0798,기존_광진구통합본
CCTV,CCTV,서울특별시 광진구 천호대로112길 10 (능동),37.55572,127.08112,기존_광진구통합본
CCTV,CCTV,서울특별시 광진구 천호대로112길 25 (능동),37.55509,127.08119,기존_광진구통합본
CCTV,CCTV,서울특별시 광진구 천호대로116길 26 (능동),37.55412,127.08363,기존_광진구통합본
CCTV,CCTV,서울특별시 광진구 능동로32길 82-34 (능동),37.55304,127.08239,기존_광진구통합본
CCTV,CCTV,서울특별시 광진구 천호대로116길 57 (능동),37.55259,127.08284,기존_광진구통합본
CCTV,CCTV,서울특별시 광진구 천호대로118길 36 (능동),37.55318,127.08466,기존_광진구통합본
CCTV,CCTV,서울특별시 광진구 천호대로118길 16 (능동),37.55412,127.08523,기존_광진구통합본
CCTV,CCTV,서울특별시 광진구 천호대로124길 86 (능동),37.55214,127.08481,기존_광진구통합본
CCTV,CCTV,서울특별시 광진구 천호대로120길 21 (능동),37.55313,127.08636,기존_광진구통합본
CCTV,CCTV,서울특별시 광진구 천호대로120길 21 (능동),37.55311,127.08794,기존_광진구통합본
CCTV,CCTV,서울특별시 광진구 천호대로122길 33 (능동),37.55211,127.08732,기존_광진구통합본
CCTV,CCTV,서울특별시 광진구 천호대로110길 87 (능동),37.55361,127.07842,기존_광진구통합본
CCTV,CCTV,서울특별시 광진구 능동로24길 41 (능동),37.55239,127.07913,기존_광진구통합본
CCTV,CCTV,서울특별시 광진구 능동로26길 23 (능동),37.55269,127.07855,기존_광진구통합본
CCTV,CCTV,서울특별시 광진구 능동로32길 16-16 (능동),37.5546,127.07917,기존_광진구통합본
CCTV,CCTV,서울특별시 광진구 능동로32길 16-16 (능동),37.55393,127.0792,기존_광진구통합본
CCTV,CCTV,서울특별시 광진구 자양로13길 41 (자양동),37.53437,127.08195,기존_광진구통합본
CCTV,CCTV,서울특별시 광진구 자양로21길 35 (자양동),37.53952,127.08133,기존_광진구통합본
CCTV,CCTV,서울특별시 광진구 아차산로46길 23 (자양동),37.53609,127.08083,기존_광진구통합본
CCTV,CCTV,서울특별시 광진구 아차산로46가길 19 (자양동),37.53637,127.08196,기존_광진구통합본
CCTV,CCTV,서울특별시 광진구 자양로15길 6 (자양동),37.53604,127.08312,기존_광진구통합본
CCTV,CCTV,서울특별시 광진구 뚝섬로47길 49 (자양동),37.53455,127.07948,기존_광진구통합본
CCTV,CCTV,서울특별시 광진구 자양로15길84,37.53479,127.0789,기존_광진구통합본
CCTV,CCTV,서울특별시 광진구 자양로13길 100 (자양동),37.5326,127.07981,기존_광진구통합본
CCTV,CCTV,서울특별시 광진구 뚝섬로51길 24 (자양동),37.53368,127.08009,기존_광진구통합본
CCTV,CCTV,서울특별시 광진구 자양로13다길 34 (자양동),37.53321,127.07812,기존_광진구통합본
CCTV,CCTV,서울특별시 광진구 자양로13나길 14 (자양동),37.53388,127.08039,기존_광진구통합본
CCTV,CCTV,서울특별시 광진구 자양로9길 24-3 (자양동),37.53385,127.08294,기존_광진구통합본
CCTV,CCTV,서울특별시 광진구 자양로13길 73 (자양동),37.53351,127.08096,기존_광진구통합본
CCTV,CCTV,서울특별시 광진구 자양로11길 45-8 (자양동),37.53343,127.08219,기존_광진구통합본
CCTV,CCTV,서울특별시 광진구 뚝섬로57가길 55 (자양동),37.53239,127.08055,기존_광진구통합본
CCTV,CCTV,서울특별시 광진구 뚝섬로55길 19 (자양동),37.53238,127.08236,기존_광진구통합본
CCTV,CCTV,서울특별시 광진구 자양로21길 14 (자양동),37.53992,127.08225,기존_광진구통합본
CCTV,CCTV,서울특별시 광진구 자양로19길 48-4 (자양동),37.53846,127.08097,기존_광진구통합본
CCTV,CCTV,서울특별시 광진구 자양로19길 54 (자양동),37.53818,127.08046,기존_광진구통합본
CCTV,CCTV,서울특별시 광진구 뚝섬로52마길 60 (자양동),37.52873,127.08111,기존_광진구통합본
CCTV,CCTV,서울특별시 광진구 뚝섬로52마길 60 (자양동),37.52783,127.0844,기존_광진구통합본
CCTV,CCTV,서울특별시 광진구 자양로5길 13 (자양동),37.53164,127.08507,기존_광진구통합본
CCTV,CCTV,서울특별시 광진구 자양로6길 40 (자양동),37.53278,127.08788,기존_광진구통합본
CCTV,CCTV,서울특별시 광진구 뚝섬로48길 52 (자양동),37.52967,127.07684,기존_광진구통합본
CCTV,CCTV,서울특별시 광진구 뚝섬로50길 28 (자양동),37.53119,127.07791,기존_광진구통합본
CCTV,CCTV,서울특별시 광진구 뚝섬로54길 24 (자양동),37.53064,127.08049,기존_광진구통합본
CCTV,CCTV,서울특별시 광진구 뚝섬로54길 46 (자양동),37.52968,127.07999,기존_광진구통합본
CCTV,CCTV,서울특별시 광진구 뚝섬로52마길 42-15 (자양동),37.52797,127.08024,기존_광진구통합본
CCTV,CCTV,서울특별시 광진구 자양로3길 49 (자양동),37.52914,127.08391,기존_광진구통합본
CCTV,CCTV,서울특별시 광진구 자양로3길 39-3 (자양동),37.52987,127.08455,기존_광진구통합본
CCTV,CCTV,서울특별시 광진구 자양로3가길 36 (자양동),37.52866,127.08511,기존_광진구통합본
CCTV,CCTV,서울특별시 광진구 자양로3가길 37 (자양동),37.53642,127.08465,기존_광진구통합본
CCTV,CCTV,서울특별시 광진구 뚝섬로60길 6 (자양동),37.53257,127.08654,기존_광진구통합본
CCTV,CCTV,서울특별시 광진구 자양로4길 12-1 (자양동),37.53147,127.08679,기존_광진구통합본
CCTV,CCTV,서울특별시 광진구 자양로2길 29 (자양동),37.53153,127.08817,기존_광진구통합본
CCTV,CCTV,서울특별시 광진구 자양로4나길 31 (자양동),37.53045,127.08796,기존_광진구통합본
CCTV,CCTV,서울특별시 광진구 자양번영로11길 4-9 (자양동),37.53753,127.07667,기존_광진구통합본
CCTV,CCTV,서울특별시 광진구 자양번영로11길 29 (자양동),37.53738,127.07507,기존_광진구통합본
CCTV,CCTV,서울특별시 광진구 아차산로 288 (자양동),37.53852,127.07501,기존_광진구통합본
CCTV,CCTV,서울특별시 광진구 자양번영로11길 37-14 (자양동),37.53695,127.07443,기존_광진구통합본
CCTV,CCTV,서울특별시 광진구 자양번영로9길 6-7 (자양동),37.53656,127.07618,기존_광진구통합본
CCTV,CCTV,서울특별시 광진구 자양번영로7길 12-7 (자양동),37.5362,127.07578,기존_광진구통합본
CCTV,CCTV,서울특별시 광진구 자양번영로3다길 11-5,37.53136,127.07352,기존_광진구통합본
CCTV,CCTV,서울특별시 광진구 아차산로38길 5-16 (자양동),37.53818,127.07537,기존_광진구통합본
CCTV,CCTV,서울특별시 광진구 뚝섬로36가길 43 (자양동),37.53117,127.07272,기존_광진구통합본
CCTV,CCTV,서울특별시 광진구 뚝섬로36길 49-8 (자양동),37.53204,127.07084,기존_광진구통합본
CCTV,CCTV,서울특별시 광진구 능동로8길 28 (자양동),37.53603,127.07073,기존_광진구통합본
CCTV,CCTV,서울특별시 광진구 뚝섬로36길 15 (자양동),37.53368,127.0714,기존_광진구통합본
CCTV,CCTV,서울특별시 광진구 자양번영로5길 16 (자양동),37.53273,127.07448,기존_광진구통합본
CCTV,CCTV,서울특별시 광진구 자양번영로3길 16 (자양동),37.53185,127.07445,기존_광진구통합본
CCTV,CCTV,서울특별시 광진구 자양번영로1길 27 (자양동),37.53084,127.07341,기존_광진구통합본
CCTV,CCTV,서울특별시 광진구 자양번영로3나길 40 (자양동),37.53016,127.07337,기존_광진구통합본
CCTV,CCTV,서울특별시 광진구 동일로10길 42 (자양동),37.53763,127.06399,기존_광진구통합본
CCTV,CCTV,서울특별시 광진구 뚝섬로 491 (자양동),37.53654,127.06519,기존_광진구통합본
CCTV,CCTV,서울특별시 광진구 능동로3나길 10,37.53411,127.06569,기존_광진구통합본
CCTV,CCTV,서울특별시 광진구 뚝섬로24길 27 (자양동),37.5353,127.0633,기존_광진구통합본
CCTV,CCTV,서울특별시 광진구 자양강변길 73 (자양동),37.53274,127.0637,기존_광진구통합본
CCTV,CCTV,서울특별시 광진구 능동로3라길 16 (자양동),37.53477,127.06491,기존_광진구통합본
CCTV,CCTV,서울특별시 광진구 능동로3가길 12 (자양동),37.5333,127.06563,기존_광진구통합본
CCTV,CCTV,서울특별시 광진구 아차산로30길 18,37.53987,127.06744,기존_광진구통합본
CCTV,CCTV,서울특별시 광진구 아차산로32길 21 (자양동),37.53901,127.06808,기존_광진구통합본
CCTV,CCTV,서울특별시 광진구 아차산로30길 39 (자양동),37.53895,127.06687,기존_광진구통합본
CCTV,CCTV,서울특별시 광진구 동일로18길 44 (자양동),37.53938,127.06526,기존_광진구통합본
CCTV,CCTV,서울특별시 광진구 아차산로22길 27 (자양동),37.54066,127.06405,기존_광진구통합본
CCTV,CCTV,서울특별시 광진구 자양강변길 19 (자양동),37.53426,127.0611,기존_광진구통합본
CCTV,CCTV,서울특별시 광진구 뚝섬로22가길 22 (자양동),37.53551,127.06238,기존_광진구통합본
CCTV,CCTV,서울특별시 광진구 동일로4가길 9-2 (자양동),37.53593,127.06282,기존_광진구통합본
CCTV,CCTV,서울특별시 광진구 동일로 34-11 (자양동),37.53574,127.06125,기존_광진구통합본
CCTV,CCTV,서울특별시 광진구 군자로15길36,37.555,127.07333,기존_광진구통합본
CCTV,CCTV,서울특별시 광진구 동일로10길 5 (자양동),37.53891,127.0626,기존_광진구통합본
CCTV,CCTV,서울특별시 광진구 능동로9길 23,37.53767,127.06797,기존_광진구통합본
CCTV,CCTV,서울특별시 광진구 뚝섬로32길 17 (자양동),37.53471,127.06713,기존_광진구통합본
CCTV,CCTV,서울특별시 광진구 능동로5길 7,37.53643,127.06745,기존_광진구통합본
CCTV,CCTV,서울특별시 광진구 뚝섬로30길 15 (자양동),37.53522,127.06655,기존_광진구통합본
CCTV,CCTV,서울특별시 광진구 능동로3길 61-8 (자양동),37.5341,127.06386,기존_광진구통합본
CCTV,CCTV,서울특별시 광진구 동일로12길 20 (자양동),37.53953,127.06335,기존_광진구통합본
CCTV,CCTV,서울특별시 광진구 동일로10길 25 (자양동),37.53829,127.06341,기존_광진구통합본
CCTV,CCTV,서울특별시 광진구 동일로18가길 13 (자양동),37.53906,127.06454,기존_광진구통합본
CCTV,CCTV,서울특별시 광진구 동일로10나길 18 (자양동),37.53828,127.06431,기존_광진구통합본
CCTV,CCTV,서울특별시 광진구 동일로18나길 24 (자양동),37.53866,127.06529,기존_광진구통합본
CCTV,CCTV,서울특별시 광진구 뚝섬로23가길 11 (자양동),37.53795,127.0654,기존_광진구통합본
CCTV,CCTV,서울특별시 광진구 뚝섬로57길 13 (자양동),37.53231,127.08359,기존_광진구통합본
CCTV,CCTV,서울특별시 광진구 긴고랑로14길 33 (중곡동),37.56123,127.08096,기존_광진구통합본
CCTV,CCTV,서울특별시 광진구 긴고랑로5길 11 (중곡동),37.56493,127.0792,기존_광진구통합본
CCTV,CCTV,서울특별시 광진구 긴고랑로1길 11 (중곡동),37.5647,127.0775,기존_광진구통합본
CCTV,CCTV,서울특별시 광진구 긴고랑로7길 11 (중곡동),37.56405,127.07937,기존_광진구통합본
CCTV,CCTV,서울특별시 광진구 동일로70길 22 (중곡동),37.56455,127.078,기존_광진구통합본
CCTV,CCTV,서울특별시 광진구 긴고랑로14길 8 (중곡동),37.56224,127.08146,기존_광진구통합본
CCTV,CCTV,서울특별시 광진구 긴고랑로12길 12 (중곡동),37.56225,127.08068,기존_광진구통합본
CCTV,CCTV,서울특별시 광진구 능동로43길 38 (중곡동),37.56177,127.0797,기존_광진구통합본
CCTV,CCTV,서울특별시 광진구 면목로 93 (중곡동),37.56199,127.07904,기존_광진구통합본
CCTV,CCTV,서울특별시 광진구 긴고랑로6길 9 (중곡동),37.56315,127.07822,기존_광진구통합본
CCTV,CCTV,서울특별시 광진구 동일로 374 (중곡동),37.56432,127.07628,기존_광진구통합본
CCTV,CCTV,서울특별시 광진구 동일로66길 9 (중곡동),37.56167,127.07581,기존_광진구통합본
CCTV,CCTV,서울특별시 광진구 자양로43길 47 (중곡동),37.55261,127.09027,기존_광진구통합본
CCTV,CCTV,서울특별시 광진구 천호대로101길 11 (중곡동),37.55981,127.07477,기존_광진구통합본
CCTV,CCTV,서울특별시 광진구 긴고랑로8길 60 (중곡동),37.56104,127.07772,기존_광진구통합본
CCTV,CCTV,서울특별시 광진구 긴고랑로8길 90 (중곡동),37.55966,127.077,기존_광진구통합본
CCTV,CCTV,서울특별시 광진구 동일로62길 37 (중곡동),37.55937,127.0761,기존_광진구통합본
CCTV,CCTV,서울특별시 광진구 면목로 74 (중곡동),37.5602,127.07954,기존_광진구통합본
CCTV,CCTV,서울특별시 광진구 긴고랑로14길 63 (중곡동),37.55993,127.08025,기존_광진구통합본
CCTV,CCTV,서울특별시 광진구 천호대로107길 22 (중곡동),37.55887,127.07889,기존_광진구통합본
CCTV,CCTV,서울특별시 광진구 천호대로107길 8 (중곡동),37.55841,127.07854,기존_광진구통합본
CCTV,CCTV,서울특별시 광진구 능동로47길 35 (중곡동),37.56427,127.0811,기존_광진구통합본
CCTV,CCTV,서울특별시 광진구 능동로47길 35 (중곡동),37.56364,127.08074,기존_광진구통합본
CCTV,CCTV,서울특별시 광진구 능동로47길 35 (중곡동),37.56338,127.08134,기존_광진구통합본
CCTV,CCTV,서울특별시 광진구 능동로50길 8 (중곡동),37.56401,127.08396,기존_광진구통합본
CCTV,CCTV,서울특별시 광진구 능동로48가길 36 (중곡동),37.56342,127.08581,기존_광진구통합본
CCTV,CCTV,서울특별시 광진구 긴고랑로29길 47 (중곡동),37.56204,127.0864,기존_광진구통합본
CCTV,CCTV,서울특별시 광진구 용마산로21길 77 (중곡동),37.56152,127.08475,기존_광진구통합본
CCTV,CCTV,서울특별시 광진구 용마산로3길 13 (중곡동),37.55631,127.08728,기존_광진구통합본
CCTV,CCTV,서울특별시 광진구 천호대로125길 35-17 (중곡동),37.55537,127.08723,기존_광진구통합본
CCTV,CCTV,서울특별시 광진구 용마산로1길 22 (중곡동),37.55503,127.08739,기존_광진구통합본
CCTV,CCTV,서울특별시 광진구 천호대로121길 39 (중곡동),37.55682,127.08643,기존_광진구통합본
CCTV,CCTV,서울특별시 광진구 긴고랑로 110 (중곡동),37.55925,127.08691,기존_광진구통합본
CCTV,CCTV,서울특별시 광진구 천호대로119길 89 (중곡동),37.55903,127.08561,기존_광진구통합본
CCTV,CCTV,서울특별시 광진구 용마산로3길 38 (중곡동),37.55615,127.08611,기존_광진구통합본
CCTV,CCTV,서울특별시 광진구 용마산로1길 91 (중곡동),37.55647,127.08356,기존_광진구통합본
CCTV,CCTV,서울특별시 광진구 긴고랑로27길 26 (중곡동),37.56144,127.08613,기존_광진구통합본
CCTV,CCTV,서울특별시 광진구 긴고랑로31길 28 (중곡동),37.5612,127.087,기존_광진구통합본
CCTV,CCTV,서울특별시 광진구 천호대로109길 53 (중곡동),37.55932,127.08201,기존_광진구통합본
CCTV,CCTV,서울특별시 광진구 긴고랑로15길 15 (중곡동),37.56276,127.08329,기존_광진구통합본
CCTV,CCTV,서울특별시 광진구 긴고랑로19길 34-4 (중곡동),37.56293,127.085,기존_광진구통합본
CCTV,CCTV,서울특별시 광진구 용마산로21길 65 (중곡동),37.56207,127.08508,기존_광진구통합본
CCTV,CCTV,서울특별시 광진구 능동로44길 13 (중곡동),37.56085,127.08229,기존_광진구통합본
CCTV,CCTV,서울특별시 광진구 긴고랑로16길 9-9 (중곡동),37.56141,127.0832,기존_광진구통합본
CCTV,CCTV,서울특별시 광진구 긴고랑로 103,37.56011,127.08674,기존_광진구통합본
CCTV,CCTV,서울특별시 광진구 동일로76나길 20 (중곡동),37.56858,127.0801,기존_광진구통합본
CCTV,CCTV,서울특별시 광진구 능동로 411 (중곡동),37.56582,127.0839,기존_광진구통합본
CCTV,CCTV,서울특별시 광진구 용마산로31길 31 (중곡동),37.56911,127.08425,기존_광진구통합본
CCTV,CCTV,서울특별시 광진구 능동로53길 24-9 (중곡동),37.56723,127.0835,기존_광진구통합본
CCTV,CCTV,서울특별시 광진구 능동로53길 30-12 (중곡동),37.56724,127.08244,기존_광진구통합본
CCTV,CCTV,서울특별시 광진구 답십리로 78길 (중곡동),37.56985,127.0813,기존_광진구통합본
CCTV,CCTV,서울특별시 광진구 동일로76길 12 (중곡동),37.56771,127.07934,기존_광진구통합본
CCTV,CCTV,서울특별시 광진구 면목로11길 20 (중곡동),37.56705,127.08054,기존_광진구통합본
CCTV,CCTV,서울특별시 광진구 답십리로88길 19 (중곡동),37.57027,127.08498,기존_광진구통합본
CCTV,CCTV,서울특별시 광진구 용마산로31길 16 (중곡동),37.56934,127.08527,기존_광진구통합본
CCTV,CCTV,서울특별시 광진구 면목로16길 10 (중곡동),37.56953,127.08376,기존_광진구통합본
CCTV,CCTV,서울특별시 광진구 용마산로27길 10 (중곡동),37.56732,127.08582,기존_광진구통합본
CCTV,CCTV,서울특별시 광진구 용마산로29길 25 (중곡동),37.56719,127.08544,기존_광진구통합본
CCTV,CCTV,서울특별시 광진구 답십리로84길 6 (중곡동),37.57098,127.08394,기존_광진구통합본
CCTV,CCTV,서울특별시 광진구 답십리로 370 (중곡동),37.57156,127.08151,기존_광진구통합본
CCTV,CCTV,서울특별시 광진구 답십리로82길 18 (중곡동),37.57055,127.08269,기존_광진구통합본
CCTV,CCTV,서울특별시 광진구 동일로78길 20 (중곡동),37.56924,127.08062,기존_광진구통합본
CCTV,CCTV,서울특별시 광진구 동일로76길 51-22 (중곡동),37.56817,127.08055,기존_광진구통합본
CCTV,CCTV,서울특별시 광진구 동일로76길 49 (중곡동),37.56803,127.08123,기존_광진구통합본
CCTV,CCTV,서울특별시 광진구 영화사로5길 25 (중곡동),37.55726,127.09219,기존_광진구통합본
CCTV,CCTV,서울특별시 광진구 자양로45길 89 (중곡동),37.55516,127.0898,기존_광진구통합본
CCTV,CCTV,서울특별시 광진구 용마산로22길 10-10 (중곡동),37.5631,127.08767,기존_광진구통합본
CCTV,CCTV,서울특별시 광진구 영화사로3가길 9 (중곡동),37.55791,127.09304,기존_광진구통합본
CCTV,CCTV,서울특별시 광진구 영화사로3가길 25 (중곡동),37.55749,127.09347,기존_광진구통합본
CCTV,CCTV,서울특별시 광진구 영화사로9가길 61 (중곡동),37.55764,127.09523,기존_광진구통합본
CCTV,CCTV,서울특별시 광진구 영화사로9길 10 (중곡동),37.55554,127.09329,기존_광진구통합본
CCTV,CCTV,서울특별시 광진구 영화사로9길 70-12 (중곡동),37.55674,127.09465,기존_광진구통합본
CCTV,CCTV,서울특별시 광진구 영화사로7길 24 (중곡동),37.55678,127.09212,기존_광진구통합본
CCTV,CCTV,서울특별시 광진구 영화사로 51 (중곡동),37.55567,127.09234,기존_광진구통합본
CCTV,CCTV,서울특별시 광진구 용마산로8가길 26 (중곡동),37.56092,127.0888,기존_광진구통합본
CCTV,CCTV,서울특별시 광진구 용마산로8다길 23 (중곡동),37.56176,127.08946,기존_광진구통합본
CCTV,CCTV,서울특별시 광진구 용마산로36길 66 (중곡동),37.56947,127.08872,기존_광진구통합본
CCTV,CCTV,서울특별시 광진구 용마산로8길 10 (중곡동),37.55968,127.08837,기존_광진구통합본
CCTV,CCTV,서울특별시 광진구 용마산로36길 44 (중곡동),37.57039,127.08833,기존_광진구통합본
CCTV,CCTV,서울특별시 광진구 용마산로34길 15 (중곡동),37.57019,127.08716,기존_광진구통합본
CCTV,CCTV,서울특별시 광진구 긴고랑로46가길 36 (중곡동),37.55864,127.09525,기존_광진구통합본
CCTV,CCTV,서울특별시 광진구 긴고랑로46길 11,37.56024,127.09561,기존_광진구통합본
CCTV,CCTV,서울특별시 광진구 용마산로2길 45 (중곡동),37.55596,127.09076,기존_광진구통합본
CCTV,CCTV,서울특별시 광진구 자양로45길 65 (중곡동),37.55399,127.09031,기존_광진구통합본
CCTV,CCTV,서울특별시 광진구 자양로43길 86 (중곡동),37.55444,127.0895,기존_광진구통합본
CCTV,CCTV,서울특별시 광진구 아차산로21길 47 (화양동),37.54421,127.06534,기존_광진구통합본
CCTV,CCTV,서울특별시 광진구 동일로28길 16 (화양동),37.54621,127.06793,기존_광진구통합본
CCTV,CCTV,서울특별시 광진구 아차산로23길 68 (화양동),37.54517,127.06748,기존_광진구통합본
CCTV,CCTV,서울특별시 광진구 아차산로25길 27 (화양동),37.54283,127.06716,기존_광진구통합본
CCTV,CCTV,서울특별시 광진구 동일로24길 56 (화양동),37.54312,127.06823,기존_광진구통합본
CCTV,CCTV,서울특별시 광진구 동일로22길 28 (화양동),37.54224,127.0659,기존_광진구통합본
CCTV,CCTV,서울특별시 광진구 아차산로 241 (화양동),37.54062,127.07054,기존_광진구통합본
CCTV,CCTV,서울특별시 광진구 답십리로84길 56 (중곡동),37.56868,127.08366,기존_광진구통합본
CCTV,CCTV,서울특별시 광진구 군자로3길 25-16 (화양동),37.54373,127.07061,기존_광진구통합본
CCTV,CCTV,서울특별시 광진구 군자로5길 18-12 (화양동),37.54558,127.06954,기존_광진구통합본
CCTV,CCTV,서울특별시 광진구 긴고랑로46길 11 (화양동),37.54556,127.0742,기존_광진구통합본
CCTV,CCTV,서울특별시 광진구 능동로13길 88 (화양동),37.54545,127.06866,기존_광진구통합본
CCTV,CCTV,서울특별시 광진구 동일로28길 38 (화양동),37.54628,127.06883,기존_광진구통합본
CCTV,CCTV,서울특별시 광진구 아차산로25길 48 (화양동),37.54343,127.06753,기존_광진구통합본
CCTV,CCTV,서울특별시 광진구 동일로22길 71 (화양동),37.54147,127.06831,기존_광진구통합본
CCTV,CCTV,서울특별시 광진구 광나루로24길 12 (화양동),37.54577,127.07609,기존_광진구통합본
CCTV,CCTV,서울특별시 광진구 광나루로22길 7,37.5463,127.07523,기존_광진구통합본
CCTV,CCTV,서울특별시 광진구 광나루로20가길 21 (화양동),37.5452,127.07528,기존_광진구통합본
CCTV,CCTV,서울특별시 광진구 광나루로26길 24 (화양동),37.54541,127.07729,기존_광진구통합본
CCTV,CCTV,서울특별시 광진구 아차산로31길 14 (화양동),37.54167,127.06953,기존_광진구통합본
CCTV,CCTV,서울특별시 광진구 긴고랑로 19 (중곡동),37.56385,127.07872,기존_광진구통합본
CCTV,CCTV,서울특별시 광진구 긴고랑로16길 50 (중곡동),37.55986,127.08172,기존_광진구통합본
CCTV,CCTV,서울특별시 광진구 답십리로78길 9-16 (중곡동),37.57104,127.08227,기존_광진구통합본
CCTV,CCTV,서울특별시 광진구 용마산로4길 26 (중곡동),37.55656,127.08957,기존_광진구통합본
CCTV,CCTV,서울특별시 광진구 천호대로110길 122 (능동),37.55231,127.07774,기존_광진구통합본
CCTV,CCTV,서울특별시 광진구 자양로22길 58(구의동),37.53982,127.08641,기존_광진구통합본
CCTV,CCTV,서울특별시 광진구 자양로47길 11 (구의동),37.55223,127.09191,기존_광진구통합본
CCTV,CCTV,서울특별시 광진구 광나루로52길 66 (구의동),37.5399,127.0923,기존_광진구통합본
CCTV,CCTV,서울특별시 광진구 광장로7길 7 (광장동),37.54825,127.10567,기존_광진구통합본
CCTV,CCTV,서울특별시 광진구 자양로15길 108 (자양동),37.5344,127.07795,기존_광진구통합본
CCTV,CCTV,서울특별시 광진구 자양로3길 7 (자양동),37.53045,127.08506,기존_광진구통합본
CCTV,CCTV,서울특별시 광진구 뚝섬로40길 31 (자양동),37.53257,127.07255,기존_광진구통합본
CCTV,CCTV,서울특별시 광진구 뚝섬로22길 89 (자양동),37.53411,127.06269,기존_광진구통합본
CCTV,CCTV,서울특별시 광진구 군자로 38 (화양동),37.5465,127.0703,기존_광진구통합본
CCTV,CCTV,서울특별시 광진구 능동로31길 12-15 (군자동),37.55639,127.0782,기존_광진구통합본
CCTV,CCTV,서울특별시 광진구 자양로30길 29 (구의동),37.54359,127.08645,기존_광진구통합본
CCTV,CCTV,서울특별시 광진구 천호대로121길 6 (중곡동),37.55551,127.08656,기존_광진구통합본
CCTV,CCTV,서울특별시 광진구 자양번영로13길 32 (자양동),37.53789,127.07513,기존_광진구통합본
CCTV,CCTV,서울특별시 광진구 동일로20길 106 (자양동),37.53933,127.06938,기존_광진구통합본
CCTV,CCTV,서울특별시 광진구 동일로66길 28 (중곡동),37.56151,127.07652,기존_광진구통합본
CCTV,CCTV,서울특별시 광진구 능동로48길 59 (중곡동),37.56199,127.08584,기존_광진구통합본
CCTV,CCTV,서울특별시 광진구 능동로55길 20 (중곡동),37.568,127.08444,기존_광진구통합본
CCTV,CCTV,서울특별시 광진구 용마산로30길 6 (중곡동),37.5683,127.08629,기존_광진구통합본
CCTV,CCTV,서울특별시 광진구 아차산로21길 97(화양동),37.54615,127.06707,기존_광진구통합본
CCTV,CCTV,서울특별시 광진구 광나루로17길 14-14 (군자동),37.54885,127.07273,기존_광진구통합본
CCTV,CCTV,서울특별시 광진구 천호대로124길 62 (능동),37.55157,127.0861,기존_광진구통합본
CCTV,CCTV,서울특별시 광진구 자양번영로8길 7 (자양동),37.53443,127.07662,기존_광진구통합본
CCTV,CCTV,서울특별시 광진구 뚝섬로50길 6 (자양동),37.53221,127.07832,기존_광진구통합본
CCTV,CCTV,서울특별시 광진구 자양번영로 81 (자양동),37.53697,127.07667,기존_광진구통합본
CCTV,CCTV,서울특별시 광진구 자양로22길 61 (구의동),37.54323,127.08783,기존_광진구통합본
CCTV,CCTV,서울특별시 광진구 아차산로62길 14-2 (구의동),37.53903,127.09365,기존_광진구통합본
CCTV,CCTV,서울특별시 광진구 광장로 64 (광장동),37.54742,127.10427,기존_광진구통합본
CCTV,CCTV,서울특별시 광진구 동일로4길 60 (자양동),37.53571,127.06409,기존_광진구통합본
CCTV,CCTV,서울특별시 광진구 긴고랑로26길 7-1 (중곡동),37.56019,127.0854,기존_광진구통합본
CCTV,CCTV,서울특별시 광진구 능동로55길 43 (중곡동),37.56801,127.08314,기존_광진구통합본
CCTV,CCTV,서울특별시 광진구 긴고랑로44길 42 (중곡동),37.55836,127.09444,기존_광진구통합본
CCTV,CCTV,서울특별시 광진구 능동로32길 82-53 (능동),37.5527,127.0818,기존_광진구통합본
CCTV,CCTV,서울특별시 광진구 아차산로57길 41 (구의동),37.54051,127.0886,기존_광진구통합본
CCTV,CCTV,서울특별시 광진구 아차산로59길 56,37.54085,127.09086,기존_광진구통합본
CCTV,CCTV,서울특별시 광진구 자양로43길 18 (구의동),37.55159,127.0907,기존_광진구통합본
CCTV,CCTV,서울특별시 광진구 아차산로58길 77 (구의동),37.53513,127.08979,기존_광진구통합본
CCTV,CCTV,서울특별시 광진구 아차산로70길 17-16 (과장동),37.54151,127.10242,기존_광진구통합본
CCTV,CCTV,서울특별시 광진구 뚝섬로49길 59 (자양동),37.53454,127.08043,기존_광진구통합본
CCTV,CCTV,서울특별시 광진구 자양번영로2길 55 (자양동),37.53006,127.07796,기존_광진구통합본
CCTV,CCTV,서울특별시 광진구 뚝섬로36길 38 (자양동),37.53294,127.07051,기존_광진구통합본
CCTV,CCTV,서울특별시 광진구 동일로4길 74 (자양동),37.53567,127.06498,기존_광진구통합본
CCTV,CCTV,서울특별시 광진구 뚝섬로24길 48 (자양동),37.5346,127.06286,기존_광진구통합본
CCTV,CCTV,서울특별시 광진구 능동로 49 (자양동),37.53444,127.06806,기존_광진구통합본
CCTV,CCTV,서울특별시 광진구 능동로 25-1 (자양동),37.53378,127.06778,기존_광진구통합본
CCTV,CCTV,서울특별시 광진구 아차산로27길 45-6 (화양동),37.54364,127.06826,기존_광진구통합본
CCTV,CCTV,서울특별시 광진구 광나루로24길 53 (화양동),37.54506,127.07811,기존_광진구통합본
CCTV,CCTV,서울특별시 광진구 군자로13길 35 (군자동),37.5519,127.07049,기존_광진구통합본
CCTV,CCTV,서울특별시 광진구 광나루로38길 67 (구의동),37.54207,127.08733,기존_광진구통합본
CCTV,CCTV,서울특별시 광진구 광장로3길 18-21 (광장동),37.54751,127.10309,기존_광진구통합본
CCTV,CCTV,서울특별시 광진구 광장로5길 12 (광장동),37.54822,127.10506,기존_광진구통합본
CCTV,CCTV,서울특별시 광진구 광장로7길 24 (광장동),37.54876,127.10537,기존_광진구통합본
CCTV,CCTV,서울특별시 광진구 광장로1길 19 (광장동),37.54783,127.10197,기존_광진구통합본
CCTV,CCTV,서울특별시 광진구 아차산로69길 36 (광장동),37.54388,127.0987,기존_광진구통합본
CCTV,CCTV,서울특별시 광진구 아차산로66길 8 (광장동),37.54133,127.09736,기존_광진구통합본
CCTV,CCTV,서울특별시 광진구 아차산로55길 81 (구의동),37.54111,127.08698,기존_광진구통합본
CCTV,CCTV,서울특별시 광진구 자양로23길 65 (구의동),37.54326,127.08366,기존_광진구통합본
CCTV,CCTV,서울특별시 광진구 광나루로54길 20 (구의동),37.54012,127.09531,기존_광진구통합본
CCTV,CCTV,서울특별시 광진구 아차산로65길 57 (구의동),37.54239,127.09235,기존_광진구통합본
CCTV,CCTV,서울특별시 광진구 구의강변로3가길 3 (구의동),37.53582,127.0916,기존_광진구통합본
CCTV,CCTV,서울특별시 광진구 구의강변로3길 39 (구의동),37.53659,127.0903,기존_광진구통합본
CCTV,CCTV,서울특별시 광진구 동일로52길 24 (군자동),37.55445,127.07243,기존_광진구통합본
CCTV,CCTV,서울특별시 광진구 동일로46길 26 (군자동),37.55355,127.07185,기존_광진구통합본
CCTV,CCTV,서울특별시 광진구 면목로5길 59 (군자동),37.55601,127.07321,기존_광진구통합본
CCTV,CCTV,서울특별시 광진구 면목로5길 49 (군자동),37.55645,127.07346,기존_광진구통합본
CCTV,CCTV,서울특별시 광진구 동일로34길 19 (군자동),37.54988,127.0697,기존_광진구통합본
CCTV,CCTV,서울특별시 광진구 광나루로13길 30 (군자동),37.54952,127.06883,기존_광진구통합본
CCTV,CCTV,서울특별시 광진구 아차산로40길 28 (자양동),37.53641,127.07814,기존_광진구통합본
CCTV,CCTV,서울특별시 광진구 아차산로44길 26 (자양동),37.53654,127.07973,기존_광진구통합본
CCTV,CCTV,서울특별시 광진구 아차산로39길 11 (자양동),37.53857,127.07718,기존_광진구통합본
CCTV,CCTV,서울특별시 광진구 뚝섬로43길 7 (자양동),37.53347,127.07673,기존_광진구통합본
CCTV,CCTV,서울특별시 광진구 뚝섬로59길 18 (자양동),37.533,127.08394,기존_광진구통합본
CCTV,CCTV,서울특별시 광진구 아차산로41길 16 (자양동),37.53858,127.07891,기존_광진구통합본
CCTV,CCTV,서울특별시 광진구 뚝섬로56길 35 (자양동),37.52999,127.08272,기존_광진구통합본
CCTV,CCTV,서울특별시 광진구 자양번영로4길 17 (자양동),37.53145,127.07655,기존_광진구통합본
CCTV,CCTV,서울특별시 광진구 뚝섬로56길 59 (자양동),37.52877,127.08288,기존_광진구통합본
CCTV,CCTV,서울특별시 광진구 뚝섬로64길 14 (자양동),37.53309,127.08886,기존_광진구통합본
CCTV,CCTV,서울특별시 광진구 뚝섬로64길 70 (자양동),37.53054,127.08914,기존_광진구통합본
CCTV,CCTV,서울특별시 광진구 뚝섬로34길 13 (자양동),37.53413,127.06976,기존_광진구통합본
CCTV,CCTV,서울특별시 광진구 능동로4길 13 (자양동),37.53338,127.06855,기존_광진구통합본
CCTV,CCTV,서울특별시 광진구 뚝섬로37길 28 (자양동),37.53545,127.07557,기존_광진구통합본
CCTV,CCTV,서울특별시 광진구 뚝섬로22길 8 (자양동),37.53653,127.06163,기존_광진구통합본
CCTV,CCTV,서울특별시 광진구 뚝섬로25길 23 (자양동),37.53706,127.06469,기존_광진구통합본
CCTV,CCTV,서울특별시 광진구 능동로5길 7 (자양동),37.53708,127.06807,기존_광진구통합본
CCTV,CCTV,서울특별시 광진구 뚝섬로27길 43 (자양동),37.53781,127.0662,기존_광진구통합본
CCTV,CCTV,서울특별시 광진구 용마산로3길 98 (중곡동),37.55732,127.0831,기존_광진구통합본
CCTV,CCTV,서울특별시 광진구 긴고랑로7길 69 (중곡동),37.56638,127.08068,기존_광진구통합본
CCTV,CCTV,서울특별시 광진구 긴고랑로9길 46 (중곡동),37.56556,127.0819,기존_광진구통합본
CCTV,CCTV,서울특별시 광진구 용마산로28길 24 (중곡동),37.56791,127.08702,기존_광진구통합본
CCTV,CCTV,서울특별시 광진구 능동로15길 11 (화양동),37.54518,127.07213,기존_광진구통합본
CCTV,CCTV,서울특별시 광진구 능동로13길 39 (화양동),37.54411,127.06975,기존_광진구통합본
CCTV,CCTV,서울특별시 광진구 군자로2길 4 (화양동),37.54433,127.07163,기존_광진구통합본
CCTV,CCTV,서울특별시 광진구 면목로 127 (중곡동),37.56515,127.08075,기존_광진구통합본
CCTV,CCTV,서울특별시 광진구 긴고랑로3길 19-2 (중곡동),37.56538,127.0783,기존_광진구통합본
CCTV,CCTV,서울특별시 광진구 용마산로7길 59 (중곡동),37.55997,127.08464,기존_광진구통합본
CCTV,CCTV,서울특별시 광진구 긴고랑로17길11 (중곡동),37.56299,127.08409,기존_광진구통합본
CCTV,CCTV,서울특별시 광진구 답십리로74길 15 (중곡동),37.57101,127.08051,기존_광진구통합본
CCTV,CCTV,서울특별시 광진구 긴고랑로38길 14 (중곡동),37.55843,127.09036,기존_광진구통합본
CCTV,CCTV,서울특별시 광진구 자양로43길 123 (중곡동),37.55593,127.08901,기존_광진구통합본
CCTV,CCTV,서울특별시 광진구 용마산로30길 49 (중곡동),37.56863,127.08898,기존_광진구통합본
CCTV,CCTV,서울특별시 광진구 아차산로33길 16-8 (화양동),37.54106,127.07033,기존_광진구통합본
CCTV,CCTV,서울특별시 광진구 아차산로25길 76 (화양동),37.54454,127.06815,기존_광진구통합본
CCTV,CCTV,서울특별시 광진구 면목로5길 15 (군자동),37.55657,127.07507,기존_광진구통합본
CCTV,CCTV,서울특별시 광진구 능동로32길 29 (능동),37.55489,127.08007,기존_광진구통합본
CCTV,CCTV,서울특별시 광진구 능동로32길 82-26,37.55332,127.08552,기존_광진구통합본
CCTV,CCTV,서울특별시 광진구 아차산로45길 31 (자양동),37.53824,127.07999,기존_광진구통합본
CCTV,CCTV,서울특별시 광진구 뚝섬로52다길 45 (자양동),37.52976,127.08148,기존_광진구통합본
CCTV,CCTV,서울특별시 광진구 자양번영로9길 16-4 (자양동),37.53645,127.0756,기존_광진구통합본
CCTV,CCTV,서울특별시 광진구 뚝섬로40길 65 (자양동),37.53137,127.07153,기존_광진구통합본
CCTV,CCTV,서울특별시 광진구 뚝섬로27길 19 (자양동),37.53693,127.06583,기존_광진구통합본
CCTV,CCTV,서울특별시 광진구 광나루로40길 34 (구의동),37.54333,127.08927,기존_광진구통합본
CCTV,CCTV,서울특별시 광진구 천호대로134길 31 (구의동),37.54821,127.08972,기존_광진구통합본
CCTV,CCTV,서울특별시 광진구 자양로37길 22-10 (구의동),37.54868,127.08741,기존_광진구통합본
CCTV,CCTV,서울특별시 광진구 아차산로 63길 17 (구의동),37.54042,127.09241,기존_광진구통합본
CCTV,CCTV,서울특별시 광진구 자양로51길 46,37.55477,127.09138,기존_광진구통합본
CCTV,CCTV,서울특별시 광진구 아차산로 78길 153 (광장동),37.5485,127.10918,기존_광진구통합본
CCTV,CCTV,서울특별시 광진구 광장로9길 6 (광장동),37.54822,127.10613,기존_광진구통합본
CCTV,CCTV,서울특별시 광진구 능동로3다길 4 (자양동),37.53398,127.06502,기존_광진구통합본
CCTV,CCTV,서울특별시 광진구 긴고랑로 12길 40 (중곡동),37.5612,127.07987,기존_광진구통합본
CCTV,CCTV,서울특별시 광진구 긴고랑로 26길 23 (중곡동),37.55858,127.08244,기존_광진구통합본
CCTV,CCTV,서울특별시 광진구 영화사로9가길 39-15 (중곡동),37.55656,127.09367,기존_광진구통합본
CCTV,CCTV,서울특별시 광진구 동일로 44길 17 (군자동),37.5531,127.07133,기존_광진구통합본
CCTV,CCTV,서울특별시 광진구 능동로 32길 35 (능동),37.55474,127.08081,기존_광진구통합본
CCTV,CCTV,서울특별시 광진구 뚝섬로 631 (자양동),37.53211,127.07974,기존_광진구통합본
CCTV,CCTV,서울특별시 광진구 뚝섬로 700 (자양동),37.53302,127.08694,기존_광진구통합본
CCTV,CCTV,서울특별시 광진구 자양번영로 3길 27 (자양동),37.53211,127.07342,기존_광진구통합본
CCTV,CCTV,서울특별시 광진구 능동로 3길 20 (자양동),37.53363,127.06658,기존_광진구통합본
CCTV,CCTV,서울특별시 광진구 자양로28길 14 (구의동),37.54236,127.08507,기존_광진구통합본
CCTV,CCTV,서울특별시 광진구 자양로44가길 18 (구의동),37.55089,127.09434,기존_광진구통합본
CCTV,CCTV,서울특별시 광진구 구의로10길 12 (구의동),37.54215,127.09092,기존_광진구통합본
CCTV,CCTV,서울특별시 광진구 광장로1가길 49 (광장동),37.54854,127.09989,기존_광진구통합본
CCTV,CCTV,서울특별시 광진구 용마산로22길 82 (중곡동),37.5672,127.08895,기존_광진구통합본
CCTV,CCTV,서울특별시 광진구 용마산로22길 82 (중곡동),37.56726,127.08838,기존_광진구통합본
CCTV,CCTV,서울특별시 광진구 용마산로22길 82 (중곡동),37.56725,127.08795,기존_광진구통합본
CCTV,CCTV,서울특별시 광진구 용마산로22길 82 (중곡동),37.56686,127.08787,기존_광진구통합본
CCTV,CCTV,서울특별시 광진구 동일로 64길 20 (중곡동),37.56058,127.0759,기존_광진구통합본
CCTV,CCTV,서울특별시 광진구 능동로46길 28 (중곡동),37.56075,127.08404,기존_광진구통합본
CCTV,CCTV,서울특별시 광진구 동일로78길 46-33 (중곡동),37.56842,127.08109,기존_광진구통합본
CCTV,CCTV,서울특별시 광진구 긴고랑로 36길57 (중곡동),37.55707,127.09126,기존_광진구통합본
CCTV,CCTV,서울특별시 광진구 용마산로8가길 20-15 (중곡동),37.56027,127.08969,기존_광진구통합본
CCTV,CCTV,서울특별시 광진구 긴고랑로 36길 5 (중곡동),37.55868,127.089,기존_광진구통합본
CCTV,CCTV,서울특별시 광진구 광장로1다길31 (광장동),37.55009,127.10233,기존_광진구통합본
CCTV,CCTV,서울특별시 광진구 자양로 13길 31-8 (자양동),37.53442,127.08288,기존_광진구통합본
CCTV,CCTV,서울특별시 광진구 뚝섬로56길47 (자양동),37.52936,127.08277,기존_광진구통합본
CCTV,CCTV,서울특별시 광진구 자양번영로3길38-10 (자양동),37.53249,127.07342,기존_광진구통합본
CCTV,CCTV,서울특별시 광진구 동일로10가길23 (자양동),37.53868,127.06383,기존_광진구통합본
CCTV,CCTV,서울특별시 광진구 자양로28길 98 (구의동),37.54154,127.0895,기존_광진구통합본
CCTV,CCTV,서울특별시 광진구 자양로48길 20 (구의동),37.55133,127.09317,기존_광진구통합본
CCTV,CCTV,서울특별시 광진구 자양로53길21,37.55441,127.09272,기존_광진구통합본
CCTV,CCTV,서울특별시 광진구 아차산로25길 20-9 (화양동),37.54213,127.06739,기존_광진구통합본
CCTV,CCTV,서울특별시 광진구 동일로 30길 28 (화양동),37.54758,127.0688,기존_광진구통합본
CCTV,CCTV,서울특별시 광진구 면목로1길 19 (군자동),37.55507,127.07453,기존_광진구통합본
CCTV,CCTV,서울특별시 광진구 능동로 48길 36 (중곡동),37.56224,127.08446,기존_광진구통합본
CCTV,CCTV,서울특별시 광진구 아차산 순환도로 (광장동),37.55117,127.1005,기존_광진구통합본
CCTV,CCTV,서울특별시 광진구  천호대로102길 58 (군자동),37.55673,127.07315,기존_광진구통합본
CCTV,CCTV,서울특별시 광진구 자양로18길 72 (구의동),37.53833,127.08744,기존_광진구통합본
CCTV,CCTV,서울특별시 광진구 면목로 172 (중곡동),37.56864,127.08282,기존_광진구통합본
CCTV,CCTV,서울특별시 광진구 동일로22길 89 (화양동),37.54116,127.06918,기존_광진구통합본
CCTV,CCTV,서울특별시 광진구 자양로15길 56 (자양동),37.53531,127.08059,기존_광진구통합본
CCTV,CCTV,서울특별시 광진구 긴고랑로 185-2 (중곡동),37.56021,127.09478,기존_광진구통합본
CCTV,CCTV,서울특별시 광진구 자양로44길 30-1 (구의동),37.55043,127.09311,기존_광진구통합본
CCTV,CCTV,서울특별시 광진구 자양로2길 6 (자양동),37.5307,127.0872,기존_광진구통합본
CCTV,CCTV,서울특별시 광진구 동일로56가길 19-16,37.55437,127.07305,기존_광진구통합본
CCTV,CCTV,서울특별시 광진구 동일로56가길 19-16,37.53395,127.09015,기존_광진구통합본
CCTV,CCTV,서울특별시 광진구 긴고랑로38,37.56283,127.08032,기존_광진구통합본
CCTV,CCTV,서울특별시 광진구 긴고랑로30길34,37.55825,127.08699,기존_광진구통합본
CCTV,CCTV,서울특별시 광진구 능동로40길13,37.55802,127.08086,기존_광진구통합본
CCTV,CCTV,서울특별시 광진구 긴고랑로26길23,37.55933,127.08501,기존_광진구통합본
CCTV,CCTV,서울특별시 광진구 동일로78길47,37.56876,127.08212,기존_광진구통합본
CCTV,CCTV,서울특별시 광진구 능동로53길24-1,37.56666,127.08318,기존_광진구통합본
CCTV,CCTV,서울특별시 광진구 능동로50길 31-9,37.56393,127.08525,기존_광진구통합본
CCTV,CCTV,서울특별시 광진구 면목로182,37.56941,127.08317,기존_광진구통합본
CCTV,CCTV,서울특별시 광진구 면목로13길 17,37.56922,127.0824,기존_광진구통합본
CCTV,CCTV,서울특별시 광진구 용마산로33길 41,37.57023,127.08382,기존_광진구통합본
CCTV,CCTV,서울특별시 광진구 용마산로28나길15,37.56825,127.08798,기존_광진구통합본
CCTV,CCTV,서울특별시 광진구  천호대로127길19,37.55366,127.08983,기존_광진구통합본
CCTV,CCTV,서울특별시 광진구 용마산로20길9-1,37.56268,127.08772,기존_광진구통합본
CCTV,CCTV,서울특별시 광진구 용마산로8나길 36,37.56015,127.09053,기존_광진구통합본
CCTV,CCTV,서울특별시 광진구 긴고랑로 39길 54,37.55932,127.09282,기존_광진구통합본
CCTV,CCTV,서울특별시 광진구 천호대로112길 60,37.55351,127.08017,기존_광진구통합본
CCTV,CCTV,서울특별시 광진구 영화사로13길21,37.55514,127.09445,기존_광진구통합본
CCTV,CCTV,서울특별시 광진구 자양로209,37.5459,127.0859,기존_광진구통합본
CCTV,CCTV,서울특별시 광진구 광장로5길 25-1,37.54865,127.10495,기존_광진구통합본
CCTV,CCTV,서울특별시 광진구 광나루로595,37.54253,127.09458,기존_광진구통합본
CCTV,CCTV,서울특별시 광진구 천호대로 798,37.54562,127.10196,기존_광진구통합본
CCTV,CCTV,서울특별시 광진구 아차산로 78길 90,37.55118,127.11069,기존_광진구통합본
CCTV,CCTV,서울특별시 광진구 군자로 183,37.55677,127.07821,기존_광진구통합본
CCTV,CCTV,서울특별시 광진구 천호대로102길60,37.55652,127.07283,기존_광진구통합본
CCTV,CCTV,서울특별시 광진구 면목로38,37.55741,127.07664,기존_광진구통합본
CCTV,CCTV,서울특별시 광진구 능동로 267-14,37.55418,127.07678,기존_광진구통합본
CCTV,CCTV,서울특별시 광진구 자양로18길6,37.53735,127.08387,기존_광진구통합본
CCTV,CCTV,서울특별시 광진구 자양로25길 14-1,37.54167,127.08301,기존_광진구통합본
CCTV,CCTV,서울특별시 광진구 광나루로 38길 8,37.54437,127.08802,기존_광진구통합본
CCTV,CCTV,서울특별시 광진구 아차산로53길 62-14,37.54027,127.08615,기존_광진구통합본
CCTV,CCTV,서울특별시 광진구 아차산로 401-9,37.53779,127.08701,기존_광진구통합본
CCTV,CCTV,서울특별시 광진구 광나루로44길55,37.54186,127.09121,기존_광진구통합본
CCTV,CCTV,서울특별시 광진구 아차산로58가길15,37.5359,127.09036,기존_광진구통합본
CCTV,CCTV,서울특별시 광진구 뚝섬로47길29,37.53369,127.07867,기존_광진구통합본
CCTV,CCTV,서울특별시 광진구 자양로13다길10,37.53271,127.07928,기존_광진구통합본
CCTV,CCTV,서울특별시 광진구 뚝섬로681,37.53227,127.08502,기존_광진구통합본
CCTV,CCTV,서울특별시 광진구 자양로 117,37.5389,127.08241,기존_광진구통합본
CCTV,CCTV,서울특별시 광진구 자양로11길 11-1,37.53456,127.08328,기존_광진구통합본
CCTV,CCTV,서울특별시 광진구 자양로13길 20,37.53526,127.08295,기존_광진구통합본
CCTV,CCTV,서울특별시 광진구 자양로4가길6-10,37.53204,127.08727,기존_광진구통합본
CCTV,CCTV,서울특별시 광진구 뚝섬로52길 71,37.52922,127.07837,기존_광진구통합본
CCTV,CCTV,서울특별시 광진구 뚝섬로703-1,37.53318,127.08757,기존_광진구통합본
CCTV,CCTV,서울특별시 광진구 뚝섬로 54길 61,37.52895,127.07978,기존_광진구통합본
CCTV,CCTV,서울특별시 광진구 자양번영로1길15,37.53058,127.07412,기존_광진구통합본
CCTV,CCTV,서울특별시 광진구 자양번영로 7길 3,37.53551,127.07636,기존_광진구통합본
CCTV,CCTV,서울특별시 광진구 자양동 84-27,37.53305,127.06438,기존_광진구통합본
CCTV,CCTV,서울특별시 광진구 뚝섬로27길3,37.5361,127.06594,기존_광진구통합본
CCTV,CCTV,서울특별시 광진구 아차산로24길 17,37.54017,127.06485,기존_광진구통합본
CCTV,CCTV,서울특별시 광진구 아차산로192,37.54129,127.0645,기존_광진구통합본
CCTV,CCTV,서울특별시 광진구 자양강변길 119,37.53216,127.06511,기존_광진구통합본
CCTV,CCTV,서울특별시 광진구 동일로26길 47,37.54463,127.06861,기존_광진구통합본
CCTV,CCTV,서울특별시 광진구 동일로28길54,37.54592,127.06948,기존_광진구통합본
CCTV,CCTV,서울특별시 광진구 아차산로 23길 45,37.54392,127.06687,기존_광진구통합본
CCTV,CCTV,서울특별시 광진구 아차산로 21길 109,37.54655,127.06739,기존_광진구통합본
CCTV,CCTV,서울특별시 광진구 광나루로 14길 26,37.54683,127.06836,기존_광진구통합본
CCTV,CCTV,서울특별시 광진구 능동로 16길 14,37.54483,127.07387,기존_광진구통합본
CCTV,CCTV,서울특별시 광진구 긴고랑로7길 101,37.56751,127.08137,기존_광진구통합본
CCTV,CCTV,서울특별시 광진구 천호대로119길 16,37.55537,127.08617,기존_광진구통합본
CCTV,CCTV,서울특별시 광진구 용마산로 33길 9-7,37.56975,127.08539,기존_광진구통합본
CCTV,CCTV,서울특별시 광진구 영화사로 16,37.55773,127.08931,기존_광진구통합본
CCTV,CCTV,서울특별시 광진구 긴고랑로 44길 26-12,37.55857,127.0945,기존_광진구통합본
CCTV,CCTV,서울특별시 광진구 천호대로 114길 58,37.55323,127.08162,기존_광진구통합본
CCTV,CCTV,서울특별시 광진구 자양로 237-1,37.54782,127.08806,기존_광진구통합본
CCTV,CCTV,서울특별시 광진구 영화사로 11길 39,37.55604,127.09512,기존_광진구통합본
CCTV,CCTV,서울특별시 광진구 광장로 7길 27,37.54898,127.10556,기존_광진구통합본
CCTV,CCTV,서울특별시 광진구 동일로56길 48,37.55536,127.07461,기존_광진구통합본
CCTV,CCTV,서울특별시 광진구 동일로38길 17,37.55124,127.07041,기존_광진구통합본
CCTV,CCTV,서울특별시 광진구 동일로 212,37.55053,127.06923,기존_광진구통합본
CCTV,CCTV,서울특별시 광진구 군자로10길22,37.54887,127.07189,기존_광진구통합본
CCTV,CCTV,서울특별시 광진구 천호대로 104길22,37.55755,127.07535,기존_광진구통합본
CCTV,CCTV,서울특별시 광진구 광나루로 19길51,37.54976,127.07265,기존_광진구통합본
CCTV,CCTV,서울특별시 광진구 광나루로19길 31,37.54897,127.0733,기존_광진구통합본
CCTV,CCTV,서울특별시 광진구 광나루로 16길 18,37.5468,127.06919,기존_광진구통합본
CCTV,CCTV,서울특별시 광진구 군자로 43,37.54706,127.07027,기존_광진구통합본
CCTV,CCTV,서울특별시 광진구 능동로 17길 6,37.54611,127.07297,기존_광진구통합본
CCTV,CCTV,서울특별시 광진구 군자로 5길 29,37.5448,127.06951,기존_광진구통합본
CCTV,CCTV,서울특별시 광진구 능동로 13길 39,37.54333,127.0704,기존_광진구통합본
CCTV,CCTV,서울특별시 광진구 광나루로 14길 31,37.54634,127.06813,기존_광진구통합본
CCTV,CCTV,서울특별시 광진구 아차산로39길 36,37.53894,127.07569,기존_광진구통합본
CCTV,CCTV,서울특별시 광진구 아차산로 78길 18,37.5504,127.10976,기존_광진구통합본
CCTV,CCTV,서울특별시 광진구 아차산로 75길 9,37.54628,127.10468,기존_광진구통합본
CCTV,CCTV,서울특별시 광진구 능동로 25길 48,37.5531,127.07471,기존_광진구통합본
CCTV,CCTV,서울특별시 광진구 능동로 21길 14-10,37.55175,127.07582,기존_광진구통합본
CCTV,CCTV,서울특별시 광진구 군자로 160-1,37.55511,127.07674,기존_광진구통합본
CCTV,CCTV,서울특별시 광진구 동일로 26길 9,37.54531,127.06668,기존_광진구통합본
CCTV,CCTV,서울특별시 광진구 면목로9길31,37.56079,127.07662,기존_광진구통합본
CCTV,CCTV,서울특별시 광진구 천호대로123길83-13,37.55913,127.08591,기존_광진구통합본
CCTV,CCTV,서울특별시 광진구 면목로15길30,37.56907,127.0813,기존_광진구통합본
CCTV,CCTV,서울특별시 광진구 용마산로22길9,37.56358,127.08772,기존_광진구통합본
CCTV,CCTV,서울특별시 광진구 능동로24길60-84길,37.55254,127.08014,기존_광진구통합본
CCTV,CCTV,서울특별시 광진구 군자로11길11,37.55078,127.07019,기존_광진구통합본
CCTV,CCTV,서울특별시 광진구 군자로15길21,37.55442,127.07351,기존_광진구통합본
CCTV,CCTV,서울특별시 광진구 광장로1-20,37.54638,127.10153,기존_광진구통합본
CCTV,CCTV,서울특별시 광진구 광장로77,37.54771,127.10573,기존_광진구통합본
CCTV,CCTV,서울특별시 광진구 광장로89,37.548,127.10692,기존_광진구통합본
CCTV,CCTV,서울특별시 광진구 영화사로3나길 28,37.55709,127.09369,기존_광진구통합본
CCTV,CCTV,서울특별시 광진구 용마사로30길 37,37.56865,127.08808,기존_광진구통합본
CCTV,CCTV,서울특별시 광진구 자양로37길 85,37.54747,127.0858,기존_광진구통합본
CCTV,CCTV,서울특별시 광진구 광장로1나길 8,37.54818,127.10197,기존_광진구통합본
CCTV,CCTV,서울특별시 광진구 자양로15길 27,37.53556,127.08238,기존_광진구통합본
CCTV,CCTV,서울특별시 광진구 아차산로44가길 16,37.53565,127.07975,기존_광진구통합본
CCTV,CCTV,서울특별시 광진구 뚝섬로58길 58,37.52958,127.08522,기존_광진구통합본
CCTV,CCTV,서울특별시 광진구 뚝섬로33길 34,37.53634,127.06992,기존_광진구통합본
CCTV,CCTV,서울특별시 광진구 아차산로21길 62,37.54446,127.06622,기존_광진구통합본
CCTV,CCTV,서울특별시 광진구 면목로114,37.56366,127.08013,기존_광진구통합본
CCTV,CCTV,서울특별시 광진구 능동로 237,37.55104,127.07614,기존_광진구통합본
CCTV,CCTV,서울특별시 광진구 군자로 114,37.54914,127.07518,기존_광진구통합본
CCTV,CCTV,서울특별시 광진구 아차산로39길 38-7,37.53923,127.0752,기존_광진구통합본
CCTV,CCTV,서울특별시 광진구 아차산로39가길 8,37.53915,127.07675,기존_광진구통합본
CCTV,CCTV,서울특별시 광진구 광장로1다길 23,37.54511,127.09887,기존_광진구통합본
CCTV,CCTV,서울특별시 광진구 광장동 5-119,37.55141,127.10197,기존_광진구통합본
CCTV,CCTV,서울특별시 광진구 광장동 5-116,37.55175,127.1035,기존_광진구통합본
CCTV,CCTV,서울특별시 광진구 용마산로22길 76,37.56586,127.08827,기존_광진구통합본
CCTV,CCTV,서울특별시 광진구 군자동 111-2,37.55324,127.07325,기존_광진구통합본
CCTV,CCTV,서울특별시 광진구 자양로37길 43,37.54895,127.08595,기존_광진구통합본
CCTV,CCTV,서울특별시 광진구 자양로37길 38-6,37.54884,127.08663,기존_광진구통합본
CCTV,CCTV,서울특별시 광진구 구의동 4-20,37.55317,127.09835,기존_광진구통합본
CCTV,CCTV,서울특별시 광진구 워커힐로 32,37.54473,127.09759,기존_광진구통합본
CCTV,CCTV,서울특별시 광진구 강변역로 18,37.53772,127.09166,기존_광진구통합본
CCTV,CCTV,서울특별시 광진구 자양강변길 301,37.52944,127.07532,기존_광진구통합본
CCTV,CCTV,서울특별시 광진구 뚝섬로44길 56,37.53031,127.0756,기존_광진구통합본
CCTV,CCTV,서울특별시 광진구 뚝섬로 561,37.53397,127.07253,기존_광진구통합본
CCTV,CCTV,서울특별시 광진구 천호대로138길 40,37.54739,127.0921,기존_광진구통합본
CCTV,CCTV,서울특별시 광진구 광장로1가길 13,37.54749,127.10122,기존_광진구통합본
CCTV,CCTV,서울특별시 광진구 자양로 35,37.53091,127.08628,기존_광진구통합본
CCTV,CCTV,서울특별시 광진구 자양로3길 16,37.53061,127.08561,기존_광진구통합본
CCTV,CCTV,서울특별시 광진구 뚝섬로64길 45,37.53114,127.09032,기존_광진구통합본
CCTV,CCTV,서울특별시 광진구 자양동 783-2,37.53575,127.07439,기존_광진구통합본
CCTV,CCTV,서울특별시 광진구 능동로3길 61-8,37.53382,127.06383,기존_광진구통합본
CCTV,CCTV,서울특별시 광진구 자양동 57-2,37.53273,127.06291,기존_광진구통합본
CCTV,CCTV,서울특별시 광진구 광나루로30길 80,37.54307,127.08037,기존_광진구통합본
CCTV,CCTV,서울특별시 광진구 뚝섬로58길 68,37.52926,127.08454,기존_광진구통합본
CCTV,CCTV,서울특별시 광진구 아차산로70 17-16,37.54058,127.10275,기존_광진구통합본
CCTV,CCTV,서울특별시 광진구 동일로22길 117-20,37.54128,127.07084,기존_광진구통합본
CCTV,CCTV,서울특별시 광진구 아차산로27길 60,37.54406,127.06899,기존_광진구통합본
CCTV,CCTV,서울특별시 광진구 능동로103,37.54017,127.07055,기존_광진구통합본
CCTV,CCTV,서울특별시 광진구 아차산로27길 20,37.54261,127.06802,기존_광진구통합본
CCTV,CCTV,서울특별시 광진구 광나루로22가길 12,37.54597,127.07553,기존_광진구통합본
CCTV,CCTV,서울특별시 광진구 아차산로23길 23-5,37.54327,127.06614,기존_광진구통합본
CCTV,CCTV,서울특별시 광진구 군자로6길 20,37.54593,127.07174,기존_광진구통합본
CCTV,CCTV,서울특별시 광진구 군자로6길 51,37.54581,127.0723,기존_광진구통합본
CCTV,CCTV,서울특별시 광진구 천호대로111길 9,37.55694,127.08217,기존_광진구통합본
CCTV,CCTV,서울특별시 광진구 천호대로 585,37.55594,127.08322,기존_광진구통합본
CCTV,CCTV,서울특별시 광진구 천호대로 115길 29,37.5571,127.08394,기존_광진구통합본
CCTV,CCTV,서울특별시 광진구 긴고랑로20길 28,37.56003,127.08321,기존_광진구통합본
CCTV,CCTV,서울특별시 광진구 동일로 338,37.56084,127.07502,기존_광진구통합본
CCTV,CCTV,서울특별시 광진구 동일로 360,37.56299,127.07579,기존_광진구통합본
CCTV,CCTV,서울특별시 광진구 동일로68길 49,37.5612,127.07835,기존_광진구통합본
CCTV,CCTV,서울특별시 광진구 용마산로 183,37.57009,127.08609,기존_광진구통합본
CCTV,CCTV,서울특별시 광진구 용마산로22길 5-8,37.56121,127.08725,기존_광진구통합본
CCTV,CCTV,서울특별시 광진구 용마산로22길 19-19,37.5646,127.088,기존_광진구통합본
CCTV,CCTV,서울특별시 광진구 용마산로8라길 30,37.56121,127.09047,기존_광진구통합본
CCTV,CCTV,서울특별시 광진구 자양로51길 28,37.55401,127.09231,기존_광진구통합본
CCTV,CCTV,서울특별시 광진구 천호대로 623-1,37.55435,127.18707,기존_광진구통합본
CCTV,CCTV,서울특별시 광진구 능동로36길 186,37.55238,127.08842,기존_광진구통합본
CCTV,CCTV,서울특별시 광진구 자양로41길 26-9,37.55039,127.08989,기존_광진구통합본
CCTV,CCTV,서울특별시 광진구 자양로 282,37.55092,127.09155,기존_광진구통합본
CCTV,CCTV,서울특별시 광진구 자양로37길 38,37.54872,127.08639,기존_광진구통합본
CCTV,CCTV,서울특별시 광진구 뚝섬로52가길 42,37.53081,127.08158,기존_광진구통합본
CCTV,CCTV,서울특별시 광진구 뚝섬로52가길 10,37.53125,127.07997,기존_광진구통합본
CCTV,CCTV,서울특별시 광진구 뚝섬로24길 74,37.53301,127.06225,기존_광진구통합본
CCTV,CCTV,서울특별시 광진구 용마산로 160,37.56804,127.08617,기존_광진구통합본
CCTV,CCTV,서울특별시 광진구 뚝섬로31가길 12,37.53612,127.06733,기존_광진구통합본
CCTV,CCTV,서울특별시 광진구 자양로15길 72,37.53502,127.07974,기존_광진구통합본
CCTV,CCTV,서울특별시 광진구 군자로 96-14,37.55133,127.07181,기존_광진구통합본
CCTV,CCTV,서울특별시 광진구 군자로2길 4,37.54446,127.01526,기존_광진구통합본
CCTV,CCTV,서울특별시 광진구 용마산로8마길 26,37.56131,127.09084,기존_광진구통합본
CCTV,CCTV,서울특별시 광진구 면목로 136-1,37.56551,127.08112,기존_광진구통합본
CCTV,CCTV,서울특별시 광진구 뚝섬로58가길 9,37.53072,127.08424,기존_광진구통합본
CCTV,CCTV,서울특별시 광진구 강변역로 53,37.53559,127.09385,기존_광진구통합본
CCTV,CCTV,서울특별시 광진구 자양로 96,37.53621,127.0839,기존_광진구통합본
CCTV,CCTV,서울특별시 광진구 구의로3길 11,37.54025,127.08794,기존_광진구통합본
CCTV,CCTV,서울특별시 광진구 구의로 19,37.53969,127.08939,기존_광진구통합본
CCTV,CCTV,서울특별시 광진구 천호대로107길 40,37.5594,127.07916,기존_광진구통합본
CCTV,CCTV,서울특별시 광진구 동일로32길 14-6,37.54908,127.0689,기존_광진구통합본
CCTV,CCTV,서울특별시 광진구 면목로 5길 36,37.55658,127.07408,기존_광진구통합본
CCTV,CCTV,서울특별시 광진구 아차산로 241,37.54029,127.07021,기존_광진구통합본
CCTV,CCTV,서울특별시 광진구 영화사로3길 53,37.55824,127.09265,기존_광진구통합본
CCTV,CCTV,서울특별시 광진구 뚝섬로50길 39,37.53063,127.07782,기존_광진구통합본
CCTV,CCTV,서울특별시 광진구 구의강변로 77,37.53769,127.0933,기존_광진구통합본
CCTV,CCTV,서울특별시 광진구 자양로 130,37.5395,127.08337,기존_광진구통합본
CCTV,CCTV,서울특별시 광진구 뚝섬로23가길 35,37.53867,127.0659,기존_광진구통합본
CCTV,CCTV,서울특별시 광진구 뚝섬로 515,37.53564,127.06755,기존_광진구통합본
CCTV,CCTV,서울특별시 광진구 광나루로13길 16,37.549,127.0686,기존_광진구통합본
CCTV,CCTV,서울특별시 광진구 능동로 160,37.54487,127.07313,기존_광진구통합본
CCTV,CCTV,서울특별시 광진구 능동로19길 10,37.54705,127.07328,기존_광진구통합본
CCTV,CCTV,서울특별시 광진구 광나루로 424,37.54607,127.07634,기존_광진구통합본
CCTV,CCTV,서울특별시 광진구 능동로23길 12,37.55212,127.07614,기존_광진구통합본
CCTV,CCTV,서울특별시 광진구 아차산로 306,37.538,127.07703,기존_광진구통합본
CCTV,CCTV,서울특별시 광진구 자양로23나길 7,37.54222,127.08263,기존_광진구통합본
CCTV,CCTV,서울특별시 광진구 아차산로 401,37.53759,127.08735,기존_광진구통합본
CCTV,CCTV,서울특별시 광진구 뚝섬로64길 50,37.5313,127.08904,기존_광진구통합본
CCTV,CCTV,서울특별시 광진구 자양로44길 113,37.55089,127.09696,기존_광진구통합본
CCTV,CCTV,서울특별시 광진구 아차산로76길 34,37.54665,127.10738,기존_광진구통합본
CCTV,CCTV,서울특별시 광진구 아차산로78가길 3,37.54951,127.10931,기존_광진구통합본
CCTV,CCTV,서울특별시 광진구 아차산로55길 61,37.54012,127.08655,기존_광진구통합본
CCTV,CCTV,서울특별시 광진구 뚝섬로57길 50,37.53394,127.08245,기존_광진구통합본
CCTV,CCTV,서울특별시 광진구 자양로3길 65-9,37.52926,127.08315,기존_광진구통합본
CCTV,CCTV,서울특별시 광진구 군자로13길 18-7,37.55272,127.07094,기존_광진구통합본
CCTV,CCTV,서울특별시 광진구 동일로60길 14,37.55848,127.07405,기존_광진구통합본
CCTV,CCTV,서울특별시 광진구 천호대로129길 49,37.55369,127.09187,기존_광진구통합본
CCTV,CCTV,서울특별시 광진구 뚝섬로26길 5,37.53615,127.06454,기존_광진구통합본
CCTV,CCTV,서울특별시 광진구 영화사로9나길 32,37.55759,127.09572,기존_광진구통합본
CCTV,CCTV,서울특별시 광진구 광나루로40길 56,37.54229,127.08899,기존_광진구통합본
CCTV,CCTV,서울특별시 광진구 자양로50길 22-8,37.55182,127.09369,기존_광진구통합본
CCTV,CCTV,서울특별시 광진구 용마산로14길 9-5,37.56152,127.08798,기존_광진구통합본
CCTV,CCTV,서울특별시 광진구 천호대로119길 61,37.55755,127.08585,기존_광진구통합본
CCTV,CCTV,서울특별시 광진구 자양로42길 44 (구의동),37.54832,127.09216,기존_광진구통합본
CCTV,CCTV,서울특별시 광진구 광나루로52길 12 (구의동),37.54125,127.09432,기존_광진구통합본
CCTV,CCTV,서울특별시 광진구 아차산로60길 13-8,37.53804,127.09237,기존_광진구통합본
CCTV,CCTV,서울특별시 광진구 아차산로59길 49 (구의동),37.5406,127.09066,기존_광진구통합본
CCTV,CCTV,서울특별시 광진구 광나루로44길 32 (구의동),37.54288,127.09113,기존_광진구통합본
CCTV,CCTV,서울특별시 광진구 광나루로56길 86 (구의동),37.53675,127.09481,기존_광진구통합본
CCTV,CCTV,서울특별시 광진구 광나루로56길 86 (구의동),37.53735,127.09452,기존_광진구통합본
CCTV,CCTV,서울특별시 광진구 동일로56길 29 (군자동),37.55601,127.07374,기존_광진구통합본
CCTV,CCTV,서울특별시 광진구 천호대로116길 66 (능동),37.55242,127.08298,기존_광진구통합본
CCTV,CCTV,서울특별시 광진구 능동로30길 23 (능동),37.55356,127.07928,기존_광진구통합본
CCTV,CCTV,서울특별시 광진구 능동로30길 23 (능동),37.55374,127.07943,기존_광진구통합본
CCTV,CCTV,서울특별시 광진구 자양로13길 41 (자양동),37.53435,127.08221,기존_광진구통합본
CCTV,CCTV,서울특별시 광진구 아차산로40길 46 (자양동),37.53582,127.07771,기존_광진구통합본
CCTV,CCTV,서울특별시 광진구 뚝섬로62길 24 (자양동),37.53213,127.08783,기존_광진구통합본
CCTV,CCTV,서울특별시 광진구 뚝섬로34길 25-19 (자양동),37.53366,127.06985,기존_광진구통합본
CCTV,CCTV,서울특별시 광진구 아차산로32길 17 (자양동),37.53926,127.06823,기존_광진구통합본
CCTV,CCTV,서울특별시 광진구 아차산로32길 17 (자양동),37.53913,127.06856,기존_광진구통합본
CCTV,CCTV,서울특별시 광진구 자양1동 859-1,37.53859,127.08173,기존_광진구통합본
CCTV,CCTV,서울특별시 광진구 자양4동 553-22,37.53507,127.06781,기존_광진구통합본
CCTV,CCTV,서울특별시 광진구 자양4동 74-21,37.53294,127.06637,기존_광진구통합본
CCTV,CCTV,서울특별시 광진구 긴고랑로5길 10 (중곡동),37.56471,127.07935,기존_광진구통합본
CCTV,CCTV,서울특별시 광진구 긴고랑로5길 10 (중곡동),37.55964,127.0841,기존_광진구통합본
CCTV,CCTV,서울특별시 광진구 용마산로33길 25 (중곡동),37.56999,127.08449,기존_광진구통합본
CCTV,CCTV,서울특별시 광진구 영화사로7길 25 (중곡동),37.55694,127.09214,기존_광진구통합본
CCTV,CCTV,서울특별시 광진구 영화사로7길 25 (중곡동),37.55905,127.09091,기존_광진구통합본
CCTV,CCTV,서울특별시 광진구 동일로28길 16 (화양동),37.54655,127.06769,기존_광진구통합본
CCTV,CCTV,서울특별시 광진구 아차산로25길 27 (화양동),37.54288,127.06681,기존_광진구통합본
CCTV,CCTV,서울특별시 광진구 화양동 110-34,37.54656,127.07183,기존_광진구통합본
CCTV,CCTV,서울특별시 광진구 군자로3길 15 (화양동),37.54455,127.07065,기존_광진구통합본
CCTV,CCTV,서울특별시 광진구 아차산로31길 14 (화양동),37.54153,127.06978,기존_광진구통합본
CCTV,CCTV,서울특별시 광진구 뚝섬로56길 28 (자양동),37.53016,127.08234,기존_광진구통합본
CCTV,CCTV,서울특별시 광진구 천호대로 717-18 (구의동),37.54927,127.09471,기존_광진구통합본
CCTV,CCTV,서울특별시 광진구 천호대로 717-18 (구의동),37.54811,127.09644,기존_광진구통합본
CCTV,CCTV,서울특별시 광진구 천호대로 717-18 (구의동),37.54793,127.09702,기존_광진구통합본
CCTV,CCTV,서울특별시 광진구 천호대로 717-18 (구의동),37.54787,127.0982,기존_광진구통합본
CCTV,CCTV,서울특별시 광진구 천호대로 717-18 (구의동),37.54751,127.09834,기존_광진구통합본
CCTV,CCTV,서울특별시 광진구 천호대로 760,37.54635,127.09823,기존_광진구통합본
CCTV,CCTV,서울특별시 광진구 동일로52길 27,37.55433,127.07298,기존_광진구통합본
CCTV,CCTV,서울특별시 광진구  구의동 560-5,37.55531,127.09516,기존_광진구통합본
CCTV,CCTV,서울특별시 광진구  자양동 689-6,37.53084,127.0886,기존_광진구통합본
CCTV,CCTV,서울특별시 광진구 자양번영로3길 16 (자양동),37.53207,127.0744,기존_광진구통합본
CCTV,CCTV,서울특별시 광진구 아차산로73길 15 (광장동),37.54594,127.1039,기존_광진구통합본
CCTV,CCTV,서울특별시 광진구 광장로1가길 31 (광장동),37.54813,127.10059,기존_광진구통합본
CCTV,CCTV,서울특별시 광진구 천호대로 760,37.54624,127.09873,기존_광진구통합본
CCTV,CCTV,서울특별시 광진구 천호대로 760,37.54656,127.09898,기존_광진구통합본
CCTV,CCTV,서울특별시 광진구 도로명주소 없음,37.56863,127.07793,기존_광진구통합본
CCTV,CCTV,서울특별시 광진구 도로명주소 없음,37.54926,127.10142,기존_광진구통합본
CCTV,CCTV,서울특별시 광진구 도로명주소 없음,37.54976,127.10132,기존_광진구통합본
CCTV,CCTV,서울특별시 광진구 천호대로140길 60,37.54413,127.09922,기존_광진구통합본
CCTV,CCTV,서울특별시 광진구 천호대로140길 60,37.54433,127.09974,기존_광진구통합본
CCTV,CCTV,서울특별시 광진구 천호대로140길 60,37.54464,127.09932,기존_광진구통합본
CCTV,CCTV,서울특별시 광진구 천호대로140길 60,37.54576,127.10073,기존_광진구통합본
CCTV,CCTV,서울특별시 광진구 자양4동 199-4,37.5363,127.06177,기존_광진구통합본
CCTV,CCTV,서울특별시 광진구 구의1동 668-5,37.54585,127.08845,기존_광진구통합본
CCTV,CCTV,서울특별시 광진구 광장동 344-10,37.54904,127.1074,기존_광진구통합본
CCTV,CCTV,서울특별시 광진구 자양3동 784-2,37.53584,127.0677,기존_광진구통합본
CCTV,CCTV,서울특별시 광진구 광장동 381-44,37.5495,127.0991,기존_광진구통합본
CCTV,CCTV,서울특별시 광진구 용마도시자연공원-사무실,37.56227,127.09624,기존_광진구통합본
CCTV,CCTV,서울특별시 광진구 용마도시자연공원-입구,37.56224,127.09614,기존_광진구통합본
CCTV,CCTV,서울특별시 광진구 용마도시자연공원-화장실 뒤,37.5622,127.09556,기존_광진구통합본
CCTV,CCTV,서울특별시 광진구 용마도시자연공원-체험장,37.56305,127.09617,기존_광진구통합본
CCTV,CCTV,서울특별시 광진구 용마도시자연공원-사방댐,37.56302,127.09658,기존_광진구통합본
CCTV,CCTV,서울특별시 광진구 용마도시자연공원-산불장비,37.56339,127.09635,기존_광진구통합본
CCTV,CCTV,서울특별시 광진구 용마도시자연공원-쌍용골,37.56416,127.09639,기존_광진구통합본
CCTV,CCTV,서울특별시 광진구 용마도시자연공원-유화교,37.56512,127.0974,기존_광진구통합본
CCTV,CCTV,서울특별시 광진구 용마도시자연공원-청용골,37.56605,127.0984,기존_광진구통합본
CCTV,CCTV,서울특별시 광진구 용마도시자연공원-마지막골,37.56649,127.09872,기존_광진구통합본
CCTV,CCTV,서울특별시 광진구 아차산생태공원-사무실,37.55303,127.09978,기존_광진구통합본
CCTV,CCTV,서울특별시 광진구 아차산생태공원-공원입구,37.55258,127.09969,기존_광진구통합본
CCTV,CCTV,서울특별시 광진구 아차산생태공원-소각장,37.55221,127.10066,기존_광진구통합본
CCTV,CCTV,서울특별시 광진구 아차산생태공원-다목적,37.55247,127.10064,기존_광진구통합본
CCTV,CCTV,서울특별시 광진구 아차산생태공원-생태자료,37.55179,127.10103,기존_광진구통합본
CCTV,CCTV,서울특별시 광진구 아차산생태공원-습지,37.55106,127.10113,기존_광진구통합본
CCTV,CCTV,서울특별시 광진구 아차산생태공원-토요,37.55414,127.10133,기존_광진구통합본
CCTV,CCTV,서울특별시 광진구 아차산생태공원-상록천,37.55514,127.10162,기존_광진구통합본
CCTV,CCTV,서울특별시 광진구 아차산생태공원-고구려정1,37.55816,127.10236,기존_광진구통합본
CCTV,CCTV,서울특별시 광진구 아차산생태공원-고구려정2,37.55798,127.10261,기존_광진구통합본
CCTV,CCTV,서울특별시 광진구 아차산생태공원-공영주차,37.55168,127.10022,기존_광진구통합본
CCTV,CCTV,서울특별시 광진구 아차산생태공원-해맞이공원,37.55996,127.10157,기존_광진구통합본
CCTV,CCTV,서울특별시 광진구 중곡 4동 30-75,37.56602,127.08498,기존_광진구통합본
CCTV,CCTV,서울특별시 광진구 자양4동 547-16,37.53682,127.069,기존_광진구통합본
CCTV,CCTV,서울특별시 광진구 공원방범(아차산어울림광장1),37.55225,127.09979,기존_광진구통합본
CCTV,CCTV,서울특별시 광진구 공원방범(아차산어울림광장2),37.55179,127.10084,기존_광진구통합본
CCTV,CCTV,서울특별시 광진구 영화사로107,37.55535,127.09849,기존_광진구통합본
CCTV,CCTV,서울특별시 광진구 구의동3-11,37.55318,127.10115,기존_광진구통합본
CCTV,CCTV,서울특별시 광진구 천호대로 717-18,37.54934,127.09481,기존_광진구통합본
CCTV,CCTV,서울특별시 광진구 광장동 5-113,37.55223,127.10375,기존_광진구통합본
CCTV,CCTV,서울특별시 광진구 자양로13다길 34,37.53297,127.07834,기존_광진구통합본
CCTV,CCTV,서울특별시 광진구 자양동 553-22,37.53512,127.06822,기존_광진구통합본
CCTV,CCTV,서울특별시 광진구 동일로 399,37.56631,127.07736,기존_광진구통합본
CCTV,CCTV,서울특별시 광진구 영화사로 7길 25,37.55673,127.09204,기존_광진구통합본
CCTV,CCTV,서울특별시 광진구 긴고랑로 143,37.55878,127.09099,기존_광진구통합본
CCTV,CCTV,서울특별시 광진구 능동로 216,37.55167,127.08878,기존_광진구통합본
CCTV,CCTV,서울특별시 광진구 구의동 38-17,37.54743,127.09813,기존_광진구통합본
CCTV,CCTV,서울특별시 광진구 광나루로 56길 86,37.53687,127.09459,기존_광진구통합본
CCTV,CCTV,서울특별시 광진구 광나루로 44길 32,37.54277,127.09105,기존_광진구통합본
CCTV,CCTV,서울특별시 광진구 아차산로40길 46,37.53568,127.07767,기존_광진구통합본
CCTV,CCTV,서울특별시 광진구 뚝섬로 62길24,37.53192,127.08784,기존_광진구통합본
CCTV,CCTV,서울특별시 광진구 동일로28길 16,37.54625,127.06801,기존_광진구통합본
CCTV,CCTV,서울특별시 광진구 아차산로 31길 14,37.54145,127.06965,기존_광진구통합본
CCTV,CCTV,서울특별시 광진구 영화사로 139,37.55218,127.10131,기존_광진구통합본
CCTV,CCTV,서울특별시 광진구 영화사로 139,37.55435,127.09721,기존_광진구통합본
CCTV,CCTV,서울특별시 광진구 광나루로 389,37.5475,127.07347,기존_광진구통합본
CCTV,CCTV,서울특별시 광진구 구의동 624-1,37.5324,127.09218,기존_광진구통합본
CCTV,CCTV,서울특별시 광진구 광나루로52길 12,37.54135,127.09448,기존_광진구통합본
CCTV,CCTV,서울특별시 광진구 광나루로56길 86,37.53692,127.09502,기존_광진구통합본
CCTV,CCTV,서울특별시 광진구 중곡동 68-19,37.55903,127.091,기존_광진구통합본
CCTV,CCTV,서울특별시 광진구 광장동 378-76,37.55025,127.10119,기존_광진구통합본
CCTV,CCTV,서울특별시 광진구 중곡1동 248-29,37.56272,127.07687,기존_광진구통합본
CCTV,CCTV,서울특별시 광진구 능동 237-3,37.55531,127.08359,기존_광진구통합본
CCTV,CCTV,서울특별시 광진구 구의2동 612-35,37.54817,127.08566,기존_광진구통합본
CCTV,CCTV,서울특별시 광진구 화양동 523-2,37.54508,127.07627,기존_광진구통합본
CCTV,CCTV,서울특별시 광진구 중곡4동 72-122,37.56103,127.09553,기존_광진구통합본
CCTV,CCTV,서울특별시 광진구 광장동 236-1,37.54308,127.10213,기존_광진구통합본
CCTV,CCTV,서울특별시 광진구 자양2동 813-1,37.52995,127.08908,기존_광진구통합본
CCTV,CCTV,서울특별시 광진구 군자동 340-10,37.55272,127.07022,기존_광진구통합본
CCTV,CCTV,서울특별시 광진구 자양1동 231-63,37.53635,127.07986,기존_광진구통합본
CCTV,CCTV,서울특별시 광진구 구의3동 624-5,37.53103,127.09197,기존_광진구통합본
CCTV,CCTV,서울특별시 광진구 강변역로 40-2,37.53613,127.09466,기존_광진구통합본
CCTV,CCTV,서울특별시 광진구 광장동 516-2,37.54163,127.09615,기존_광진구통합본
CCTV,CCTV,서울특별시 광진구 천호대로 717-18,37.54913,127.09393,기존_광진구통합본
CCTV,CCTV,서울특별시 광진구 천호대로 717-18,37.54916,127.09446,기존_광진구통합본
CCTV,CCTV,서울특별시 광진구 자양1동 859-1,37.53845,127.08144,기존_광진구통합본
CCTV,CCTV,서울특별시 광진구 영화사로 139,37.55215,127.10267,기존_광진구통합본
CCTV,CCTV,서울특별시 광진구 광장동 5-112,37.55226,127.10307,기존_광진구통합본
CCTV,CCTV,서울특별시 광진구 광장동 5-143,37.55193,127.10433,기존_광진구통합본
CCTV,CCTV,서울특별시 광진구 광장동 5-112,37.55261,127.10373,기존_광진구통합본
CCTV,CCTV,서울특별시 광진구 광장동 5-112,37.55316,127.10352,기존_광진구통합본
CCTV,CCTV,서울특별시 광진구 광장동 5-112,37.55383,127.10405,기존_광진구통합본
CCTV,CCTV,서울특별시 광진구 광장동 5-112,37.55435,127.10407,기존_광진구통합본
CCTV,CCTV,서울특별시 광진구 구의동 3,37.55312,127.10055,기존_광진구통합본
CCTV,CCTV,서울특별시 광진구 광장동 5-127,37.55287,127.10095,기존_광진구통합본
CCTV,CCTV,서울특별시 광진구 광장동 5-124,37.55293,127.10112,기존_광진구통합본
CCTV,CCTV,서울특별시 광진구 영화사로 107,37.55481,127.09804,기존_광진구통합본
CCTV,CCTV,서울특별시 광진구 구의동 3-3,37.55611,127.09823,기존_광진구통합본
CCTV,CCTV,서울특별시 광진구 구의동 3-3,37.55614,127.09762,기존_광진구통합본
CCTV,CCTV,서울특별시 광진구 구의동 3-3,37.55633,127.09678,기존_광진구통합본
CCTV,CCTV,서울특별시 광진구 구의동 3-3,37.55646,127.09633,기존_광진구통합본
CCTV,CCTV,서울특별시 광진구 중곡동 143-141,37.55663,127.09605,기존_광진구통합본
CCTV,CCTV,서울특별시 광진구 구의동 3-3,37.55673,127.09676,기존_광진구통합본
CCTV,CCTV,서울특별시 광진구 중곡동 143-141,37.55669,127.0957,기존_광진구통합본
CCTV,CCTV,서울특별시 광진구 중곡동 143-119,37.56185,127.09081,기존_광진구통합본
CCTV,CCTV,서울특별시 광진구 용마산로22길 26,37.56289,127.09128,기존_광진구통합본
CCTV,CCTV,서울특별시 광진구 중곡동 176-122,37.56814,127.090123,기존_광진구통합본
CCTV,CCTV,서울특별시 광진구 중곡동 176-122,37.56811,127.09044,기존_광진구통합본
CCTV,CCTV,서울특별시 광진구 중곡동 176-122,37.56787,127.09047,기존_광진구통합본
CCTV,CCTV,서울특별시 광진구 중곡동 176-112,37.56759,127.08988,기존_광진구통합본
CCTV,CCTV,서울특별시 광진구 구의동 3-17,37.55537,127.09911,기존_광진구통합본
CCTV,CCTV,서울특별시 광진구 구의동 3-17,37.55511,127.0997,기존_광진구통합본
CCTV,CCTV,서울특별시 광진구 구의동 3-17,37.5549,127.10037,기존_광진구통합본
CCTV,CCTV,서울특별시 광진구 구의동 3-17,37.55492,127.10072,기존_광진구통합본
CCTV,CCTV,서울특별시 광진구 아차산로25길 27,37.54274,127.06706,기존_광진구통합본
CCTV,CCTV,서울특별시 광진구 중곡동 176-133,37.56843,127.090039,기존_광진구통합본
CCTV,CCTV,서울특별시 광진구 중곡동 143-146,37.56276,127.0964,기존_광진구통합본
CCTV,CCTV,서울특별시 광진구 중곡동 143-146,37.56373,127.09699,기존_광진구통합본
CCTV,CCTV,서울특별시 광진구 광장동 5-117,37.55186,127.101886,기존_광진구통합본
CCTV,CCTV,서울특별시 광진구 광장동 5-117,37.55189,127.10278,기존_광진구통합본
CCTV,CCTV,서울특별시 광진구 광장동 5-115,37.55196,127.10315,기존_광진구통합본
CCTV,CCTV,서울특별시 광진구 광장동 5-125,37.55223,127.10206,기존_광진구통합본
CCTV,CCTV,서울특별시 광진구 광장동 5-123,37.5525401,127.10256,기존_광진구통합본
CCTV,CCTV,서울특별시 광진구 광장동 5-124,37.55278,127.101693,기존_광진구통합본
CCTV,CCTV,서울특별시 광진구 구의동 3-10,37.55336,127.10222,기존_광진구통합본
CCTV,CCTV,서울특별시 광진구 구의동 3-12,37.55387,127.10315,기존_광진구통합본
CCTV,CCTV,서울특별시 광진구 구의동 3-10,37.55496,127.10399,기존_광진구통합본
CCTV,CCTV,서울특별시 광진구 구의동 3-10,37.556044,127.1044,기존_광진구통합본
CCTV,CCTV,서울특별시 광진구 구의동 3-8,37.55713,127.10434,기존_광진구통합본
CCTV,CCTV,서울특별시 광진구 동일로76나길 20,37.56844,127.08026,기존_광진구통합본
CCTV,CCTV,서울특별시 광진구 동일로76나길 20,37.56843,127.08038,기존_광진구통합본
CCTV,CCTV,서울특별시 광진구 구의동 3-8,37.55601,127.10272,기존_광진구통합본
CCTV,CCTV,서울특별시 광진구 구의동 3-8,37.55694,127.10302,기존_광진구통합본
CCTV,CCTV,서울특별시 광진구 구의동 3-3,37.55783,127.1039,기존_광진구통합본
CCTV,CCTV,서울특별시 광진구 구의동 3-3,37.55908,127.10237,기존_광진구통합본
CCTV,CCTV,서울특별시 광진구 동일로 381-1,37.56497,127.07613,기존_광진구통합본
CCTV,CCTV,서울특별시 광진구 동일로 419-1,37.56795,127.07792,기존_광진구통합본
CCTV,CCTV,서울특별시 광진구 용마산로 33길 25,37.57018,127.08446,기존_광진구통합본
CCTV,CCTV,서울특별시 광진구 동일로 76나길 20,37.56834,127.08032,기존_광진구통합본
CCTV,CCTV,서울특별시 광진구 광나루로 447,37.54568,127.07923,기존_광진구통합본
CCTV,CCTV,서울특별시 광진구 영화사로 135-2,37.55439,127.10096,기존_광진구통합본
CCTV,CCTV,서울특별시 광진구 영화사로 135-1,37.55372,127.09939,기존_광진구통합본
CCTV,CCTV,서울특별시 광진구 천호대로 717-17,37.54913,127.09495,기존_광진구통합본
CCTV,CCTV,서울특별시 광진구 광나루로 52길 12,37.54142,127.09438,기존_광진구통합본
CCTV,CCTV,서울특별시 광진구 아차산로 59길 49,37.5405,127.09069,기존_광진구통합본
CCTV,CCTV,서울특별시 광진구 아차산로 73길15길,37.54584,127.10403,기존_광진구통합본
CCTV,CCTV,서울특별시 광진구 광장로1가길 31,37.54792,127.10084,기존_광진구통합본
CCTV,CCTV,서울특별시 광진구 영화사로 145,37.55226,127.10056,기존_광진구통합본
CCTV,CCTV,서울특별시 광진구 아차산로 78길 133,37.54899,127.10995,기존_광진구통합본
CCTV,CCTV,서울특별시 광진구 천호대로 760,37.54656,127.09829,기존_광진구통합본
CCTV,CCTV,서울특별시 광진구 자양로 13길 41,37.5342,127.0822,기존_광진구통합본
CCTV,CCTV,서울특별시 광진구 뚝섬로 56길 28,37.53019,127.08248,기존_광진구통합본
CCTV,CCTV,서울특별시 광진구 뚝섬로 52길 62,37.5294,127.07831,기존_광진구통합본
CCTV,CCTV,서울특별시 광진구 아차산로 25길 27,37.54261,127.06706,기존_광진구통합본
CCTV,CCTV,서울특별시 광진구 군자로 3길 15,37.5444,127.07057,기존_광진구통합본
CCTV,CCTV,서울특별시 광진구 광나루로 389,37.54774,127.07322,기존_광진구통합본
CCTV,CCTV,서울특별시 광진구 동일로 52길 27,37.55427,127.07291,기존_광진구통합본
CCTV,CCTV,서울특별시 광진구 아차산로 400,37.53662,127.08717,기존_광진구통합본
CCTV,CCTV,서울특별시 광진구 아차산로 400,37.53695,127.08706,기존_광진구통합본
CCTV,CCTV,서울특별시 광진구 아차산로 400,37.53746,127.08826,기존_광진구통합본
CCTV,CCTV,서울특별시 광진구 아차산로 400,37.53748,127.08901,기존_광진구통합본
CCTV,CCTV,서울특별시 광진구 광나루로36길 9-9,37.5444,127.08733,기존_광진구통합본
CCTV,CCTV,서울특별시 광진구 구의로9길 15,37.54236,127.08815,기존_광진구통합본
CCTV,CCTV,서울특별시 광진구 자양로38길 17-7,37.54731,127.08919,기존_광진구통합본
CCTV,CCTV,서울특별시 광진구 동일로52길 11-13,37.55528,127.07219,기존_광진구통합본
CCTV,CCTV,서울특별시 광진구 천호대로116길 97,37.55263,127.08133,기존_광진구통합본
CCTV,CCTV,서울특별시 광진구 천호대로110길 8,37.55636,127.08009,기존_광진구통합본
CCTV,CCTV,서울특별시 광진구 능동로34길 11-19,37.55545,127.08079,기존_광진구통합본
CCTV,CCTV,서울특별시 광진구 천호대로112길 53,37.55388,127.0803,기존_광진구통합본
CCTV,CCTV,서울특별시 광진구 능동로36길 87,37.55472,127.08384,기존_광진구통합본
CCTV,CCTV,서울특별시 광진구 천호대로116길 36,37.55368,127.08338,기존_광진구통합본
CCTV,CCTV,서울특별시 광진구 능동로32길 106-13,37.55274,127.08369,기존_광진구통합본
CCTV,CCTV,서울특별시 광진구 능동로36길 141,37.55361,127.08652,기존_광진구통합본
CCTV,CCTV,서울특별시 광진구 천호대로118길 33-17,37.55296,127.08555,기존_광진구통합본
CCTV,CCTV,서울특별시 광진구 능동로32길 139,37.55272,127.08575,기존_광진구통합본
CCTV,CCTV,서울특별시 광진구 천호대로122길 33,37.55209,127.08765,기존_광진구통합본
CCTV,CCTV,서울특별시 광진구 능동로30길 8,37.5541,127.07856,기존_광진구통합본
CCTV,CCTV,서울특별시 광진구 능동로24길 23,37.55199,127.07818,기존_광진구통합본
CCTV,CCTV,서울특별시 광진구 능동로32길 12,37.55523,127.07916,기존_광진구통합본
CCTV,CCTV,서울특별시 광진구 능동로30길 38,37.55321,127.07942,기존_광진구통합본
CCTV,CCTV,서울특별시 광진구 능동로43길 37-16,37.56143,127.07937,기존_광진구통합본
CCTV,CCTV,서울특별시 광진구 천호대로125길 58,37.55706,127.08731,기존_광진구통합본
CCTV,CCTV,서울특별시 광진구 용마산로5길 40-22,37.55849,127.08544,기존_광진구통합본
CCTV,CCTV,서울특별시 광진구 능동로 386-16,37.56299,127.08316,기존_광진구통합본
CCTV,CCTV,서울특별시 광진구 용마산로21길 23,37.5637,127.08589,기존_광진구통합본
CCTV,CCTV,서울특별시 광진구 동일로74길 31,37.56674,127.07984,기존_광진구통합본
CCTV,CCTV,서울특별시 광진구 능동로51길 37-10,37.56609,127.08193,기존_광진구통합본
CCTV,CCTV,서울특별시 광진구 능동로51길 19-8,37.56597,127.08305,기존_광진구통합본
CCTV,CCTV,서울특별시 광진구 능동로51길 25-12,37.56569,127.08242,기존_광진구통합본
CCTV,CCTV,서울특별시 광진구 용마산로27길 28,37.56662,127.08543,기존_광진구통합본
CCTV,CCTV,서울특별시 광진구 용마산로8길 66,37.55946,127.09137,기존_광진구통합본
CCTV,CCTV,서울특별시 광진구 긴고랑로42길 3-28,37.55893,127.09438,기존_광진구통합본
CCTV,CCTV,서울특별시 광진구 용마산로36길 28-10,37.57042,127.08788,기존_광진구통합본
CCTV,CCTV,서울특별시 광진구 용마산로36길 22,37.57082,127.0875,기존_광진구통합본
CCTV,CCTV,서울특별시 광진구 긴고랑로47길 19,37.5619,127.09556,기존_광진구통합본
CCTV,CCTV,서울특별시 광진구 긴고랑로49길 27,37.56104,127.09502,기존_광진구통합본
CCTV,CCTV,서울특별시 광진구 긴고랑로42길 3-8,37.55871,127.0934,기존_광진구통합본
CCTV,CCTV,서울특별시 광진구 긴고랑로42길 3-15,37.55879,127.0941,기존_광진구통합본
CCTV,CCTV,서울특별시 광진구 동일로24길 80-5,37.54254,127.06935,기존_광진구통합본
CCTV,CCTV,서울특별시 광진구 광나루로30다길 30,37.54285,127.08303,기존_광진구통합본
CCTV,CCTV,서울특별시 광진구 천호대로136길 43,37.5478,127.09027,기존_광진구통합본
CCTV,CCTV,서울특별시 광진구 천호대로136길 13,37.54879,127.09141,기존_광진구통합본
CCTV,CCTV,서울특별시 광진구 천호대로136길 64,37.54719,127.08952,기존_광진구통합본
CCTV,CCTV,서울특별시 광진구 아차산로42길 16,37.53693,127.07894,기존_광진구통합본
CCTV,CCTV,서울특별시 광진구 용마산로5길 40,37.55752,127.08559,기존_광진구통합본
CCTV,CCTV,서울특별시 광진구 동일로74길 15,37.56701,127.07892,기존_광진구통합본
CCTV,CCTV,서울특별시 광진구 천호대로 548,37.55704,127.07914,기존_광진구통합본
CCTV,CCTV,서울특별시 광진구 천호대로 661,37.55215,127.0899,기존_광진구통합본
CCTV,CCTV,서울특별시 광진구 자양로3길 7,37.53086,127.08643,기존_광진구통합본
CCTV,CCTV,서울특별시 광진구 능동로 10,37.53214,127.06722,기존_광진구통합본
CCTV,CCTV,서울특별시 광진구 능동로 110,37.54006,127.07096,기존_광진구통합본
CCTV,CCTV,서울특별시 광진구 아차산로 383,37.53714,127.08541,기존_광진구통합본
CCTV,CCTV,서울특별시 광진구 광나루로 377-2,37.54784,127.07433,기존_광진구통합본
CCTV,CCTV,서울특별시 광진구 천호대로 549,37.55741,127.07946,기존_광진구통합본
CCTV,CCTV,서울특별시 광진구 능동로 419,37.56643,127.08435,기존_광진구통합본
CCTV,CCTV,서울특별시 광진구 동일로 419,37.56832,127.07829,기존_광진구통합본
CCTV,CCTV,서울특별시 광진구 동일로 403,37.56659,127.07726,기존_광진구통합본
CCTV,CCTV,서울특별시 광진구 중곡3동 485-7,37.56727,127.07705,기존_광진구통합본
CCTV,CCTV,서울특별시 광진구 아차산로 397,37.53745,127.08674,기존_광진구통합본
CCTV,CCTV,서울특별시 광진구 아차산로 236,37.54018,127.06944,기존_광진구통합본
CCTV,CCTV,서울특별시 광진구 광나루로 389,37.54753,127.07397,기존_광진구통합본
CCTV,CCTV,서울특별시 광진구 아차산로 370,37.53645,127.08385,기존_광진구통합본
CCTV,CCTV,서울특별시 광진구 능동로 120-1,37.53974,127.07188,기존_광진구통합본
CCTV,CCTV,서울특별시 광진구 능동로 90,37.53899,127.07045,기존_광진구통합본
CCTV,CCTV,서울특별시 광진구 자양4동 72-1,37.53192,127.06629,기존_광진구통합본
CCTV,CCTV,서울특별시 광진구 천호대로 556,37.55688,127.07959,기존_광진구통합본
CCTV,CCTV,서울특별시 광진구 강변역로 53,37.53586,127.09434,기존_광진구통합본
CCTV,CCTV,서울특별시 광진구 화양동 4-14,37.54098,127.07155,기존_광진구통합본
CCTV,CCTV,서울특별시 광진구 광나루로56길 85,37.53587,127.09525,기존_광진구통합본
CCTV,CCTV,서울특별시 광진구 아차산로 563,37.54378,127.10308,기존_광진구통합본
CCTV,CCTV,서울특별시 광진구  능동로 90,37.5392,127.07035,기존_광진구통합본
CCTV,CCTV,서울특별시 광진구 아차산로 361,37.53672,127.08335,기존_광진구통합본
CCTV,CCTV,서울특별시 광진구 자양로 117,37.53834,127.08327,기존_광진구통합본
CCTV,CCTV,서울특별시 광진구 광장동 401-33,37.54642,127.1014,기존_광진구통합본
CCTV,CCTV,서울특별시 광진구 중곡동 30-51,37.56596,127.08454,기존_광진구통합본
CCTV,CCTV,서울특별시 광진구 아차산로 355,37.53702,127.08216,기존_광진구통합본
CCTV,CCTV,서울특별시 광진구 자양로 59-2,37.53298,127.08483,기존_광진구통합본
CCTV,CCTV,서울특별시 광진구 뚝섬로46길 64,37.5304,127.07492,기존_광진구통합본
CCTV,CCTV,서울특별시 광진구 능동로 172,37.54603,127.0737,기존_광진구통합본
CCTV,CCTV,서울특별시 광진구 능동로 295-2,37.55631,127.0788,기존_광진구통합본
CCTV,CCTV,서울특별시 광진구 면목로 98,37.56243,127.07947,기존_광진구통합본
CCTV,CCTV,서울특별시 광진구 광장로1길 27 (광장동),37.54795,127.10103,기존_광진구통합본
CCTV,CCTV,서울특별시 광진구 아차산로70길 62 (광장동),37.5416,127.10094,기존_광진구통합본
CCTV,CCTV,서울특별시 광진구 아차산로70길 35 (광장동),37.54205,127.10177,기존_광진구통합본
CCTV,CCTV,"서울특별시 광진구 아차산로 503-23 (광장동, 청구아파트)",37.54345,127.09653,기존_광진구통합본
CCTV,CCTV,"서울특별시 광진구 아차산로 503-23 (광장동 ), 워커힐로 13 건너편",37.5433,127.09551,기존_광진구통합본
CCTV,CCTV,서울특별시 광진구 아차산로73길 48 (광장동),37.54683,127.10224,기존_광진구통합본
CCTV,CCTV,서울특별시 광진구 광장로3길 19 (광장동),37.54788,127.10277,기존_광진구통합본
CCTV,CCTV,서울특별시 광진구 아차산로69길 29 (광장동),37.54399,127.09728,기존_광진구통합본
CCTV,CCTV,서울특별시 광진구 아차산로 511 (광장동),37.54215,127.09821,기존_광진구통합본
CCTV,CCTV,"서울특별시 광진구 아차산로70길 61 (광장동), 아차산로70길 17-62 광남중",37.54018,127.10219,기존_광진구통합본
CCTV,CCTV,"서울특별시 광진구 아차산로70길 61 (광장동, 광장현대아파트)",37.54063,127.1,기존_광진구통합본
CCTV,CCTV,서울특별시 광진구 광나루로38길 73 (구의동),37.54174,127.08724,기존_광진구통합본
CCTV,CCTV,서울특별시 광진구 광나루로30다길 3 (구의동),37.5434,127.0815,기존_광진구통합본
CCTV,CCTV,서울특별시 광진구 자양로23가길 16 (구의동),37.54212,127.08166,기존_광진구통합본
CCTV,CCTV,서울특별시 광진구 자양로23길 21 (구의동),37.54171,127.08243,기존_광진구통합본
CCTV,CCTV,서울특별시 광진구 영화사로 105 (구의동),37.55396,127.09782,기존_광진구통합본
CCTV,CCTV,서울특별시 광진구 워커힐로 93 (구의동),37.55029,127.09654,기존_광진구통합본
CCTV,CCTV,서울특별시 광진구 천호대로130길 26 (구의동),37.55067,127.08879,기존_광진구통합본
CCTV,CCTV,서울특별시 광진구 자양로 247 (구의동),37.54865,127.089,기존_광진구통합본
CCTV,CCTV,서울특별시 광진구 영화사로 77-1 (구의동),37.55471,127.0947,기존_광진구통합본
CCTV,CCTV,서울특별시 광진구 영화사로 98-1 (구의동),37.55441,127.09686,기존_광진구통합본
CCTV,CCTV,"서울특별시 광진구 자양로50길 53 (구의동, 남광하이츠빌라)",37.55267,127.09534,기존_광진구통합본
CCTV,CCTV,"서울특별시 광진구 자양로50길 79 (구의동, 유진아트빌라)",37.55291,127.09677,기존_광진구통합본
CCTV,CCTV,서울특별시 광진구 자양로52길 21-19 (구의동),37.55354,127.09498,기존_광진구통합본
CCTV,CCTV,서울특별시 광진구 자양로52길 3-9 (구의동),37.5537,127.09394,기존_광진구통합본
CCTV,CCTV,서울특별시 광진구 자양로50길 13 (구의동),37.55215,127.09313,기존_광진구통합본
CCTV,CCTV,서울특별시 광진구 구의2동 613-38,37.54902,127.08716,기존_광진구통합본
CCTV,CCTV,서울특별시 광진구 구의강변로3길 19 (구의동),37.53604,127.09105,기존_광진구통합본
CCTV,CCTV,"서울특별시 광진구 구의강변로 84 (구의동, 세양아파트)",37.53708,127.0938,기존_광진구통합본
CCTV,CCTV,서울특별시 광진구 구의강변로 86 세양아파트 입구,37.53805,127.09368,기존_광진구통합본
CCTV,CCTV,서울특별시 광진구 구의3동 215-10 교통섬,37.53722,127.0934,기존_광진구통합본
CCTV,CCTV,서울특별시 광진구 광나루로44길 32 (구의동),37.54273,127.09124,기존_광진구통합본
CCTV,CCTV,서울특별시 광진구 아차산로 426 (구의동),37.53792,127.08953,기존_광진구통합본
CCTV,CCTV,서울특별시 광진구 강변역로2길 18 (구의동),37.5373,127.09119,기존_광진구통합본
CCTV,CCTV,"서울특별시 광진구 구의강변로3가길 24 (구의동, 동서울빌라)",37.53666,127.09179,기존_광진구통합본
CCTV,CCTV,서울특별시 광진구 구의강변로 69 구남초교 정문 앞,37.53711,127.09293,기존_광진구통합본
CCTV,CCTV,서울특별시 광진구 구의강변로 35 (구의동),37.53398,127.09151,기존_광진구통합본
CCTV,CCTV,서울특별시 광진구 광나루로56길 5 (구의동),37.53881,127.09805,기존_광진구통합본
CCTV,CCTV,서울특별시 광진구 영화사로 111 (구의동),37.55349,127.09944,기존_광진구통합본
CCTV,CCTV,서울특별시 광진구 구의로4길 15 (구의동),37.5401,127.09062,기존_광진구통합본
CCTV,CCTV,서울특별시 광진구 광나루로 532 (구의동),37.54483,127.08837,기존_광진구통합본
CCTV,CCTV,서울특별시 광진구 아차산로 435 강변SK뷰 교통섬,37.53822,127.09068,기존_광진구통합본
CCTV,CCTV,"서울특별시 광진구 영화사로 87-1 (구의동, 동성주택)",37.55491,127.09584,기존_광진구통합본
CCTV,CCTV,서울특별시 광진구 천호대로134길 2 (구의동),37.54921,127.09081,기존_광진구통합본
CCTV,CCTV,서울특별시 광진구 능동로 209 (군자동),37.5529,127.07235,기존_광진구통합본
CCTV,CCTV,서울특별시 광진구 면목로 20 (군자동),37.55585,127.07581,기존_광진구통합본
CCTV,CCTV,서울특별시 광진구 군자로12길 45 (군자동),37.55221,127.07252,기존_광진구통합본
CCTV,CCTV,"서울특별시 광진구 동일로52길 10 (군자동, 파인하우스)",37.55474,127.07157,기존_광진구통합본
CCTV,CCTV,서울특별시 광진구 군자로 127 세종대 기숙사 코너,37.55368,127.07347,기존_광진구통합본
CCTV,CCTV,서울특별시 광진구 동일로 222 (군자동),37.55162,127.06948,기존_광진구통합본
CCTV,CCTV,서울특별시 광진구 군자로 70 화양슈퍼 코너,37.54971,127.07093,기존_광진구통합본
CCTV,CCTV,서울특별시 광진구 군자로 74 (군자동),37.55105,127.07162,기존_광진구통합본
CCTV,CCTV,서울특별시 광진구 천호대로102길 36 (군자동),37.55754,127.07347,기존_광진구통합본
CCTV,CCTV,서울특별시 광진구 천호대로 664 (능동),37.54943,127.08758,기존_광진구통합본
CCTV,CCTV,서울특별시 광진구 천호대로114길 25 (능동),37.55458,127.08241,기존_광진구통합본
CCTV,CCTV,서울특별시 광진구 자양로23길 7 (자양동),37.54132,127.08317,기존_광진구통합본
CCTV,CCTV,서울특별시 광진구 아차산로 344 (자양동),37.53709,127.08071,기존_광진구통합본
CCTV,CCTV,서울특별시 광진구 아차산로44길 36 (자양동),37.53645,127.07894,기존_광진구통합본
CCTV,CCTV,서울특별시 광진구 자양로 61,37.53325,127.08471,기존_광진구통합본
CCTV,CCTV,서울특별시 광진구 자양번영로 32,37.53259,127.07558,기존_광진구통합본
CCTV,CCTV,서울특별시 광진구 자양번영로6길 20 (자양동),37.53226,127.07681,기존_광진구통합본
CCTV,CCTV,"서울특별시 광진구 자양로6길 40 (자양동, 대양샤인빌)",37.53241,127.08897,기존_광진구통합본
CCTV,CCTV,"서울특별시 광진구 자양강변길 297 (자양동, 신호빌라트)",37.5298,127.07477,기존_광진구통합본
CCTV,CCTV,서울특별시 광진구 자양번영로4길 42-22 (자양동),37.53011,127.07731,기존_광진구통합본
CCTV,CCTV,서울특별시 광진구 뚝섬로 656 성자초교앞 사거리,37.53144,127.08258,기존_광진구통합본
CCTV,CCTV,서울특별시 광진구 뚝섬로58길 13 노인보호센터 앞,37.53134,127.08443,기존_광진구통합본
CCTV,CCTV,서울특별시 광진구 자양로5길 33 (자양동,37.53112,127.08394,기존_광진구통합본
CCTV,CCTV,서울특별시 광진구 자양로5길 33 (자양동,37.53061,127.08386,기존_광진구통합본
CCTV,CCTV,서울특별시 광진구 자양로6길 8 (자양동),37.53198,127.08639,기존_광진구통합본
CCTV,CCTV,"서울특별시 광진구 뚝섬로62길 33-8 (자양동, 목화맨션)",37.53183,127.0884,기존_광진구통합본
CCTV,CCTV,서울특별시 광진구 자양로4길 63,37.53352,127.09021,기존_광진구통합본
CCTV,CCTV,서울특별시 광진구 뚝섬로40길 12 (자양동),37.53355,127.07302,기존_광진구통합본
CCTV,CCTV,서울특별시 광진구 능동로 42 (자양동),37.53453,127.0683,기존_광진구통합본
CCTV,CCTV,서울특별시 광진구 뚝섬로 585 (자양동),37.53355,127.07487,기존_광진구통합본
CCTV,CCTV,서울특별시 광진구 뚝섬로35길 16-20 (자양동),37.53531,127.07138,기존_광진구통합본
CCTV,CCTV,서울특별시 광진구 뚝섬로 561 (자양동),37.53451,127.07179,기존_광진구통합본
CCTV,CCTV,서울특별시 광진구 능동로4길 88 (자양동),37.53085,127.07147,기존_광진구통합본
CCTV,CCTV,서울특별시 광진구 능동로 42 신양초교 후문입구,37.53481,127.07009,기존_광진구통합본
CCTV,CCTV,서울특별시 광진구 동일로4길 51 (자양동),37.53596,127.06357,기존_광진구통합본
CCTV,CCTV,서울특별시 광진구 동일로4가길 2 (자양동),37.53625,127.06223,기존_광진구통합본
CCTV,CCTV,서울특별시 광진구 뚝섬로 476 (자양동),37.53666,127.06322,기존_광진구통합본
CCTV,CCTV,서울특별시 광진구 뚝섬로23길 44 (자양동),37.53715,127.06589,기존_광진구통합본
CCTV,CCTV,서울특별시 광진구 능동로5길 17 (자양동),37.53681,127.06675,기존_광진구통합본
CCTV,CCTV,서울특별시 광진구 뚝섬로64길 71 (자양동),37.53025,127.08919,기존_광진구통합본
CCTV,CCTV,서울특별시 광진구 뚝섬로46길 74 (자양동),37.52937,127.07592,기존_광진구통합본
CCTV,CCTV,서울특별시 광진구 아차산로 326 (자양동),37.53748,127.0792,기존_광진구통합본
CCTV,CCTV,서울특별시 광진구 자양로 43 (자양동),37.53191,127.08563,기존_광진구통합본
CCTV,CCTV,서울특별시 광진구 긴고랑로13길 10 (중곡동),37.56313,127.08198,기존_광진구통합본
CCTV,CCTV,서울특별시 광진구 긴고랑로 51 (중곡동),37.5626,127.08206,기존_광진구통합본
CCTV,CCTV,서울특별시 광진구 능동로49길 9 (중곡동),37.56445,127.08273,기존_광진구통합본
CCTV,CCTV,서울특별시 광진구 동일로72길 34 (중곡동),37.56564,127.07955,기존_광진구통합본
CCTV,CCTV,서울특별시 광진구 긴고랑로22길 29,37.55984,127.08381,기존_광진구통합본
CCTV,CCTV,서울특별시 광진구 천호대로113길 50-4 (중곡동),37.55926,127.08417,기존_광진구통합본
CCTV,CCTV,서울특별시 광진구 용마산로 111 (중곡동),37.56347,127.0868,기존_광진구통합본
CCTV,CCTV,서울특별시 광진구 용마산로5길 27 (중곡동),37.55759,127.08654,기존_광진구통합본
CCTV,CCTV,서울특별시 광진구 용마산로 47 (중곡동),37.55783,127.08777,기존_광진구통합본
CCTV,CCTV,서울특별시 광진구 용마산로1길 65 (중곡동),37.55595,127.08486,기존_광진구통합본
CCTV,CCTV,서울특별시 광진구 용마산로3길 57 (중곡동),37.55645,127.08508,기존_광진구통합본
CCTV,CCTV,서울특별시 광진구 용마산로3길 57 (중곡동),37.55867,127.08383,기존_광진구통합본
CCTV,CCTV,서울특별시 광진구 용마산로3길 57 (중곡동),37.55777,127.08332,기존_광진구통합본
CCTV,CCTV,서울특별시 광진구 천호대로111길 41 (중곡동),37.5581,127.08281,기존_광진구통합본
CCTV,CCTV,서울특별시 광진구 동일로80길 13 (중곡동),37.5704,127.08059,기존_광진구통합본
CCTV,CCTV,"서울특별시 광진구 능동로53길 13 (중곡동, 정인주택)",37.56658,127.08385,기존_광진구통합본
CCTV,CCTV,서울특별시 광진구 동일로80길 24 (중곡동),37.5702,127.08117,기존_광진구통합본
CCTV,CCTV,서울특별시 광진구 동일로72길 23-5 (중곡동),37.56604,127.07916,기존_광진구통합본
CCTV,CCTV,"서울특별시 광진구 동일로72길 17 (중곡동, 중곡아파트)",37.56606,127.07838,기존_광진구통합본
CCTV,CCTV,"서울특별시 광진구 긴고랑로7길 60 (중곡동, 주원그린빌)",37.56604,127.0805,기존_광진구통합본
CCTV,CCTV,서울특별시 광진구 동일로 399 (중곡동),37.56635,127.07749,기존_광진구통합본
CCTV,CCTV,서울특별시 광진구 답십리로78길 11 (중곡동),37.57107,127.08138,기존_광진구통합본
CCTV,CCTV,서울특별시 광진구 동일로 462 (중곡동),37.57162,127.08024,기존_광진구통합본
CCTV,CCTV,서울특별시 광진구 동일로 452-1 (중곡동),37.57057,127.07999,기존_광진구통합본
CCTV,CCTV,서울특별시 광진구 용마산로 191 (중곡동),37.57086,127.08603,기존_광진구통합본
CCTV,CCTV,서울특별시 광진구 긴고랑로 136 (중곡동),37.55909,127.09011,기존_광진구통합본
CCTV,CCTV,서울특별시 광진구 용마산로8가길 80 (중곡동),37.56227,127.0885,기존_광진구통합본
CCTV,CCTV,서울특별시 광진구 용마산로28길 62 (중곡동),37.5671,127.08966,기존_광진구통합본
CCTV,CCTV,서울특별시 광진구 용마산로22길 76 (중곡동),37.56539,127.08844,기존_광진구통합본
CCTV,CCTV,서울특별시 광진구 용마산로 128 (중곡동) 원방빌딩,37.56523,127.087,기존_광진구통합본
CCTV,CCTV,서울특별시 광진구 용마산로22길 24 (중곡동),37.56372,127.08848,기존_광진구통합본
CCTV,CCTV,서울특별시 광진구 용마산로30길 17 (중곡동),37.56876,127.08682,기존_광진구통합본
CCTV,CCTV,서울특별시 광진구 긴고랑로 152 (중곡동),37.55865,127.09167,기존_광진구통합본
CCTV,CCTV,서울특별시 광진구 용마산로6길 13 (중곡동),37.55744,127.08874,기존_광진구통합본
CCTV,CCTV,서울특별시 광진구 동일로80길 34 (중곡동),37.57008,127.08177,기존_광진구통합본
CCTV,CCTV,서울특별시 광진구 용마산로28길 43 (중곡동),37.56741,127.0886,기존_광진구통합본
CCTV,CCTV,서울특별시 광진구 아차산로21길 47 (화양동),37.54403,127.0659,기존_광진구통합본
CCTV,CCTV,서울특별시 광진구 군자로 18 (화양동),37.54501,127.07124,기존_광진구통합본
CCTV,CCTV,서울특별시 광진구 광나루로30길 49 (화양동),37.54311,127.08135,기존_광진구통합본
CCTV,CCTV,서울특별시 광진구 능동로13길 15 (화양동),37.54284,127.07099,기존_광진구통합본
CCTV,CCTV,서울특별시 광진구 군자로 27 (화양동),37.54567,127.07065,기존_광진구통합본
CCTV,CCTV,서울특별시 광진구 광나루로 448 (화양동),37.54539,127.07905,기존_광진구통합본
CCTV,CCTV,서울특별시 광진구 능동로 145 (화양동),37.54362,127.07222,기존_광진구통합본
CCTV,CCTV,서울특별시 광진구 아차산로21길 15 (화양동),37.54356,127.06563,기존_광진구통합본
CCTV,CCTV,서울특별시 광진구 아차산로 191 (화양동),37.54248,127.06512,기존_광진구통합본
CCTV,CCTV,서울특별시 광진구 자양로40길 53 (구의동),37.54685,127.09174,기존_광진구통합본
CCTV,CCTV,서울특별시 광진구 뚝섬로 52길,37.53181,127.08409,기존_광진구통합본
CCTV,CCTV,서울특별시 광진구 아차산로58길 47 (구의동),37.53569,127.08928,기존_광진구통합본
CCTV,CCTV,서울특별시 광진구 뚝섬로 741 (구의동),37.53442,127.09112,기존_광진구통합본
CCTV,CCTV,서울특별시 광진구 아차산로 44가길 5,37.53629,127.0797,기존_광진구통합본
CCTV,CCTV,서울특별시 광진구 자양로 219,37.54691,127.08703,기존_광진구통합본
CCTV,CCTV,서울특별시 광진구 자양로23길 79,37.54379,127.08379,기존_광진구통합본
CCTV,CCTV,서울특별시 광진구 자양로23길 79,37.53037,127.0905,기존_광진구통합본
CCTV,CCTV,서울특별시 광진구 자양로43길 115,37.55547,127.08903,기존_광진구통합본
CCTV,CCTV,서울특별시 광진구 자양로41길 20,37.54998,127.08957,기존_광진구통합본
CCTV,CCTV,서울특별시 광진구 광나루로15길 23,37.54908,127.06954,기존_광진구통합본
CCTV,CCTV,서울특별시 광진구 군자로 142,37.55421,127.07517,기존_광진구통합본
CCTV,CCTV,서울특별시 광진구 구의강변로 96,37.5391,127.09406,기존_광진구통합본
CCTV,CCTV,서울특별시 광진구 아차산로73길 7-4 (광장동),37.54582,127.10427,기존_광진구통합본
CCTV,CCTV,서울특별시 광진구 광장로1길 23 (광장동),37.54795,127.10205,기존_광진구통합본
CCTV,CCTV,서울특별시 광진구 자양로32길 14 (구의동),37.54433,127.0859,기존_광진구통합본
CCTV,CCTV,"서울특별시 광진구 자양로26길 59 (구의동, 한일익스프레스)",37.54101,127.08723,기존_광진구통합본
CCTV,CCTV,서울특별시 광진구 아차산로51길 86-12 (구의동),37.54124,127.08565,기존_광진구통합본
CCTV,CCTV,"서울특별시 광진구 광나루로38길 74 (구의동, 삼영)",37.5416,127.08715,기존_광진구통합본
CCTV,CCTV,서울특별시 광진구 아차산로49길 89 (구의동),37.54092,127.08447,기존_광진구통합본
CCTV,CCTV,"서울특별시 광진구 아차산로55길 23 (구의동, 신일아트빌라)",37.53835,127.08643,기존_광진구통합본
CCTV,CCTV,서울특별시 광진구 광나루로52길 94 (구의동),37.53928,127.09104,기존_광진구통합본
CCTV,CCTV,서울특별시 광진구 강변역로 17 (구의동),37.5381,127.09204,기존_광진구통합본
CCTV,CCTV,서울특별시 광진구 동일로58길 20 (군자동),37.55718,127.07382,기존_광진구통합본
CCTV,CCTV,서울특별시 광진구 군자로 129-5 (군자동),37.55389,127.07373,기존_광진구통합본
CCTV,CCTV,서울특별시 광진구 천호대로102길 55 (군자동),37.55679,127.07303,기존_광진구통합본
CCTV,CCTV,서울특별시 광진구 긴고랑로13길 33 (중곡동),37.56406,127.0824,기존_광진구통합본
CCTV,CCTV,서울특별시 광진구 긴고랑로30길 16 (중곡동),37.55902,127.08688,기존_광진구통합본
CCTV,CCTV,서울특별시 광진구 아차산로63길 31,37.54087,127.09226,기존_광진구통합본
CCTV,CCTV,서울특별시 광진구 자양번영로8길 7 (자양동),37.53443,127.07644,기존_광진구통합본
CCTV,CCTV,서울특별시 광진구 뚝섬로57가길 38 (자양동),37.53201,127.08161,기존_광진구통합본
CCTV,CCTV,서울특별시 광진구 아차산로40길 49 (자양동),37.53554,127.07791,기존_광진구통합본
CCTV,CCTV,서울특별시 광진구 뚝섬로64길 45 (자양동),37.53239,127.08891,기존_광진구통합본
CCTV,CCTV,서울특별시 광진구 뚝섬로58길 90 (자양동),37.52903,127.08357,기존_광진구통합본
CCTV,CCTV,서울특별시 광진구 뚝섬로52라길 61-12 (자양동),37.52968,127.08182,기존_광진구통합본
CCTV,CCTV,서울특별시 광진구 뚝섬로58길 13 (자양동),37.53126,127.08429,기존_광진구통합본
CCTV,CCTV,서울특별시 광진구 용마산로30길 37 (중곡동),37.56877,127.08814,기존_광진구통합본
CCTV,CCTV,서울특별시 광진구 뚝섬로40길 14 (자양동),37.53339,127.07284,기존_광진구통합본
CCTV,CCTV,"서울특별시 광진구 뚝섬로35길 18 (자양동, 무지개빌라)",37.53558,127.07051,기존_광진구통합본
CCTV,CCTV,서울특별시 광진구 뚝섬로36가길 26 (자양동),37.53163,127.07187,기존_광진구통합본
CCTV,CCTV,서울특별시 광진구 뚝섬로27길 39 (자양동),37.53776,127.06596,기존_광진구통합본
CCTV,CCTV,서울특별시 광진구 아차산로32길 21 (자양동),37.53901,127.06816,기존_광진구통합본
CCTV,CCTV,서울특별시 광진구 동일로2길 2-8 (자양동),37.53488,127.06062,기존_광진구통합본
CCTV,CCTV,서울특별시 광진구 군자로13길 6 (군자동),37.55286,127.07163,기존_광진구통합본
CCTV,CCTV,서울특별시 광진구 뚝섬로30가길 18 (자양동),37.53514,127.06536,기존_광진구통합본
CCTV,CCTV,서울특별시 광진구 동일로4길 68-8 (자양동),37.53532,127.0647,기존_광진구통합본
CCTV,CCTV,서울특별시 광진구 능동로7길 14 (자양동),37.53699,127.06819,기존_광진구통합본
CCTV,CCTV,서울특별시 광진구 뚝섬로23길 48  (자양동),37.53727,127.06602,기존_광진구통합본
CCTV,CCTV,서울특별시 광진구 뚝섬로23길 8 (자양동),37.53743,127.06544,기존_광진구통합본
CCTV,CCTV,서울특별시 광진구 긴고랑로4길 5 (중곡동),37.56357,127.0776,기존_광진구통합본
CCTV,CCTV,서울특별시 광진구 용마산로28길 30 (중곡동),37.56764,127.08797,기존_광진구통합본
CCTV,CCTV,서울특별시 광진구 천호대로101길 11 (중곡동),37.55983,127.07462,기존_광진구통합본
CCTV,CCTV,"서울특별시 광진구 동일로66길 36 (중곡동, 건일)",37.56121,127.0771,기존_광진구통합본
CCTV,CCTV,서울특별시 광진구 면목로 63-2,37.5596,127.07778,기존_광진구통합본
CCTV,CCTV,서울특별시 광진구 용마산로 47 (중곡동),37.55774,127.08731,기존_광진구통합본
CCTV,CCTV,서울특별시 광진구 용마산로1길 69 (중곡동),37.55595,127.08476,기존_광진구통합본
CCTV,CCTV,서울특별시 광진구 긴고랑로2길 25 (중곡동 마을마당),37.56267,127.07681,기존_광진구통합본
CCTV,CCTV,서울특별시 광진구 용마산로1길 89 (중곡동),37.55632,127.0839,기존_광진구통합본
CCTV,CCTV,서울특별시 광진구 광진구천호대로120길16,37.55348,127.08655,기존_광진구통합본
CCTV,CCTV,서울특별시 광진구 능동로57길 30-5 (중곡동),37.56831,127.08396,기존_광진구통합본
CCTV,CCTV,서울특별시 광진구 동일로80길 12 (중곡동),37.57029,127.08056,기존_광진구통합본
CCTV,CCTV,서울특별시 광진구 동일로38길 17-5 (군자동),37.55152,127.07046,기존_광진구통합본
CCTV,CCTV,서울특별시 광진구 용마산로25길 22 (중곡동),37.56607,127.08569,기존_광진구통합본
CCTV,CCTV,서울특별시 광진구 면목로12길 37 (중곡동),37.56785,127.08383,기존_광진구통합본
CCTV,CCTV,서울특별시 광진구 광나루로40길 84 (구의동),37.54107,127.08867,기존_광진구통합본
CCTV,CCTV,서울특별시 광진구 천호대로127길 16 (중곡동),37.5536,127.08978,기존_광진구통합본
CCTV,CCTV,서울특별시 광진구 용마산로32길 33 (중곡동),37.56942,127.08813,기존_광진구통합본
CCTV,CCTV,서울특별시 광진구 자양로45길 103 (중곡동),37.55552,127.08984,기존_광진구통합본
CCTV,CCTV,서울특별시 광진구 자양로50길 48 (구의동),37.55256,127.09511,기존_광진구통합본
CCTV,CCTV,서울특별시 광진구 군자로 15 (화양동),37.54473,127.07138,기존_광진구통합본
CCTV,CCTV,서울특별시 광진구 능동로17길 53 (화양동),37.5469,127.07062,기존_광진구통합본
CCTV,CCTV,서울특별시 광진구 광진구아차산로21길 64-43 (화양동),37.54437,127.06714,기존_광진구통합본
CCTV,CCTV,서울특별시 광진구 아차산로23길 31 (화양동),37.54336,127.06655,기존_광진구통합본
CCTV,CCTV,서울특별시 광진구 광나루로20가길 14 (화양동),37.54521,127.07499,기존_광진구통합본
CCTV,CCTV,서울특별시 광진구 광나루로44길 44 (구의동),37.54238,127.09118,기존_광진구통합본
CCTV,CCTV,"서울특별시 광진구 아차산성, 구의지구쪽",37.55428,127.1034,기존_광진구통합본
CCTV,CCTV,"서울특별시 광진구 아차산 능선, 긴골지구쪽",37.56313,127.10078,기존_광진구통합본
CCTV,CCTV,"서울특별시 광진구 뻥튀기골, 길목",37.56823,127.0892,기존_광진구통합본
CCTV,CCTV,"서울특별시 광진구 아차산 능선, 긴골지구쪽",37.56849,127.10314,기존_광진구통합본
CCTV,CCTV,서울특별시 광진구 긴고랑계곡,37.56383,127.09632,기존_광진구통합본
CCTV,CCTV,서울특별시 광진구 아차산 해맞이공원 서쪽,37.55992,127.09899,기존_광진구통합본
CCTV,CCTV,서울특별시 광진구 아차산 해맞이공원 남동쪽,37.55823,127.10268,기존_광진구통합본
CCTV,CCTV,서울특별시 광진구 용마산로 127,37.56479,127.08457,기존_광진구통합본
CCTV,CCTV,서울특별시 광진구 능동로 90,37.53824,127.07089,기존_광진구통합본
CCTV,CCTV,서울특별시 광진구 광나루로56길 85,37.53584,127.09572,기존_광진구통합본
CCTV,CCTV,서울특별시 광진구 아차산로 612,37.54763,127.10684,기존_광진구통합본
CCTV,CCTV,서울특별시 광진구 아차산로 553 (광장동),37.54352,127.10243,기존_광진구통합본
CCTV,CCTV,서울특별시 광진구 천호대로 665-2,37.55185,127.08944,기존_광진구통합본
CCTV,CCTV,서울특별시 광진구 광나루로 529 (구의동),37.54512,127.08798,기존_광진구통합본
CCTV,CCTV,서울특별시 광진구 자양로 216 (구의동),37.54593,127.08628,기존_광진구통합본
CCTV,CCTV,서울특별시 광진구 강변역로 50 (구의동),37.53271,127.09312,기존_광진구통합본
CCTV,CCTV,서울특별시 광진구 강변역로4길 10 (구의동),37.53504,127.09313,기존_광진구통합본
CCTV,CCTV,서울특별시 광진구 광나루로56길 86 (구의동),37.53776,127.09638,기존_광진구통합본
CCTV,CCTV,서울특별시 광진구 강변역로 53 (구의동),37.53565,127.09455,기존_광진구통합본
CCTV,CCTV,서울특별시 광진구 강변역로 53 (구의동),37.53553,127.09431,기존_광진구통합본
CCTV,CCTV,서울특별시 광진구 강변역로4길 56 (구의동),37.53381,127.09229,기존_광진구통합본
CCTV,CCTV,서울특별시 광진구 구의동 611 (구의),37.53792,127.09699,기존_광진구통합본
CCTV,CCTV,서울특별시 광진구 구의강변로 45 (구의동),37.53472,127.09164,기존_광진구통합본
CCTV,CCTV,서울특별시 광진구 군자로 88 (군자동),37.55116,127.07119,기존_광진구통합본
CCTV,CCTV,서울특별시 광진구 능동로 295 (군자동),37.55592,127.07854,기존_광진구통합본
CCTV,CCTV,서울특별시 광진구 천호대로 512 (군자동),37.55856,127.07546,기존_광진구통합본
CCTV,CCTV,서울특별시 광진구 능동로 216 (능동),37.5491,127.07545,기존_광진구통합본
CCTV,CCTV,서울특별시 광진구 천호대로 616 (능동),37.55457,127.08569,기존_광진구통합본
CCTV,CCTV,서울특별시 광진구 능동로 248 (능동),37.5524,127.07715,기존_광진구통합본
CCTV,CCTV,서울특별시 광진구 능동로 209(군자동),37.55065,127.076,기존_광진구통합본
CCTV,CCTV,서울특별시 광진구 뚝섬로 626 (자양동),37.53215,127.07903,기존_광진구통합본
CCTV,CCTV,서울특별시 광진구 아차산로 218 (자양동),37.54091,127.06739,기존_광진구통합본
CCTV,CCTV,서울특별시 광진구 뚝섬로 472 (자양동),37.5366,127.06336,기존_광진구통합본
CCTV,CCTV,서울특별시 광진구 능동로 385 (중곡동),37.56359,127.08285,기존_광진구통합본
CCTV,CCTV,서울특별시 광진구 긴고랑로 18 (중곡동),37.56363,127.07825,기존_광진구통합본
CCTV,CCTV,서울특별시 광진구 동일로 341 (중곡동),37.5615,127.07475,기존_광진구통합본
CCTV,CCTV,서울특별시 광진구 능동로 324-1 (중곡동),37.55859,127.08044,기존_광진구통합본
CCTV,CCTV,서울특별시 광진구 용마산로 44 (중곡동),37.5577,127.08805,기존_광진구통합본
CCTV,CCTV,서울특별시 광진구 천호대로 655 (중곡동),37.55252,127.08969,기존_광진구통합본
CCTV,CCTV,서울특별시 광진구 아차산로 219,37.54111,127.06778,기존_광진구통합본
CCTV,CCTV,서울특별시 광진구 능동로 110 (화양동),37.54096,127.07128,기존_광진구통합본
CCTV,CCTV,서울특별시 광진구 능동로 125 (화양동),37.54204,127.07143,기존_광진구통합본
CCTV,CCTV,서울특별시 광진구 능동로 109 (화양동),37.54086,127.07091,기존_광진구통합본
CCTV,CCTV,서울특별시 광진구 면목로 127,37.56502,127.08069,기존_광진구통합본
CCTV,CCTV,서울특별시 광진구 뚝섬로 666,37.53163,127.0835,기존_광진구통합본
CCTV,CCTV,서울특별시 광진구 자양로 45 (자양동),37.53205,127.08547,기존_광진구통합본
CCTV,CCTV,서울특별시 광진구 능동로 433 (중곡동),37.56755,127.08499,기존_광진구통합본
CCTV,CCTV,서울특별시 광진구 아차산로 537-17 (광장동),37.54226,127.09959,기존_광진구통합본
CCTV,CCTV,서울특별시 광진구 자양로 185,37.54417,127.08478,기존_광진구통합본
CCTV,CCTV,서울특별시 광진구 자양로 116,37.53794,127.08352,기존_광진구통합본
CCTV,CCTV,서울특별시 광진구 영화사로 97,37.55464,127.0967,기존_광진구통합본
CCTV,CCTV,서울특별시 광진구 광나루로 375-1,37.54803,127.0718,기존_광진구통합본
CCTV,CCTV,서울특별시 광진구 자양로 81,37.53525,127.08387,기존_광진구통합본
CCTV,CCTV,서울특별시 광진구 용마산로 134,37.56503,127.08656,기존_광진구통합본
CCTV,CCTV,서울특별시 광진구 뚝섬로31길51,37.53761,127.06853,기존_광진구통합본
CCTV,CCTV,서울특별시 광진구 능동로69,37.53716,127.06922,기존_광진구통합본
CCTV,CCTV,서울특별시 광진구 광나루로30길,37.54374,127.08169,기존_광진구통합본
CCTV,CCTV,서울특별시 광진구 능동로 81,37.53792,127.06952,기존_광진구통합본
CCTV,CCTV,서울특별시 광진구 광나루로619,37.54106,127.09613,기존_광진구통합본
CCTV,CCTV,서울특별시 광진구 면목로178,37.56889,127.08302,기존_광진구통합본
CCTV,CCTV,서울특별시 광진구 아차산로 343,37.53731,127.08117,기존_광진구통합본
CCTV,CCTV,서울특별시 광진구 천호대로 113길 7,37.55762,127.0833,기존_광진구통합본
CCTV,CCTV,서울특별시 광진구 뚝섬로 558,37.53427,127.07162,기존_광진구통합본
CCTV,CCTV,서울특별시 광진구 능동로 87,37.53916,127.06937,기존_광진구통합본
CCTV,CCTV,서울특별시 광진구 영화사로 111,37.55284,127.09923,기존_광진구통합본
CCTV,CCTV,서울특별시 광진구 능동로 368,37.56222,127.08211,기존_광진구통합본
CCTV,CCTV,서울특별시 광진구 뚝섬로 467,37.53907,127.06237,기존_광진구통합본
CCTV,CCTV,서울특별시 광진구 구의강변로 69 구남초교 정문 앞,37.53666,127.0927,기존_광진구통합본
CCTV,CCTV,서울특별시 광진구 천호대로 541,37.55772,127.07862,기존_광진구통합본
CCTV,CCTV,서울특별시 광진구 자양2동 680-63,37.53497,127.08764,기존_광진구통합본
CCTV,CCTV,서울특별시 광진구 자양2동 680-63,37.53604,127.08927,기존_광진구통합본
CCTV,CCTV,서울특별시 광진구 자양2동 680-63,37.53402,127.08998,기존_광진구통합본
CCTV,CCTV,서울특별시 광진구 자양4동 41-9,37.5378,127.06193,기존_광진구통합본
CCTV,CCTV,서울특별시 광진구 구의강변로 11,37.5326,127.09163,기존_광진구통합본
CCTV,CCTV,서울특별시 광진구 뚝섬로46길 64 (자양동),37.5303,127.07621,기존_광진구통합본
CCTV,CCTV,서울특별시 광진구 천호대로140길 40 (광장동),37.54428,127.10024,기존_광진구통합본
CCTV,CCTV,서울특별시 광진구 뚝섬로 41길 33,37.53493,127.07531,기존_광진구통합본
CCTV,CCTV,서울특별시 광진구 긴고랑로13길 69 (중곡동),37.56547,127.08318,기존_광진구통합본
CCTV,CCTV,서울특별시 광진구 긴고랑로9길 40 (중곡동),37.56531,127.08172,기존_광진구통합본
CCTV,CCTV,서울특별시 광진구 자양로38길 55 (구의동),37.54674,127.09055,기존_광진구통합본
CCTV,CCTV,서울특별시 광진구 아차산로70길 17-21,37.54106,127.1033,기존_광진구통합본
CCTV,CCTV,서울특별시 광진구 광나루로40길 80-4 (구의동),37.54129,127.08875,기존_광진구통합본
CCTV,CCTV,서울특별시 광진구 광나루로30나길 17 (구의동),37.54358,127.08268,기존_광진구통합본
CCTV,CCTV,서울특별시 광진구 구의로16길 68 (구의동),37.54235,127.09358,기존_광진구통합본
CCTV,CCTV,서울특별시 광진구 능동로32길 67 (능동),37.55414,127.08212,기존_광진구통합본
CCTV,CCTV,서울특별시 광진구 자양로9길 32 (자양동),37.5336,127.08278,기존_광진구통합본
CCTV,CCTV,서울특별시 광진구 자양번영로6길 67 (자양동),37.53159,127.07932,기존_광진구통합본
CCTV,CCTV,서울특별시 광진구 능동로4길 51 (자양동),37.53218,127.0701,기존_광진구통합본
CCTV,CCTV,서울특별시 광진구 긴고랑로4길 30 (중곡동) 도로명 주소 X,37.5625,127.07705,기존_광진구통합본
CCTV,CCTV,서울특별시 광진구 면목로 53 (중곡동),37.55889,127.0773,기존_광진구통합본
CCTV,CCTV,서울특별시 광진구 천호대로109길 13 (중곡동),37.5575,127.08104,기존_광진구통합본
CCTV,CCTV,서울특별시 광진구 능동로51길 37-1 (중곡동),37.56647,127.08204,기존_광진구통합본
CCTV,CCTV,서울특별시 광진구 광나루로 18길 21 (화양동),37.54675,127.07203,기존_광진구통합본
CCTV,CCTV,서울특별시 광진구 아차산로 384-1,37.5377,127.0879,기존_광진구통합본
CCTV,CCTV,서울특별시 광진구 자양로39길 19 (구의동),37.54917,127.08833,기존_광진구통합본
CCTV,CCTV,서울특별시 광진구 광나루로56길 34 (구의동),37.53921,127.09525,기존_광진구통합본
CCTV,CCTV,서울특별시 광진구 능동로 32길 145,37.5525,127.086,기존_광진구통합본
CCTV,CCTV,서울특별시 광진구 뚝섬로52길 74 (자양동),37.52986,127.07848,기존_광진구통합본
CCTV,CCTV,서울특별시 광진구 뚝섬로56길 7 (자양동),37.53089,127.08265,기존_광진구통합본
CCTV,CCTV,서울특별시 광진구 능동로 42 (자양동),37.53522,127.06863,기존_광진구통합본
CCTV,CCTV,서울특별시 광진구 용마산로3길 104 (중곡동),37.5575,127.08256,기존_광진구통합본
CCTV,CCTV,서울특별시 광진구 천호대로113길 10,37.55807,127.08509,기존_광진구통합본
CCTV,CCTV,서울특별시 광진구 동일로72길 43 (중곡동),37.56544,127.08013,기존_광진구통합본
CCTV,CCTV,"서울특별시 광진구 용마산로22길 19-34 (중곡동, 삼보드림빌)",37.56533,127.08794,기존_광진구통합본
CCTV,CCTV,서울특별시 광진구 뚝섬로 561,37.5361,127.07356,기존_광진구통합본
CCTV,CCTV,"서울특별시 광진구 자양로42길 53 (구의동, 광진로얄빌라)",37.5482,127.09302,기존_광진구통합본
CCTV,CCTV,서울특별시 광진구 능동로6길 16 학교 정문 앞,37.53434,127.06896,기존_광진구통합본
CCTV,CCTV,서울특별시 광진구 자양번영로 12 (자양동),37.53057,127.07501,기존_광진구통합본
CCTV,CCTV,서울특별시 광진구 군자로 70 두산위브 앞,37.54883,127.07078,기존_광진구통합본
CCTV,CCTV,서울특별시 광진구 아차산로76길 19 (광장동),37.54747,127.10795,기존_광진구통합본
CCTV,CCTV,서울특별시 광진구 아차산로69길,37.54275,127.09831,기존_광진구통합본
CCTV,CCTV,서울특별시 광진구 아차산로 200 (자양동),37.54094,127.06606,기존_광진구통합본
CCTV,CCTV,서울특별시 광진구 뚝섬로 716 (자양동),37.53367,127.08823,기존_광진구통합본
CCTV,CCTV,서울특별시 광진구 구의강변로 11,37.53241,127.0902,기존_광진구통합본
CCTV,CCTV,서울특별시 광진구 자양로40길 41 (구의동),37.54751,127.09079,기존_광진구통합본
CCTV,CCTV,서울특별시 광진구 구의로 7,37.53876,127.08923,기존_광진구통합본
비상벨,비상벨,서울특별시 광진구 광장로3길 22 (광장동),37.5485,127.103,기존_광진구통합본
비상벨,비상벨,서울특별시 광진구 아차산로 540 (광장동),37.54244,127.10147,기존_광진구통합본
비상벨,비상벨,서울특별시 광진구 아차산로78길 53 (광장동),37.55144,127.10983,기존_광진구통합본
비상벨,비상벨,서울특별시 광진구 아차산로 636 (광장동),37.54891,127.10899,기존_광진구통합본
비상벨,비상벨,서울특별시 광진구 천호대로 809 (광장동),37.54587,127.10359,기존_광진구통합본
비상벨,비상벨,서울특별시 광진구 천호대로 143길 23,37.54656,127.10345,기존_광진구통합본
비상벨,비상벨,서울특별시 광진구 아차산로78길 176 (광장동),37.54802,127.10806,기존_광진구통합본
비상벨,비상벨,서울특별시 광진구 광장로1다길 60 (광장동),37.55079,127.10133,기존_광진구통합본
비상벨,비상벨,서울특별시 광진구 광장로1나길 16 (광장동),37.54876,127.10183,기존_광진구통합본
비상벨,비상벨,서울특별시 광진구 광장로 1 (광장동),37.54543,127.09779,기존_광진구통합본
비상벨,비상벨,서울특별시 광진구 아차산로70길 62,37.54127,127.09891,기존_광진구통합본
비상벨,비상벨,서울특별시 광진구 구의로 13-6 (구의동),37.53938,127.08895,기존_광진구통합본
비상벨,비상벨,서울특별시 광진구 아차산로57길 14 (구의동),37.53914,127.08831,기존_광진구통합본
비상벨,비상벨,서울특별시 광진구 자양로26길 91-14 (구의동),37.54099,127.089,기존_광진구통합본
비상벨,비상벨,서울특별시 광진구 광나루로40길 17 (구의동),37.54403,127.08944,기존_광진구통합본
비상벨,비상벨,서울특별시 광진구 자양로30길 79 (구의동),37.54298,127.08942,기존_광진구통합본
비상벨,비상벨,서울특별시 광진구 구의로 65 (구의동),37.54398,127.09043,기존_광진구통합본
비상벨,비상벨,서울특별시 광진구 자양로30길 87-10 (구의동),37.54348,127.08962,기존_광진구통합본
비상벨,비상벨,서울특별시 광진구 광나루로38길 27 (구의동),37.54371,127.08807,기존_광진구통합본
비상벨,비상벨,서울특별시 광진구 구의로11길 28 (구의동),37.54369,127.08876,기존_광진구통합본
비상벨,비상벨,서울특별시 광진구 자양로30길 43 (구의동),37.5434,127.08723,기존_광진구통합본
비상벨,비상벨,서울특별시 광진구 자양로32길 31 (구의동),37.54432,127.0866,기존_광진구통합본
비상벨,비상벨,서울특별시 광진구 자양로30길 14,37.54363,127.08565,기존_광진구통합본
비상벨,비상벨,서울특별시 광진구 자양로28길 73 (구의동),37.54173,127.08823,기존_광진구통합본
비상벨,비상벨,서울특별시 광진구 자양로26길 95,37.54019,127.08915,기존_광진구통합본
비상벨,비상벨,서울특별시 광진구 구의로1길 12 (구의동),37.53916,127.08758,기존_광진구통합본
비상벨,비상벨,서울특별시 광진구 구의로1길 26 (구의동),37.53907,127.0868,기존_광진구통합본
비상벨,비상벨,서울특별시 광진구 아차산로53길 77 (구의동),37.54073,127.08608,기존_광진구통합본
비상벨,비상벨,서울특별시 광진구 자양로26길 45-7,37.54162,127.08668,기존_광진구통합본
비상벨,비상벨,서울특별시 광진구 광나루로36길 68 (구의동),37.54217,127.08583,기존_광진구통합본
비상벨,비상벨,서울특별시 광진구 자양로26길 14 (구의동),37.54181,127.08488,기존_광진구통합본
비상벨,비상벨,서울특별시 광진구 아차산로49길 70 (구의동),37.54003,127.08419,기존_광진구통합본
비상벨,비상벨,서울특별시 광진구 아차산로51길 23 (구의동),37.53822,127.08502,기존_광진구통합본
비상벨,비상벨,서울특별시 광진구 아차산로49길 32 (구의동),37.53848,127.08438,기존_광진구통합본
비상벨,비상벨,서울특별시 광진구 아차산로49길 50 (구의동),37.53916,127.08429,기존_광진구통합본
비상벨,비상벨,서울특별시 광진구 자양로23길 86 (구의동),37.54425,127.084,기존_광진구통합본
비상벨,비상벨,서울특별시 광진구 아차산로55길 23 (구의동),37.53854,127.0865,기존_광진구통합본
비상벨,비상벨,서울특별시 광진구 아차산로53길 53 (구의동),37.53972,127.08565,기존_광진구통합본
비상벨,비상벨,서울특별시 광진구 아차산로53길 29 (구의동),37.53854,127.0858,기존_광진구통합본
비상벨,비상벨,서울특별시 광진구 아차산로53길 38-12 (구의동),37.53915,127.08609,기존_광진구통합본
비상벨,비상벨,서울특별시 광진구 광나루로30가길 9 (구의동),37.54423,127.08247,기존_광진구통합본
비상벨,비상벨,서울특별시 광진구 자양로44길 141-7 (구의동),37.55164,127.09554,기존_광진구통합본
비상벨,비상벨,서울특별시 광진구 자양로44길 69 (구의동),37.54979,127.09498,기존_광진구통합본
비상벨,비상벨,서울특별시 광진구 자양로45길 13 (구의동),37.55178,127.09139,기존_광진구통합본
비상벨,비상벨,서울특별시 광진구 광나루로 517-10 (구의동),37.54564,127.08721,기존_광진구통합본
비상벨,비상벨,서울특별시 광진구 자양로37가길 10 (구의동),37.54771,127.08726,기존_광진구통합본
비상벨,비상벨,서울특별시 광진구 자양로51길 11 (구의동),37.55364,127.09286,기존_광진구통합본
비상벨,비상벨,서울특별시 광진구 영화사로16가길 21 (구의동),37.55362,127.09558,기존_광진구통합본
비상벨,비상벨,서울특별시 광진구 자양로53길 10 (구의동),37.55417,127.09335,기존_광진구통합본
비상벨,비상벨,서울특별시 광진구 자양로54길 11 (구의동),37.55387,127.09458,기존_광진구통합본
비상벨,비상벨,서울특별시 광진구 자양로51길 10-9 (구의동),37.55386,127.09343,기존_광진구통합본
비상벨,비상벨,서울특별시 광진구 영화사로16길 19 (구의동),37.55454,127.09594,기존_광진구통합본
비상벨,비상벨,서울특별시 광진구 영화사로16나길 21 (구의동),37.55324,127.09606,기존_광진구통합본
비상벨,비상벨,서울특별시 광진구 자양로52길 11 (구의동),37.55306,127.09405,기존_광진구통합본
비상벨,비상벨,서울특별시 광진구 자양로44길 125 (구의동),37.55131,127.09655,기존_광진구통합본
비상벨,비상벨,서울특별시 광진구 자양로44나길 26-14 (구의동),37.55089,127.09595,기존_광진구통합본
비상벨,비상벨,서울특별시 광진구 자양로44나길 39 (구의동),37.55157,127.09456,기존_광진구통합본
비상벨,비상벨,서울특별시 광진구 천호대로137길 38 (구의동),37.55076,127.09368,기존_광진구통합본
비상벨,비상벨,서울특별시 광진구 자양로49길 15-2 (구의동),37.55289,127.09189,기존_광진구통합본
비상벨,비상벨,서울특별시 광진구 자양로43길 8 (구의동),37.55123,127.09106,기존_광진구통합본
비상벨,비상벨,서울특별시 광진구 영화사로11길 22 (구의동),37.55551,127.09424,기존_광진구통합본
비상벨,비상벨,서울특별시 광진구 영화사로15길 25,37.55511,127.09508,기존_광진구통합본
비상벨,비상벨,서울특별시 광진구 천호대로135길 16 (구의동),37.55012,127.09224,기존_광진구통합본
비상벨,비상벨,서울특별시 광진구 천호대로137길 10 (구의동),37.54978,127.09315,기존_광진구통합본
비상벨,비상벨,서울특별시 광진구 자양로42길 42-24 (구의동),37.54794,127.09165,기존_광진구통합본
비상벨,비상벨,서울특별시 광진구 자양로35길 35,37.54811,127.08595,기존_광진구통합본
비상벨,비상벨,서울특별시 광진구 자양로37길 21 (구의동),37.54836,127.08697,기존_광진구통합본
비상벨,비상벨,서울특별시 광진구 자양로33길 44 (구의동),37.54784,127.08634,기존_광진구통합본
비상벨,비상벨,서울특별시 광진구 천호대로134길 55 (구의동),37.54723,127.08858,기존_광진구통합본
비상벨,비상벨,서울특별시 광진구 자양로36길 17-12 (구의동),37.54649,127.08829,기존_광진구통합본
비상벨,비상벨,서울특별시 광진구 자양로36길 11 (구의동),37.54627,127.08754,기존_광진구통합본
비상벨,비상벨,서울특별시 광진구 천호대로132길 27-7 (구의동),37.54939,127.08908,기존_광진구통합본
비상벨,비상벨,서울특별시 광진구 광나루로44길 9 (구의동),37.54383,127.09155,기존_광진구통합본
비상벨,비상벨,서울특별시 광진구 구의로16길 36 (구의동),37.54344,127.0926,기존_광진구통합본
비상벨,비상벨,서울특별시 광진구 광나루로52길 12 (구의동),37.54127,127.09471,기존_광진구통합본
비상벨,비상벨,서울특별시 광진구 아차산로65길 14 (구의동),37.54097,127.09414,기존_광진구통합본
비상벨,비상벨,서울특별시 광진구 구의로4길 51 (구의동),37.54071,127.09224,기존_광진구통합본
비상벨,비상벨,서울특별시 광진구 구의로6길 21 (구의동),37.5415,127.09104,기존_광진구통합본
비상벨,비상벨,서울특별시 광진구 아차산로63길 37 (구의동),37.54131,127.09216,기존_광진구통합본
비상벨,비상벨,서울특별시 광진구 구의로4길 40 (구의동),37.54045,127.09164,기존_광진구통합본
비상벨,비상벨,서울특별시 광진구 구의로4길 60 (구의동),37.54109,127.09275,기존_광진구통합본
비상벨,비상벨,서울특별시 광진구 광나루로52길 43 (구의동),37.54043,127.09325,기존_광진구통합본
비상벨,비상벨,서울특별시 광진구 아차산로60길 13-13 (구의동),37.5383,127.09237,기존_광진구통합본
비상벨,비상벨,서울특별시 광진구 광나루로52길 83 (구의동),37.53933,127.0915,기존_광진구통합본
비상벨,비상벨,서울특별시 광진구 아차산로59길 21-13 (구의동),37.53973,127.09007,기존_광진구통합본
비상벨,비상벨,서울특별시 광진구 구의로4길 7-16 (구의동),37.54083,127.09014,기존_광진구통합본
비상벨,비상벨,서울특별시 광진구 구의로 56 (구의동),37.54292,127.09031,기존_광진구통합본
비상벨,비상벨,서울특별시 광진구 아차산로59길 13 (구의동),37.53948,127.0907,기존_광진구통합본
비상벨,비상벨,서울특별시 광진구 뚝섬로67길 23 (구의동),37.53546,127.09062,기존_광진구통합본
비상벨,비상벨,서울특별시 광진구 천호대로104나길 8 (군자동),37.55718,127.07503,기존_광진구통합본
비상벨,비상벨,서울특별시 광진구 면목로 27 (군자동),37.55671,127.07609,기존_광진구통합본
비상벨,비상벨,서울특별시 광진구 면목로6길 18 (군자동),37.55611,127.07658,기존_광진구통합본
비상벨,비상벨,서울특별시 광진구 능동로27길 33 (군자동),37.55472,127.07657,기존_광진구통합본
비상벨,비상벨,서울특별시 광진구 능동로27나길 17 (군자동),37.55418,127.07581,기존_광진구통합본
비상벨,비상벨,서울특별시 광진구 능동로25길 22 (군자동),37.55299,127.07587,기존_광진구통합본
비상벨,비상벨,서울특별시 광진구 동일로52길 15-14 (군자동),37.55536,127.07253,기존_광진구통합본
비상벨,비상벨,서울특별시 광진구 동일로48길 14-10 (군자동),37.55391,127.07102,기존_광진구통합본
비상벨,비상벨,서울특별시 광진구 군자로15길 10-6 (군자동),37.55406,127.07362,기존_광진구통합본
비상벨,비상벨,서울특별시 광진구 능동로29가길 24 (군자동),37.55572,127.07791,기존_광진구통합본
비상벨,비상벨,서울특별시 광진구 능동로27길 9 (군자동),37.55384,127.07682,기존_광진구통합본
비상벨,비상벨,서울특별시 광진구 능동로27길 9 (군자동),37.55243,127.07496,기존_광진구통합본
비상벨,비상벨,서울특별시 광진구 능동로27길 9 (군자동),37.55046,127.07053,기존_광진구통합본
비상벨,비상벨,서울특별시 광진구 광나루로17길 14 (군자동),37.54838,127.07269,기존_광진구통합본
비상벨,비상벨,서울특별시 광진구 동일로60길 25 (군자동),37.55829,127.07474,기존_광진구통합본
비상벨,비상벨,서울특별시 광진구 군자로17길 34 (군자동),37.55676,127.07722,기존_광진구통합본
비상벨,비상벨,서울특별시 광진구 면목로5길 30-6 (군자동),37.55685,127.07461,기존_광진구통합본
비상벨,비상벨,서울특별시 광진구 천호대로116길 88 (능동),37.55231,127.08184,기존_광진구통합본
비상벨,비상벨,서울특별시 광진구 능동로24길 76 (능동),37.55322,127.08056,기존_광진구통합본
비상벨,비상벨,서울특별시 광진구 천호대로110길 34 (능동),37.55581,127.07947,기존_광진구통합본
비상벨,비상벨,서울특별시 광진구 능동로36길 12 (능동),37.55623,127.0798,기존_광진구통합본
비상벨,비상벨,서울특별시 광진구 천호대로112길 10 (능동),37.55572,127.08112,기존_광진구통합본
비상벨,비상벨,서울특별시 광진구 천호대로112길 25 (능동),37.55509,127.08119,기존_광진구통합본
비상벨,비상벨,서울특별시 광진구 천호대로116길 26 (능동),37.55412,127.08363,기존_광진구통합본
비상벨,비상벨,서울특별시 광진구 능동로32길 82-34 (능동),37.55304,127.08239,기존_광진구통합본
비상벨,비상벨,서울특별시 광진구 천호대로116길 57 (능동),37.55259,127.08284,기존_광진구통합본
비상벨,비상벨,서울특별시 광진구 천호대로118길 36 (능동),37.55318,127.08466,기존_광진구통합본
비상벨,비상벨,서울특별시 광진구 천호대로118길 16 (능동),37.55412,127.08523,기존_광진구통합본
비상벨,비상벨,서울특별시 광진구 천호대로124길 86 (능동),37.55214,127.08481,기존_광진구통합본
비상벨,비상벨,서울특별시 광진구 천호대로120길 21 (능동),37.55313,127.08636,기존_광진구통합본
비상벨,비상벨,서울특별시 광진구 천호대로120길 21 (능동),37.55311,127.08794,기존_광진구통합본
비상벨,비상벨,서울특별시 광진구 천호대로122길 33 (능동),37.55211,127.08732,기존_광진구통합본
비상벨,비상벨,서울특별시 광진구 천호대로110길 87 (능동),37.55361,127.07842,기존_광진구통합본
비상벨,비상벨,서울특별시 광진구 능동로24길 41 (능동),37.55239,127.07913,기존_광진구통합본
비상벨,비상벨,서울특별시 광진구 능동로26길 23 (능동),37.55269,127.07855,기존_광진구통합본
비상벨,비상벨,서울특별시 광진구 능동로32길 16-16 (능동),37.5546,127.07917,기존_광진구통합본
비상벨,비상벨,서울특별시 광진구 능동로32길 16-16 (능동),37.55393,127.0792,기존_광진구통합본
비상벨,비상벨,서울특별시 광진구 자양로13길 41 (자양동),37.53437,127.08195,기존_광진구통합본
비상벨,비상벨,서울특별시 광진구 자양로21길 35 (자양동),37.53952,127.08133,기존_광진구통합본
비상벨,비상벨,서울특별시 광진구 아차산로46길 23 (자양동),37.53609,127.08083,기존_광진구통합본
비상벨,비상벨,서울특별시 광진구 아차산로46가길 19 (자양동),37.53637,127.08196,기존_광진구통합본
비상벨,비상벨,서울특별시 광진구 자양로15길 6 (자양동),37.53604,127.08312,기존_광진구통합본
비상벨,비상벨,서울특별시 광진구 뚝섬로47길 49 (자양동),37.53455,127.07948,기존_광진구통합본
비상벨,비상벨,서울특별시 광진구 자양로15길84,37.53479,127.0789,기존_광진구통합본
비상벨,비상벨,서울특별시 광진구 자양로13길 100 (자양동),37.5326,127.07981,기존_광진구통합본
비상벨,비상벨,서울특별시 광진구 뚝섬로51길 24 (자양동),37.53368,127.08009,기존_광진구통합본
비상벨,비상벨,서울특별시 광진구 자양로13다길 34 (자양동),37.53321,127.07812,기존_광진구통합본
비상벨,비상벨,서울특별시 광진구 자양로13나길 14 (자양동),37.53388,127.08039,기존_광진구통합본
비상벨,비상벨,서울특별시 광진구 자양로9길 24-3 (자양동),37.53385,127.08294,기존_광진구통합본
비상벨,비상벨,서울특별시 광진구 자양로13길 73 (자양동),37.53351,127.08096,기존_광진구통합본
비상벨,비상벨,서울특별시 광진구 자양로11길 45-8 (자양동),37.53343,127.08219,기존_광진구통합본
비상벨,비상벨,서울특별시 광진구 뚝섬로57가길 55 (자양동),37.53239,127.08055,기존_광진구통합본
비상벨,비상벨,서울특별시 광진구 뚝섬로55길 19 (자양동),37.53238,127.08236,기존_광진구통합본
비상벨,비상벨,서울특별시 광진구 자양로21길 14 (자양동),37.53992,127.08225,기존_광진구통합본
비상벨,비상벨,서울특별시 광진구 자양로19길 48-4 (자양동),37.53846,127.08097,기존_광진구통합본
비상벨,비상벨,서울특별시 광진구 자양로19길 54 (자양동),37.53818,127.08046,기존_광진구통합본
비상벨,비상벨,서울특별시 광진구 뚝섬로52마길 60 (자양동),37.52873,127.08111,기존_광진구통합본
비상벨,비상벨,서울특별시 광진구 뚝섬로52마길 60 (자양동),37.52783,127.0844,기존_광진구통합본
비상벨,비상벨,서울특별시 광진구 자양로5길 13 (자양동),37.53164,127.08507,기존_광진구통합본
비상벨,비상벨,서울특별시 광진구 자양로6길 40 (자양동),37.53278,127.08788,기존_광진구통합본
비상벨,비상벨,서울특별시 광진구 뚝섬로48길 52 (자양동),37.52967,127.07684,기존_광진구통합본
비상벨,비상벨,서울특별시 광진구 뚝섬로50길 28 (자양동),37.53119,127.07791,기존_광진구통합본
비상벨,비상벨,서울특별시 광진구 뚝섬로54길 24 (자양동),37.53064,127.08049,기존_광진구통합본
비상벨,비상벨,서울특별시 광진구 뚝섬로54길 46 (자양동),37.52968,127.07999,기존_광진구통합본
비상벨,비상벨,서울특별시 광진구 뚝섬로52마길 42-15 (자양동),37.52797,127.08024,기존_광진구통합본
비상벨,비상벨,서울특별시 광진구 자양로3길 49 (자양동),37.52914,127.08391,기존_광진구통합본
비상벨,비상벨,서울특별시 광진구 자양로3길 39-3 (자양동),37.52987,127.08455,기존_광진구통합본
비상벨,비상벨,서울특별시 광진구 자양로3가길 36 (자양동),37.52866,127.08511,기존_광진구통합본
비상벨,비상벨,서울특별시 광진구 자양로3가길 37 (자양동),37.53642,127.08465,기존_광진구통합본
비상벨,비상벨,서울특별시 광진구 뚝섬로60길 6 (자양동),37.53257,127.08654,기존_광진구통합본
비상벨,비상벨,서울특별시 광진구 자양로4길 12-1 (자양동),37.53147,127.08679,기존_광진구통합본
비상벨,비상벨,서울특별시 광진구 자양로2길 29 (자양동),37.53153,127.08817,기존_광진구통합본
비상벨,비상벨,서울특별시 광진구 자양로4나길 31 (자양동),37.53045,127.08796,기존_광진구통합본
비상벨,비상벨,서울특별시 광진구 자양번영로11길 4-9 (자양동),37.53753,127.07667,기존_광진구통합본
비상벨,비상벨,서울특별시 광진구 자양번영로11길 29 (자양동),37.53738,127.07507,기존_광진구통합본
비상벨,비상벨,서울특별시 광진구 아차산로 288 (자양동),37.53852,127.07501,기존_광진구통합본
비상벨,비상벨,서울특별시 광진구 자양번영로11길 37-14 (자양동),37.53695,127.07443,기존_광진구통합본
비상벨,비상벨,서울특별시 광진구 자양번영로9길 6-7 (자양동),37.53656,127.07618,기존_광진구통합본
비상벨,비상벨,서울특별시 광진구 자양번영로7길 12-7 (자양동),37.5362,127.07578,기존_광진구통합본
비상벨,비상벨,서울특별시 광진구 자양번영로3다길 11-5,37.53136,127.07352,기존_광진구통합본
비상벨,비상벨,서울특별시 광진구 아차산로38길 5-16 (자양동),37.53818,127.07537,기존_광진구통합본
비상벨,비상벨,서울특별시 광진구 뚝섬로36가길 43 (자양동),37.53117,127.07272,기존_광진구통합본
비상벨,비상벨,서울특별시 광진구 뚝섬로36길 49-8 (자양동),37.53204,127.07084,기존_광진구통합본
비상벨,비상벨,서울특별시 광진구 능동로8길 28 (자양동),37.53603,127.07073,기존_광진구통합본
비상벨,비상벨,서울특별시 광진구 뚝섬로36길 15 (자양동),37.53368,127.0714,기존_광진구통합본
비상벨,비상벨,서울특별시 광진구 자양번영로5길 16 (자양동),37.53273,127.07448,기존_광진구통합본
비상벨,비상벨,서울특별시 광진구 자양번영로3길 16 (자양동),37.53185,127.07445,기존_광진구통합본
비상벨,비상벨,서울특별시 광진구 자양번영로1길 27 (자양동),37.53084,127.07341,기존_광진구통합본
비상벨,비상벨,서울특별시 광진구 자양번영로3나길 40 (자양동),37.53016,127.07337,기존_광진구통합본
비상벨,비상벨,서울특별시 광진구 동일로10길 42 (자양동),37.53763,127.06399,기존_광진구통합본
비상벨,비상벨,서울특별시 광진구 뚝섬로 491 (자양동),37.53654,127.06519,기존_광진구통합본
비상벨,비상벨,서울특별시 광진구 능동로3나길 10,37.53411,127.06569,기존_광진구통합본
비상벨,비상벨,서울특별시 광진구 뚝섬로24길 27 (자양동),37.5353,127.0633,기존_광진구통합본
비상벨,비상벨,서울특별시 광진구 자양강변길 73 (자양동),37.53274,127.0637,기존_광진구통합본
비상벨,비상벨,서울특별시 광진구 능동로3라길 16 (자양동),37.53477,127.06491,기존_광진구통합본
비상벨,비상벨,서울특별시 광진구 능동로3가길 12 (자양동),37.5333,127.06563,기존_광진구통합본
비상벨,비상벨,서울특별시 광진구 아차산로30길 18,37.53987,127.06744,기존_광진구통합본
비상벨,비상벨,서울특별시 광진구 아차산로32길 21 (자양동),37.53901,127.06808,기존_광진구통합본
비상벨,비상벨,서울특별시 광진구 아차산로30길 39 (자양동),37.53895,127.06687,기존_광진구통합본
비상벨,비상벨,서울특별시 광진구 동일로18길 44 (자양동),37.53938,127.06526,기존_광진구통합본
비상벨,비상벨,서울특별시 광진구 아차산로22길 27 (자양동),37.54066,127.06405,기존_광진구통합본
비상벨,비상벨,서울특별시 광진구 자양강변길 19 (자양동),37.53426,127.0611,기존_광진구통합본
비상벨,비상벨,서울특별시 광진구 뚝섬로22가길 22 (자양동),37.53551,127.06238,기존_광진구통합본
비상벨,비상벨,서울특별시 광진구 동일로4가길 9-2 (자양동),37.53593,127.06282,기존_광진구통합본
비상벨,비상벨,서울특별시 광진구 동일로 34-11 (자양동),37.53574,127.06125,기존_광진구통합본
비상벨,비상벨,서울특별시 광진구 군자로15길36,37.555,127.07333,기존_광진구통합본
비상벨,비상벨,서울특별시 광진구 동일로10길 5 (자양동),37.53891,127.0626,기존_광진구통합본
비상벨,비상벨,서울특별시 광진구 능동로9길 23,37.53767,127.06797,기존_광진구통합본
비상벨,비상벨,서울특별시 광진구 뚝섬로32길 17 (자양동),37.53471,127.06713,기존_광진구통합본
비상벨,비상벨,서울특별시 광진구 능동로5길 7,37.53643,127.06745,기존_광진구통합본
비상벨,비상벨,서울특별시 광진구 뚝섬로30길 15 (자양동),37.53522,127.06655,기존_광진구통합본
비상벨,비상벨,서울특별시 광진구 능동로3길 61-8 (자양동),37.5341,127.06386,기존_광진구통합본
비상벨,비상벨,서울특별시 광진구 동일로12길 20 (자양동),37.53953,127.06335,기존_광진구통합본
비상벨,비상벨,서울특별시 광진구 동일로10길 25 (자양동),37.53829,127.06341,기존_광진구통합본
비상벨,비상벨,서울특별시 광진구 동일로18가길 13 (자양동),37.53906,127.06454,기존_광진구통합본
비상벨,비상벨,서울특별시 광진구 동일로10나길 18 (자양동),37.53828,127.06431,기존_광진구통합본
비상벨,비상벨,서울특별시 광진구 동일로18나길 24 (자양동),37.53866,127.06529,기존_광진구통합본
비상벨,비상벨,서울특별시 광진구 뚝섬로23가길 11 (자양동),37.53795,127.0654,기존_광진구통합본
비상벨,비상벨,서울특별시 광진구 뚝섬로57길 13 (자양동),37.53231,127.08359,기존_광진구통합본
비상벨,비상벨,서울특별시 광진구 긴고랑로14길 33 (중곡동),37.56123,127.08096,기존_광진구통합본
비상벨,비상벨,서울특별시 광진구 긴고랑로5길 11 (중곡동),37.56493,127.0792,기존_광진구통합본
비상벨,비상벨,서울특별시 광진구 긴고랑로1길 11 (중곡동),37.5647,127.0775,기존_광진구통합본
비상벨,비상벨,서울특별시 광진구 긴고랑로7길 11 (중곡동),37.56405,127.07937,기존_광진구통합본
비상벨,비상벨,서울특별시 광진구 동일로70길 22 (중곡동),37.56455,127.078,기존_광진구통합본
비상벨,비상벨,서울특별시 광진구 긴고랑로14길 8 (중곡동),37.56224,127.08146,기존_광진구통합본
비상벨,비상벨,서울특별시 광진구 긴고랑로12길 12 (중곡동),37.56225,127.08068,기존_광진구통합본
비상벨,비상벨,서울특별시 광진구 능동로43길 38 (중곡동),37.56177,127.0797,기존_광진구통합본
비상벨,비상벨,서울특별시 광진구 면목로 93 (중곡동),37.56199,127.07904,기존_광진구통합본
비상벨,비상벨,서울특별시 광진구 긴고랑로6길 9 (중곡동),37.56315,127.07822,기존_광진구통합본
비상벨,비상벨,서울특별시 광진구 동일로 374 (중곡동),37.56432,127.07628,기존_광진구통합본
비상벨,비상벨,서울특별시 광진구 동일로66길 9 (중곡동),37.56167,127.07581,기존_광진구통합본
비상벨,비상벨,서울특별시 광진구 자양로43길 47 (중곡동),37.55261,127.09027,기존_광진구통합본
비상벨,비상벨,서울특별시 광진구 천호대로101길 11 (중곡동),37.55981,127.07477,기존_광진구통합본
비상벨,비상벨,서울특별시 광진구 긴고랑로8길 60 (중곡동),37.56104,127.07772,기존_광진구통합본
비상벨,비상벨,서울특별시 광진구 긴고랑로8길 90 (중곡동),37.55966,127.077,기존_광진구통합본
비상벨,비상벨,서울특별시 광진구 동일로62길 37 (중곡동),37.55937,127.0761,기존_광진구통합본
비상벨,비상벨,서울특별시 광진구 면목로 74 (중곡동),37.5602,127.07954,기존_광진구통합본
비상벨,비상벨,서울특별시 광진구 긴고랑로14길 63 (중곡동),37.55993,127.08025,기존_광진구통합본
비상벨,비상벨,서울특별시 광진구 천호대로107길 22 (중곡동),37.55887,127.07889,기존_광진구통합본
비상벨,비상벨,서울특별시 광진구 천호대로107길 8 (중곡동),37.55841,127.07854,기존_광진구통합본
비상벨,비상벨,서울특별시 광진구 능동로47길 35 (중곡동),37.56427,127.0811,기존_광진구통합본
비상벨,비상벨,서울특별시 광진구 능동로47길 35 (중곡동),37.56364,127.08074,기존_광진구통합본
비상벨,비상벨,서울특별시 광진구 능동로47길 35 (중곡동),37.56338,127.08134,기존_광진구통합본
비상벨,비상벨,서울특별시 광진구 능동로50길 8 (중곡동),37.56401,127.08396,기존_광진구통합본
비상벨,비상벨,서울특별시 광진구 능동로48가길 36 (중곡동),37.56342,127.08581,기존_광진구통합본
비상벨,비상벨,서울특별시 광진구 긴고랑로29길 47 (중곡동),37.56204,127.0864,기존_광진구통합본
비상벨,비상벨,서울특별시 광진구 용마산로21길 77 (중곡동),37.56152,127.08475,기존_광진구통합본
비상벨,비상벨,서울특별시 광진구 용마산로3길 13 (중곡동),37.55631,127.08728,기존_광진구통합본
비상벨,비상벨,서울특별시 광진구 천호대로125길 35-17 (중곡동),37.55537,127.08723,기존_광진구통합본
비상벨,비상벨,서울특별시 광진구 용마산로1길 22 (중곡동),37.55503,127.08739,기존_광진구통합본
비상벨,비상벨,서울특별시 광진구 천호대로121길 39 (중곡동),37.55682,127.08643,기존_광진구통합본
비상벨,비상벨,서울특별시 광진구 긴고랑로 110 (중곡동),37.55925,127.08691,기존_광진구통합본
비상벨,비상벨,서울특별시 광진구 천호대로119길 89 (중곡동),37.55903,127.08561,기존_광진구통합본
비상벨,비상벨,서울특별시 광진구 용마산로3길 38 (중곡동),37.55615,127.08611,기존_광진구통합본
비상벨,비상벨,서울특별시 광진구 용마산로1길 91 (중곡동),37.55647,127.08356,기존_광진구통합본
비상벨,비상벨,서울특별시 광진구 긴고랑로27길 26 (중곡동),37.56144,127.08613,기존_광진구통합본
비상벨,비상벨,서울특별시 광진구 긴고랑로31길 28 (중곡동),37.5612,127.087,기존_광진구통합본
비상벨,비상벨,서울특별시 광진구 천호대로109길 53 (중곡동),37.55932,127.08201,기존_광진구통합본
비상벨,비상벨,서울특별시 광진구 긴고랑로15길 15 (중곡동),37.56276,127.08329,기존_광진구통합본
비상벨,비상벨,서울특별시 광진구 긴고랑로19길 34-4 (중곡동),37.56293,127.085,기존_광진구통합본
비상벨,비상벨,서울특별시 광진구 용마산로21길 65 (중곡동),37.56207,127.08508,기존_광진구통합본
비상벨,비상벨,서울특별시 광진구 능동로44길 13 (중곡동),37.56085,127.08229,기존_광진구통합본
비상벨,비상벨,서울특별시 광진구 긴고랑로16길 9-9 (중곡동),37.56141,127.0832,기존_광진구통합본
비상벨,비상벨,서울특별시 광진구 긴고랑로 103,37.56011,127.08674,기존_광진구통합본
비상벨,비상벨,서울특별시 광진구 동일로76나길 20 (중곡동),37.56858,127.0801,기존_광진구통합본
비상벨,비상벨,서울특별시 광진구 능동로 411 (중곡동),37.56582,127.0839,기존_광진구통합본
비상벨,비상벨,서울특별시 광진구 용마산로31길 31 (중곡동),37.56911,127.08425,기존_광진구통합본
비상벨,비상벨,서울특별시 광진구 능동로53길 24-9 (중곡동),37.56723,127.0835,기존_광진구통합본
비상벨,비상벨,서울특별시 광진구 능동로53길 30-12 (중곡동),37.56724,127.08244,기존_광진구통합본
비상벨,비상벨,서울특별시 광진구 답십리로 78길 (중곡동),37.56985,127.0813,기존_광진구통합본
비상벨,비상벨,서울특별시 광진구 동일로76길 12 (중곡동),37.56771,127.07934,기존_광진구통합본
비상벨,비상벨,서울특별시 광진구 면목로11길 20 (중곡동),37.56705,127.08054,기존_광진구통합본
비상벨,비상벨,서울특별시 광진구 답십리로88길 19 (중곡동),37.57027,127.08498,기존_광진구통합본
비상벨,비상벨,서울특별시 광진구 용마산로31길 16 (중곡동),37.56934,127.08527,기존_광진구통합본
비상벨,비상벨,서울특별시 광진구 면목로16길 10 (중곡동),37.56953,127.08376,기존_광진구통합본
비상벨,비상벨,서울특별시 광진구 용마산로27길 10 (중곡동),37.56732,127.08582,기존_광진구통합본
비상벨,비상벨,서울특별시 광진구 용마산로29길 25 (중곡동),37.56719,127.08544,기존_광진구통합본
비상벨,비상벨,서울특별시 광진구 답십리로84길 6 (중곡동),37.57098,127.08394,기존_광진구통합본
비상벨,비상벨,서울특별시 광진구 답십리로 370 (중곡동),37.57156,127.08151,기존_광진구통합본
비상벨,비상벨,서울특별시 광진구 답십리로82길 18 (중곡동),37.57055,127.08269,기존_광진구통합본
비상벨,비상벨,서울특별시 광진구 동일로78길 20 (중곡동),37.56924,127.08062,기존_광진구통합본
비상벨,비상벨,서울특별시 광진구 동일로76길 51-22 (중곡동),37.56817,127.08055,기존_광진구통합본
비상벨,비상벨,서울특별시 광진구 동일로76길 49 (중곡동),37.56803,127.08123,기존_광진구통합본
비상벨,비상벨,서울특별시 광진구 영화사로5길 25 (중곡동),37.55726,127.09219,기존_광진구통합본
비상벨,비상벨,서울특별시 광진구 자양로45길 89 (중곡동),37.55516,127.0898,기존_광진구통합본
비상벨,비상벨,서울특별시 광진구 용마산로22길 10-10 (중곡동),37.5631,127.08767,기존_광진구통합본
비상벨,비상벨,서울특별시 광진구 영화사로3가길 9 (중곡동),37.55791,127.09304,기존_광진구통합본
비상벨,비상벨,서울특별시 광진구 영화사로3가길 25 (중곡동),37.55749,127.09347,기존_광진구통합본
비상벨,비상벨,서울특별시 광진구 영화사로9가길 61 (중곡동),37.55764,127.09523,기존_광진구통합본
비상벨,비상벨,서울특별시 광진구 영화사로9길 10 (중곡동),37.55554,127.09329,기존_광진구통합본
비상벨,비상벨,서울특별시 광진구 영화사로9길 70-12 (중곡동),37.55674,127.09465,기존_광진구통합본
비상벨,비상벨,서울특별시 광진구 영화사로7길 24 (중곡동),37.55678,127.09212,기존_광진구통합본
비상벨,비상벨,서울특별시 광진구 영화사로 51 (중곡동),37.55567,127.09234,기존_광진구통합본
비상벨,비상벨,서울특별시 광진구 용마산로8가길 26 (중곡동),37.56092,127.0888,기존_광진구통합본
비상벨,비상벨,서울특별시 광진구 용마산로8다길 23 (중곡동),37.56176,127.08946,기존_광진구통합본
비상벨,비상벨,서울특별시 광진구 용마산로36길 66 (중곡동),37.56947,127.08872,기존_광진구통합본
비상벨,비상벨,서울특별시 광진구 용마산로8길 10 (중곡동),37.55968,127.08837,기존_광진구통합본
비상벨,비상벨,서울특별시 광진구 용마산로36길 44 (중곡동),37.57039,127.08833,기존_광진구통합본
비상벨,비상벨,서울특별시 광진구 용마산로34길 15 (중곡동),37.57019,127.08716,기존_광진구통합본
비상벨,비상벨,서울특별시 광진구 긴고랑로46가길 36 (중곡동),37.55864,127.09525,기존_광진구통합본
비상벨,비상벨,서울특별시 광진구 긴고랑로46길 11,37.56024,127.09561,기존_광진구통합본
비상벨,비상벨,서울특별시 광진구 용마산로2길 45 (중곡동),37.55596,127.09076,기존_광진구통합본
비상벨,비상벨,서울특별시 광진구 자양로45길 65 (중곡동),37.55399,127.09031,기존_광진구통합본
비상벨,비상벨,서울특별시 광진구 자양로43길 86 (중곡동),37.55444,127.0895,기존_광진구통합본
비상벨,비상벨,서울특별시 광진구 아차산로21길 47 (화양동),37.54421,127.06534,기존_광진구통합본
비상벨,비상벨,서울특별시 광진구 동일로28길 16 (화양동),37.54621,127.06793,기존_광진구통합본
비상벨,비상벨,서울특별시 광진구 아차산로23길 68 (화양동),37.54517,127.06748,기존_광진구통합본
비상벨,비상벨,서울특별시 광진구 아차산로25길 27 (화양동),37.54283,127.06716,기존_광진구통합본
비상벨,비상벨,서울특별시 광진구 동일로24길 56 (화양동),37.54312,127.06823,기존_광진구통합본
비상벨,비상벨,서울특별시 광진구 동일로22길 28 (화양동),37.54224,127.0659,기존_광진구통합본
비상벨,비상벨,서울특별시 광진구 아차산로 241 (화양동),37.54062,127.07054,기존_광진구통합본
비상벨,비상벨,서울특별시 광진구 답십리로84길 56 (중곡동),37.56868,127.08366,기존_광진구통합본
비상벨,비상벨,서울특별시 광진구 군자로3길 25-16 (화양동),37.54373,127.07061,기존_광진구통합본
비상벨,비상벨,서울특별시 광진구 군자로5길 18-12 (화양동),37.54558,127.06954,기존_광진구통합본
비상벨,비상벨,서울특별시 광진구 긴고랑로46길 11 (화양동),37.54556,127.0742,기존_광진구통합본
비상벨,비상벨,서울특별시 광진구 능동로13길 88 (화양동),37.54545,127.06866,기존_광진구통합본
비상벨,비상벨,서울특별시 광진구 동일로28길 38 (화양동),37.54628,127.06883,기존_광진구통합본
비상벨,비상벨,서울특별시 광진구 아차산로25길 48 (화양동),37.54343,127.06753,기존_광진구통합본
비상벨,비상벨,서울특별시 광진구 동일로22길 71 (화양동),37.54147,127.06831,기존_광진구통합본
비상벨,비상벨,서울특별시 광진구 광나루로24길 12 (화양동),37.54577,127.07609,기존_광진구통합본
비상벨,비상벨,서울특별시 광진구 광나루로22길 7,37.5463,127.07523,기존_광진구통합본
비상벨,비상벨,서울특별시 광진구 광나루로20가길 21 (화양동),37.5452,127.07528,기존_광진구통합본
비상벨,비상벨,서울특별시 광진구 광나루로26길 24 (화양동),37.54541,127.07729,기존_광진구통합본
비상벨,비상벨,서울특별시 광진구 아차산로31길 14 (화양동),37.54167,127.06953,기존_광진구통합본
비상벨,비상벨,서울특별시 광진구 긴고랑로 19 (중곡동),37.56385,127.07872,기존_광진구통합본
비상벨,비상벨,서울특별시 광진구 긴고랑로16길 50 (중곡동),37.55986,127.08172,기존_광진구통합본
비상벨,비상벨,서울특별시 광진구 답십리로78길 9-16 (중곡동),37.57104,127.08227,기존_광진구통합본
비상벨,비상벨,서울특별시 광진구 용마산로4길 26 (중곡동),37.55656,127.08957,기존_광진구통합본
비상벨,비상벨,서울특별시 광진구 천호대로110길 122 (능동),37.55231,127.07774,기존_광진구통합본
비상벨,비상벨,서울특별시 광진구 자양로22길 58(구의동),37.53982,127.08641,기존_광진구통합본
비상벨,비상벨,서울특별시 광진구 자양로47길 11 (구의동),37.55223,127.09191,기존_광진구통합본
비상벨,비상벨,서울특별시 광진구 광나루로52길 66 (구의동),37.5399,127.0923,기존_광진구통합본
비상벨,비상벨,서울특별시 광진구 광장로7길 7 (광장동),37.54825,127.10567,기존_광진구통합본
비상벨,비상벨,서울특별시 광진구 자양로15길 108 (자양동),37.5344,127.07795,기존_광진구통합본
비상벨,비상벨,서울특별시 광진구 자양로3길 7 (자양동),37.53045,127.08506,기존_광진구통합본
비상벨,비상벨,서울특별시 광진구 뚝섬로40길 31 (자양동),37.53257,127.07255,기존_광진구통합본
비상벨,비상벨,서울특별시 광진구 뚝섬로22길 89 (자양동),37.53411,127.06269,기존_광진구통합본
비상벨,비상벨,서울특별시 광진구 군자로 38 (화양동),37.5465,127.0703,기존_광진구통합본
비상벨,비상벨,서울특별시 광진구 능동로31길 12-15 (군자동),37.55639,127.0782,기존_광진구통합본
비상벨,비상벨,서울특별시 광진구 자양로30길 29 (구의동),37.54359,127.08645,기존_광진구통합본
비상벨,비상벨,서울특별시 광진구 천호대로121길 6 (중곡동),37.55551,127.08656,기존_광진구통합본
비상벨,비상벨,서울특별시 광진구 자양번영로13길 32 (자양동),37.53789,127.07513,기존_광진구통합본
비상벨,비상벨,서울특별시 광진구 동일로20길 106 (자양동),37.53933,127.06938,기존_광진구통합본
비상벨,비상벨,서울특별시 광진구 동일로66길 28 (중곡동),37.56151,127.07652,기존_광진구통합본
비상벨,비상벨,서울특별시 광진구 능동로48길 59 (중곡동),37.56199,127.08584,기존_광진구통합본
비상벨,비상벨,서울특별시 광진구 능동로55길 20 (중곡동),37.568,127.08444,기존_광진구통합본
비상벨,비상벨,서울특별시 광진구 용마산로30길 6 (중곡동),37.5683,127.08629,기존_광진구통합본
비상벨,비상벨,서울특별시 광진구 아차산로21길 97(화양동),37.54615,127.06707,기존_광진구통합본
비상벨,비상벨,서울특별시 광진구 광나루로17길 14-14 (군자동),37.54885,127.07273,기존_광진구통합본
비상벨,비상벨,서울특별시 광진구 천호대로124길 62 (능동),37.55157,127.0861,기존_광진구통합본
비상벨,비상벨,서울특별시 광진구 자양번영로8길 7 (자양동),37.53443,127.07662,기존_광진구통합본
비상벨,비상벨,서울특별시 광진구 뚝섬로50길 6 (자양동),37.53221,127.07832,기존_광진구통합본
비상벨,비상벨,서울특별시 광진구 자양번영로 81 (자양동),37.53697,127.07667,기존_광진구통합본
비상벨,비상벨,서울특별시 광진구 자양로22길 61 (구의동),37.54323,127.08783,기존_광진구통합본
비상벨,비상벨,서울특별시 광진구 아차산로62길 14-2 (구의동),37.53903,127.09365,기존_광진구통합본
비상벨,비상벨,서울특별시 광진구 광장로 64 (광장동),37.54742,127.10427,기존_광진구통합본
비상벨,비상벨,서울특별시 광진구 동일로4길 60 (자양동),37.53571,127.06409,기존_광진구통합본
비상벨,비상벨,서울특별시 광진구 긴고랑로26길 7-1 (중곡동),37.56019,127.0854,기존_광진구통합본
비상벨,비상벨,서울특별시 광진구 능동로55길 43 (중곡동),37.56801,127.08314,기존_광진구통합본
비상벨,비상벨,서울특별시 광진구 긴고랑로44길 42 (중곡동),37.55836,127.09444,기존_광진구통합본
비상벨,비상벨,서울특별시 광진구 능동로32길 82-53 (능동),37.5527,127.0818,기존_광진구통합본
비상벨,비상벨,서울특별시 광진구 아차산로57길 41 (구의동),37.54051,127.0886,기존_광진구통합본
비상벨,비상벨,서울특별시 광진구 아차산로59길 56,37.54085,127.09086,기존_광진구통합본
비상벨,비상벨,서울특별시 광진구 자양로43길 18 (구의동),37.55159,127.0907,기존_광진구통합본
비상벨,비상벨,서울특별시 광진구 아차산로58길 77 (구의동),37.53513,127.08979,기존_광진구통합본
비상벨,비상벨,서울특별시 광진구 아차산로70길 17-16 (과장동),37.54151,127.10242,기존_광진구통합본
비상벨,비상벨,서울특별시 광진구 뚝섬로49길 59 (자양동),37.53454,127.08043,기존_광진구통합본
비상벨,비상벨,서울특별시 광진구 자양번영로2길 55 (자양동),37.53006,127.07796,기존_광진구통합본
비상벨,비상벨,서울특별시 광진구 뚝섬로36길 38 (자양동),37.53294,127.07051,기존_광진구통합본
비상벨,비상벨,서울특별시 광진구 동일로4길 74 (자양동),37.53567,127.06498,기존_광진구통합본
비상벨,비상벨,서울특별시 광진구 뚝섬로24길 48 (자양동),37.5346,127.06286,기존_광진구통합본
비상벨,비상벨,서울특별시 광진구 능동로 49 (자양동),37.53444,127.06806,기존_광진구통합본
비상벨,비상벨,서울특별시 광진구 능동로 25-1 (자양동),37.53378,127.06778,기존_광진구통합본
비상벨,비상벨,서울특별시 광진구 아차산로27길 45-6 (화양동),37.54364,127.06826,기존_광진구통합본
비상벨,비상벨,서울특별시 광진구 광나루로24길 53 (화양동),37.54506,127.07811,기존_광진구통합본
비상벨,비상벨,서울특별시 광진구 군자로13길 35 (군자동),37.5519,127.07049,기존_광진구통합본
비상벨,비상벨,서울특별시 광진구 광나루로38길 67 (구의동),37.54207,127.08733,기존_광진구통합본
비상벨,비상벨,서울특별시 광진구 광장로3길 18-21 (광장동),37.54751,127.10309,기존_광진구통합본
비상벨,비상벨,서울특별시 광진구 광장로5길 12 (광장동),37.54822,127.10506,기존_광진구통합본
비상벨,비상벨,서울특별시 광진구 광장로7길 24 (광장동),37.54876,127.10537,기존_광진구통합본
비상벨,비상벨,서울특별시 광진구 광장로1길 19 (광장동),37.54783,127.10197,기존_광진구통합본
비상벨,비상벨,서울특별시 광진구 아차산로69길 36 (광장동),37.54388,127.0987,기존_광진구통합본
비상벨,비상벨,서울특별시 광진구 아차산로66길 8 (광장동),37.54133,127.09736,기존_광진구통합본
비상벨,비상벨,서울특별시 광진구 아차산로55길 81 (구의동),37.54111,127.08698,기존_광진구통합본
비상벨,비상벨,서울특별시 광진구 자양로23길 65 (구의동),37.54326,127.08366,기존_광진구통합본
비상벨,비상벨,서울특별시 광진구 광나루로54길 20 (구의동),37.54012,127.09531,기존_광진구통합본
비상벨,비상벨,서울특별시 광진구 아차산로65길 57 (구의동),37.54239,127.09235,기존_광진구통합본
비상벨,비상벨,서울특별시 광진구 구의강변로3가길 3 (구의동),37.53582,127.0916,기존_광진구통합본
비상벨,비상벨,서울특별시 광진구 구의강변로3길 39 (구의동),37.53659,127.0903,기존_광진구통합본
비상벨,비상벨,서울특별시 광진구 동일로52길 24 (군자동),37.55445,127.07243,기존_광진구통합본
비상벨,비상벨,서울특별시 광진구 동일로46길 26 (군자동),37.55355,127.07185,기존_광진구통합본
비상벨,비상벨,서울특별시 광진구 면목로5길 59 (군자동),37.55601,127.07321,기존_광진구통합본
비상벨,비상벨,서울특별시 광진구 면목로5길 49 (군자동),37.55645,127.07346,기존_광진구통합본
비상벨,비상벨,서울특별시 광진구 동일로34길 19 (군자동),37.54988,127.0697,기존_광진구통합본
비상벨,비상벨,서울특별시 광진구 광나루로13길 30 (군자동),37.54952,127.06883,기존_광진구통합본
비상벨,비상벨,서울특별시 광진구 아차산로40길 28 (자양동),37.53641,127.07814,기존_광진구통합본
비상벨,비상벨,서울특별시 광진구 아차산로44길 26 (자양동),37.53654,127.07973,기존_광진구통합본
비상벨,비상벨,서울특별시 광진구 아차산로39길 11 (자양동),37.53857,127.07718,기존_광진구통합본
비상벨,비상벨,서울특별시 광진구 뚝섬로43길 7 (자양동),37.53347,127.07673,기존_광진구통합본
비상벨,비상벨,서울특별시 광진구 뚝섬로59길 18 (자양동),37.533,127.08394,기존_광진구통합본
비상벨,비상벨,서울특별시 광진구 아차산로41길 16 (자양동),37.53858,127.07891,기존_광진구통합본
비상벨,비상벨,서울특별시 광진구 뚝섬로56길 35 (자양동),37.52999,127.08272,기존_광진구통합본
비상벨,비상벨,서울특별시 광진구 자양번영로4길 17 (자양동),37.53145,127.07655,기존_광진구통합본
비상벨,비상벨,서울특별시 광진구 뚝섬로56길 59 (자양동),37.52877,127.08288,기존_광진구통합본
비상벨,비상벨,서울특별시 광진구 뚝섬로64길 14 (자양동),37.53309,127.08886,기존_광진구통합본
비상벨,비상벨,서울특별시 광진구 뚝섬로64길 70 (자양동),37.53054,127.08914,기존_광진구통합본
비상벨,비상벨,서울특별시 광진구 뚝섬로34길 13 (자양동),37.53413,127.06976,기존_광진구통합본
비상벨,비상벨,서울특별시 광진구 능동로4길 13 (자양동),37.53338,127.06855,기존_광진구통합본
비상벨,비상벨,서울특별시 광진구 뚝섬로37길 28 (자양동),37.53545,127.07557,기존_광진구통합본
비상벨,비상벨,서울특별시 광진구 뚝섬로22길 8 (자양동),37.53653,127.06163,기존_광진구통합본
비상벨,비상벨,서울특별시 광진구 뚝섬로25길 23 (자양동),37.53706,127.06469,기존_광진구통합본
비상벨,비상벨,서울특별시 광진구 능동로5길 7 (자양동),37.53708,127.06807,기존_광진구통합본
비상벨,비상벨,서울특별시 광진구 뚝섬로27길 43 (자양동),37.53781,127.0662,기존_광진구통합본
비상벨,비상벨,서울특별시 광진구 용마산로3길 98 (중곡동),37.55732,127.0831,기존_광진구통합본
비상벨,비상벨,서울특별시 광진구 긴고랑로7길 69 (중곡동),37.56638,127.08068,기존_광진구통합본
비상벨,비상벨,서울특별시 광진구 긴고랑로9길 46 (중곡동),37.56556,127.0819,기존_광진구통합본
비상벨,비상벨,서울특별시 광진구 용마산로28길 24 (중곡동),37.56791,127.08702,기존_광진구통합본
비상벨,비상벨,서울특별시 광진구 능동로15길 11 (화양동),37.54518,127.07213,기존_광진구통합본
비상벨,비상벨,서울특별시 광진구 능동로13길 39 (화양동),37.54411,127.06975,기존_광진구통합본
비상벨,비상벨,서울특별시 광진구 군자로2길 4 (화양동),37.54433,127.07163,기존_광진구통합본
비상벨,비상벨,서울특별시 광진구 면목로 127 (중곡동),37.56515,127.08075,기존_광진구통합본
비상벨,비상벨,서울특별시 광진구 긴고랑로3길 19-2 (중곡동),37.56538,127.0783,기존_광진구통합본
비상벨,비상벨,서울특별시 광진구 용마산로7길 59 (중곡동),37.55997,127.08464,기존_광진구통합본
비상벨,비상벨,서울특별시 광진구 긴고랑로17길11 (중곡동),37.56299,127.08409,기존_광진구통합본
비상벨,비상벨,서울특별시 광진구 답십리로74길 15 (중곡동),37.57101,127.08051,기존_광진구통합본
비상벨,비상벨,서울특별시 광진구 긴고랑로38길 14 (중곡동),37.55843,127.09036,기존_광진구통합본
비상벨,비상벨,서울특별시 광진구 자양로43길 123 (중곡동),37.55593,127.08901,기존_광진구통합본
비상벨,비상벨,서울특별시 광진구 용마산로30길 49 (중곡동),37.56863,127.08898,기존_광진구통합본
비상벨,비상벨,서울특별시 광진구 아차산로33길 16-8 (화양동),37.54106,127.07033,기존_광진구통합본
비상벨,비상벨,서울특별시 광진구 아차산로25길 76 (화양동),37.54454,127.06815,기존_광진구통합본
비상벨,비상벨,서울특별시 광진구 면목로5길 15 (군자동),37.55657,127.07507,기존_광진구통합본
비상벨,비상벨,서울특별시 광진구 능동로32길 29 (능동),37.55489,127.08007,기존_광진구통합본
비상벨,비상벨,서울특별시 광진구 능동로32길 82-26,37.55332,127.08552,기존_광진구통합본
비상벨,비상벨,서울특별시 광진구 아차산로45길 31 (자양동),37.53824,127.07999,기존_광진구통합본
비상벨,비상벨,서울특별시 광진구 뚝섬로52다길 45 (자양동),37.52976,127.08148,기존_광진구통합본
비상벨,비상벨,서울특별시 광진구 자양번영로9길 16-4 (자양동),37.53645,127.0756,기존_광진구통합본
비상벨,비상벨,서울특별시 광진구 뚝섬로40길 65 (자양동),37.53137,127.07153,기존_광진구통합본
비상벨,비상벨,서울특별시 광진구 뚝섬로27길 19 (자양동),37.53693,127.06583,기존_광진구통합본
비상벨,비상벨,서울특별시 광진구 광나루로40길 34 (구의동),37.54333,127.08927,기존_광진구통합본
비상벨,비상벨,서울특별시 광진구 천호대로134길 31 (구의동),37.54821,127.08972,기존_광진구통합본
비상벨,비상벨,서울특별시 광진구 자양로37길 22-10 (구의동),37.54868,127.08741,기존_광진구통합본
비상벨,비상벨,서울특별시 광진구 아차산로 63길 17 (구의동),37.54042,127.09241,기존_광진구통합본
비상벨,비상벨,서울특별시 광진구 자양로51길 46,37.55477,127.09138,기존_광진구통합본
비상벨,비상벨,서울특별시 광진구 아차산로 78길 153 (광장동),37.5485,127.10918,기존_광진구통합본
비상벨,비상벨,서울특별시 광진구 광장로9길 6 (광장동),37.54822,127.10613,기존_광진구통합본
비상벨,비상벨,서울특별시 광진구 능동로3다길 4 (자양동),37.53398,127.06502,기존_광진구통합본
비상벨,비상벨,서울특별시 광진구 긴고랑로 12길 40 (중곡동),37.5612,127.07987,기존_광진구통합본
비상벨,비상벨,서울특별시 광진구 긴고랑로 26길 23 (중곡동),37.55858,127.08244,기존_광진구통합본
비상벨,비상벨,서울특별시 광진구 영화사로9가길 39-15 (중곡동),37.55656,127.09367,기존_광진구통합본
비상벨,비상벨,서울특별시 광진구 동일로 44길 17 (군자동),37.5531,127.07133,기존_광진구통합본
비상벨,비상벨,서울특별시 광진구 능동로 32길 35 (능동),37.55474,127.08081,기존_광진구통합본
비상벨,비상벨,서울특별시 광진구 뚝섬로 631 (자양동),37.53211,127.07974,기존_광진구통합본
비상벨,비상벨,서울특별시 광진구 뚝섬로 700 (자양동),37.53302,127.08694,기존_광진구통합본
비상벨,비상벨,서울특별시 광진구 자양번영로 3길 27 (자양동),37.53211,127.07342,기존_광진구통합본
비상벨,비상벨,서울특별시 광진구 능동로 3길 20 (자양동),37.53363,127.06658,기존_광진구통합본
비상벨,비상벨,서울특별시 광진구 자양로28길 14 (구의동),37.54236,127.08507,기존_광진구통합본
비상벨,비상벨,서울특별시 광진구 자양로44가길 18 (구의동),37.55089,127.09434,기존_광진구통합본
비상벨,비상벨,서울특별시 광진구 구의로10길 12 (구의동),37.54215,127.09092,기존_광진구통합본
비상벨,비상벨,서울특별시 광진구 광장로1가길 49 (광장동),37.54854,127.09989,기존_광진구통합본
비상벨,비상벨,서울특별시 광진구 용마산로22길 82 (중곡동),37.5672,127.08895,기존_광진구통합본
비상벨,비상벨,서울특별시 광진구 용마산로22길 82 (중곡동),37.56726,127.08838,기존_광진구통합본
비상벨,비상벨,서울특별시 광진구 용마산로22길 82 (중곡동),37.56725,127.08795,기존_광진구통합본
비상벨,비상벨,서울특별시 광진구 용마산로22길 82 (중곡동),37.56686,127.08787,기존_광진구통합본
비상벨,비상벨,서울특별시 광진구 동일로 64길 20 (중곡동),37.56058,127.0759,기존_광진구통합본
비상벨,비상벨,서울특별시 광진구 능동로46길 28 (중곡동),37.56075,127.08404,기존_광진구통합본
비상벨,비상벨,서울특별시 광진구 동일로78길 46-33 (중곡동),37.56842,127.08109,기존_광진구통합본
비상벨,비상벨,서울특별시 광진구 긴고랑로 36길57 (중곡동),37.55707,127.09126,기존_광진구통합본
비상벨,비상벨,서울특별시 광진구 용마산로8가길 20-15 (중곡동),37.56027,127.08969,기존_광진구통합본
비상벨,비상벨,서울특별시 광진구 긴고랑로 36길 5 (중곡동),37.55868,127.089,기존_광진구통합본
비상벨,비상벨,서울특별시 광진구 광장로1다길31 (광장동),37.55009,127.10233,기존_광진구통합본
비상벨,비상벨,서울특별시 광진구 자양로 13길 31-8 (자양동),37.53442,127.08288,기존_광진구통합본
비상벨,비상벨,서울특별시 광진구 뚝섬로56길47 (자양동),37.52936,127.08277,기존_광진구통합본
비상벨,비상벨,서울특별시 광진구 자양번영로3길38-10 (자양동),37.53249,127.07342,기존_광진구통합본
비상벨,비상벨,서울특별시 광진구 동일로10가길23 (자양동),37.53868,127.06383,기존_광진구통합본
비상벨,비상벨,서울특별시 광진구 자양로28길 98 (구의동),37.54154,127.0895,기존_광진구통합본
비상벨,비상벨,서울특별시 광진구 자양로48길 20 (구의동),37.55133,127.09317,기존_광진구통합본
비상벨,비상벨,서울특별시 광진구 자양로53길21,37.55441,127.09272,기존_광진구통합본
비상벨,비상벨,서울특별시 광진구 아차산로25길 20-9 (화양동),37.54213,127.06739,기존_광진구통합본
비상벨,비상벨,서울특별시 광진구 동일로 30길 28 (화양동),37.54758,127.0688,기존_광진구통합본
비상벨,비상벨,서울특별시 광진구 면목로1길 19 (군자동),37.55507,127.07453,기존_광진구통합본
비상벨,비상벨,서울특별시 광진구 능동로 48길 36 (중곡동),37.56224,127.08446,기존_광진구통합본
비상벨,비상벨,서울특별시 광진구 아차산 순환도로 (광장동),37.55117,127.1005,기존_광진구통합본
비상벨,비상벨,서울특별시 광진구 천호대로102길 58 (군자동),37.55673,127.07315,기존_광진구통합본
비상벨,비상벨,서울특별시 광진구 자양로18길 72 (구의동),37.53833,127.08744,기존_광진구통합본
비상벨,비상벨,서울특별시 광진구 면목로 172 (중곡동),37.56864,127.08282,기존_광진구통합본
비상벨,비상벨,서울특별시 광진구 동일로22길 89 (화양동),37.54116,127.06918,기존_광진구통합본
비상벨,비상벨,서울특별시 광진구 자양로15길 56 (자양동),37.53531,127.08059,기존_광진구통합본
비상벨,비상벨,서울특별시 광진구 긴고랑로 185-2 (중곡동),37.56021,127.09478,기존_광진구통합본
비상벨,비상벨,서울특별시 광진구 자양로44길 30-1 (구의동),37.55043,127.09311,기존_광진구통합본
비상벨,비상벨,서울특별시 광진구 자양로2길 6 (자양동),37.5307,127.0872,기존_광진구통합본
비상벨,비상벨,서울특별시 광진구 동일로56가길 19-16,37.55437,127.07305,기존_광진구통합본
비상벨,비상벨,서울특별시 광진구 동일로56가길 19-16,37.53395,127.09015,기존_광진구통합본
비상벨,비상벨,서울특별시 광진구 긴고랑로38,37.56283,127.08032,기존_광진구통합본
비상벨,비상벨,서울특별시 광진구 긴고랑로30길34,37.55825,127.08699,기존_광진구통합본
비상벨,비상벨,서울특별시 광진구 능동로40길13,37.55802,127.08086,기존_광진구통합본
비상벨,비상벨,서울특별시 광진구 긴고랑로26길23,37.55933,127.08501,기존_광진구통합본
비상벨,비상벨,서울특별시 광진구 동일로78길47,37.56876,127.08212,기존_광진구통합본
비상벨,비상벨,서울특별시 광진구 능동로53길24-1,37.56666,127.08318,기존_광진구통합본
비상벨,비상벨,서울특별시 광진구 능동로50길 31-9,37.56393,127.08525,기존_광진구통합본
비상벨,비상벨,서울특별시 광진구 면목로182,37.56941,127.08317,기존_광진구통합본
비상벨,비상벨,서울특별시 광진구 면목로13길 17,37.56922,127.0824,기존_광진구통합본
비상벨,비상벨,서울특별시 광진구 용마산로33길 41,37.57023,127.08382,기존_광진구통합본
비상벨,비상벨,서울특별시 광진구 용마산로28나길15,37.56825,127.08798,기존_광진구통합본
비상벨,비상벨,서울특별시 광진구 천호대로127길19,37.55366,127.08983,기존_광진구통합본
비상벨,비상벨,서울특별시 광진구 용마산로20길9-1,37.56268,127.08772,기존_광진구통합본
비상벨,비상벨,서울특별시 광진구 용마산로8나길 36,37.56015,127.09053,기존_광진구통합본
비상벨,비상벨,서울특별시 광진구 긴고랑로 39길 54,37.55932,127.09282,기존_광진구통합본
비상벨,비상벨,서울특별시 광진구 천호대로112길 60,37.55351,127.08017,기존_광진구통합본
비상벨,비상벨,서울특별시 광진구 영화사로13길21,37.55514,127.09445,기존_광진구통합본
비상벨,비상벨,서울특별시 광진구 자양로209,37.5459,127.0859,기존_광진구통합본
비상벨,비상벨,서울특별시 광진구 광장로5길 25-1,37.54865,127.10495,기존_광진구통합본
비상벨,비상벨,서울특별시 광진구 광나루로595,37.54253,127.09458,기존_광진구통합본
비상벨,비상벨,서울특별시 광진구 천호대로 798,37.54562,127.10196,기존_광진구통합본
비상벨,비상벨,서울특별시 광진구 아차산로 78길 90,37.55118,127.11069,기존_광진구통합본
비상벨,비상벨,서울특별시 광진구 군자로 183,37.55677,127.07821,기존_광진구통합본
비상벨,비상벨,서울특별시 광진구 천호대로102길60,37.55652,127.07283,기존_광진구통합본
비상벨,비상벨,서울특별시 광진구 면목로38,37.55741,127.07664,기존_광진구통합본
비상벨,비상벨,서울특별시 광진구 능동로 267-14,37.55418,127.07678,기존_광진구통합본
비상벨,비상벨,서울특별시 광진구 자양로18길6,37.53735,127.08387,기존_광진구통합본
비상벨,비상벨,서울특별시 광진구 자양로25길 14-1,37.54167,127.08301,기존_광진구통합본
비상벨,비상벨,서울특별시 광진구 광나루로 38길 8,37.54437,127.08802,기존_광진구통합본
비상벨,비상벨,서울특별시 광진구 아차산로53길 62-14,37.54027,127.08615,기존_광진구통합본
비상벨,비상벨,서울특별시 광진구 아차산로 401-9,37.53779,127.08701,기존_광진구통합본
비상벨,비상벨,서울특별시 광진구 광나루로44길55,37.54186,127.09121,기존_광진구통합본
비상벨,비상벨,서울특별시 광진구 아차산로58가길15,37.5359,127.09036,기존_광진구통합본
비상벨,비상벨,서울특별시 광진구 뚝섬로47길29,37.53369,127.07867,기존_광진구통합본
비상벨,비상벨,서울특별시 광진구 자양로13다길10,37.53271,127.07928,기존_광진구통합본
비상벨,비상벨,서울특별시 광진구 뚝섬로681,37.53227,127.08502,기존_광진구통합본
비상벨,비상벨,서울특별시 광진구 자양로 117,37.5389,127.08241,기존_광진구통합본
비상벨,비상벨,서울특별시 광진구 자양로11길 11-1,37.53456,127.08328,기존_광진구통합본
비상벨,비상벨,서울특별시 광진구 자양로13길 20,37.53526,127.08295,기존_광진구통합본
비상벨,비상벨,서울특별시 광진구 자양로4가길6-10,37.53204,127.08727,기존_광진구통합본
비상벨,비상벨,서울특별시 광진구 뚝섬로52길 71,37.52922,127.07837,기존_광진구통합본
비상벨,비상벨,서울특별시 광진구 뚝섬로703-1,37.53318,127.08757,기존_광진구통합본
비상벨,비상벨,서울특별시 광진구 뚝섬로 54길 61,37.52895,127.07978,기존_광진구통합본
비상벨,비상벨,서울특별시 광진구 자양번영로1길15,37.53058,127.07412,기존_광진구통합본
비상벨,비상벨,서울특별시 광진구 자양번영로 7길 3,37.53551,127.07636,기존_광진구통합본
비상벨,비상벨,서울특별시 광진구 자양동 84-27,37.53305,127.06438,기존_광진구통합본
비상벨,비상벨,서울특별시 광진구 뚝섬로27길3,37.5361,127.06594,기존_광진구통합본
비상벨,비상벨,서울특별시 광진구 아차산로24길 17,37.54017,127.06485,기존_광진구통합본
비상벨,비상벨,서울특별시 광진구 아차산로192,37.54129,127.0645,기존_광진구통합본
비상벨,비상벨,서울특별시 광진구 자양강변길 119,37.53216,127.06511,기존_광진구통합본
비상벨,비상벨,서울특별시 광진구 동일로26길 47,37.54463,127.06861,기존_광진구통합본
비상벨,비상벨,서울특별시 광진구 동일로28길54,37.54592,127.06948,기존_광진구통합본
비상벨,비상벨,서울특별시 광진구 아차산로 23길 45,37.54392,127.06687,기존_광진구통합본
비상벨,비상벨,서울특별시 광진구 아차산로 21길 109,37.54655,127.06739,기존_광진구통합본
비상벨,비상벨,서울특별시 광진구 광나루로 14길 26,37.54683,127.06836,기존_광진구통합본
비상벨,비상벨,서울특별시 광진구 능동로 16길 14,37.54483,127.07387,기존_광진구통합본
비상벨,비상벨,서울특별시 광진구 긴고랑로7길 101,37.56751,127.08137,기존_광진구통합본
비상벨,비상벨,서울특별시 광진구 천호대로119길 16,37.55537,127.08617,기존_광진구통합본
비상벨,비상벨,서울특별시 광진구 용마산로 33길 9-7,37.56975,127.08539,기존_광진구통합본
비상벨,비상벨,서울특별시 광진구 영화사로 16,37.55773,127.08931,기존_광진구통합본
비상벨,비상벨,서울특별시 광진구 긴고랑로 44길 26-12,37.55857,127.0945,기존_광진구통합본
비상벨,비상벨,서울특별시 광진구 천호대로 114길 58,37.55323,127.08162,기존_광진구통합본
비상벨,비상벨,서울특별시 광진구 자양로 237-1,37.54782,127.08806,기존_광진구통합본
비상벨,비상벨,서울특별시 광진구 영화사로 11길 39,37.55604,127.09512,기존_광진구통합본
비상벨,비상벨,서울특별시 광진구 광장로 7길 27,37.54898,127.10556,기존_광진구통합본
비상벨,비상벨,서울특별시 광진구 동일로56길 48,37.55536,127.07461,기존_광진구통합본
비상벨,비상벨,서울특별시 광진구 동일로38길 17,37.55124,127.07041,기존_광진구통합본
비상벨,비상벨,서울특별시 광진구 동일로 212,37.55053,127.06923,기존_광진구통합본
비상벨,비상벨,서울특별시 광진구 군자로10길22,37.54887,127.07189,기존_광진구통합본
비상벨,비상벨,서울특별시 광진구 천호대로 104길22,37.55755,127.07535,기존_광진구통합본
비상벨,비상벨,서울특별시 광진구 광나루로 19길51,37.54976,127.07265,기존_광진구통합본
비상벨,비상벨,서울특별시 광진구 광나루로19길 31,37.54897,127.0733,기존_광진구통합본
비상벨,비상벨,서울특별시 광진구 광나루로 16길 18,37.5468,127.06919,기존_광진구통합본
비상벨,비상벨,서울특별시 광진구 군자로 43,37.54706,127.07027,기존_광진구통합본
비상벨,비상벨,서울특별시 광진구 능동로 17길 6,37.54611,127.07297,기존_광진구통합본
비상벨,비상벨,서울특별시 광진구 군자로 5길 29,37.5448,127.06951,기존_광진구통합본
비상벨,비상벨,서울특별시 광진구 능동로 13길 39,37.54333,127.0704,기존_광진구통합본
비상벨,비상벨,서울특별시 광진구 광나루로 14길 31,37.54634,127.06813,기존_광진구통합본
비상벨,비상벨,서울특별시 광진구 아차산로39길 36,37.53894,127.07569,기존_광진구통합본
비상벨,비상벨,서울특별시 광진구 아차산로 78길 18,37.5504,127.10976,기존_광진구통합본
비상벨,비상벨,서울특별시 광진구 아차산로 75길 9,37.54628,127.10468,기존_광진구통합본
비상벨,비상벨,서울특별시 광진구 능동로 25길 48,37.5531,127.07471,기존_광진구통합본
비상벨,비상벨,서울특별시 광진구 능동로 21길 14-10,37.55175,127.07582,기존_광진구통합본
비상벨,비상벨,서울특별시 광진구 군자로 160-1,37.55511,127.07674,기존_광진구통합본
비상벨,비상벨,서울특별시 광진구 동일로 26길 9,37.54531,127.06668,기존_광진구통합본
비상벨,비상벨,서울특별시 광진구 면목로9길31,37.56079,127.07662,기존_광진구통합본
비상벨,비상벨,서울특별시 광진구 천호대로123길83-13,37.55913,127.08591,기존_광진구통합본
비상벨,비상벨,서울특별시 광진구 면목로15길30,37.56907,127.0813,기존_광진구통합본
비상벨,비상벨,서울특별시 광진구 용마산로22길9,37.56358,127.08772,기존_광진구통합본
비상벨,비상벨,서울특별시 광진구 능동로24길60-84길,37.55254,127.08014,기존_광진구통합본
비상벨,비상벨,서울특별시 광진구 군자로11길11,37.55078,127.07019,기존_광진구통합본
비상벨,비상벨,서울특별시 광진구 군자로15길21,37.55442,127.07351,기존_광진구통합본
비상벨,비상벨,서울특별시 광진구 광장로1-20,37.54638,127.10153,기존_광진구통합본
비상벨,비상벨,서울특별시 광진구 광장로77,37.54771,127.10573,기존_광진구통합본
비상벨,비상벨,서울특별시 광진구 광장로89,37.548,127.10692,기존_광진구통합본
비상벨,비상벨,서울특별시 광진구 영화사로3나길 28,37.55709,127.09369,기존_광진구통합본
비상벨,비상벨,서울특별시 광진구 용마사로30길 37,37.56865,127.08808,기존_광진구통합본
비상벨,비상벨,서울특별시 광진구 자양로37길 85,37.54747,127.0858,기존_광진구통합본
비상벨,비상벨,서울특별시 광진구 광장로1나길 8,37.54818,127.10197,기존_광진구통합본
비상벨,비상벨,서울특별시 광진구 자양로15길 27,37.53556,127.08238,기존_광진구통합본
비상벨,비상벨,서울특별시 광진구 아차산로44가길 16,37.53565,127.07975,기존_광진구통합본
비상벨,비상벨,서울특별시 광진구 뚝섬로58길 58,37.52958,127.08522,기존_광진구통합본
비상벨,비상벨,서울특별시 광진구 뚝섬로33길 34,37.53634,127.06992,기존_광진구통합본
비상벨,비상벨,서울특별시 광진구 아차산로21길 62,37.54446,127.06622,기존_광진구통합본
비상벨,비상벨,서울특별시 광진구 면목로114,37.56366,127.08013,기존_광진구통합본
비상벨,비상벨,서울특별시 광진구 능동로 237,37.55104,127.07614,기존_광진구통합본
비상벨,비상벨,서울특별시 광진구 군자로 114,37.54914,127.07518,기존_광진구통합본
비상벨,비상벨,서울특별시 광진구 아차산로39길 38-7,37.53923,127.0752,기존_광진구통합본
비상벨,비상벨,서울특별시 광진구 아차산로39가길 8,37.53915,127.07675,기존_광진구통합본
비상벨,비상벨,서울특별시 광진구 광장로1다길 23,37.54511,127.09887,기존_광진구통합본
비상벨,비상벨,서울특별시 광진구 광장동 5-119,37.55141,127.10197,기존_광진구통합본
비상벨,비상벨,서울특별시 광진구 광장동 5-116,37.55175,127.1035,기존_광진구통합본
비상벨,비상벨,서울특별시 광진구 용마산로22길 76,37.56586,127.08827,기존_광진구통합본
비상벨,비상벨,서울특별시 광진구 군자동 111-2,37.55324,127.07325,기존_광진구통합본
비상벨,비상벨,서울특별시 광진구 자양로37길 43,37.54895,127.08595,기존_광진구통합본
비상벨,비상벨,서울특별시 광진구 자양로37길 38-6,37.54884,127.08663,기존_광진구통합본
비상벨,비상벨,서울특별시 광진구 구의동 4-20,37.55317,127.09835,기존_광진구통합본
비상벨,비상벨,서울특별시 광진구 워커힐로 32,37.54473,127.09759,기존_광진구통합본
비상벨,비상벨,서울특별시 광진구 강변역로 18,37.53772,127.09166,기존_광진구통합본
비상벨,비상벨,서울특별시 광진구 자양강변길 301,37.52944,127.07532,기존_광진구통합본
비상벨,비상벨,서울특별시 광진구 뚝섬로44길 56,37.53031,127.0756,기존_광진구통합본
비상벨,비상벨,서울특별시 광진구 뚝섬로 561,37.53397,127.07253,기존_광진구통합본
비상벨,비상벨,서울특별시 광진구 천호대로138길 40,37.54739,127.0921,기존_광진구통합본
비상벨,비상벨,서울특별시 광진구 광장로1가길 13,37.54749,127.10122,기존_광진구통합본
비상벨,비상벨,서울특별시 광진구 자양로 35,37.53091,127.08628,기존_광진구통합본
비상벨,비상벨,서울특별시 광진구 자양로3길 16,37.53061,127.08561,기존_광진구통합본
비상벨,비상벨,서울특별시 광진구 뚝섬로64길 45,37.53114,127.09032,기존_광진구통합본
비상벨,비상벨,서울특별시 광진구 자양동 783-2,37.53575,127.07439,기존_광진구통합본
비상벨,비상벨,서울특별시 광진구 능동로3길 61-8,37.53382,127.06383,기존_광진구통합본
비상벨,비상벨,서울특별시 광진구 자양동 57-2,37.53273,127.06291,기존_광진구통합본
비상벨,비상벨,서울특별시 광진구 광나루로30길 80,37.54307,127.08037,기존_광진구통합본
비상벨,비상벨,서울특별시 광진구 뚝섬로58길 68,37.52926,127.08454,기존_광진구통합본
비상벨,비상벨,서울특별시 광진구 아차산로70 17-16,37.54058,127.10274,기존_광진구통합본
비상벨,비상벨,서울특별시 광진구 동일로22길 117-20,37.54128,127.07084,기존_광진구통합본
비상벨,비상벨,서울특별시 광진구 아차산로27길 60,37.54406,127.06899,기존_광진구통합본
비상벨,비상벨,서울특별시 광진구 능동로103,37.54017,127.07055,기존_광진구통합본
비상벨,비상벨,서울특별시 광진구 아차산로27길 20,37.54261,127.06802,기존_광진구통합본
비상벨,비상벨,서울특별시 광진구 광나루로22가길 12,37.54597,127.07553,기존_광진구통합본
비상벨,비상벨,서울특별시 광진구 아차산로23길 23-5,37.54327,127.06614,기존_광진구통합본
비상벨,비상벨,서울특별시 광진구 군자로6길 20,37.54593,127.07174,기존_광진구통합본
비상벨,비상벨,서울특별시 광진구 군자로6길 51,37.54581,127.0723,기존_광진구통합본
비상벨,비상벨,서울특별시 광진구 천호대로111길 9,37.55694,127.08217,기존_광진구통합본
비상벨,비상벨,서울특별시 광진구 천호대로 585,37.55594,127.08322,기존_광진구통합본
비상벨,비상벨,서울특별시 광진구 천호대로 115길 29,37.5571,127.08394,기존_광진구통합본
비상벨,비상벨,서울특별시 광진구 긴고랑로20길 28,37.56003,127.08321,기존_광진구통합본
비상벨,비상벨,서울특별시 광진구 동일로 338,37.56084,127.07502,기존_광진구통합본
비상벨,비상벨,서울특별시 광진구 동일로 360,37.56299,127.07579,기존_광진구통합본
비상벨,비상벨,서울특별시 광진구 동일로68길 49,37.5612,127.07835,기존_광진구통합본
비상벨,비상벨,서울특별시 광진구 용마산로 183,37.57009,127.08609,기존_광진구통합본
비상벨,비상벨,서울특별시 광진구 용마산로22길 5-8,37.56121,127.08725,기존_광진구통합본
비상벨,비상벨,서울특별시 광진구 용마산로22길 19-19,37.5646,127.088,기존_광진구통합본
비상벨,비상벨,서울특별시 광진구 용마산로8라길 30,37.56121,127.09047,기존_광진구통합본
비상벨,비상벨,서울특별시 광진구 자양로51길 28,37.55401,127.09231,기존_광진구통합본
비상벨,비상벨,서울특별시 광진구 천호대로 623-1,37.55435,127.18707,기존_광진구통합본
비상벨,비상벨,서울특별시 광진구 능동로36길 186,37.55238,127.08842,기존_광진구통합본
비상벨,비상벨,서울특별시 광진구 자양로41길 26-9,37.55039,127.08989,기존_광진구통합본
비상벨,비상벨,서울특별시 광진구 자양로 282,37.55092,127.09155,기존_광진구통합본
비상벨,비상벨,서울특별시 광진구 자양로37길 38,37.54872,127.08639,기존_광진구통합본
비상벨,비상벨,서울특별시 광진구 뚝섬로52가길 42,37.53081,127.08158,기존_광진구통합본
비상벨,비상벨,서울특별시 광진구 뚝섬로52가길 10,37.53125,127.07997,기존_광진구통합본
비상벨,비상벨,서울특별시 광진구 뚝섬로24길 74,37.53301,127.06225,기존_광진구통합본
비상벨,비상벨,서울특별시 광진구 용마산로 160,37.56804,127.08617,기존_광진구통합본
비상벨,비상벨,서울특별시 광진구 뚝섬로31가길 12,37.53612,127.06733,기존_광진구통합본
비상벨,비상벨,서울특별시 광진구 자양로15길 72,37.53502,127.07974,기존_광진구통합본
비상벨,비상벨,서울특별시 광진구 군자로 96-14,37.55133,127.07181,기존_광진구통합본
비상벨,비상벨,서울특별시 광진구 군자로2길 4,37.54446,127.01526,기존_광진구통합본
비상벨,비상벨,서울특별시 광진구 용마산로8마길 26,37.56131,127.09084,기존_광진구통합본
비상벨,비상벨,서울특별시 광진구 면목로 136-1,37.56551,127.08112,기존_광진구통합본
비상벨,비상벨,서울특별시 광진구 뚝섬로58가길 9,37.53072,127.08424,기존_광진구통합본
비상벨,비상벨,서울특별시 광진구 강변역로 53,37.53559,127.09384,기존_광진구통합본
비상벨,비상벨,서울특별시 광진구 자양로 96,37.53621,127.0839,기존_광진구통합본
비상벨,비상벨,서울특별시 광진구 구의로3길 11,37.54025,127.08794,기존_광진구통합본
비상벨,비상벨,서울특별시 광진구 구의로 19,37.53969,127.08939,기존_광진구통합본
비상벨,비상벨,서울특별시 광진구 천호대로107길 40,37.5594,127.07916,기존_광진구통합본
비상벨,비상벨,서울특별시 광진구 동일로32길 14-6,37.54908,127.0689,기존_광진구통합본
비상벨,비상벨,서울특별시 광진구 면목로 5길 36,37.55658,127.07408,기존_광진구통합본
비상벨,비상벨,서울특별시 광진구 아차산로 241,37.54029,127.07021,기존_광진구통합본
비상벨,비상벨,서울특별시 광진구 영화사로3길 53,37.55824,127.09265,기존_광진구통합본
비상벨,비상벨,서울특별시 광진구 뚝섬로50길 39,37.53063,127.07782,기존_광진구통합본
비상벨,비상벨,서울특별시 광진구 구의강변로 77,37.53769,127.0933,기존_광진구통합본
비상벨,비상벨,서울특별시 광진구 자양로 130,37.5395,127.08337,기존_광진구통합본
비상벨,비상벨,서울특별시 광진구 뚝섬로23가길 35,37.53867,127.0659,기존_광진구통합본
비상벨,비상벨,서울특별시 광진구 뚝섬로 515,37.53564,127.06755,기존_광진구통합본
비상벨,비상벨,서울특별시 광진구 광나루로13길 16,37.549,127.0686,기존_광진구통합본
비상벨,비상벨,서울특별시 광진구 능동로 160,37.54487,127.07313,기존_광진구통합본
비상벨,비상벨,서울특별시 광진구 능동로19길 10,37.54705,127.07328,기존_광진구통합본
비상벨,비상벨,서울특별시 광진구 광나루로 424,37.54607,127.07634,기존_광진구통합본
비상벨,비상벨,서울특별시 광진구 능동로23길 12,37.55212,127.07613,기존_광진구통합본
비상벨,비상벨,서울특별시 광진구 아차산로 306,37.538,127.07703,기존_광진구통합본
비상벨,비상벨,서울특별시 광진구 자양로23나길 7,37.54222,127.08263,기존_광진구통합본
비상벨,비상벨,서울특별시 광진구 아차산로 401,37.53759,127.08735,기존_광진구통합본
비상벨,비상벨,서울특별시 광진구 뚝섬로64길 50,37.5313,127.08904,기존_광진구통합본
비상벨,비상벨,서울특별시 광진구 자양로44길 113,37.55089,127.09696,기존_광진구통합본
비상벨,비상벨,서울특별시 광진구 아차산로76길 34,37.54665,127.10738,기존_광진구통합본
비상벨,비상벨,서울특별시 광진구 아차산로78가길 3,37.54951,127.10931,기존_광진구통합본
비상벨,비상벨,서울특별시 광진구 아차산로55길 61,37.54012,127.08655,기존_광진구통합본
비상벨,비상벨,서울특별시 광진구 뚝섬로57길 50,37.53394,127.08245,기존_광진구통합본
비상벨,비상벨,서울특별시 광진구 자양로3길 65-9,37.52926,127.08315,기존_광진구통합본
비상벨,비상벨,서울특별시 광진구 군자로13길 18-7,37.55272,127.07094,기존_광진구통합본
비상벨,비상벨,서울특별시 광진구 동일로60길 14,37.55848,127.07405,기존_광진구통합본
비상벨,비상벨,서울특별시 광진구 천호대로129길 49,37.55369,127.09187,기존_광진구통합본
비상벨,비상벨,서울특별시 광진구 뚝섬로26길 5,37.53615,127.06454,기존_광진구통합본
비상벨,비상벨,서울특별시 광진구 영화사로9나길 32,37.55759,127.09572,기존_광진구통합본
비상벨,비상벨,서울특별시 광진구 광나루로40길 56,37.54229,127.08899,기존_광진구통합본
비상벨,비상벨,서울특별시 광진구 자양로50길 22-8,37.55182,127.09369,기존_광진구통합본
비상벨,비상벨,서울특별시 광진구 용마산로14길 9-5,37.56152,127.08797,기존_광진구통합본
비상벨,비상벨,서울특별시 광진구 천호대로119길 61,37.55755,127.08585,기존_광진구통합본
비상벨,비상벨,서울특별시 광진구 자양로42길 44 (구의동),37.54832,127.09216,기존_광진구통합본
비상벨,비상벨,서울특별시 광진구 광나루로52길 12 (구의동),37.54125,127.09432,기존_광진구통합본
비상벨,비상벨,서울특별시 광진구 아차산로60길 13-8,37.53804,127.09237,기존_광진구통합본
비상벨,비상벨,서울특별시 광진구 아차산로59길 49 (구의동),37.5406,127.09066,기존_광진구통합본
비상벨,비상벨,서울특별시 광진구 광나루로44길 32 (구의동),37.54288,127.09113,기존_광진구통합본
비상벨,비상벨,서울특별시 광진구 광나루로56길 86 (구의동),37.53675,127.09481,기존_광진구통합본
비상벨,비상벨,서울특별시 광진구 광나루로56길 86 (구의동),37.53735,127.09452,기존_광진구통합본
비상벨,비상벨,서울특별시 광진구 동일로56길 29 (군자동),37.55601,127.07374,기존_광진구통합본
비상벨,비상벨,서울특별시 광진구 천호대로116길 66 (능동),37.55242,127.08298,기존_광진구통합본
비상벨,비상벨,서울특별시 광진구 능동로30길 23 (능동),37.55356,127.07928,기존_광진구통합본
비상벨,비상벨,서울특별시 광진구 능동로30길 23 (능동),37.55374,127.07943,기존_광진구통합본
비상벨,비상벨,서울특별시 광진구 자양로13길 41 (자양동),37.53435,127.08221,기존_광진구통합본
비상벨,비상벨,서울특별시 광진구 아차산로40길 46 (자양동),37.53582,127.07771,기존_광진구통합본
비상벨,비상벨,서울특별시 광진구 뚝섬로62길 24 (자양동),37.53213,127.08783,기존_광진구통합본
비상벨,비상벨,서울특별시 광진구 뚝섬로34길 25-19 (자양동),37.53366,127.06985,기존_광진구통합본
비상벨,비상벨,서울특별시 광진구 아차산로32길 17 (자양동),37.53926,127.06823,기존_광진구통합본
비상벨,비상벨,서울특별시 광진구 아차산로32길 17 (자양동),37.53913,127.06856,기존_광진구통합본
비상벨,비상벨,서울특별시 광진구 자양1동 859-1,37.53859,127.08173,기존_광진구통합본
비상벨,비상벨,서울특별시 광진구 자양4동 553-22,37.53507,127.06781,기존_광진구통합본
비상벨,비상벨,서울특별시 광진구 자양4동 74-21,37.53294,127.06637,기존_광진구통합본
비상벨,비상벨,서울특별시 광진구 긴고랑로5길 10 (중곡동),37.56471,127.07935,기존_광진구통합본
비상벨,비상벨,서울특별시 광진구 긴고랑로5길 10 (중곡동),37.55964,127.0841,기존_광진구통합본
비상벨,비상벨,서울특별시 광진구 용마산로33길 25 (중곡동),37.56999,127.08449,기존_광진구통합본
비상벨,비상벨,서울특별시 광진구 영화사로7길 25 (중곡동),37.55694,127.09214,기존_광진구통합본
비상벨,비상벨,서울특별시 광진구 영화사로7길 25 (중곡동),37.55905,127.09091,기존_광진구통합본
비상벨,비상벨,서울특별시 광진구 동일로28길 16 (화양동),37.54655,127.06769,기존_광진구통합본
비상벨,비상벨,서울특별시 광진구 아차산로25길 27 (화양동),37.54288,127.06681,기존_광진구통합본
비상벨,비상벨,서울특별시 광진구 화양동 110-34,37.54656,127.07183,기존_광진구통합본
비상벨,비상벨,서울특별시 광진구 군자로3길 15 (화양동),37.54455,127.07065,기존_광진구통합본
비상벨,비상벨,서울특별시 광진구 아차산로31길 14 (화양동),37.54153,127.06978,기존_광진구통합본
비상벨,비상벨,서울특별시 광진구 뚝섬로56길 28 (자양동),37.53016,127.08234,기존_광진구통합본
비상벨,비상벨,서울특별시 광진구 천호대로 717-18 (구의동),37.54927,127.09471,기존_광진구통합본
비상벨,비상벨,서울특별시 광진구 천호대로 717-18 (구의동),37.54811,127.09644,기존_광진구통합본
비상벨,비상벨,서울특별시 광진구 천호대로 717-18 (구의동),37.54793,127.09702,기존_광진구통합본
비상벨,비상벨,서울특별시 광진구 천호대로 717-18 (구의동),37.54787,127.0982,기존_광진구통합본
비상벨,비상벨,서울특별시 광진구 천호대로 717-18 (구의동),37.54751,127.09834,기존_광진구통합본
비상벨,비상벨,서울특별시 광진구 천호대로 760,37.54635,127.09823,기존_광진구통합본
비상벨,비상벨,서울특별시 광진구 자양번영로3길 16 (자양동),37.53207,127.0744,기존_광진구통합본
비상벨,비상벨,서울특별시 광진구 아차산로73길 15 (광장동),37.54594,127.1039,기존_광진구통합본
비상벨,비상벨,서울특별시 광진구 광장로1가길 31 (광장동),37.54813,127.10059,기존_광진구통합본
비상벨,비상벨,서울특별시 광진구 천호대로 760,37.54624,127.09873,기존_광진구통합본
비상벨,비상벨,서울특별시 광진구 천호대로 760,37.54656,127.09898,기존_광진구통합본
비상벨,비상벨,서울특별시 광진구 도로명주소 없음,37.56863,127.07793,기존_광진구통합본
비상벨,비상벨,서울특별시 광진구 도로명주소 없음,37.54926,127.10142,기존_광진구통합본
비상벨,비상벨,서울특별시 광진구 도로명주소 없음,37.54976,127.10132,기존_광진구통합본
비상벨,비상벨,서울특별시 광진구 천호대로140길 60,37.54413,127.09922,기존_광진구통합본
비상벨,비상벨,서울특별시 광진구 천호대로140길 60,37.54433,127.09974,기존_광진구통합본
비상벨,비상벨,서울특별시 광진구 천호대로140길 60,37.54464,127.09932,기존_광진구통합본
비상벨,비상벨,서울특별시 광진구 천호대로140길 60,37.54576,127.10073,기존_광진구통합본
비상벨,비상벨,서울특별시 광진구 자양4동 199-4,37.5363,127.06177,기존_광진구통합본
비상벨,비상벨,서울특별시 광진구 구의1동 668-5,37.54585,127.08845,기존_광진구통합본
비상벨,비상벨,서울특별시 광진구 광장동 344-10,37.54904,127.1074,기존_광진구통합본
비상벨,비상벨,서울특별시 광진구 자양3동 784-2,37.53584,127.0677,기존_광진구통합본
비상벨,비상벨,서울특별시 광진구 광장동 381-44,37.5495,127.0991,기존_광진구통합본
비상벨,비상벨,서울특별시 광진구 용마도시자연공원-사무실,37.56227,127.09624,기존_광진구통합본
비상벨,비상벨,서울특별시 광진구 용마도시자연공원-입구,37.56224,127.09614,기존_광진구통합본
비상벨,비상벨,서울특별시 광진구 용마도시자연공원-화장실 뒤,37.5622,127.09556,기존_광진구통합본
비상벨,비상벨,서울특별시 광진구 용마도시자연공원-체험장,37.56305,127.09617,기존_광진구통합본
비상벨,비상벨,서울특별시 광진구 용마도시자연공원-사방댐,37.56302,127.09658,기존_광진구통합본
비상벨,비상벨,서울특별시 광진구 용마도시자연공원-산불장비,37.56339,127.09635,기존_광진구통합본
비상벨,비상벨,서울특별시 광진구 용마도시자연공원-쌍용골,37.56416,127.09639,기존_광진구통합본
비상벨,비상벨,서울특별시 광진구 용마도시자연공원-유화교,37.56512,127.0974,기존_광진구통합본
비상벨,비상벨,서울특별시 광진구 용마도시자연공원-청용골,37.56605,127.0984,기존_광진구통합본
비상벨,비상벨,서울특별시 광진구 용마도시자연공원-마지막골,37.56649,127.09872,기존_광진구통합본
비상벨,비상벨,서울특별시 광진구 아차산생태공원-사무실,37.55303,127.09978,기존_광진구통합본
비상벨,비상벨,서울특별시 광진구 아차산생태공원-공원입구,37.55258,127.09969,기존_광진구통합본
비상벨,비상벨,서울특별시 광진구 아차산생태공원-소각장,37.55221,127.10066,기존_광진구통합본
비상벨,비상벨,서울특별시 광진구 아차산생태공원-다목적,37.55247,127.10064,기존_광진구통합본
비상벨,비상벨,서울특별시 광진구 아차산생태공원-생태자료,37.55179,127.10103,기존_광진구통합본
비상벨,비상벨,서울특별시 광진구 아차산생태공원-토요,37.55414,127.10133,기존_광진구통합본
비상벨,비상벨,서울특별시 광진구 아차산생태공원-고구려정1,37.55816,127.10236,기존_광진구통합본
비상벨,비상벨,서울특별시 광진구 아차산생태공원-고구려정2,37.55798,127.10261,기존_광진구통합본
비상벨,비상벨,서울특별시 광진구 아차산생태공원-공영주차,37.55168,127.10022,기존_광진구통합본
비상벨,비상벨,서울특별시 광진구 아차산생태공원-해맞이공원,37.55996,127.10157,기존_광진구통합본
비상벨,비상벨,서울특별시 광진구 중곡 4동 30-75,37.56602,127.08498,기존_광진구통합본
비상벨,비상벨,서울특별시 광진구 자양4동 547-16,37.53682,127.069,기존_광진구통합본
비상벨,비상벨,서울특별시 광진구 공원방범(아차산어울림광장1),37.55225,127.09979,기존_광진구통합본
비상벨,비상벨,서울특별시 광진구 공원방범(아차산어울림광장2),37.55179,127.10084,기존_광진구통합본
비상벨,비상벨,서울특별시 광진구 영화사로107,37.55535,127.09849,기존_광진구통합본
비상벨,비상벨,서울특별시 광진구 구의동3-11,37.55318,127.10115,기존_광진구통합본
비상벨,비상벨,서울특별시 광진구 천호대로 717-18,37.54934,127.09481,기존_광진구통합본
비상벨,비상벨,서울특별시 광진구 광장동 5-113,37.55223,127.10375,기존_광진구통합본
비상벨,비상벨,서울특별시 광진구 자양로13다길 34,37.53297,127.07834,기존_광진구통합본
비상벨,비상벨,서울특별시 광진구 자양동 553-22,37.53512,127.06822,기존_광진구통합본
비상벨,비상벨,서울특별시 광진구 영화사로 139,37.55218,127.10131,기존_광진구통합본
비상벨,비상벨,서울특별시 광진구 광나루로 389,37.5475,127.07347,기존_광진구통합본
비상벨,비상벨,서울특별시 광진구 구의동 624-1,37.5324,127.09218,기존_광진구통합본
비상벨,비상벨,서울특별시 광진구 광나루로52길 12,37.54135,127.09448,기존_광진구통합본
비상벨,비상벨,서울특별시 광진구 광나루로56길 86,37.53692,127.09502,기존_광진구통합본
비상벨,비상벨,서울특별시 광진구 중곡동 68-19,37.55903,127.091,기존_광진구통합본
비상벨,비상벨,서울특별시 광진구 광장동 378-76,37.55025,127.10119,기존_광진구통합본
비상벨,비상벨,서울특별시 광진구 중곡1동 248-29,37.56272,127.07687,기존_광진구통합본
비상벨,비상벨,서울특별시 광진구 능동 237-3,37.55531,127.08359,기존_광진구통합본
비상벨,비상벨,서울특별시 광진구 구의2동 612-35,37.54817,127.08566,기존_광진구통합본
비상벨,비상벨,서울특별시 광진구 화양동 523-2,37.54508,127.07627,기존_광진구통합본
비상벨,비상벨,서울특별시 광진구 중곡4동 72-122,37.56103,127.09553,기존_광진구통합본
비상벨,비상벨,서울특별시 광진구 광장동 236-1,37.54308,127.10213,기존_광진구통합본
비상벨,비상벨,서울특별시 광진구 자양2동 813-1,37.52995,127.08908,기존_광진구통합본
비상벨,비상벨,서울특별시 광진구 군자동 340-10,37.55272,127.07022,기존_광진구통합본
비상벨,비상벨,서울특별시 광진구 자양1동 231-63,37.53635,127.07986,기존_광진구통합본
비상벨,비상벨,서울특별시 광진구 구의3동 624-5,37.53103,127.09197,기존_광진구통합본
비상벨,비상벨,서울특별시 광진구 강변역로 40-2,37.53613,127.09466,기존_광진구통합본
비상벨,비상벨,서울특별시 광진구 광장동 516-2,37.54163,127.09615,기존_광진구통합본
비상벨,비상벨,서울특별시 광진구 천호대로 717-18,37.54913,127.09393,기존_광진구통합본
비상벨,비상벨,서울특별시 광진구 천호대로 717-18,37.54916,127.09446,기존_광진구통합본
비상벨,비상벨,서울특별시 광진구 자양1동 859-1,37.53845,127.08144,기존_광진구통합본
비상벨,비상벨,서울특별시 광진구 영화사로 139,37.55215,127.10267,기존_광진구통합본
비상벨,비상벨,서울특별시 광진구 광장동 5-112,37.55226,127.10307,기존_광진구통합본
비상벨,비상벨,서울특별시 광진구 광장동 5-143,37.55193,127.10432,기존_광진구통합본
비상벨,비상벨,서울특별시 광진구 광장동 5-112,37.55261,127.10373,기존_광진구통합본
비상벨,비상벨,서울특별시 광진구 광장동 5-112,37.55316,127.10352,기존_광진구통합본
비상벨,비상벨,서울특별시 광진구 광장동 5-112,37.55383,127.10405,기존_광진구통합본
비상벨,비상벨,서울특별시 광진구 광장동 5-112,37.55435,127.10407,기존_광진구통합본
비상벨,비상벨,서울특별시 광진구 구의동 3,37.55312,127.10055,기존_광진구통합본
비상벨,비상벨,서울특별시 광진구 광장동 5-127,37.55287,127.10095,기존_광진구통합본
비상벨,비상벨,서울특별시 광진구 광장동 5-124,37.55293,127.10112,기존_광진구통합본
비상벨,비상벨,서울특별시 광진구 영화사로 107,37.55481,127.09803,기존_광진구통합본
비상벨,비상벨,서울특별시 광진구 구의동 3-3,37.55611,127.09823,기존_광진구통합본
비상벨,비상벨,서울특별시 광진구 구의동 3-3,37.55614,127.09762,기존_광진구통합본
비상벨,비상벨,서울특별시 광진구 구의동 3-3,37.55633,127.09678,기존_광진구통합본
비상벨,비상벨,서울특별시 광진구 구의동 3-3,37.55646,127.09633,기존_광진구통합본
비상벨,비상벨,서울특별시 광진구 중곡동 143-141,37.55663,127.09605,기존_광진구통합본
비상벨,비상벨,서울특별시 광진구 구의동 3-3,37.55673,127.09676,기존_광진구통합본
비상벨,비상벨,서울특별시 광진구 중곡동 143-141,37.55669,127.0957,기존_광진구통합본
비상벨,비상벨,서울특별시 광진구 중곡동 143-119,37.56185,127.09081,기존_광진구통합본
비상벨,비상벨,서울특별시 광진구 용마산로22길 26,37.56289,127.09128,기존_광진구통합본
비상벨,비상벨,서울특별시 광진구 중곡동 176-122,37.56814,127.09012,기존_광진구통합본
비상벨,비상벨,서울특별시 광진구 중곡동 176-122,37.56811,127.09044,기존_광진구통합본
비상벨,비상벨,서울특별시 광진구 중곡동 176-122,37.56787,127.09047,기존_광진구통합본
비상벨,비상벨,서울특별시 광진구 중곡동 176-112,37.56759,127.08988,기존_광진구통합본
비상벨,비상벨,서울특별시 광진구 구의동 3-17,37.55537,127.09911,기존_광진구통합본
비상벨,비상벨,서울특별시 광진구 구의동 3-17,37.55511,127.0997,기존_광진구통합본
비상벨,비상벨,서울특별시 광진구 구의동 3-17,37.5549,127.10037,기존_광진구통합본
비상벨,비상벨,서울특별시 광진구 구의동 3-17,37.55492,127.10072,기존_광진구통합본
비상벨,비상벨,서울특별시 광진구 아차산로25길 27,37.54274,127.06706,기존_광진구통합본
비상벨,비상벨,서울특별시 광진구 중곡동 176-133,37.56843,127.09003,기존_광진구통합본
비상벨,비상벨,서울특별시 광진구 중곡동 143-146,37.56276,127.0964,기존_광진구통합본
비상벨,비상벨,서울특별시 광진구 중곡동 143-146,37.56373,127.09699,기존_광진구통합본
비상벨,비상벨,서울특별시 광진구 광장동 5-117,37.55186,127.10188,기존_광진구통합본
비상벨,비상벨,서울특별시 광진구 광장동 5-117,37.55189,127.10278,기존_광진구통합본
비상벨,비상벨,서울특별시 광진구 광장동 5-115,37.55196,127.10315,기존_광진구통합본
비상벨,비상벨,서울특별시 광진구 광장동 5-125,37.55223,127.10206,기존_광진구통합본
비상벨,비상벨,서울특별시 광진구 광장동 5-123,37.55254,127.10256,기존_광진구통합본
비상벨,비상벨,서울특별시 광진구 광장동 5-124,37.55278,127.10169,기존_광진구통합본
비상벨,비상벨,서울특별시 광진구 구의동 3-10,37.55336,127.10222,기존_광진구통합본
비상벨,비상벨,서울특별시 광진구 구의동 3-12,37.55387,127.10315,기존_광진구통합본
비상벨,비상벨,서울특별시 광진구 구의동 3-10,37.55496,127.10399,기존_광진구통합본
비상벨,비상벨,서울특별시 광진구 구의동 3-10,37.55604,127.1044,기존_광진구통합본
비상벨,비상벨,서울특별시 광진구 구의동 3-8,37.55713,127.10433,기존_광진구통합본
비상벨,비상벨,서울특별시 광진구 동일로76나길 20,37.56844,127.08026,기존_광진구통합본
비상벨,비상벨,서울특별시 광진구 동일로76나길 20,37.56843,127.08038,기존_광진구통합본
비상벨,비상벨,서울특별시 광진구 구의동 3-8,37.55601,127.10272,기존_광진구통합본
비상벨,비상벨,서울특별시 광진구 구의동 3-8,37.55694,127.10302,기존_광진구통합본
비상벨,비상벨,서울특별시 광진구 구의동 3-3,37.55783,127.1039,기존_광진구통합본
비상벨,비상벨,서울특별시 광진구 구의동 3-3,37.55908,127.10237,기존_광진구통합본
비상벨,비상벨,서울특별시 광진구 아차산로 400,37.53662,127.08717,기존_광진구통합본
비상벨,비상벨,서울특별시 광진구 아차산로 400,37.53695,127.08706,기존_광진구통합본
비상벨,비상벨,서울특별시 광진구 아차산로 400,37.53746,127.08826,기존_광진구통합본
비상벨,비상벨,서울특별시 광진구 아차산로 400,37.53748,127.08901,기존_광진구통합본
비상벨,비상벨,서울특별시 광진구 광나루로36길 9-9,37.5444,127.08733,기존_광진구통합본
비상벨,비상벨,서울특별시 광진구 구의로9길 15,37.54236,127.08815,기존_광진구통합본
비상벨,비상벨,서울특별시 광진구 자양로38길 17-7,37.54731,127.08919,기존_광진구통합본
비상벨,비상벨,서울특별시 광진구 동일로52길 11-13,37.55528,127.07219,기존_광진구통합본
비상벨,비상벨,서울특별시 광진구 천호대로116길 97,37.55263,127.08133,기존_광진구통합본
비상벨,비상벨,서울특별시 광진구 천호대로110길 8,37.55636,127.08009,기존_광진구통합본
비상벨,비상벨,서울특별시 광진구 능동로34길 11-19,37.55545,127.08079,기존_광진구통합본
비상벨,비상벨,서울특별시 광진구 천호대로112길 53,37.55388,127.0803,기존_광진구통합본
비상벨,비상벨,서울특별시 광진구 능동로36길 87,37.55472,127.08384,기존_광진구통합본
비상벨,비상벨,서울특별시 광진구 천호대로116길 36,37.55368,127.08338,기존_광진구통합본
비상벨,비상벨,서울특별시 광진구 능동로32길 106-13,37.55274,127.08369,기존_광진구통합본
비상벨,비상벨,서울특별시 광진구 능동로36길 141,37.55361,127.08652,기존_광진구통합본
비상벨,비상벨,서울특별시 광진구 천호대로118길 33-17,37.55296,127.08555,기존_광진구통합본
비상벨,비상벨,서울특별시 광진구 능동로32길 139,37.55272,127.08575,기존_광진구통합본
비상벨,비상벨,서울특별시 광진구 천호대로122길 33,37.55209,127.08765,기존_광진구통합본
비상벨,비상벨,서울특별시 광진구 능동로30길 8,37.5541,127.07856,기존_광진구통합본
비상벨,비상벨,서울특별시 광진구 능동로24길 23,37.55199,127.07818,기존_광진구통합본
비상벨,비상벨,서울특별시 광진구 능동로32길 12,37.55523,127.07916,기존_광진구통합본
비상벨,비상벨,서울특별시 광진구 능동로30길 38,37.55321,127.07942,기존_광진구통합본
비상벨,비상벨,서울특별시 광진구 능동로43길 37-16,37.56143,127.07937,기존_광진구통합본
비상벨,비상벨,서울특별시 광진구 천호대로125길 58,37.55706,127.08731,기존_광진구통합본
비상벨,비상벨,서울특별시 광진구 용마산로5길 40-22,37.55849,127.08544,기존_광진구통합본
비상벨,비상벨,서울특별시 광진구 능동로 386-16,37.56299,127.08316,기존_광진구통합본
비상벨,비상벨,서울특별시 광진구 용마산로21길 23,37.5637,127.08589,기존_광진구통합본
비상벨,비상벨,서울특별시 광진구 동일로74길 31,37.56674,127.07984,기존_광진구통합본
비상벨,비상벨,서울특별시 광진구 능동로51길 37-10,37.56609,127.08193,기존_광진구통합본
비상벨,비상벨,서울특별시 광진구 능동로51길 19-8,37.56597,127.08305,기존_광진구통합본
비상벨,비상벨,서울특별시 광진구 능동로51길 25-12,37.56569,127.08242,기존_광진구통합본
비상벨,비상벨,서울특별시 광진구 용마산로27길 28,37.56662,127.08543,기존_광진구통합본
비상벨,비상벨,서울특별시 광진구 용마산로8길 66,37.55946,127.09137,기존_광진구통합본
비상벨,비상벨,서울특별시 광진구 긴고랑로42길 3-28,37.55893,127.09438,기존_광진구통합본
비상벨,비상벨,서울특별시 광진구 용마산로36길 28-10,37.57042,127.08788,기존_광진구통합본
비상벨,비상벨,서울특별시 광진구 용마산로36길 22,37.57082,127.0875,기존_광진구통합본
비상벨,비상벨,서울특별시 광진구 긴고랑로47길 19,37.5619,127.09556,기존_광진구통합본
비상벨,비상벨,서울특별시 광진구 긴고랑로49길 27,37.56104,127.09502,기존_광진구통합본
비상벨,비상벨,서울특별시 광진구 긴고랑로42길 3-8,37.55871,127.0934,기존_광진구통합본
비상벨,비상벨,서울특별시 광진구 긴고랑로42길 3-15,37.55879,127.0941,기존_광진구통합본
비상벨,비상벨,서울특별시 광진구 동일로24길 80-5,37.54254,127.06935,기존_광진구통합본
비상벨,비상벨,서울특별시 광진구 광나루로30다길 30,37.54285,127.08303,기존_광진구통합본
비상벨,비상벨,서울특별시 광진구 천호대로136길 43,37.5478,127.09027,기존_광진구통합본
비상벨,비상벨,서울특별시 광진구 천호대로136길 13,37.54879,127.09141,기존_광진구통합본
비상벨,비상벨,서울특별시 광진구 천호대로136길 64,37.54719,127.08952,기존_광진구통합본
비상벨,비상벨,서울특별시 광진구 아차산로42길 16,37.53693,127.07894,기존_광진구통합본
비상벨,비상벨,서울특별시 광진구 용마산로5길 40,37.55752,127.08559,기존_광진구통합본
비상벨,비상벨,서울특별시 광진구 동일로74길 15,37.56701,127.07892,기존_광진구통합본
비상벨,비상벨,서울특별시 광진구 천호대로 548,37.55704,127.07914,기존_광진구통합본
비상벨,비상벨,서울특별시 광진구 천호대로 661,37.55215,127.0899,기존_광진구통합본
비상벨,비상벨,서울특별시 광진구 자양로3길 7,37.53086,127.08643,기존_광진구통합본
비상벨,비상벨,서울특별시 광진구 능동로 10,37.53214,127.06722,기존_광진구통합본
비상벨,비상벨,서울특별시 광진구 능동로 110,37.54006,127.07096,기존_광진구통합본
비상벨,비상벨,서울특별시 광진구 아차산로 383,37.53714,127.08541,기존_광진구통합본
비상벨,비상벨,서울특별시 광진구 광나루로 377-2,37.54784,127.07433,기존_광진구통합본
비상벨,비상벨,서울특별시 광진구 천호대로 549,37.55741,127.07946,기존_광진구통합본
비상벨,비상벨,서울특별시 광진구 능동로 419,37.56643,127.08435,기존_광진구통합본
비상벨,비상벨,서울특별시 광진구 동일로 419,37.56832,127.07829,기존_광진구통합본
비상벨,비상벨,서울특별시 광진구 동일로 403,37.56659,127.07726,기존_광진구통합본
비상벨,비상벨,서울특별시 광진구 중곡3동 485-7,37.56727,127.07705,기존_광진구통합본
비상벨,비상벨,서울특별시 광진구 아차산로 397,37.53745,127.08674,기존_광진구통합본
비상벨,비상벨,서울특별시 광진구 아차산로 236,37.54018,127.06944,기존_광진구통합본
비상벨,비상벨,서울특별시 광진구 광나루로 389,37.54753,127.07397,기존_광진구통합본
비상벨,비상벨,서울특별시 광진구 아차산로 370,37.53645,127.08385,기존_광진구통합본
비상벨,비상벨,서울특별시 광진구 능동로 120-1,37.53974,127.07188,기존_광진구통합본
비상벨,비상벨,서울특별시 광진구 능동로 90,37.53899,127.07045,기존_광진구통합본
비상벨,비상벨,서울특별시 광진구 자양4동 72-1,37.53192,127.06629,기존_광진구통합본
비상벨,비상벨,서울특별시 광진구 천호대로 556,37.55688,127.07959,기존_광진구통합본
비상벨,비상벨,서울특별시 광진구 강변역로 53,37.53586,127.09434,기존_광진구통합본
비상벨,비상벨,서울특별시 광진구 화양동 4-14,37.54098,127.07155,기존_광진구통합본
비상벨,비상벨,서울특별시 광진구 아차산로 563,37.54378,127.10308,기존_광진구통합본
비상벨,비상벨,서울특별시 광진구 능동로 90,37.5392,127.07035,기존_광진구통합본
비상벨,비상벨,서울특별시 광진구 아차산로 361,37.53672,127.08335,기존_광진구통합본
비상벨,비상벨,서울특별시 광진구 자양로 117,37.53834,127.08327,기존_광진구통합본
비상벨,비상벨,서울특별시 광진구 광장동 401-33,37.54642,127.10139,기존_광진구통합본
비상벨,비상벨,서울특별시 광진구 중곡동 30-51,37.56596,127.08454,기존_광진구통합본
비상벨,비상벨,서울특별시 광진구 아차산로 355,37.53702,127.08216,기존_광진구통합본
비상벨,비상벨,서울특별시 광진구 자양로 59-2,37.53298,127.08483,기존_광진구통합본
비상벨,비상벨,서울특별시 광진구 뚝섬로46길 64,37.5304,127.07492,기존_광진구통합본
비상벨,비상벨,서울특별시 광진구 능동로 172,37.54603,127.0737,기존_광진구통합본
비상벨,비상벨,서울특별시 광진구 능동로 295-2,37.55631,127.0788,기존_광진구통합본
비상벨,비상벨,서울특별시 광진구 면목로 98,37.56243,127.07947,기존_광진구통합본
비상벨,비상벨,서울특별시 광진구 광장로1길 27 (광장동),37.54795,127.10102,기존_광진구통합본
비상벨,비상벨,서울특별시 광진구 아차산로70길 62 (광장동),37.5416,127.10094,기존_광진구통합본
비상벨,비상벨,서울특별시 광진구 아차산로70길 35 (광장동),37.54205,127.10177,기존_광진구통합본
비상벨,비상벨,"서울특별시 광진구 아차산로 503-23 (광장동, 청구아파트)",37.54345,127.09653,기존_광진구통합본
비상벨,비상벨,"서울특별시 광진구 아차산로 503-23 (광장동 ), 워커힐로 13 건너편",37.5433,127.09551,기존_광진구통합본
비상벨,비상벨,서울특별시 광진구 아차산로73길 48 (광장동),37.54683,127.10224,기존_광진구통합본
비상벨,비상벨,서울특별시 광진구 광장로3길 19 (광장동),37.54788,127.10277,기존_광진구통합본
비상벨,비상벨,서울특별시 광진구 아차산로69길 29 (광장동),37.54399,127.09728,기존_광진구통합본
비상벨,비상벨,서울특별시 광진구 아차산로 511 (광장동),37.54215,127.09821,기존_광진구통합본
비상벨,비상벨,"서울특별시 광진구 아차산로70길 61 (광장동), 아차산로70길 17-62 광남중",37.54018,127.10219,기존_광진구통합본
비상벨,비상벨,"서울특별시 광진구 아차산로70길 61 (광장동, 광장현대아파트)",37.54063,127.1,기존_광진구통합본
비상벨,비상벨,서울특별시 광진구 광나루로38길 73 (구의동),37.54174,127.08724,기존_광진구통합본
비상벨,비상벨,서울특별시 광진구 광나루로30다길 3 (구의동),37.5434,127.0815,기존_광진구통합본
비상벨,비상벨,서울특별시 광진구 자양로23가길 16 (구의동),37.54212,127.08166,기존_광진구통합본
비상벨,비상벨,서울특별시 광진구 자양로23길 21 (구의동),37.54171,127.08243,기존_광진구통합본
비상벨,비상벨,서울특별시 광진구 영화사로 105 (구의동),37.55396,127.09782,기존_광진구통합본
비상벨,비상벨,서울특별시 광진구 워커힐로 93 (구의동),37.55029,127.09654,기존_광진구통합본
비상벨,비상벨,서울특별시 광진구 천호대로130길 26 (구의동),37.55067,127.08879,기존_광진구통합본
비상벨,비상벨,서울특별시 광진구 자양로 247 (구의동),37.54865,127.089,기존_광진구통합본
비상벨,비상벨,서울특별시 광진구 영화사로 77-1 (구의동),37.55471,127.0947,기존_광진구통합본
비상벨,비상벨,서울특별시 광진구 영화사로 98-1 (구의동),37.55441,127.09686,기존_광진구통합본
비상벨,비상벨,"서울특별시 광진구 자양로50길 53 (구의동, 남광하이츠빌라)",37.55267,127.09534,기존_광진구통합본
비상벨,비상벨,"서울특별시 광진구 자양로50길 79 (구의동, 유진아트빌라)",37.55291,127.09677,기존_광진구통합본
비상벨,비상벨,서울특별시 광진구 자양로52길 21-19 (구의동),37.55354,127.09498,기존_광진구통합본
비상벨,비상벨,서울특별시 광진구 자양로52길 3-9 (구의동),37.5537,127.09394,기존_광진구통합본
비상벨,비상벨,서울특별시 광진구 자양로50길 13 (구의동),37.55215,127.09313,기존_광진구통합본
비상벨,비상벨,서울특별시 광진구 구의2동 613-38,37.54902,127.08716,기존_광진구통합본
비상벨,비상벨,서울특별시 광진구 구의강변로3길 19 (구의동),37.53604,127.09105,기존_광진구통합본
비상벨,비상벨,"서울특별시 광진구 구의강변로 84 (구의동, 세양아파트)",37.53708,127.0938,기존_광진구통합본
비상벨,비상벨,서울특별시 광진구 구의강변로 86 세양아파트 입구,37.53805,127.09368,기존_광진구통합본
비상벨,비상벨,서울특별시 광진구 구의3동 215-10 교통섬,37.53722,127.0934,기존_광진구통합본
비상벨,비상벨,서울특별시 광진구 광나루로44길 32 (구의동),37.54273,127.09124,기존_광진구통합본
비상벨,비상벨,서울특별시 광진구 아차산로 426 (구의동),37.53792,127.08953,기존_광진구통합본
비상벨,비상벨,서울특별시 광진구 강변역로2길 18 (구의동),37.5373,127.09119,기존_광진구통합본
비상벨,비상벨,"서울특별시 광진구 구의강변로3가길 24 (구의동, 동서울빌라)",37.53666,127.09179,기존_광진구통합본
비상벨,비상벨,서울특별시 광진구 구의강변로 69 구남초교 정문 앞,37.53711,127.09293,기존_광진구통합본
비상벨,비상벨,서울특별시 광진구 구의강변로 35 (구의동),37.53398,127.09151,기존_광진구통합본
비상벨,비상벨,서울특별시 광진구 광나루로56길 5 (구의동),37.53881,127.09805,기존_광진구통합본
비상벨,비상벨,서울특별시 광진구 영화사로 111 (구의동),37.55349,127.09944,기존_광진구통합본
비상벨,비상벨,서울특별시 광진구 구의로4길 15 (구의동),37.5401,127.09062,기존_광진구통합본
비상벨,비상벨,서울특별시 광진구 광나루로 532 (구의동),37.54483,127.08837,기존_광진구통합본
비상벨,비상벨,서울특별시 광진구 아차산로 435 강변SK뷰 교통섬,37.53822,127.09068,기존_광진구통합본
비상벨,비상벨,"서울특별시 광진구 영화사로 87-1 (구의동, 동성주택)",37.55491,127.09584,기존_광진구통합본
비상벨,비상벨,서울특별시 광진구 천호대로134길 2 (구의동),37.54921,127.09081,기존_광진구통합본
비상벨,비상벨,서울특별시 광진구 능동로 209 (군자동),37.5529,127.07235,기존_광진구통합본
비상벨,비상벨,서울특별시 광진구 면목로 20 (군자동),37.55585,127.07581,기존_광진구통합본
비상벨,비상벨,서울특별시 광진구 군자로12길 45 (군자동),37.55221,127.07252,기존_광진구통합본
비상벨,비상벨,서울특별시 광진구 동일로52길 27 (군자동),37.55433,127.07298,기존_광진구통합본
비상벨,비상벨,"서울특별시 광진구 동일로52길 10 (군자동, 파인하우스)",37.55474,127.07157,기존_광진구통합본
비상벨,비상벨,서울특별시 광진구 군자로 127 세종대 기숙사 코너,37.55368,127.07347,기존_광진구통합본
비상벨,비상벨,서울특별시 광진구 동일로 222 (군자동),37.55162,127.06948,기존_광진구통합본
비상벨,비상벨,서울특별시 광진구 군자로 70 화양슈퍼 코너,37.54971,127.07093,기존_광진구통합본
비상벨,비상벨,서울특별시 광진구 군자로 74 (군자동),37.55105,127.07162,기존_광진구통합본
비상벨,비상벨,서울특별시 광진구 천호대로102길 36 (군자동),37.55754,127.07347,기존_광진구통합본
비상벨,비상벨,서울특별시 광진구 천호대로 664 (능동),37.54943,127.08758,기존_광진구통합본
비상벨,비상벨,서울특별시 광진구 천호대로114길 25 (능동),37.55458,127.0824,기존_광진구통합본
비상벨,비상벨,서울특별시 광진구 자양로23길 7 (자양동),37.54132,127.08317,기존_광진구통합본
비상벨,비상벨,서울특별시 광진구 아차산로 344 (자양동),37.53709,127.08071,기존_광진구통합본
비상벨,비상벨,서울특별시 광진구 아차산로44길 36 (자양동),37.53645,127.07894,기존_광진구통합본
비상벨,비상벨,서울특별시 광진구 자양로 61,37.53325,127.08471,기존_광진구통합본
비상벨,비상벨,서울특별시 광진구 자양번영로 32,37.53259,127.07558,기존_광진구통합본
비상벨,비상벨,서울특별시 광진구 자양번영로6길 20 (자양동),37.53226,127.07681,기존_광진구통합본
비상벨,비상벨,"서울특별시 광진구 자양로6길 40 (자양동, 대양샤인빌)",37.53241,127.08897,기존_광진구통합본
비상벨,비상벨,"서울특별시 광진구 뚝섬로62길 47 (자양동, 효성맨션)",37.53084,127.0886,기존_광진구통합본
비상벨,비상벨,"서울특별시 광진구 자양강변길 297 (자양동, 신호빌라트)",37.5298,127.07477,기존_광진구통합본
비상벨,비상벨,서울특별시 광진구 자양번영로4길 42-22 (자양동),37.53011,127.07731,기존_광진구통합본
비상벨,비상벨,서울특별시 광진구 뚝섬로 656 성자초교앞 사거리,37.53144,127.08257,기존_광진구통합본
비상벨,비상벨,서울특별시 광진구 뚝섬로58길 13 노인보호센터 앞,37.53134,127.08443,기존_광진구통합본
비상벨,비상벨,서울특별시 광진구 자양로5길 33 (자양동,37.53112,127.08394,기존_광진구통합본
비상벨,비상벨,서울특별시 광진구 자양로5길 33 (자양동,37.53061,127.08385,기존_광진구통합본
비상벨,비상벨,서울특별시 광진구 자양로6길 8 (자양동),37.53198,127.08639,기존_광진구통합본
비상벨,비상벨,"서울특별시 광진구 뚝섬로62길 33-8 (자양동, 목화맨션)",37.53183,127.0884,기존_광진구통합본
비상벨,비상벨,서울특별시 광진구 자양로4길 63,37.53352,127.09021,기존_광진구통합본
비상벨,비상벨,서울특별시 광진구 뚝섬로40길 12 (자양동),37.53355,127.07302,기존_광진구통합본
비상벨,비상벨,서울특별시 광진구 능동로 42 (자양동),37.53453,127.0683,기존_광진구통합본
비상벨,비상벨,서울특별시 광진구 뚝섬로 585 (자양동),37.53355,127.07487,기존_광진구통합본
비상벨,비상벨,서울특별시 광진구 뚝섬로35길 16-20 (자양동),37.53531,127.07138,기존_광진구통합본
비상벨,비상벨,서울특별시 광진구 뚝섬로 561 (자양동),37.53451,127.07179,기존_광진구통합본
비상벨,비상벨,서울특별시 광진구 능동로4길 88 (자양동),37.53085,127.07147,기존_광진구통합본
비상벨,비상벨,서울특별시 광진구 능동로 42 신양초교 후문입구,37.53481,127.07009,기존_광진구통합본
비상벨,비상벨,서울특별시 광진구 동일로4길 51 (자양동),37.53596,127.06357,기존_광진구통합본
비상벨,비상벨,서울특별시 광진구 동일로4가길 2 (자양동),37.53625,127.06223,기존_광진구통합본
비상벨,비상벨,서울특별시 광진구 뚝섬로 476 (자양동),37.53666,127.06322,기존_광진구통합본
비상벨,비상벨,서울특별시 광진구 뚝섬로23길 44 (자양동),37.53715,127.06589,기존_광진구통합본
비상벨,비상벨,서울특별시 광진구 능동로5길 17 (자양동),37.53681,127.06675,기존_광진구통합본
비상벨,비상벨,서울특별시 광진구 뚝섬로64길 71 (자양동),37.53025,127.08919,기존_광진구통합본
비상벨,비상벨,서울특별시 광진구 뚝섬로46길 74 (자양동),37.52937,127.07592,기존_광진구통합본
비상벨,비상벨,서울특별시 광진구 아차산로 326 (자양동),37.53748,127.0792,기존_광진구통합본
비상벨,비상벨,서울특별시 광진구 자양로 43 (자양동),37.53191,127.08563,기존_광진구통합본
비상벨,비상벨,서울특별시 광진구 긴고랑로13길 10 (중곡동),37.56313,127.08197,기존_광진구통합본
비상벨,비상벨,서울특별시 광진구 긴고랑로 51 (중곡동),37.5626,127.08206,기존_광진구통합본
비상벨,비상벨,서울특별시 광진구 능동로49길 9 (중곡동),37.56445,127.08273,기존_광진구통합본
비상벨,비상벨,서울특별시 광진구 동일로72길 34 (중곡동),37.56564,127.07955,기존_광진구통합본
비상벨,비상벨,서울특별시 광진구 긴고랑로22길 29,37.55984,127.08381,기존_광진구통합본
비상벨,비상벨,서울특별시 광진구 천호대로113길 50-4 (중곡동),37.55926,127.08417,기존_광진구통합본
비상벨,비상벨,서울특별시 광진구 용마산로 111 (중곡동),37.56347,127.08679,기존_광진구통합본
비상벨,비상벨,서울특별시 광진구 용마산로5길 27 (중곡동),37.55759,127.08654,기존_광진구통합본
비상벨,비상벨,서울특별시 광진구 용마산로 47 (중곡동),37.55783,127.08777,기존_광진구통합본
비상벨,비상벨,서울특별시 광진구 용마산로1길 65 (중곡동),37.55595,127.08486,기존_광진구통합본
비상벨,비상벨,서울특별시 광진구 용마산로3길 57 (중곡동),37.55645,127.08508,기존_광진구통합본
비상벨,비상벨,서울특별시 광진구 용마산로3길 57 (중곡동),37.55867,127.08383,기존_광진구통합본
비상벨,비상벨,서울특별시 광진구 용마산로3길 57 (중곡동),37.55777,127.08332,기존_광진구통합본
비상벨,비상벨,서울특별시 광진구 천호대로111길 41 (중곡동),37.5581,127.08281,기존_광진구통합본
비상벨,비상벨,서울특별시 광진구 동일로80길 13 (중곡동),37.5704,127.08059,기존_광진구통합본
비상벨,비상벨,"서울특별시 광진구 능동로53길 13 (중곡동, 정인주택)",37.56658,127.08385,기존_광진구통합본
비상벨,비상벨,서울특별시 광진구 동일로80길 24 (중곡동),37.5702,127.08117,기존_광진구통합본
비상벨,비상벨,서울특별시 광진구 동일로72길 23-5 (중곡동),37.56604,127.07916,기존_광진구통합본
비상벨,비상벨,"서울특별시 광진구 동일로72길 17 (중곡동, 중곡아파트)",37.56606,127.07838,기존_광진구통합본
비상벨,비상벨,"서울특별시 광진구 긴고랑로7길 60 (중곡동, 주원그린빌)",37.56604,127.0805,기존_광진구통합본
비상벨,비상벨,서울특별시 광진구 동일로 399 (중곡동),37.56635,127.07749,기존_광진구통합본
비상벨,비상벨,서울특별시 광진구 답십리로78길 11 (중곡동),37.57107,127.08138,기존_광진구통합본
비상벨,비상벨,서울특별시 광진구 동일로 462 (중곡동),37.57162,127.08024,기존_광진구통합본
비상벨,비상벨,서울특별시 광진구 동일로 452-1 (중곡동),37.57057,127.07999,기존_광진구통합본
비상벨,비상벨,서울특별시 광진구 용마산로 191 (중곡동),37.57086,127.08603,기존_광진구통합본
비상벨,비상벨,서울특별시 광진구 긴고랑로 136 (중곡동),37.55909,127.09011,기존_광진구통합본
비상벨,비상벨,서울특별시 광진구 용마산로8가길 80 (중곡동),37.56227,127.0885,기존_광진구통합본
비상벨,비상벨,서울특별시 광진구 용마산로28길 62 (중곡동),37.5671,127.08966,기존_광진구통합본
비상벨,비상벨,서울특별시 광진구 용마산로22길 76 (중곡동),37.56539,127.08844,기존_광진구통합본
비상벨,비상벨,서울특별시 광진구 용마산로 128 (중곡동) 원방빌딩,37.56523,127.087,기존_광진구통합본
비상벨,비상벨,서울특별시 광진구 용마산로22길 24 (중곡동),37.56372,127.08848,기존_광진구통합본
비상벨,비상벨,서울특별시 광진구 용마산로30길 17 (중곡동),37.56876,127.08682,기존_광진구통합본
비상벨,비상벨,서울특별시 광진구 긴고랑로 152 (중곡동),37.55865,127.09167,기존_광진구통합본
비상벨,비상벨,서울특별시 광진구 용마산로6길 13 (중곡동),37.55744,127.08874,기존_광진구통합본
비상벨,비상벨,서울특별시 광진구 동일로80길 34 (중곡동),37.57008,127.08177,기존_광진구통합본
비상벨,비상벨,서울특별시 광진구 용마산로28길 43 (중곡동),37.56741,127.0886,기존_광진구통합본
비상벨,비상벨,서울특별시 광진구 아차산로21길 47 (화양동),37.54403,127.0659,기존_광진구통합본
비상벨,비상벨,서울특별시 광진구 군자로 18 (화양동),37.54501,127.07124,기존_광진구통합본
비상벨,비상벨,서울특별시 광진구 광나루로30길 49 (화양동),37.54311,127.08135,기존_광진구통합본
비상벨,비상벨,서울특별시 광진구 능동로13길 15 (화양동),37.54284,127.07099,기존_광진구통합본
비상벨,비상벨,서울특별시 광진구 군자로 27 (화양동),37.54567,127.07065,기존_광진구통합본
비상벨,비상벨,서울특별시 광진구 광나루로 448 (화양동),37.54539,127.07905,기존_광진구통합본
비상벨,비상벨,서울특별시 광진구 능동로 145 (화양동),37.54362,127.07222,기존_광진구통합본
비상벨,비상벨,서울특별시 광진구 아차산로21길 15 (화양동),37.54356,127.06563,기존_광진구통합본
비상벨,비상벨,서울특별시 광진구 아차산로 191 (화양동),37.54248,127.06512,기존_광진구통합본
비상벨,비상벨,서울특별시 광진구 자양로40길 53 (구의동),37.54685,127.09174,기존_광진구통합본
비상벨,비상벨,서울특별시 광진구 뚝섬로 52길,37.53181,127.08409,기존_광진구통합본
비상벨,비상벨,서울특별시 광진구 아차산로58길 47 (구의동),37.53569,127.08928,기존_광진구통합본
비상벨,비상벨,서울특별시 광진구 뚝섬로 741 (구의동),37.53442,127.09111,기존_광진구통합본
비상벨,비상벨,서울특별시 광진구 아차산로 44가길 5,37.53629,127.0797,기존_광진구통합본
비상벨,비상벨,서울특별시 광진구 자양로 219,37.54691,127.08703,기존_광진구통합본
비상벨,비상벨,서울특별시 광진구 자양로23길 79,37.54379,127.08379,기존_광진구통합본
비상벨,비상벨,서울특별시 광진구 자양로23길 79,37.53037,127.0905,기존_광진구통합본
비상벨,비상벨,서울특별시 광진구 자양로43길 115,37.55547,127.08903,기존_광진구통합본
비상벨,비상벨,서울특별시 광진구 자양로41길 20,37.54998,127.08957,기존_광진구통합본
비상벨,비상벨,서울특별시 광진구 광나루로15길 23,37.54908,127.06954,기존_광진구통합본
비상벨,비상벨,서울특별시 광진구 군자로 142,37.55421,127.07517,기존_광진구통합본
비상벨,비상벨,서울특별시 광진구 구의강변로 96,37.5391,127.09406,기존_광진구통합본
비상벨,비상벨,서울특별시 광진구 뚝섬로46길 64 (자양동),37.5303,127.07621,기존_광진구통합본
비상벨,비상벨,서울특별시 광진구 천호대로140길 40 (광장동),37.54428,127.10024,기존_광진구통합본
비상벨,비상벨,서울특별시 광진구 뚝섬로 41길 33,37.53493,127.07531,기존_광진구통합본
비상벨,비상벨,서울특별시 광진구 긴고랑로13길 69 (중곡동),37.56547,127.08318,기존_광진구통합본
비상벨,비상벨,서울특별시 광진구 긴고랑로9길 40 (중곡동),37.56531,127.08172,기존_광진구통합본
비상벨,비상벨,서울특별시 광진구 자양로38길 55 (구의동),37.54674,127.09055,기존_광진구통합본
비상벨,비상벨,서울특별시 광진구 아차산로70길 17-21,37.54106,127.1033,기존_광진구통합본
비상벨,비상벨,서울특별시 광진구 광나루로40길 80-4 (구의동),37.54129,127.08875,기존_광진구통합본
비상벨,비상벨,서울특별시 광진구 광나루로30나길 17 (구의동),37.54358,127.08268,기존_광진구통합본
비상벨,비상벨,서울특별시 광진구 구의로16길 68 (구의동),37.54235,127.09358,기존_광진구통합본
비상벨,비상벨,서울특별시 광진구 능동로32길 67 (능동),37.55414,127.08212,기존_광진구통합본
비상벨,비상벨,서울특별시 광진구 자양로9길 32 (자양동),37.5336,127.08278,기존_광진구통합본
비상벨,비상벨,서울특별시 광진구 자양번영로6길 67 (자양동),37.53159,127.07932,기존_광진구통합본
비상벨,비상벨,서울특별시 광진구 능동로4길 51 (자양동),37.53218,127.0701,기존_광진구통합본
비상벨,비상벨,서울특별시 광진구 긴고랑로4길 30 (중곡동) 도로명 주소 X,37.5625,127.07705,기존_광진구통합본
비상벨,비상벨,서울특별시 광진구 면목로 53 (중곡동),37.55889,127.0773,기존_광진구통합본
비상벨,비상벨,서울특별시 광진구 천호대로109길 13 (중곡동),37.5575,127.08104,기존_광진구통합본
비상벨,비상벨,서울특별시 광진구 능동로51길 37-1 (중곡동),37.56647,127.08204,기존_광진구통합본
비상벨,비상벨,서울특별시 광진구 광나루로 18길 21 (화양동),37.54675,127.07203,기존_광진구통합본
비상벨,비상벨,서울특별시 광진구 아차산로 384-1,37.5377,127.0879,기존_광진구통합본
비상벨,비상벨,서울특별시 광진구 자양로39길 19 (구의동),37.54917,127.08833,기존_광진구통합본
비상벨,비상벨,서울특별시 광진구 광나루로56길 34 (구의동),37.53921,127.09525,기존_광진구통합본
비상벨,비상벨,서울특별시 광진구 능동로 32길 145,37.5525,127.086,기존_광진구통합본
비상벨,비상벨,서울특별시 광진구 뚝섬로52길 74 (자양동),37.52986,127.07848,기존_광진구통합본
비상벨,비상벨,서울특별시 광진구 뚝섬로56길 7 (자양동),37.53089,127.08265,기존_광진구통합본
비상벨,비상벨,서울특별시 광진구 능동로 42 (자양동),37.53522,127.06863,기존_광진구통합본
비상벨,비상벨,서울특별시 광진구 용마산로3길 104 (중곡동),37.5575,127.08256,기존_광진구통합본
비상벨,비상벨,서울특별시 광진구 천호대로113길 10,37.55807,127.08509,기존_광진구통합본
비상벨,비상벨,서울특별시 광진구 동일로72길 43 (중곡동),37.56544,127.08013,기존_광진구통합본
비상벨,비상벨,"서울특별시 광진구 용마산로22길 19-34 (중곡동, 삼보드림빌)",37.56533,127.08794,기존_광진구통합본
비상벨,비상벨,서울특별시 광진구 뚝섬로 561,37.5361,127.07356,기존_광진구통합본
비상벨,비상벨,"서울특별시 광진구 자양로42길 53 (구의동, 광진로얄빌라)",37.5482,127.09302,기존_광진구통합본
비상벨,비상벨,서울특별시 광진구 능동로6길 16 학교 정문 앞,37.53434,127.06896,기존_광진구통합본
비상벨,비상벨,서울특별시 광진구 자양번영로 12 (자양동),37.53057,127.07501,기존_광진구통합본
비상벨,비상벨,서울특별시 광진구 군자로 70 두산위브 앞,37.54883,127.07078,기존_광진구통합본
비상벨,비상벨,서울특별시 광진구 아차산로76길 19 (광장동),37.54747,127.10795,기존_광진구통합본
비상벨,비상벨,서울특별시 광진구 아차산로69길,37.54275,127.09831,기존_광진구통합본
비상벨,비상벨,서울특별시 광진구 아차산로 200 (자양동),37.54094,127.06606,기존_광진구통합본
비상벨,비상벨,서울특별시 광진구 뚝섬로 716 (자양동),37.53367,127.08823,기존_광진구통합본
비상벨,비상벨,서울특별시 광진구 구의강변로 11,37.53241,127.0902,기존_광진구통합본
비상벨,비상벨,서울특별시 광진구 자양로40길 41 (구의동),37.54751,127.09079,기존_광진구통합본
비상벨,비상벨,서울특별시 광진구 구의로 7,37.53876,127.08923,기존_광진구통합본
가로등,가로등,,37.5395131,127.0700084,기존_광진구통합본
가로등,가로등,,37.5408526,127.0662875,기존_광진구통합본
가로등,가로등,,37.5716952,127.0795179,기존_광진구통합본
가로등,가로등,,37.5702178,127.0791525,기존_광진구통합본
가로등,가로등,,37.5700532,127.0790855,기존_광진구통합본
가로등,가로등,,37.5697761,127.0791182,기존_광진구통합본
가로등,가로등,,37.5698095,127.0789934,기존_광진구통합본
가로등,가로등,,37.5696492,127.0789349,기존_광진구통합본
가로등,가로등,,37.5695116,127.0788734,기존_광진구통합본
가로등,가로등,,37.5693761,127.0788005,기존_광진구통합본
가로등,가로등,,37.5692655,127.0787503,기존_광진구통합본
가로등,가로등,,37.5691279,127.0786916,기존_광진구통합본
가로등,가로등,,37.5689068,127.0785683,기존_광진구통합본
가로등,가로등,,37.5686831,127.0784422,기존_광진구통합본
가로등,가로등,,37.5715306,127.0794905,기존_광진구통합본
가로등,가로등,,37.5685228,127.0783468,기존_광진구통합본
가로등,가로등,,37.5683873,127.0782768,기존_광진구통합본
가로등,가로등,,37.5682406,127.0782011,기존_광진구통합본
가로등,가로등,,37.5681389,127.0781281,기존_광진구통합본
가로등,가로등,,37.5680604,127.0782276,기존_광진구통합본
가로등,가로등,,37.5680301,127.0779561,기존_광진구통합본
가로등,가로등,,37.5678431,127.0779571,기존_광진구통합본
가로등,가로등,,37.5676569,127.0778623,기존_광진구통합본
가로등,가로등,,37.567527,127.0777748,기존_광진구통합본
가로등,가로등,,37.5673847,127.0776851,기존_광진구통합본
가로등,가로등,,37.5672323,127.0776043,기존_광진구통합본
가로등,가로등,,37.5713389,127.0794548,기존_광진구통합본
가로등,가로등,,37.5670392,127.077503,기존_광진구통합본
가로등,가로등,,37.5671135,127.0774771,기존_광진구통합본
가로등,가로등,,37.5668541,127.077405,기존_광진구통합본
가로등,가로등,,37.5667276,127.0773349,기존_광진구통합본
가로등,가로등,,37.5665695,127.0772367,기존_광진구통합본
가로등,가로등,,37.5664129,127.0772353,기존_광진구통합본
가로등,가로등,,37.5662897,127.0771052,기존_광진구통합본
가로등,가로등,,37.5660436,127.0769594,기존_광진구통합본
가로등,가로등,,37.5658743,127.0768811,기존_광진구통합본
가로등,가로등,,37.5657162,127.0767914,기존_광진구통합본
가로등,가로등,,37.5655231,127.0766826,기존_광진구통합본
가로등,가로등,,37.5711675,127.0794161,기존_광진구통합본
가로등,가로등,,37.5653865,127.0765839,기존_광진구통합본
가로등,가로등,,37.5652149,127.0764858,기존_광진구통합본
가로등,가로등,,37.5650707,127.0764271,기존_광진구통합본
가로등,가로등,,37.5649293,127.0763378,기존_광진구통합본
가로등,가로등,,37.5648177,127.0763209,기존_광진구통합본
가로등,가로등,,37.564761,127.076225,기존_광진구통합본
가로등,가로등,,37.5646417,127.0762653,기존_광진구통합본
가로등,가로등,,37.5646206,127.0760447,기존_광진구통합본
가로등,가로등,,37.5644954,127.0759864,기존_광진구통합본
가로등,가로등,,37.5643431,127.0759189,기존_광진구통합본
가로등,가로등,,37.5710164,127.0793773,기존_광진구통합본
가로등,가로등,,37.5709081,127.0793497,기존_광진구통합본
가로등,가로등,,37.5708385,127.079418,기존_광진구통합본
가로등,가로등,,37.5707705,127.0793165,기존_광진구통합본
가로등,가로등,,37.5706306,127.0792635,기존_광진구통합본
가로등,가로등,,37.5704254,127.0792136,기존_광진구통합본
가로등,가로등,,37.5364994,127.0934021,기존_광진구통합본
가로등,가로등,,37.5350344,127.0930705,기존_광진구통합본
가로등,가로등,,37.5349291,127.0929448,기존_광진구통합본
가로등,가로등,,37.5347639,127.0927563,기존_광진구통합본
가로등,가로등,,37.5346395,127.0926028,기존_광진구통합본
가로등,가로등,,37.5346292,127.0923903,기존_광진구통합본
가로등,가로등,,37.5346501,127.0921839,기존_광진구통합본
가로등,가로등,,37.5346861,127.0919434,기존_광진구통합본
가로등,가로등,,37.5354965,127.0940414,기존_광진구통합본
가로등,가로등,,37.5353196,127.093943,기존_광진구통합본
가로등,가로등,,37.5362181,127.0935338,기존_광진구통합본
가로등,가로등,,37.5353016,127.0940603,기존_광진구통합본
가로등,가로등,,37.5351159,127.0941825,기존_광진구통합본
가로등,가로등,,37.5350063,127.0942681,기존_광진구통합본
가로등,가로등,,37.534882,127.0943677,기존_광진구통합본
가로등,가로등,,37.5346983,127.0945147,기존_광진구통합본
가로등,가로등,,37.5345143,127.0946626,기존_광진구통합본
가로등,가로등,,37.534344,127.0947854,기존_광진구통합본
가로등,가로등,,37.5359864,127.0936398,기존_광진구통합본
가로등,가로등,,37.5358111,127.0937539,기존_광진구통합본
가로등,가로등,,37.5356465,127.093789,기존_광진구통합본
가로등,가로등,,37.5355764,127.0937084,기존_광진구통합본
가로등,가로등,,37.5354437,127.0935507,기존_광진구통합본
가로등,가로등,,37.5353143,127.0933897,기존_광진구통합본
가로등,가로등,,37.5351455,127.0932008,기존_광진구통합본
가로등,가로등,,37.5361892,127.0939533,기존_광진구통합본
가로등,가로등,,37.5348478,127.0947778,기존_광진구통합본
가로등,가로등,,37.534659,127.0949005,기존_광진구통합본
가로등,가로등,,37.5345241,127.0950003,기존_광진구통합본
가로등,가로등,,37.5343399,127.0951372,기존_광진구통합본
가로등,가로등,,37.5345118,127.0953456,기존_광진구통합본
가로등,가로등,,37.5348064,127.0951601,기존_광진구통합본
가로등,가로등,,37.5350334,127.0950032,기존_광진구통합본
가로등,가로등,,37.5352089,127.0949117,기존_광진구통합본
가로등,가로등,,37.5353616,127.0947779,기존_광진구통합본
가로등,가로등,,37.535618,127.0946322,기존_광진구통합본
가로등,가로등,,37.5359721,127.0940756,기존_광진구통합본
가로등,가로등,,37.5357709,127.0945408,기존_광진구통합본
가로등,가로등,,37.5360474,127.094344,기존_광진구통합본
가로등,가로등,,37.5362812,127.0941758,기존_광진구통합본
가로등,가로등,,37.5357969,127.0941728,기존_광진구통합본
가로등,가로등,,37.5355988,127.0942842,기존_광진구통합본
가로등,가로등,,37.5354641,127.0943783,기존_광진구통합본
가로등,가로등,,37.535334,127.0944668,기존_광진구통합본
가로등,가로등,,37.5352346,127.0945494,기존_광진구통합본
가로등,가로등,,37.5350885,127.0946379,기존_광진구통합본
가로등,가로등,,37.534985,127.0947007,기존_광진구통합본
가로등,가로등,,37.5365167,127.094173,기존_광진구통합본
가로등,가로등,,37.5366842,127.0940689,기존_광진구통합본
가로등,가로등,,37.5368684,127.0939179,기존_광진구통합본
가로등,가로등,,37.5370427,127.0937221,기존_광진구통합본
가로등,가로등,,37.5372626,127.0935596,기존_광진구통합본
가로등,가로등,,37.5374027,127.0933294,기존_광진구통합본
가로등,가로등,,37.5372174,127.0938228,기존_광진구통합본
가로등,가로등,,37.537415,127.0936405,기존_광진구통합본
가로등,가로등,,37.5375988,127.0935201,기존_광진구통합본
가로등,가로등,,37.5343768,127.0924859,기존_광진구통합본
가로등,가로등,,37.5330863,127.0923482,기존_광진구통합본
가로등,가로등,,37.5323928,127.0931443,기존_광진구통합본
가로등,가로등,,37.5338442,127.0948601,기존_광진구통합본
가로등,가로등,,37.5335619,127.0943505,기존_광진구통합본
가로등,가로등,,37.5329104,127.0936183,기존_광진구통합본
가로등,가로등,,37.5326699,127.0931442,기존_광진구통합본
가로등,가로등,,37.5328708,127.0928945,기존_광진구통합본
가로등,가로등,,37.5330873,127.0926213,기존_광진구통합본
가로등,가로등,,37.5333035,127.0925861,기존_광진구통합본
가로등,가로등,,37.5336876,127.0925534,기존_광진구통합본
가로등,가로등,,37.5343149,127.0925,기존_광진구통합본
가로등,가로등,,37.5338916,127.0925703,기존_광진구통합본
가로등,가로등,,37.5340257,127.0926124,기존_광진구통합본
가로등,가로등,,37.5342123,127.09271,기존_광진구통합본
가로등,가로등,,37.5343701,127.0928109,기존_광진구통합본
가로등,가로등,,37.5345059,127.0929829,기존_광진구통합본
가로등,가로등,,37.5346281,127.0931265,기존_광진구통합본
가로등,가로등,,37.5348181,127.0933547,기존_광진구통합본
가로등,가로등,,37.5349652,127.093535,기존_광진구통합본
가로등,가로등,,37.5351123,127.0937096,기존_광진구통합본
가로등,가로등,,37.5341862,127.0924328,기존_광진구통합본
가로등,가로등,,37.5340214,127.0923403,기존_광진구통합본
가로등,가로등,,37.5339086,127.092307,기존_광진구통합본
가로등,가로등,,37.5337239,127.092291,기존_광진구통합본
가로등,가로등,,37.5335999,127.0923058,기존_광진구통합본
가로등,가로등,,37.53344,127.0923265,기존_광진구통합본
가로등,가로등,,37.5332688,127.0923331,기존_광진구통합본
가로등,가로등,,37.5475265,127.0739503,기존_광진구통합본
가로등,가로등,,37.5475819,127.0737329,기존_광진구통합본
가로등,가로등,,37.5476635,127.0734469,기존_광진구통합본
가로등,가로등,,37.5477385,127.0731719,기존_광진구통합본
가로등,가로등,,37.5478029,127.0729369,기존_광진구통합본
가로등,가로등,,37.5478528,127.072682,기존_광진구통합본
가로등,가로등,,37.5479251,127.0723566,기존_광진구통합본
가로등,가로등,,37.54012005,127.0969607,기존_광진구통합본
가로등,가로등,,37.53992561,127.0972091,기존_광진구통합본
가로등,가로등,,37.53973118,127.0974575,기존_광진구통합본
가로등,가로등,,37.53953674,127.097706,기존_광진구통합본
가로등,가로등,,37.5393423,127.0979544,기존_광진구통합본
가로등,가로등,,37.5409881,127.0957886,기존_광진구통합본
가로등,가로등,,37.5408978,127.0959669,기존_광진구통합본
가로등,가로등,,37.54070336,127.0962153,기존_광진구통합본
가로등,가로등,,37.54050893,127.0964638,기존_광진구통합본
가로등,가로등,,37.54031449,127.0967122,기존_광진구통합본
가로등,가로등,,37.5418154,127.0958365,기존_광진구통합본
가로등,가로등,,37.5419421,127.095463,기존_광진구통합본
가로등,가로등,,37.5421005,127.0951784,기존_광진구통합본
가로등,가로등,,37.5423321,127.0949491,기존_광진구통합본
가로등,가로등,,37.5425347,127.0947512,기존_광진구통합본
가로등,가로등,,37.5426978,127.0945785,기존_광진구통합본
가로등,가로등,,37.5415778,127.0964751,기존_광진구통합본
가로등,가로등,,37.5414867,127.0959373,기존_광진구통합본
가로등,가로등,,37.541675,127.0956163,기존_광진구통합본
가로등,가로등,,37.5482579,127.0676837,기존_광진구통합본
가로등,가로등,,37.5479091,127.070912,기존_광진구통합본
가로등,가로등,,37.5478719,127.0712321,기존_광진구통합본
가로등,가로등,,37.5478302,127.071521,기존_광진구통합본
가로등,가로등,,37.5477594,127.0719034,기존_광진구통합본
가로등,가로등,,37.5476997,127.0722123,기존_광진구통합본
가로등,가로등,,37.5476088,127.0726204,기존_광진구통합본
가로등,가로등,,37.5475354,127.0728897,기존_광진구통합본
가로등,가로등,,37.5474598,127.0731816,기존_광진구통합본
가로등,가로등,,37.5473843,127.0734876,기존_광진구통합본
가로등,가로등,,37.5473067,127.0738079,기존_광진구통합본
가로등,가로등,,37.5482386,127.0679668,기존_광진구통합본
가로등,가로등,,37.5481995,127.0683689,기존_광진구통합본
가로등,가로등,,37.5481492,127.0687824,기존_광진구통합본
가로등,가로등,,37.5481144,127.069125,기존_광진구통합본
가로등,가로등,,37.5480571,127.069482,기존_광진구통합본
가로등,가로등,,37.5480225,127.0698897,기존_광진구통합본
가로등,가로등,,37.5479812,127.0702833,기존_광진구통합본
가로등,가로등,,37.547942,127.0706684,기존_광진구통합본
가로등,가로등,,37.5450583,127.0898529,기존_광진구통합본
가로등,가로등,,37.5452296,127.0863248,기존_광진구통합본
가로등,가로등,,37.545261,127.0858912,기존_광진구통합본
가로등,가로등,,37.5452566,127.085685,기존_광진구통합본
가로등,가로등,,37.5450615,127.0894794,기존_광진구통합본
가로등,가로등,,37.545087,127.089052,기존_광진구통합본
가로등,가로등,,37.5451081,127.0886413,기존_광진구통합본
가로등,가로등,,37.5451315,127.0882508,기존_광진구통합본
가로등,가로등,,37.545157,127.0877949,기존_광진구통합본
가로등,가로등,,37.5451758,127.0873505,기존_광진구통합본
가로등,가로등,,37.5452082,127.0869627,기존_광진구통합본
가로등,가로등,,37.5452115,127.0866428,기존_광진구통합본
가로등,가로등,,37.5446017,127.090744,기존_광진구통합본
가로등,가로등,,37.5432097,127.0935448,기존_광진구통합본
가로등,가로등,,37.5430099,127.0937554,기존_광진구통합본
가로등,가로등,,37.542691,127.0940769,기존_광진구통합본
가로등,가로등,,37.5424014,127.0943671,기존_광진구통합본
가로등,가로등,,37.5421634,127.09464,기존_광진구통합본
가로등,가로등,,37.5418669,127.0949218,기존_광진구통합본
가로등,가로등,,37.541649,127.0951296,기존_광진구통합본
가로등,가로등,,37.5414357,127.0953345,기존_광진구통합본
가로등,가로등,,37.541256,127.0954883,기존_광진구통합본
가로등,가로등,,37.5445328,127.0909992,기존_광진구통합본
가로등,가로등,,37.5444167,127.0913337,기존_광진구통합본
가로등,가로등,,37.5443165,127.0917078,기존_광진구통합본
가로등,가로등,,37.5442027,127.0920141,기존_광진구통합본
가로등,가로등,,37.5440731,127.0923459,기존_광진구통합본
가로등,가로등,,37.5438873,127.0927006,기존_광진구통합본
가로등,가로등,,37.54367,127.0930556,기존_광진구통합본
가로등,가로등,,37.5434881,127.0932632,기존_광진구통합본
가로등,가로등,,37.5430974,127.0946896,기존_광진구통합본
가로등,가로등,,37.5446407,127.0916277,기존_광진구통합본
가로등,가로등,,37.5447746,127.0912384,기존_광진구통합본
가로등,가로등,,37.5448491,127.0909469,기존_광진구통합본
가로등,가로등,,37.5449504,127.0905873,기존_광진구통합본
가로등,가로등,,37.5450234,127.0902013,기존_광진구통합본
가로등,가로등,,37.5432496,127.0940116,기존_광진구통합본
가로등,가로등,,37.5434405,127.0938097,기존_광진구통합본
가로등,가로등,,37.5436762,127.093548,기존_광진구통합본
가로등,가로등,,37.5439143,127.0933118,기존_광진구통합본
가로등,가로등,,37.5440803,127.0930958,기존_광진구통합본
가로등,가로등,,37.5442896,127.0927075,기존_광진구통합본
가로등,가로등,,37.5444033,127.0923644,기존_광진구통합본
가로등,가로등,,37.5445252,127.0919926,기존_광진구통합본
가로등,가로등,,37.5396026,127.0983257,기존_광진구통합본
가로등,가로등,,37.5398898,127.0979563,기존_광진구통합본
가로등,가로등,,37.5401544,127.0975983,기존_광진구통합본
가로등,가로등,,37.5403922,127.0972857,기존_광진구통합본
가로등,가로등,,37.5406391,127.0969844,기존_광진구통합본
가로등,가로등,,37.5409116,127.0965985,기존_광진구통합본
가로등,가로등,,37.5410596,127.0964216,기존_광진구통합본
가로등,가로등,,37.5411971,127.0962038,기존_광진구통합본
가로등,가로등,,37.5483137,127.0703427,기존_광진구통합본
가로등,가로등,,37.5483347,127.0699933,기존_광진구통합본
가로등,가로등,,37.5483853,127.0694517,기존_광진구통합본
가로등,가로등,,37.5484018,127.0692397,기존_광진구통합본
가로등,가로등,,37.5484547,127.0687762,기존_광진구통합본
가로등,가로등,,37.5484905,127.0684464,기존_광진구통합본
가로등,가로등,,37.5485252,127.0680868,기존_광진구통합본
가로등,가로등,,37.5485455,127.0678305,기존_광진구통합본
가로등,가로등,,37.5471551,127.0742616,기존_광진구통합본
가로등,가로등,,37.5470974,127.0745138,기존_광진구통합본
가로등,가로등,,37.5471577,127.074401,기존_광진구통합본
가로등,가로등,,37.5469811,127.0747664,기존_광진구통합본
가로등,가로등,,37.5469231,127.0749139,기존_광진구통합본
가로등,가로등,,37.5467779,127.0752713,기존_광진구통합본
가로등,가로등,,37.546599,127.0756572,기존_광진구통합본
가로등,가로등,,37.5465139,127.0758133,기존_광진구통합본
가로등,가로등,,37.5463953,127.0760489,기존_광진구통합본
가로등,가로등,,37.5481031,127.0726483,기존_광진구통합본
가로등,가로등,,37.5480866,127.0722153,기존_광진구통합본
가로등,가로등,,37.5480715,127.0718231,기존_광진구통합본
가로등,가로등,,37.5481044,127.0715316,기존_광진구통합본
가로등,가로등,,37.5481413,127.07127,기존_광진구통합본
가로등,가로등,,37.5481925,127.0709697,기존_광진구통합본
가로등,가로등,,37.5482335,127.070742,기존_광진구통합본
가로등,가로등,,37.5461996,127.076458,기존_광진구통합본
가로등,가로등,,37.5453751,127.0793799,기존_광진구통합본
가로등,가로등,,37.5453358,127.0796887,기존_광진구통합본
가로등,가로등,,37.5453075,127.0799832,기존_광진구통합본
가로등,가로등,,37.545313,127.0803765,기존_광진구통합본
가로등,가로등,,37.5452654,127.0808069,기존_광진구통합본
가로등,가로등,,37.5452598,127.0811494,기존_광진구통합본
가로등,가로등,,37.5452407,127.0814664,기존_광진구통합본
가로등,가로등,,37.5452146,127.0817666,기존_광진구통합본
가로등,가로등,,37.5451957,127.082078,기존_광진구통합본
가로등,가로등,,37.5452006,127.0823809,기존_광진구통합본
가로등,가로등,,37.5460451,127.0767476,기존_광진구통합본
가로등,가로등,,37.5451972,127.0825436,기존_광진구통합본
가로등,가로등,,37.5459122,127.0770676,기존_광진구통합본
가로등,가로등,,37.5458077,127.0774475,기존_광진구통합본
가로등,가로등,,37.5457143,127.0778102,기존_광진구통합본
가로등,가로등,,37.5456435,127.0781728,기존_광진구통합본
가로등,가로등,,37.5455668,127.0784681,기존_광진구통합본
가로등,가로등,,37.5454591,127.0789238,기존_광진구통합본
가로등,가로등,,37.5454283,127.0791136,기존_광진구통합본
가로등,가로등,,37.5347521,127.0957574,기존_광진구통합본
가로등,가로등,,37.5359812,127.0947293,기존_광진구통합본
가로등,가로등,,37.5361613,127.0946971,기존_광진구통합본
가로등,가로등,,37.5361918,127.0950366,기존_광진구통합본
가로등,가로등,,37.5363547,127.0952366,기존_광진구통합본
가로등,가로등,,37.5366397,127.0955633,기존_광진구통합본
가로등,가로등,,37.5368392,127.095916,기존_광진구통합본
가로등,가로등,,37.5366691,127.0961433,기존_광진구통합본
가로등,가로등,,37.5364198,127.0964785,기존_광진구통합본
가로등,가로등,,37.5363412,127.0965779,기존_광진구통합본
가로등,가로등,,37.5369337,127.0958758,기존_광진구통합본
가로등,가로등,,37.5347239,127.0954208,기존_광진구통합본
가로등,가로등,,37.5371622,127.0961547,기존_광진구통합본
가로등,가로등,,37.537298,127.096304,기존_광진구통합본
가로등,가로등,,37.5375491,127.0965969,기존_광진구통합본
가로등,가로등,,37.537832,127.0969378,기존_광진구통합본
가로등,가로등,,37.5380695,127.097211,기존_광진구통합본
가로등,가로등,,37.5383363,127.0974926,기존_광진구통합본
가로등,가로등,,37.5386554,127.0978927,기존_광진구통합본
가로등,가로등,,37.5388137,127.0980672,기존_광진구통합본
가로등,가로등,,37.5389767,127.0982644,기존_광진구통합본
가로등,가로등,,37.5349106,127.0953463,기존_광진구통합본
가로등,가로등,,37.5350883,127.0952463,기존_광진구통합본
가로등,가로등,,37.535221,127.0951804,기존_광진구통합본
가로등,가로등,,37.5353334,127.0951119,기존_광진구통합본
가로등,가로등,,37.5355089,127.0950119,기존_광진구통합본
가로등,가로등,,37.5356752,127.094895,기존_광진구통합본
가로등,가로등,,37.5358529,127.0947865,기존_광진구통합본
가로등,가로등,,37.5392484,127.0979913,기존_광진구통합본
가로등,가로등,,37.5371332,127.0955465,기존_광진구통합본
가로등,가로등,,37.5369658,127.0953776,기존_광진구통합본
가로등,가로등,,37.5366966,127.0950479,기존_광진구통합본
가로등,가로등,,37.5364768,127.0947011,기존_광진구통합본
가로등,가로등,,37.5364311,127.0945174,기존_광진구통합본
가로등,가로등,,37.5365592,127.0944206,기존_광진구통합본
가로등,가로등,,37.536858,127.0941614,기존_광진구통합본
가로등,가로등,,37.538995,127.0977013,기존_광진구통합본
가로등,가로등,,37.5388049,127.0974618,기존_광진구통합본
가로등,가로등,,37.5385844,127.0972199,기존_광진구통합본
가로등,가로등,,37.5383798,127.0970141,기존_광진구통합본
가로등,가로등,,37.5380631,127.0966535,기존_광진구통합본
가로등,가로등,,37.5378436,127.0963774,기존_광진구통합본
가로등,가로등,,37.5375992,127.0960957,기존_광진구통합본
가로등,가로등,,37.5373549,127.0958085,기존_광진구통합본
가로등,가로등,,37.5641751,127.0762142,기존_광진구통합본
가로등,가로등,,37.5458923,127.078422,기존_광진구통합본
가로등,가로등,,37.5622017,127.0750988,기존_광진구통합본
가로등,가로등,,37.5470091,127.0755117,기존_광진구통합본
가로등,가로등,,37.547185,127.0751651,기존_광진구통합본
가로등,가로등,,37.5619397,127.074939,기존_광진구통합본
가로등,가로등,,37.5473132,127.0748647,기존_광진구통합본
가로등,가로등,,37.5616618,127.074765,기존_광진구통합본
가로등,가로등,,37.5614135,127.0746305,기존_광진구통합본
가로등,가로등,,37.5473932,127.0746074,기존_광진구통합본
가로등,가로등,,37.5611967,127.0745157,기존_광진구통합본
가로등,가로등,,37.5609462,127.0743813,기존_광진구통합본
가로등,가로등,,37.5606661,127.0742215,기존_광진구통합본
가로등,가로등,,37.5459641,127.0780446,기존_광진구통합본
가로등,가로등,,37.5639198,127.0760458,기존_광진구통합본
가로등,가로등,,37.5460554,127.077614,기존_광진구통합본
가로등,가로등,,37.5636988,127.0759282,기존_광진구통합본
가로등,가로등,,37.5461505,127.0773049,기존_광진구통합본
가로등,가로등,,37.5634875,127.0757996,기존_광진구통합본
가로등,가로등,,37.563209,127.0756762,기존_광진구통합본
가로등,가로등,,37.5462793,127.076999,기존_광진구통합본
가로등,가로등,,37.5464179,127.076704,기존_광진구통합본
가로등,가로등,,37.5629986,127.0755444,기존_광진구통합본
가로등,가로등,,37.5627503,127.075407,기존_광진구통합본
가로등,가로등,,37.5465477,127.0764371,기존_광진구통합본
가로등,가로등,,37.5466988,127.0761594,기존_광진구통합본
가로등,가로등,,37.5625448,127.0752921,기존_광진구통합본
가로등,가로등,,37.5468662,127.0758153,기존_광진구통합본
가로등,가로등,,37.5624003,127.075208,기존_광진구통합본
가로등,가로등,,37.5451295,127.0831877,기존_광진구통합본
가로등,가로등,,37.545116,127.0834393,기존_광진구통합본
가로등,가로등,,37.5450976,127.0837171,기존_광진구통합본
가로등,가로등,,37.545072,127.0841107,기존_광진구통합본
가로등,가로등,,37.5450463,127.08449,기존_광진구통합본
가로등,가로등,,37.5450294,127.0848156,기존_광진구통합본
가로등,가로등,,37.5450166,127.0850506,기존_광진구통합본
가로등,가로등,,37.5452988,127.0851821,기존_광진구통합본
가로등,가로등,,37.5454823,127.0822377,기존_광진구통합본
가로등,가로등,,37.545497,127.0819434,기존_광진구통합본
가로등,가로등,,37.5455269,127.0814847,기존_광진구통합본
가로등,가로등,,37.5455594,127.0811053,기존_광진구통합본
가로등,가로등,,37.5455831,127.0807373,기존_광진구통합본
가로등,가로등,,37.5455843,127.0804214,기존_광진구통합본
가로등,가로등,,37.5455985,127.0800806,기존_광진구통합본
가로등,가로등,,37.5456201,127.0798145,기존_광진구통합본
가로등,가로등,,37.5456503,127.0794435,기존_광진구통합본
가로등,가로등,,37.5457057,127.0791743,기존_광진구통합본
가로등,가로등,,37.5453155,127.0848112,기존_광진구통합본
가로등,가로등,,37.5457634,127.0789193,기존_광진구통합본
가로등,가로등,,37.5453458,127.0844432,기존_광진구통합본
가로등,가로등,,37.5453694,127.084109,기존_광진구통합본
가로등,가로등,,37.5453863,127.0837919,기존_광진구통합본
가로등,가로등,,37.5454101,127.0835088,기존_광진구통합본
가로등,가로등,,37.5454296,127.0831549,기존_광진구통합본
가로등,가로등,,37.5454483,127.0828379,기존_광진구통합본
가로등,가로등,,37.5454629,127.0825095,기존_광진구통합본
가로등,가로등,,37.5449775,127.085447,기존_광진구통합본
가로등,가로등,,37.5448076,127.0890789,기존_광진구통합본
가로등,가로등,,37.5447796,127.0894356,기존_광진구통합본
가로등,가로등,,37.544754,127.0898348,기존_광진구통합본
가로등,가로등,,37.5447192,127.0902029,기존_광진구통합본
가로등,가로등,,37.544646,127.0905514,기존_광진구통합본
가로등,가로등,,37.5449722,127.0858517,기존_광진구통합본
가로등,가로등,,37.5449464,127.0862141,기존_광진구통합본
가로등,가로등,,37.54493,127.0866811,기존_광진구통합본
가로등,가로등,,37.5448774,127.0871173,기존_광진구통합본
가로등,가로등,,37.5448766,127.0875248,기존_광진구통합본
가로등,가로등,,37.5448619,127.0878334,기존_광진구통합본
가로등,가로등,,37.5448562,127.0882715,기존_광진구통합본
가로등,가로등,,37.5448197,127.0886628,기존_광진구통합본
가로등,가로등,,37.5481836,127.1068657,기존_광진구통합본
가로등,가로등,,37.5480883,127.106523,기존_광진구통합본
가로등,가로등,,37.5480018,127.106175,기존_광진구통합본
가로등,가로등,,37.5448728,127.1045236,기존_광진구통합본
가로등,가로등,,37.5311581,127.0919232,기존_광진구통합본
가로등,가로등,,37.533507,127.0915397,기존_광진구통합본
가로등,가로등,,37.5332119,127.0915696,기존_광진구통합본
가로등,가로등,,37.5328266,127.0915943,기존_광진구통합본
가로등,가로등,,37.5325496,127.0916155,기존_광진구통합본
가로등,가로등,,37.532054,127.0916636,기존_광진구통합본
가로등,가로등,,37.5319301,127.0916784,기존_광진구통합본
가로등,가로등,,37.5316508,127.0917082,기존_광진구통합본
가로등,가로등,,37.531385,127.0917351,기존_광진구통합본
가로등,가로등,,37.530984,127.091777,기존_광진구통합본
가로등,가로등,,37.5316471,127.0919487,기존_광진구통합본
가로등,가로등,,37.5323094,127.0918886,기존_광진구통합본
가로등,가로등,,37.5328895,127.0918194,기존_광진구통합본
가로등,가로등,,37.5333569,127.0918008,기존_광진구통합본
가로등,가로등,,37.5340938,127.091794,기존_광진구통합본
가로등,가로등,,37.5344096,127.0915663,기존_광진구통합본
가로등,가로등,,37.5341109,127.0915363,기존_광진구통합본
가로등,가로등,,37.5337796,127.0915211,기존_광진구통합본
가로등,가로등,,37.5370878,127.0929039,기존_광진구통합본
가로등,가로등,,37.5353105,127.0921103,기존_광진구통합본
가로등,가로등,,37.5358584,127.0925003,기존_광진구통합본
가로등,가로등,,37.5364454,127.0928423,기존_광진구통합본
가로등,가로등,,37.5366758,127.0929938,기존_광진구통합본
가로등,가로등,,37.5367462,127.0931406,기존_광진구통합본
가로등,가로등,,37.5366293,127.0932375,기존_광진구통합본
가로등,가로등,,37.5368869,127.0927833,기존_광진구통합본
가로등,가로등,,37.5366813,127.0926372,기존_광진구통합본
가로등,가로등,,37.5364036,127.0924718,기존_광진구통합본
가로등,가로등,,37.5361122,127.0922922,기존_광진구통합본
가로등,가로등,,37.5357734,127.092048,기존_광진구통합본
가로등,가로등,,37.5354123,127.0918576,기존_광진구통합본
가로등,가로등,,37.5349655,127.0916986,기존_광진구통합본
가로등,가로등,,37.5346645,127.0916215,기존_광진구통합본
가로등,가로등,,37.5377214,127.0936077,기존_광진구통합본
가로등,가로등,,37.5403797,127.0947167,기존_광진구통합본
가로등,가로등,,37.5379904,127.0938298,기존_광진구통합본
가로등,가로등,,37.5382384,127.0938851,기존_광진구통합본
가로등,가로등,,37.5385521,127.0940277,기존_광진구통합본
가로등,가로등,,37.5391474,127.0941433,기존_광진구통합본
가로등,가로등,,37.5394271,127.0942267,기존_광진구통합본
가로등,가로등,,37.5396121,127.0942879,기존_광진구통합본
가로등,가로등,,37.5398827,127.0943544,기존_광진구통합본
가로등,가로등,,37.54014,127.0944803,기존_광진구통합본
가로등,가로등,,37.5366842,127.0937327,기존_광진구통합본
가로등,가로등,,37.5378801,127.0919288,기존_광진구통합본
가로등,가로등,,37.5379516,127.0917671,기존_광진구통합본
가로등,가로등,,37.5379737,127.091634,기존_광진구통합본
가로등,가로등,,37.5380159,127.0914414,기존_광진구통합본
가로등,가로등,,37.5380668,127.0911723,기존_광진구통합본
가로등,가로등,,37.5380921,127.0910169,기존_광진구통합본
가로등,가로등,,37.5381194,127.0906711,기존_광진구통합본
가로등,가로등,,37.5381393,127.0903092,기존_광진구통합본
가로등,가로등,,37.5381218,127.0901532,기존_광진구통합본
가로등,가로등,,37.5380376,127.0898961,기존_광진구통합본
가로등,가로등,,37.5368357,127.0935829,기존_광진구통합본
가로등,가로등,,37.538057,127.0896329,기존_광진구통합본
가로등,가로등,,37.5371052,127.093321,기존_광진구통합본
가로등,가로등,,37.5372757,127.0930937,기존_광진구통합본
가로등,가로등,,37.5374058,127.0929232,기존_광진구통합본
가로등,가로등,,37.5374719,127.0928101,기존_광진구통합본
가로등,가로등,,37.5375783,127.0926181,기존_광진구통합본
가로등,가로등,,37.5376723,127.0924139,기존_광진구통합본
가로등,가로등,,37.5377751,127.0921841,기존_광진구통합본
가로등,가로등,,37.5396091,127.0933938,기존_광진구통합본
가로등,가로등,,37.5389481,127.0938388,기존_광진구통합본
가로등,가로등,,37.5384428,127.0937001,기존_광진구통합본
가로등,가로등,,37.5380027,127.0934478,기존_광진구통합본
가로등,가로등,,37.5376357,127.0932351,기존_광진구통합본
가로등,가로등,,37.5374403,127.0931282,기존_광진구통합본
가로등,가로등,,37.5397337,127.093611,기존_광진구통합본
가로등,가로등,,37.5398154,127.093769,기존_광진구통합본
가로등,가로등,,37.5399626,127.0939946,기존_광진구통합본
가로등,가로등,,37.5401606,127.0942458,기존_광진구통합본
가로등,가로등,,37.5398775,127.094046,기존_광진구통합본
가로등,가로등,,37.5396888,127.0940051,기존_광진구통합본
가로등,가로등,,37.5394983,127.0939773,기존_광진구통합본
가로등,가로등,,37.5392863,127.0939162,기존_광진구통합본
가로등,가로등,,37.5466173,127.1061737,기존_광진구통합본
가로등,가로등,,37.5466261,127.1064666,기존_광진구통합본
가로등,가로등,,37.546581,127.1067219,기존_광진구통합본
가로등,가로등,,37.5465338,127.1069934,기존_광진구통합본
가로등,가로등,,37.5464908,127.1072702,기존_광진구통합본
가로등,가로등,,37.546445,127.1075309,기존_광진구통합본
가로등,가로등,,37.5591691,127.0745009,기존_광진구통합본
가로등,가로등,,37.5590543,127.0748066,기존_광진구통합본
가로등,가로등,,37.5589246,127.0751285,기존_광진구통합본
가로등,가로등,,37.5588183,127.0753887,기존_광진구통합본
가로등,가로등,,37.5588991,127.0754476,기존_광진구통합본
가로등,가로등,,37.5587885,127.0757427,기존_광진구통합본
가로등,가로등,,37.5586822,127.0760056,기존_광진구통합본
가로등,가로등,,37.5585865,127.0762658,기존_광진구통합본
가로등,가로등,,37.5536611,127.0735071,기존_광진구통합본
가로등,가로등,,37.5520489,127.071199,기존_광진구통합본
가로등,가로등,,37.5518527,127.0711462,기존_광진구통합본
가로등,가로등,,37.5516159,127.0710995,기존_광진구통합본
가로등,가로등,,37.5513217,127.0710649,기존_광진구통합본
가로등,가로등,,37.5510591,127.0710461,기존_광진구통합본
가로등,가로등,,37.5508021,127.0709882,기존_광진구통합본
가로등,가로등,,37.5506014,127.0709581,기존_광진구통합본
가로등,가로등,,37.5503488,127.0708888,기존_광진구통합본
가로등,가로등,,37.5500736,127.0708281,기존_광진구통합본
가로등,가로등,,37.5498278,127.0707616,기존_광진구통합본
가로등,가로등,,37.5534496,127.0731104,기존_광진구통합본
가로등,가로등,,37.5495932,127.0707205,기존_광진구통합본
가로등,가로등,,37.5493068,127.0706571,기존_광진구통합본
가로등,가로등,,37.549061,127.0706132,기존_광진구통합본
가로등,가로등,,37.5487858,127.0705214,기존_광진구통합본
가로등,가로등,,37.5485264,127.0704465,기존_광진구통합본
가로등,가로등,,37.5483053,127.0703968,기존_광진구통합본
가로등,가로등,,37.5484084,127.0706658,기존_광진구통합본
가로등,가로등,,37.5486679,127.0707464,기존_광진구통합본
가로등,가로등,,37.5532714,127.0727486,기존_광진구통합본
가로등,가로등,,37.5530965,127.0723873,기존_광진구통합본
가로등,가로등,,37.5529786,127.0721729,기존_광진구통합본
가로등,가로등,,37.5528832,127.0719782,기존_광진구통합본
가로등,가로등,,37.55272,127.0717244,기존_광진구통합본
가로등,가로등,,37.5526046,127.0715977,기존_광진구통합본
가로등,가로등,,37.5523965,127.0713753,기존_광진구통합본
가로등,가로등,,37.5488731,127.0707961,기존_광진구통합본
가로등,가로등,,37.5488478,127.0709524,기존_광진구통합본
가로등,가로등,,37.5488405,127.0711388,기존_광진구통합본
가로등,가로등,,37.5488529,127.0714387,기존_광진구통합본
가로등,가로등,,37.5486996,127.0714142,기존_광진구통합본
가로등,가로등,,37.5485509,127.0714376,기존_광진구통합본
가로등,가로등,,37.5483886,127.0714074,기존_광진구통합본
가로등,가로등,,37.5621695,127.0824758,기존_광진구통합본
가로등,가로등,,37.5620553,127.0826718,기존_광진구통합본
가로등,가로등,,37.5618941,127.0829741,기존_광진구통합본
가로등,가로등,,37.5617776,127.0831701,기존_광진구통합본
가로등,가로등,,37.5616568,127.0834114,기존_광진구통합본
가로등,가로등,,37.561527,127.0836385,기존_광진구통합본
가로등,가로등,,37.561406,127.0838515,기존_광진구통합본
가로등,가로등,,37.5612626,127.0841099,기존_광진구통합본
가로등,가로등,,37.5611351,127.0843484,기존_광진구통합본
가로등,가로등,,37.561354,127.0844434,기존_광진구통합본
가로등,가로등,,37.5614952,127.0842077,기존_광진구통합본
가로등,가로등,,37.5616564,127.0839124,기존_광진구통합본
가로등,가로등,,37.5617998,127.083705,기존_광진구통합본
가로등,가로등,,37.5619342,127.0834608,기존_광진구통합본
가로등,가로등,,37.5620517,127.08322,기존_광진구통합본
가로등,가로등,,37.5622319,127.0829128,기존_광진구통합본
가로등,가로등,,37.5623687,127.0827054,기존_광진구통합본
가로등,가로등,,37.5624403,127.0825691,기존_광진구통합본
가로등,가로등,,37.564067,127.0768164,기존_광진구통합본
가로등,가로등,,37.5633251,127.0791644,기존_광진구통합본
가로등,가로등,,37.5632292,127.0794424,기존_광진구통합본
가로등,가로등,,37.5631644,127.0796041,기존_광진구통합본
가로등,가로등,,37.5639958,127.0770801,기존_광진구통합본
가로등,가로등,,37.5639068,127.077392,기존_광진구통합본
가로등,가로등,,37.5638132,127.0776869,기존_광진구통합본
가로등,가로등,,37.56374,127.0779421,기존_광진구통합본
가로등,가로등,,37.5636651,127.0781723,기존_광진구통합본
가로등,가로등,,37.5635548,127.0784951,기존_광진구통합본
가로등,가로등,,37.56349,127.0786852,기존_광진구통합본
가로등,가로등,,37.5633965,127.0789744,기존_광진구통합본
가로등,가로등,,37.5589787,127.0908509,기존_광진구통합본
가로등,가로등,,37.5588806,127.0911317,기존_광진구통합본
가로등,가로등,,37.558801,127.0915935,기존_광진구통합본
가로등,가로등,,37.5588181,127.0919557,기존_광진구통합본
가로등,가로등,,37.5588869,127.0923148,기존_광진구통합본
가로등,가로등,,37.5589719,127.0927757,기존_광진구통합본
가로등,가로등,,37.5590296,127.0931802,기존_광진구통합본
가로등,가로등,,37.5590601,127.0935395,기존_광진구통합본
가로등,가로등,,37.5592081,127.0939746,기존_광진구통합본
가로등,가로등,,37.5594115,127.0941349,기존_광진구통합본
가로등,가로등,,37.5596962,127.0943655,기존_광진구통합본
가로등,가로등,,37.5599877,127.0945875,기존_광진구통합본
가로등,가로등,,37.560226,127.094782,기존_광진구통합본
가로등,가로등,,37.5604311,127.0950945,기존_광진구통합본
가로등,가로등,,37.5606779,127.095447,기존_광진구통합본
가로등,가로등,,37.5609129,127.0956213,기존_광진구통합본
가로등,가로등,,37.5611682,127.0958435,기존_광진구통합본
가로등,가로등,,37.5613419,127.0958879,기존_광진구통합본
가로등,가로등,,37.5616238,127.0959373,기존_광진구통합본
가로등,가로등,,37.5618472,127.0960267,기존_광진구통합본
가로등,가로등,,37.5620503,127.0961162,기존_광진구통합본
가로등,가로등,,37.5622084,127.0962144,기존_광진구통합본
가로등,가로등,,37.563406,127.079733,기존_광진구통합본
가로등,가로등,,37.5641862,127.0773649,기존_광진구통합본
가로등,가로등,,37.5642328,127.077175,기존_광진구통합본
가로등,가로등,,37.5643241,127.0768602,기존_광진구통합본
가로등,가로등,,37.5634526,127.0795487,기존_광진구통합본
가로등,가로등,,37.5635844,127.0792168,기존_광진구통합본
가로등,가로등,,37.563658,127.079007,기존_광진구통합본
가로등,가로등,,37.5637628,127.0787091,기존_광진구통합본
가로등,가로등,,37.5638361,127.0784285,기존_광진구통합본
가로등,가로등,,37.5639367,127.0781703,기존_광진구통합본
가로등,가로등,,37.5640124,127.0779321,기존_광진구통합본
가로등,가로등,,37.5641149,127.0776173,기존_광진구통합본
가로등,가로등,,37.5630931,127.0798452,기존_광진구통합본
가로등,가로등,,37.5623169,127.0820971,기존_광진구통합본
가로등,가로등,,37.5630062,127.0801061,기존_광진구통합본
가로등,가로등,,37.5629304,127.0803472,기존_광진구통합본
가로등,가로등,,37.5628255,127.080645,기존_광진구통합본
가로등,가로등,,37.5627586,127.0808491,기존_광진구통합본
가로등,가로등,,37.562656,127.0811413,기존_광진구통합본
가로등,가로등,,37.5625669,127.0814107,기존_광진구통합본
가로등,가로등,,37.5624877,127.0816493,기존_광진구통합본
가로등,가로등,,37.5624287,127.0818502,기존_광진구통합본
가로등,가로등,,37.5625788,127.0822287,기존_광진구통합본
가로등,가로등,,37.5633301,127.0799514,기존_광진구통합본
가로등,가로등,,37.5626276,127.0820105,기존_광진구통합본
가로등,가로등,,37.5627034,127.0817921,기존_광진구통합본
가로등,가로등,,37.562777,127.0815567,기존_광진구통합본
가로등,가로등,,37.5628572,127.0813015,기존_광진구통합본
가로등,가로등,,37.562942,127.0810123,기존_광진구통합본
가로등,가로등,,37.5630316,127.0807796,기존_광진구통합본
가로등,가로등,,37.5631461,127.0804794,기존_광진구통합본
가로등,가로등,,37.563214,127.0802351,기존_광진구통합본
가로등,가로등,,37.560928,127.084718,기존_광진구통합본
가로등,가로등,,37.5598252,127.086739,기존_광진구통합본
가로등,가로등,,37.5597379,127.0869065,기존_광진구통합본
가로등,가로등,,37.5596126,127.0871478,기존_광진구통합본
가로등,가로등,,37.5595231,127.0873295,기존_광진구통합본
가로등,가로등,,37.5594133,127.0874999,기존_광진구통합본
가로등,가로등,,37.5608014,127.0849447,기존_광진구통합본
가로등,가로등,,37.5606917,127.0851491,기존_광진구통합본
가로등,가로등,,37.5605663,127.0853876,기존_광진구통합본
가로등,가로등,,37.5604477,127.0856034,기존_광진구통합본
가로등,가로등,,37.5602977,127.0858788,기존_광진구통합본
가로등,가로등,,37.5601656,127.0861342,기존_광진구통합본
가로등,가로등,,37.5600459,127.0863448,기존_광진구통합본
가로등,가로등,,37.5599574,127.0865091,기존_광진구통합본
가로등,가로등,,37.5597915,127.0873988,기존_광진구통합본
가로등,가로등,,37.5609062,127.0852725,기존_광진구통합본
가로등,가로등,,37.5610272,127.0850482,기존_광진구통합본
가로등,가로등,,37.5611212,127.0848807,기존_광진구통합본
가로등,가로등,,37.5612555,127.0846364,기존_광진구통합본
가로등,가로등,,37.5598877,127.0871718,기존_광진구통합본
가로등,가로등,,37.5600309,127.0868965,기존_광진구통합본
가로등,가로등,,37.5601473,127.086692,기존_광진구통합본
가로등,가로등,,37.5602974,127.0864222,기존_광진구통합본
가로등,가로등,,37.5604205,127.0861951,기존_광진구통합본
가로등,가로등,,37.5605481,127.0859624,기존_광진구통합본
가로등,가로등,,37.5606624,127.0857663,기존_광진구통합본
가로등,가로등,,37.5607899,127.085508,기존_광진구통합본
가로등,가로등,,37.559383,127.0878681,기존_광진구통합본
가로등,가로등,,37.5591788,127.0881155,기존_광진구통합본
가로등,가로등,,37.5590199,127.0884362,기존_광진구통합본
가로등,가로등,,37.5589964,127.0887873,기존_광진구통합본
가로등,가로등,,37.559036,127.0891806,기존_광진구통합본
가로등,가로등,,37.5590915,127.0895935,기존_광진구통합본
가로등,가로등,,37.559111,127.0899954,기존_광진구통합본
가로등,가로등,,37.559092,127.0903493,기존_광진구통합본
가로등,가로등,,37.5326886,127.0673867,기존_광진구통합본
가로등,가로등,,37.5329156,127.0674914,기존_광진구통합본
가로등,가로등,,37.5331715,127.0676813,기존_광진구통합본
가로등,가로등,,37.5333819,127.0677892,기존_광진구통합본
가로등,가로등,,37.5336339,127.0679003,기존_광진구통합본
가로등,가로등,,37.5338411,127.0679945,기존_광진구통합본
가로등,가로등,,37.5340853,127.0681202,기존_광진구통합본
가로등,가로등,,37.534271,127.0682118,기존_광진구통합본
가로등,가로등,,37.5344522,127.068298,기존_광진구통합본
가로등,가로등,,37.5472443,127.0738649,기존_광진구통합본
가로등,가로등,,37.5450088,127.0727978,기존_광진구통합본
가로등,가로등,,37.5446972,127.0726536,기존_광진구통합본
가로등,가로등,,37.5444918,127.0725589,기존_광진구통합본
가로등,가로등,,37.5442284,127.0724366,기존_광진구통합본
가로등,가로등,,37.5439795,127.0723228,기존_광진구통합본
가로등,가로등,,37.5437867,127.072234,기존_광진구통합본
가로등,가로등,,37.5434784,127.0720931,기존_광진구통합본
가로등,가로등,,37.5432438,127.0719834,기존_광진구통합본
가로등,가로등,,37.5430118,127.0718734,기존_광진구통합본
가로등,가로등,,37.5427425,127.0717462,기존_광진구통합본
가로등,가로등,,37.5469403,127.073731,기존_광진구통합본
가로등,가로등,,37.542557,127.0716577,기존_광진구통합본
가로등,가로등,,37.5466928,127.0736129,기존_광진구통합본
가로등,가로등,,37.5465067,127.0735238,기존_광진구통합본
가로등,가로등,,37.5462273,127.0733859,기존_광진구통합본
가로등,가로등,,37.5459659,127.0732583,기존_광진구통합본
가로등,가로등,,37.5457175,127.073134,기존_광진구통합본
가로등,가로등,,37.5454761,127.0730171,기존_광진구통합본
가로등,가로등,,37.5452622,127.0729181,기존_광진구통합본
가로등,가로등,,37.5372219,127.070887,기존_광진구통합본
가로등,가로등,,37.5373026,127.0706372,기존_광진구통합본
가로등,가로등,,37.5373861,127.0703928,기존_광진구통합본
가로등,가로등,,37.5374701,127.0701464,기존_광진구통합본
가로등,가로등,,37.5375525,127.069902,기존_광진구통합본
가로등,가로등,,37.5498795,127.0759515,기존_광진구통합본
가로등,가로등,,37.5522574,127.0770852,기존_광진구통합본
가로등,가로등,,37.5525671,127.0772337,기존_광진구통합본
가로등,가로등,,37.552826,127.0773612,기존_광진구통합본
가로등,가로등,,37.5530979,127.0774898,기존_광진구통합본
가로등,가로등,,37.5532831,127.0775901,기존_광진구통합본
가로등,가로등,,37.5535366,127.0777148,기존_광진구통합본
가로등,가로등,,37.5537368,127.0778197,기존_광진구통합본
가로등,가로등,,37.5539438,127.0779258,기존_광진구통합본
가로등,가로등,,37.5541563,127.0780414,기존_광진구통합본
가로등,가로등,,37.554355,127.0781422,기존_광진구통합본
가로등,가로등,,37.5500969,127.0760758,기존_광진구통합본
가로등,가로등,,37.5503105,127.0761971,기존_광진구통합본
가로등,가로등,,37.5505226,127.0763216,기존_광진구통합본
가로등,가로등,,37.550732,127.0764105,기존_광진구통합본
가로등,가로등,,37.5509405,127.0764944,기존_광진구통합본
가로등,가로등,,37.5512405,127.0766199,기존_광진구통합본
가로등,가로등,,37.5515101,127.0767318,기존_광진구통합본
가로등,가로등,,37.5519232,127.0769184,기존_광진구통합본
가로등,가로등,,37.5496161,127.0753696,기존_광진구통합본
가로등,가로등,,37.5475776,127.0741686,기존_광진구통합본
가로등,가로등,,37.5474874,127.0745758,기존_광진구통합본
가로등,가로등,,37.5477491,127.0746601,기존_광진구통합본
가로등,가로등,,37.5479764,127.0748064,기존_광진구통합본
가로등,가로등,,37.5481834,127.0749331,기존_광진구통합본
가로등,가로등,,37.5484152,127.0750718,기존_광진구통합본
가로등,가로등,,37.5486358,127.0752101,기존_광진구통합본
가로등,가로등,,37.5488339,127.0753253,기존_광진구통합본
가로등,가로등,,37.5490914,127.075473,기존_광진구통합본
가로등,가로등,,37.5488878,127.0758054,기존_광진구통합본
가로등,가로등,,37.549438,127.0752732,기존_광진구통합본
가로등,가로등,,37.5493707,127.0756385,기존_광진구통합본
가로등,가로등,,37.5492455,127.0751783,기존_광진구통합본
가로등,가로등,,37.5490681,127.0750786,기존_광진구통합본
가로등,가로등,,37.5487636,127.0748968,기존_광진구통합본
가로등,가로등,,37.5485351,127.0747741,기존_광진구통합본
가로등,가로등,,37.5483035,127.0746395,기존_광진구통합본
가로등,가로등,,37.5479794,127.0744427,기존_광진구통합본
가로등,가로등,,37.5477927,127.0743118,기존_광진구통합본
가로등,가로등,,37.5545586,127.0782481,기존_광진구통합본
가로등,가로등,,37.5567676,127.0794582,기존_광진구통합본
가로등,가로등,,37.5548364,127.0784028,기존_광진구통합본
가로등,가로등,,37.5551122,127.078548,기존_광진구통합본
가로등,가로등,,37.5553873,127.0786888,기존_광진구통합본
가로등,가로등,,37.5556347,127.0788284,기존_광진구통합본
가로등,가로등,,37.5558699,127.0789586,기존_광진구통합본
가로등,가로등,,37.5561055,127.0790982,기존_광진구통합본
가로등,가로등,,37.5563441,127.0792318,기존_광진구통합본
가로등,가로등,,37.5565443,127.0793432,기존_광진구통합본
가로등,가로등,,37.5545245,127.0777849,기존_광진구통합본
가로등,가로등,,37.552315,127.0766861,기존_광진구통합본
가로등,가로등,,37.5520445,127.0765568,기존_광진구통합본
가로등,가로등,,37.5518044,127.0764368,기존_광진구통합본
가로등,가로등,,37.5515692,127.0763336,기존_광진구통합본
가로등,가로등,,37.551318,127.0762252,기존_광진구통합본
가로등,가로등,,37.5511531,127.0761703,기존_광진구통합본
가로등,가로등,,37.5509683,127.0760824,기존_광진구통합본
가로등,가로등,,37.5507381,127.0759832,기존_광진구통합본
가로등,가로등,,37.5504425,127.0758428,기존_광진구통합본
가로등,가로등,,37.5501417,127.0756698,기존_광진구통합본
가로등,가로등,,37.5543191,127.0776829,기존_광진구통합본
가로등,가로등,,37.5499237,127.0755459,기존_광진구통합본
가로등,가로등,,37.5540951,127.0775606,기존_광진구통합본
가로등,가로등,,37.5537795,127.0774051,기존_광진구통합본
가로등,가로등,,37.5535196,127.0772694,기존_광진구통합본
가로등,가로등,,37.5532309,127.0771264,기존_광진구통합본
가로등,가로등,,37.5529848,127.0770031,기존_광진구통합본
가로등,가로등,,37.552777,127.076903,기존_광진구통합본
가로등,가로등,,37.5525729,127.0768093,기존_광진구통합본
가로등,가로등,,37.5576332,127.0798587,기존_광진구통합본
가로등,가로등,,37.5597609,127.0810427,기존_광진구통합본
가로등,가로등,,37.5599921,127.0811724,기존_광진구통합본
가로등,가로등,,37.5602127,127.0812908,기존_광진구통합본
가로등,가로등,,37.5604258,127.081403,기존_광진구통합본
가로등,가로등,,37.5607056,127.0815592,기존_광진구통합본
가로등,가로등,,37.5609694,127.0817008,기존_광진구통합본
가로등,가로등,,37.5611893,127.0818267,기존_광진구통합본
가로등,가로등,,37.5614472,127.0819646,기존_광진구통합본
가로등,가로등,,37.5616658,127.0820889,기존_광진구통합본
가로등,가로등,,37.561864,127.0822019,기존_광진구통합본
가로등,가로등,,37.5578542,127.0799904,기존_광진구통합본
가로등,가로등,,37.5621097,127.0823381,기존_광진구통합본
가로등,가로등,,37.5580775,127.0801,기존_광진구통합본
가로등,가로등,,37.5582984,127.0802281,기존_광진구통합본
가로등,가로등,,37.5586044,127.0803957,기존_광진구통합본
가로등,가로등,,37.5588134,127.0805129,기존_광진구통합본
가로등,가로등,,37.5590348,127.0806478,기존_광진구통합본
가로등,가로등,,37.559284,127.0807923,기존_광진구통합본
가로등,가로등,,37.5595138,127.0809224,기존_광진구통합본
가로등,가로등,,37.5570426,127.0791706,기존_광진구통합본
가로등,가로등,,37.5549234,127.078009,기존_광진구통합본
가로등,가로등,,37.5546675,127.0778675,기존_광진구통합본
가로등,가로등,,37.556768,127.0790267,기존_광진구통합본
가로등,가로등,,37.5564915,127.078864,기존_광진구통합본
가로등,가로등,,37.556224,127.0787093,기존_광진구통합본
가로등,가로등,,37.5560541,127.0786196,기존_광진구통합본
가로등,가로등,,37.5558779,127.0785214,기존_광진구통합본
가로등,가로등,,37.5556475,127.0783881,기존_광진구통합본
가로등,가로등,,37.5554267,127.0782682,기존_광진구통합본
가로등,가로등,,37.555176,127.0781382,기존_광진구통합본
가로등,가로등,,37.562543,127.0825637,기존_광진구통합본
가로등,가로등,,37.5648078,127.083795,기존_광진구통합본
가로등,가로등,,37.565151,127.0839865,기존_광진구통합본
가로등,가로등,,37.5654,127.0841241,기존_광진구통합본
가로등,가로등,,37.5656068,127.0842421,기존_광진구통합본
가로등,가로등,,37.5658465,127.0843719,기존_광진구통합본
가로등,가로등,,37.5661086,127.0845177,기존_광진구통합본
가로등,가로등,,37.5663868,127.0846726,기존_광진구통합본
가로등,가로등,,37.5666113,127.0847953,기존_광진구통합본
가로등,가로등,,37.5669165,127.0849651,기존_광진구통합본
가로등,가로등,,37.5671833,127.0851109,기존_광진구통합본
가로등,가로등,,37.5627764,127.082684,기존_광진구통합본
가로등,가로등,,37.5674086,127.0852339,기존_광진구통합본
가로등,가로등,,37.5676513,127.0853658,기존_광진구통합본
가로등,가로등,,37.567895,127.0855047,기존_광진구통합본
가로등,가로등,,37.56815,127.0856282,기존_광진구통합본
가로등,가로등,,37.5683799,127.0857505,기존_광진구통합본
가로등,가로등,,37.5685966,127.08583,기존_광진구통합본
가로등,가로등,,37.5629761,127.0827876,기존_광진구통합본
가로등,가로등,,37.5632856,127.0829636,기존_광진구통합본
가로등,가로등,,37.5635375,127.083102,기존_광진구통합본
가로등,가로등,,37.5637834,127.083235,기존_광진구통합본
가로등,가로등,,37.5640048,127.0833555,기존_광진구통합본
가로등,가로등,,37.5642035,127.0834647,기존_광진구통합본
가로등,가로등,,37.5644529,127.0836007,기존_광진구통합본
가로등,가로등,,37.5602668,127.0810031,기존_광진구통합본
가로등,가로등,,37.56001,127.0808538,기존_광진구통합본
가로등,가로등,,37.5597611,127.0807286,기존_광진구통합본
가로등,가로등,,37.5595032,127.0805865,기존_광진구통합본
가로등,가로등,,37.5592734,127.0804567,기존_광진구통합본
가로등,가로등,,37.559025,127.0803194,기존_광진구통합본
가로등,가로등,,37.5588015,127.0801933,기존_광진구통합본
가로등,가로등,,37.5585305,127.0800392,기존_광진구통합본
가로등,가로등,,37.5583091,127.0799357,기존_광진구통합본
가로등,가로등,,37.5580655,127.0798012,기존_광진구통합본
가로등,가로등,,37.5620499,127.0819819,기존_광진구통합본
가로등,가로등,,37.5577957,127.0796475,기존_광진구통합본
가로등,가로등,,37.5575925,127.079541,기존_광진구통합본
가로등,가로등,,37.5618213,127.0818582,기존_광진구통합본
가로등,가로등,,37.5616395,127.0817569,기존_광진구통합본
가로등,가로등,,37.5613866,127.081614,기존_광진구통합본
가로등,가로등,,37.56118,127.0814924,기존_광진구통합본
가로등,가로등,,37.5609283,127.0813618,기존_광진구통합본
가로등,가로등,,37.5606822,127.0812245,기존_광진구통합본
가로등,가로등,,37.5604679,127.0811088,기존_광진구통합본
가로등,가로등,,37.5680324,127.0852886,기존_광진구통합본
가로등,가로등,,37.5658653,127.0840825,기존_광진구통합본
가로등,가로등,,37.5656314,127.0839499,기존_광진구통합본
가로등,가로등,,37.5653698,127.0838049,기존_광진구통합본
가로등,가로등,,37.5651074,127.0836653,기존_광진구통합본
가로등,가로등,,37.5648761,127.0835369,기존_광진구통합본
가로등,가로등,,37.5646241,127.0833946,기존_광진구통합본
가로등,가로등,,37.5644188,127.0832813,기존_광진구통합본
가로등,가로등,,37.5641926,127.0831566,기존_광진구통합본
가로등,가로등,,37.563956,127.0830235,기존_광진구통합본
가로등,가로등,,37.563676,127.0828694,기존_광진구통합본
가로등,가로등,,37.5677541,127.0851293,기존_광진구통합본
가로등,가로등,,37.5634838,127.0827707,기존_광진구통합본
가로등,가로등,,37.5632358,127.0826284,기존_광진구통합본
가로등,가로등,,37.5629422,127.0824742,기존_광진구통합본
가로등,가로등,,37.562708,127.0823434,기존_광진구통합본
가로등,가로등,,37.5675545,127.0850192,기존_광진구통합본
가로등,가로등,,37.567302,127.0848789,기존_광진구통합본
가로등,가로등,,37.567063,127.0847445,기존_광진구통합본
가로등,가로등,,37.5668379,127.0846208,기존_광진구통합본
가로등,가로등,,37.5665569,127.0844612,기존_광진구통합본
가로등,가로등,,37.56633,127.0843441,기존_광진구통합본
가로등,가로등,,37.5660902,127.0842012,기존_광진구통합본
가로등,가로등,,37.5341063,127.0677072,기존_광진구통합본
가로등,가로등,,37.532179,127.0667916,기존_광진구통합본
가로등,가로등,,37.5338923,127.0676057,기존_광진구통합본
가로등,가로등,,37.5336772,127.0675039,기존_광진구통합본
가로등,가로등,,37.5334775,127.0674106,기존_광진구통합본
가로등,가로등,,37.5332947,127.0673226,기존_광진구통합본
가로등,가로등,,37.5331554,127.0672569,기존_광진구통합본
가로등,가로등,,37.5329357,127.0671537,기존_광진구통합본
가로등,가로등,,37.5326869,127.0670359,기존_광진구통합본
가로등,가로등,,37.5323991,127.066897,기존_광진구통합본
가로등,가로등,,37.5364799,127.0692102,기존_광진구통합본
가로등,가로등,,37.536684,127.0693022,기존_광진구통합본
가로등,가로등,,37.5369609,127.0694327,기존_광진구통합본
가로등,가로등,,37.5372092,127.0695484,기존_광진구통합본
가로등,가로등,,37.5347571,127.068437,기존_광진구통합본
가로등,가로등,,37.5349815,127.0685432,기존_광진구통합본
가로등,가로등,,37.5351718,127.0686326,기존_광진구통합본
가로등,가로등,,37.5352049,127.0687588,기존_광진구통합본
가로등,가로등,,37.535481,127.0688029,기존_광진구통합본
가로등,가로등,,37.5357356,127.068865,기존_광진구통합본
가로등,가로등,,37.5360205,127.0690029,기존_광진구통합본
가로등,가로등,,37.536261,127.069111,기존_광진구통합본
가로등,가로등,,37.5352901,127.0682561,기존_광진구통합본
가로등,가로등,,37.5350853,127.068166,기존_광진구통합본
가로등,가로등,,37.5348891,127.0680757,기존_광진구통합본
가로등,가로등,,37.5345498,127.0679161,기존_광진구통합본
가로등,가로등,,37.5342799,127.0677882,기존_광진구통합본
가로등,가로등,,37.5385843,127.0702926,기존_광진구통합본
가로등,가로등,,37.5389578,127.0704887,기존_광진구통합본
가로등,가로등,,37.5391822,127.0706043,기존_광진구통합본
가로등,가로등,,37.539431,127.0707342,기존_광진구통합본
가로등,가로등,,37.5396273,127.0708769,기존_광진구통합본
가로등,가로등,,37.5376166,127.0698223,기존_광진구통합본
가로등,가로등,,37.5378339,127.0699042,기존_광진구통합본
가로등,가로등,,37.5380505,127.0700059,기존_광진구통합본
가로등,가로등,,37.5383038,127.0701387,기존_광진구통합본
가로등,가로등,,37.5398969,127.0703515,기존_광진구통합본
가로등,가로등,,37.5378408,127.0694157,기존_광진구통합본
가로등,가로등,,37.5375677,127.0693,기존_광진구통합본
가로등,가로등,,37.5372856,127.0691749,기존_광진구통합본
가로등,가로등,,37.5369912,127.0690385,기존_광진구통합본
가로등,가로등,,37.5367943,127.068948,기존_광진구통합본
가로등,가로등,,37.5364484,127.0687871,기존_광진구통합본
가로등,가로등,,37.5361399,127.0686434,기존_광진구통합본
가로등,가로등,,37.5358575,127.0685135,기존_광진구통합본
가로등,가로등,,37.5356661,127.0684261,기존_광진구통합본
가로등,가로등,,37.5397761,127.0702993,기존_광진구통합본
가로등,가로등,,37.5396271,127.0702283,기존_광진구통합본
가로등,가로등,,37.5394472,127.0701454,기존_광진구통합본
가로등,가로등,,37.5392222,127.0700422,기존_광진구통합본
가로등,가로등,,37.5389648,127.0699208,기존_광진구통합본
가로등,가로등,,37.5386229,127.0697609,기존_광진구통합본
가로등,가로등,,37.5383229,127.06962,기존_광진구통합본
가로등,가로등,,37.5401385,127.070976,기존_광진구통합본
가로등,가로등,,37.5422757,127.0719453,기존_광진구통합본
가로등,가로등,,37.5425354,127.0720616,기존_광진구통합본
가로등,가로등,,37.5427741,127.0721701,기존_광진구통합본
가로등,가로등,,37.5430173,127.0722772,기존_광진구통합본
가로등,가로등,,37.5431941,127.0723523,기존_광진구통합본
가로등,가로등,,37.5403891,127.0710927,기존_광진구통합본
가로등,가로등,,37.540617,127.0712004,기존_광진구통합본
가로등,가로등,,37.5408282,127.071299,기존_광진구통합본
가로등,가로등,,37.541124,127.0714375,기존_광진구통합본
가로등,가로등,,37.5413536,127.0715436,기존_광진구통합본
가로등,가로등,,37.5415662,127.0716432,기존_광진구통합본
가로등,가로등,,37.541834,127.0717684,기존_광진구통합본
가로등,가로등,,37.5420951,127.0718628,기존_광진구통합본
가로등,가로등,,37.5423362,127.0715526,기존_광진구통합본
가로등,가로등,,37.5402669,127.070535,기존_광진구통합본
가로등,가로등,,37.5420882,127.0714322,기존_광진구통합본
가로등,가로등,,37.5418416,127.0713181,기존_광진구통합본
가로등,가로등,,37.541597,127.0711991,기존_광진구통합본
가로등,가로등,,37.5413415,127.071078,기존_광진구통합본
가로등,가로등,,37.5410995,127.0709623,기존_광진구통합본
가로등,가로등,,37.5408043,127.0708267,기존_광진구통합본
가로등,가로등,,37.5405871,127.0706951,기존_광진구통합본
가로등,가로등,,37.5404441,127.0706247,기존_광진구통합본
가로등,가로등,,37.5435439,127.0725145,기존_광진구통합본
가로등,가로등,,37.5457399,127.0735363,기존_광진구통합본
가로등,가로등,,37.5459246,127.0736405,기존_광진구통합본
가로등,가로등,,37.5462938,127.0738212,기존_광진구통합본
가로등,가로등,,37.5465191,127.0739291,기존_광진구통합본
가로등,가로등,,37.5466879,127.0740096,기존_광진구통합본
가로등,가로등,,37.5468832,127.0741027,기존_광진구통합본
가로등,가로등,,37.5470989,127.0742075,기존_광진구통합본
가로등,가로등,,37.5437853,127.0726233,기존_광진구통합본
가로등,가로등,,37.543989,127.0727163,기존_광진구통합본
가로등,가로등,,37.5442247,127.072824,기존_광진구통합본
가로등,가로등,,37.5444454,127.0729254,기존_광진구통합본
가로등,가로등,,37.5447706,127.073085,기존_광진구통합본
가로등,가로등,,37.545025,127.073205,기존_광진구통합본
가로등,가로등,,37.545274,127.0733222,기존_광진구통합본
가로등,가로등,,37.5454792,127.0734156,기존_광진구통합본
가로등,가로등,,37.5716814,127.0804032,기존_광진구통합본
가로등,가로등,,37.571652,127.080845,기존_광진구통합본
가로등,가로등,,37.5716348,127.0812165,기존_광진구통합본
가로등,가로등,,37.5715885,127.0815844,기존_광진구통합본
가로등,가로등,,37.571553,127.0819291,기존_광진구통합본
가로등,가로등,,37.5715206,127.0822419,기존_광진구통합본
가로등,가로등,,37.571488,127.0825771,기존_광진구통합본
가로등,가로등,,37.5714346,127.0830596,기존_광진구통합본
가로등,가로등,,37.5713537,127.0835939,기존_광진구통합본
가로등,가로등,,37.571303,127.0838754,기존_광진구통합본
가로등,가로등,,37.5712633,127.0841637,기존_광진구통합본
가로등,가로등,,37.5711952,127.0844934,기존_광진구통합본
가로등,가로등,,37.5711071,127.0849515,기존_광진구통합본
가로등,가로등,,37.5710476,127.085253,기존_광진구통합본
가로등,가로등,,37.5709729,127.0856211,기존_광진구통합본
가로등,가로등,,37.5709269,127.0858471,기존_광진구통합본
가로등,가로등,,37.5470405,127.0737443,기존_광진구통합본
가로등,가로등,,37.5472338,127.0723621,기존_광진구통합본
가로등,가로등,,37.5473307,127.0722964,기존_광진구통합본
가로등,가로등,,37.5471856,127.0721162,기존_광진구통합본
가로등,가로등,,37.5469283,127.0720186,기존_광진구통합본
가로등,가로등,,37.5472713,127.0721299,기존_광진구통합본
가로등,가로등,,37.5473945,127.0719253,기존_광진구통합본
가로등,가로등,,37.5473461,127.0716483,기존_광진구통합본
가로등,가로등,,37.5474494,127.071526,기존_광진구통합본
가로등,가로등,,37.5474037,127.0713621,기존_광진구통합본
가로등,가로등,,37.5475263,127.070985,기존_광진구통합본
가로등,가로등,,37.5474582,127.070858,기존_광진구통합본
가로등,가로등,,37.547559,127.0706961,기존_광진구통합본
가로등,가로등,,37.5475897,127.0704704,기존_광진구통합본
가로등,가로등,,37.5470916,127.0735233,기존_광진구통합본
가로등,가로등,,37.547138,127.073308,기존_광진구통합본
가로등,가로등,,37.5470768,127.0731668,기존_광진구통합본
가로등,가로등,,37.5471276,127.0729033,기존_광진구통합본
가로등,가로등,,37.5472331,127.0727867,기존_광진구통합본
가로등,가로등,,37.5472028,127.0725179,기존_광진구통합본
가로등,가로등,,37.5472938,127.0724585,기존_광진구통합본
가로등,가로등,,37.5476057,127.070218,기존_광진구통합본
가로등,가로등,,37.5477838,127.0673959,기존_광진구통합본
가로등,가로등,,37.5476197,127.0699656,기존_광진구통합본
가로등,가로등,,37.5476385,127.0696343,기존_광진구통합본
가로등,가로등,,37.5476704,127.0691078,기존_광진구통합본
가로등,가로등,,37.547681,127.0689436,기존_광진구통합본
가로등,가로등,,37.5477096,127.0687283,기존_광진구통합본
가로등,가로등,,37.5477265,127.0684282,기존_광진구통합본
가로등,가로등,,37.5477365,127.0680631,기존_광진구통합본
가로등,가로등,,37.5477635,127.0677614,기존_광진구통합본
가로등,가로등,,37.5375938,127.0615395,기존_광진구통합본
가로등,가로등,,37.540096,127.0629419,기존_광진구통합본
가로등,가로등,,37.5404059,127.0631181,기존_광진구통합본
가로등,가로등,,37.5405678,127.0632097,기존_광진구통합본
가로등,가로등,,37.5408018,127.0633418,기존_광진구통합본
가로등,가로등,,37.5410619,127.0634915,기존_광진구통합본
가로등,가로등,,37.5412895,127.0636204,기존_광진구통합본
가로등,가로등,,37.5415871,127.0637894,기존_광진구통합본
가로등,가로등,,37.5420032,127.0640253,기존_광진구통합본
가로등,가로등,,37.5379629,127.0617393,기존_광진구통합본
가로등,가로등,,37.5382417,127.0618886,기존_광진구통합본
가로등,가로등,,37.5385854,127.0620852,기존_광진구통합본
가로등,가로등,,37.5389623,127.0623005,기존_광진구통합본
가로등,가로등,,37.5392247,127.0624174,기존_광진구통합본
가로등,가로등,,37.5394269,127.06254,기존_광진구통합본
가로등,가로등,,37.5396145,127.0626575,기존_광진구통합본
가로등,가로등,,37.5398936,127.0628257,기존_광진구통합본
가로등,가로등,,37.5716273,127.0798201,기존_광진구통합본
가로등,가로등,,37.5693287,127.0791438,기존_광진구통합본
가로등,가로등,,37.5690914,127.0790138,기존_광진구통합본
가로등,가로등,,37.568828,127.0788634,기존_광진구통합본
가로등,가로등,,37.5685789,127.078727,기존_광진구통합본
가로등,가로등,,37.5683355,127.0785926,기존_광진구통합본
가로등,가로등,,37.5680966,127.0784603,기존_광진구통합본
가로등,가로등,,37.5713844,127.079811,기존_광진구통합본
가로등,가로등,,37.5711445,127.0797702,기존_광진구통합본
가로등,가로등,,37.570889,127.0797262,기존_광진구통합본
가로등,가로등,,37.5706114,127.079651,기존_광진구통합본
가로등,가로등,,37.5703452,127.0795597,기존_광진구통합본
가로등,가로등,,37.5700877,127.0794659,기존_광진구통합본
가로등,가로등,,37.5698344,127.0793717,기존_광진구통합본
가로등,가로등,,37.5696091,127.0792814,기존_광진구통합본
가로등,가로등,,37.5424719,127.0642939,기존_광진구통합본
가로등,가로등,,37.5448488,127.0656347,기존_광진구통합본
가로등,가로등,,37.5450358,127.0657392,기존_광진구통합본
가로등,가로등,,37.5452657,127.0658718,기존_광진구통합본
가로등,가로등,,37.5457401,127.0661391,기존_광진구통합본
가로등,가로등,,37.5459721,127.0662678,기존_광진구통합본
가로등,가로등,,37.5462482,127.0664281,기존_광진구통합본
가로등,가로등,,37.5465527,127.0665983,기존_광진구통합본
가로등,가로등,,37.5467789,127.066728,기존_광진구통합본
가로등,가로등,,37.5470153,127.0668619,기존_광진구통합본
가로등,가로등,,37.5427223,127.0644368,기존_광진구통합본
가로등,가로등,,37.5472415,127.0669919,기존_광진구통합본
가로등,가로등,,37.5474899,127.0671357,기존_광진구통합본
가로등,가로등,,37.5476793,127.0672432,기존_광진구통합본
가로등,가로등,,37.5479083,127.0673734,기존_광진구통합본
가로등,가로등,,37.5481552,127.0675115,기존_광진구통합본
가로등,가로등,,37.5430139,127.0646021,기존_광진구통합본
가로등,가로등,,37.5432351,127.0647293,기존_광진구통합본
가로등,가로등,,37.5435241,127.0648888,기존_광진구통합본
가로등,가로등,,37.5437747,127.0650346,기존_광진구통합본
가로등,가로등,,37.5440419,127.0651798,기존_광진구통합본
가로등,가로등,,37.5443424,127.0653505,기존_광진구통합본
가로등,가로등,,37.5445944,127.0654893,기존_광진구통합본
가로등,가로등,,37.548691,127.0678402,기존_광진구통합본
가로등,가로등,,37.5508543,127.069081,기존_광진구통합본
가로등,가로등,,37.5510892,127.0692155,기존_광진구통합본
가로등,가로등,,37.5513466,127.0693696,기존_광진구통합본
가로등,가로등,,37.5515613,127.0694894,기존_광진구통합본
가로등,가로등,,37.551815,127.069592,기존_광진구통합본
가로등,가로등,,37.5520624,127.0697361,기존_광진구통합본
가로등,가로등,,37.5523064,127.0698744,기존_광진구통합본
가로등,가로등,,37.5525756,127.070029,기존_광진구통합본
가로등,가로등,,37.5528176,127.0701629,기존_광진구통합본
가로등,가로등,,37.5530504,127.0702984,기존_광진구통합본
가로등,가로등,,37.5488633,127.0679284,기존_광진구통합본
가로등,가로등,,37.549075,127.0680548,기존_광진구통합본
가로등,가로등,,37.5493166,127.0682006,기존_광진구통합본
가로등,가로등,,37.5495608,127.0683532,기존_광진구통합본
가로등,가로등,,37.5497976,127.0684983,기존_광진구통합본
가로등,가로등,,37.5500076,127.0686132,기존_광진구통합본
가로등,가로등,,37.5503531,127.0688206,기존_광진구통합본
가로등,가로등,,37.5505902,127.0689636,기존_광진구통합본
가로등,가로등,,37.5532724,127.0704174,기존_광진구통합본
가로등,가로등,,37.5555315,127.0716983,기존_광진구통합본
가로등,가로등,,37.5557071,127.0717985,기존_광진구통합본
가로등,가로등,,37.5559358,127.0719223,기존_광진구통합본
가로등,가로등,,37.5561682,127.0720524,기존_광진구통합본
가로등,가로등,,37.5564679,127.0722365,기존_광진구통합본
가로등,가로등,,37.5566597,127.0723389,기존_광진구통합본
가로등,가로등,,37.5568742,127.0724504,기존_광진구통합본
가로등,가로등,,37.5571591,127.0726482,기존_광진구통합본
가로등,가로등,,37.5573869,127.0727994,기존_광진구통합본
가로등,가로등,,37.5576292,127.07295,기존_광진구통합본
가로등,가로등,,37.553489,127.0705529,기존_광진구통합본
가로등,가로등,,37.5578449,127.0730978,기존_광진구통합본
가로등,가로등,,37.5580806,127.0732308,기존_광진구통합본
가로등,가로등,,37.558309,127.07336,기존_광진구통합본
가로등,가로등,,37.5538104,127.0707207,기존_광진구통합본
가로등,가로등,,37.5540508,127.0708764,기존_광진구통합본
가로등,가로등,,37.5543238,127.0710481,기존_광진구통합본
가로등,가로등,,37.5545659,127.071186,기존_광진구통합본
가로등,가로등,,37.5548037,127.0713105,기존_광진구통합본
가로등,가로등,,37.5550681,127.0714409,기존_광진구통합본
가로등,가로등,,37.5553205,127.0715782,기존_광진구통합본
가로등,가로등,,37.5605752,127.0746098,기존_광진구통합본
가로등,가로등,,37.5626475,127.0757383,기존_광진구통합본
가로등,가로등,,37.5628965,127.0758726,기존_광진구통합본
가로등,가로등,,37.5631218,127.0759987,기존_광진구통합본
가로등,가로등,,37.5633647,127.076143,기존_광진구통합본
가로등,가로등,,37.5635803,127.0762635,기존_광진구통합본
가로등,가로등,,37.5638065,127.0763962,기존_광진구통합본
가로등,가로등,,37.5640243,127.0765073,기존_광진구통합본
가로등,가로등,,37.560826,127.0747549,기존_광진구통합본
가로등,가로등,,37.5610876,127.0749079,기존_광진구통합본
가로등,가로등,,37.5613157,127.0750217,기존_광진구통합본
가로등,가로등,,37.5615053,127.0751435,기존_광진구통합본
가로등,가로등,,37.5617328,127.0752249,기존_광진구통합본
가로등,가로등,,37.56197,127.0753471,기존_광진구통합본
가로등,가로등,,37.5621755,127.0754737,기존_광진구통합본
가로등,가로등,,37.5624131,127.075613,기존_광진구통합본
가로등,가로등,,37.5614696,127.0746465,기존_광진구통합본
가로등,가로등,,37.5610085,127.0743641,기존_광진구통합본
가로등,가로등,,37.5607524,127.0742239,기존_광진구통합본
가로등,가로등,,37.5639247,127.0760911,기존_광진구통합본
가로등,가로등,,37.5636987,127.07596,기존_광진구통합본
가로등,가로등,,37.5634379,127.0758226,기존_광진구통합본
가로등,가로등,,37.5629807,127.0755568,기존_광진구통합본
가로등,가로등,,37.5625607,127.0753119,기존_광진구통합본
가로등,가로등,,37.5623411,127.0751936,기존_광진구통합본
가로등,가로등,,37.564465,127.07675,기존_광진구통합본
가로등,가로등,,37.5665535,127.0779583,기존_광진구통합본
가로등,가로등,,37.5668088,127.0781038,기존_광진구통합본
가로등,가로등,,37.5670685,127.0782381,기존_광진구통합본
가로등,가로등,,37.5673201,127.0783784,기존_광진구통합본
가로등,가로등,,37.5675636,127.0785218,기존_광진구통합본
가로등,가로등,,37.5677914,127.0786519,기존_광진구통합본
가로등,가로등,,37.5646733,127.076877,기존_광진구통합본
가로등,가로등,,37.5648788,127.0769969,기존_광진구통합본
가로등,가로등,,37.5651014,127.0771284,기존_광진구통합본
가로등,가로등,,37.5653439,127.0772621,기존_광진구통합본
가로등,가로등,,37.5655738,127.0773921,기존_광진구통합본
가로등,가로등,,37.5658249,127.0775343,기존_광진구통합본
가로등,가로등,,37.5660626,127.0776688,기존_광진구통합본
가로등,가로등,,37.566328,127.0778162,기존_광진구통합본
가로등,가로등,,37.567916,127.0783599,기존_광진구통합본
가로등,가로등,,37.5656975,127.0770953,기존_광진구통합본
가로등,가로등,,37.5654855,127.0769798,기존_광진구통합본
가로등,가로등,,37.5652589,127.0768475,기존_광진구통합본
가로등,가로등,,37.5650286,127.0767211,기존_광진구통합본
가로등,가로등,,37.5648013,127.0765852,기존_광진구통합본
가로등,가로등,,37.5645562,127.0764401,기존_광진구통합본
가로등,가로등,,37.5676733,127.0782178,기존_광진구통합본
가로등,가로등,,37.5674207,127.0780714,기존_광진구통합본
가로등,가로등,,37.5671591,127.0779205,기존_광진구통합본
가로등,가로등,,37.5669074,127.0777754,기존_광진구통합본
가로등,가로등,,37.5666413,127.0776304,기존_광진구통합본
가로등,가로등,,37.566386,127.0774879,기존_광진구통합본
가로등,가로등,,37.5661485,127.0773567,기존_광진구통합본
가로등,가로등,,37.5659149,127.0772135,기존_광진구통합본
가로등,가로등,,37.5680864,127.0788243,기존_광진구통합본
가로등,가로등,,37.5703227,127.0798938,기존_광진구통합본
가로등,가로등,,37.5705573,127.0799752,기존_광진구통합본
가로등,가로등,,37.5708531,127.0800612,기존_광진구통합본
가로등,가로등,,37.5711116,127.0801255,기존_광진구통합본
가로등,가로등,,37.5713577,127.0801738,기존_광진구통합본
가로등,가로등,,37.5716372,127.0802193,기존_광진구통합본
가로등,가로등,,37.5683004,127.0789561,기존_광진구통합본
가로등,가로등,,37.5685399,127.0790857,기존_광진구통합본
가로등,가로등,,37.5687887,127.0792255,기존_광진구통합본
가로등,가로등,,37.5690361,127.0793495,기존_광진구통합본
가로등,가로등,,37.5692994,127.0794901,기존_광진구통합본
가로등,가로등,,37.5695434,127.0796214,기존_광진구통합본
가로등,가로등,,37.5698128,127.0797197,기존_광진구통합본
가로등,가로등,,37.570049,127.0798013,기존_광진구통합본
가로등,가로등,,37.5315967,127.0674351,기존_광진구통합본
가로등,가로등,,37.5316478,127.0674768,기존_광진구통합본
가로등,가로등,,37.5316613,127.0675304,기존_광진구통합본
가로등,가로등,,37.5370568,127.0614003,기존_광진구통합본
가로등,가로등,,37.5362181,127.0648996,기존_광진구통합본
가로등,가로등,,37.5360057,127.0656799,기존_광진구통합본
가로등,가로등,,37.5359269,127.0659841,기존_광진구통합본
가로등,가로등,,37.5358488,127.0662902,기존_광진구통합본
가로등,가로등,,37.5357653,127.0666219,기존_광진구통합본
가로등,가로등,,37.5356287,127.0671546,기존_광진구통합본
가로등,가로등,,37.5355632,127.0674067,기존_광진구통합본
가로등,가로등,,37.5354897,127.0676963,기존_광진구통합본
가로등,가로등,,37.5353729,127.0681479,기존_광진구통합본
가로등,가로등,,37.5370278,127.0618508,기존_광진구통합본
가로등,가로등,,37.5369224,127.0622437,기존_광진구통합본
가로등,가로등,,37.5367965,127.0626897,기존_광진구통합본
가로등,가로등,,37.5367023,127.0630402,기존_광진구통합본
가로등,가로등,,37.5366012,127.0634271,기존_광진구통합본
가로등,가로등,,37.5364898,127.0638419,기존_광진구통합본
가로등,가로등,,37.5364324,127.0640815,기존_광진구통합본
가로등,가로등,,37.53632,127.0645019,기존_광진구통합본
가로등,가로등,,37.535543,127.0682298,기존_광진구통합본
가로등,가로등,,37.5364468,127.0647559,기존_광진구통합본
가로등,가로등,,37.5365318,127.0644254,기존_광진구통합본
가로등,가로등,,37.5366424,127.0639978,기존_광진구통합본
가로등,가로등,,37.5367191,127.063705,기존_광진구통합본
가로등,가로등,,37.5367971,127.0634015,기존_광진구통합본
가로등,가로등,,37.5369135,127.0629633,기존_광진구통합본
가로등,가로등,,37.5370334,127.0625344,기존_광진구통합본
가로등,가로등,,37.537159,127.062081,기존_광진구통합본
가로등,가로등,,37.5372476,127.0617608,기존_광진구통합본
가로등,가로등,,37.5373133,127.0615257,기존_광진구통합본
가로등,가로등,,37.5356274,127.0679053,기존_광진구통합본
가로등,가로등,,37.5357039,127.0676032,기존_광진구통합본
가로등,가로등,,37.5357861,127.0672774,기존_광진구통합본
가로등,가로등,,37.535895,127.0668584,기존_광진구통합본
가로등,가로등,,37.5360333,127.0663109,기존_광진구통합본
가로등,가로등,,37.5360953,127.0660731,기존_광진구통합본
가로등,가로등,,37.5362901,127.0653338,기존_광진구통합본
가로등,가로등,,37.5363559,127.0651009,기존_광진구통합본
가로등,가로등,,37.5351125,127.0690709,기존_광진구통합본
가로등,가로등,,37.5341388,127.0725356,기존_광진구통합본
가로등,가로등,,37.5340306,127.0729021,기존_광진구통합본
가로등,가로등,,37.5338799,127.0733966,기존_광진구통합본
가로등,가로등,,37.5337837,127.0737126,기존_광진구통합본
가로등,가로등,,37.5336663,127.0741039,기존_광진구통합본
가로등,가로등,,37.5335734,127.0744063,기존_광진구통합본
가로등,가로등,,37.533451,127.0748026,기존_광진구통합본
가로등,가로등,,37.5333431,127.0751643,기존_광진구통합본
가로등,가로등,,37.5332737,127.075408,기존_광진구통합본
가로등,가로등,,37.5350098,127.0694155,기존_광진구통합본
가로등,가로등,,37.5348677,127.0698917,기존_광진구통합본
가로등,가로등,,37.5347638,127.0702431,기존_광진구통합본
가로등,가로등,,37.5346626,127.0706144,기존_광진구통합본
가로등,가로등,,37.5345495,127.0710343,기존_광진구통합본
가로등,가로등,,37.534471,127.0713207,기존_광진구통합본
가로등,가로등,,37.5343358,127.0718137,기존_광진구통합본
가로등,가로등,,37.5342423,127.0721563,기존_광진구통합본
가로등,가로등,,37.5334749,127.0755749,기존_광진구통합본
가로등,가로등,,37.5343708,127.0723477,기존_광진구통합본
가로등,가로등,,37.5344516,127.0720585,기존_광진구통합본
가로등,가로등,,37.5345766,127.0716033,기존_광진구통합본
가로등,가로등,,37.534675,127.0712478,기존_광진구통합본
가로등,가로등,,37.5347717,127.0708741,기존_광진구통합본
가로등,가로등,,37.5348885,127.0704562,기존_광진구통합본
가로등,가로등,,37.535,127.0700688,기존_광진구통합본
가로등,가로등,,37.535121,127.0696609,기존_광진구통합본
가로등,가로등,,37.5353076,127.0692811,기존_광진구통합본
가로등,가로등,,37.5354202,127.0688953,기존_광진구통합본
가로등,가로등,,37.5335019,127.0752886,기존_광진구통합본
가로등,가로등,,37.5335717,127.0750187,기존_광진구통합본
가로등,가로등,,37.5337066,127.0745725,기존_광진구통합본
가로등,가로등,,37.5338054,127.0742518,기존_광진구통합본
가로등,가로등,,37.5339796,127.0736687,기존_광진구통합본
가로등,가로등,,37.5340497,127.0734453,기존_광진구통합본
가로등,가로등,,37.5341349,127.0731608,기존_광진구통합본
가로등,가로등,,37.5342261,127.0728561,기존_광진구통합본
가로등,가로등,,37.53312,127.0759438,기존_광진구통합본
가로등,가로등,,37.5320602,127.079435,기존_광진구통합본
가로등,가로등,,37.533001,127.0763509,기존_광진구통합본
가로등,가로등,,37.5328688,127.0767934,기존_광진구통합본
가로등,가로등,,37.5327533,127.0771691,기존_광진구통합본
가로등,가로등,,37.5326443,127.077539,기존_광진구통합본
가로등,가로등,,37.5325389,127.0778988,기존_광진구통합본
가로등,가로등,,37.5324455,127.0782183,기존_광진구통합본
가로등,가로등,,37.5323022,127.0786698,기존_광진구통합본
가로등,가로등,,37.5321938,127.0790181,기존_광진구통합본
가로등,가로등,,37.5299942,127.0787559,기존_광진구통합본
가로등,가로등,,37.5302809,127.0788929,기존_광진구통합본
가로등,가로등,,37.530536,127.0790302,기존_광진구통합본
가로등,가로등,,37.5307798,127.0791419,기존_광진구통합본
가로등,가로등,,37.5310822,127.079276,기존_광진구통합본
가로등,가로등,,37.5316662,127.0795503,기존_광진구통합본
가로등,가로등,,37.5317587,127.0795809,기존_광진구통합본
가로등,가로등,,37.5308462,127.0789608,기존_광진구통합본
가로등,가로등,,37.5306069,127.0788574,기존_광진구통합본
가로등,가로등,,37.530415,127.0787594,기존_광진구통합본
가로등,가로등,,37.5301521,127.0786482,기존_광진구통합본
가로등,가로등,,37.5322752,127.0793097,기존_광진구통합본
가로등,가로등,,37.5333172,127.0758912,기존_광진구통합본
가로등,가로등,,37.5324215,127.0788436,기존_광진구통합본
가로등,가로등,,37.5325216,127.0785333,기존_광진구통합본
가로등,가로등,,37.5326152,127.0781791,기존_광진구통합본
가로등,가로등,,37.5327215,127.0778197,기존_광진구통합본
가로등,가로등,,37.532822,127.0774718,기존_광진구통합본
가로등,가로등,,37.5329585,127.0770247,기존_광진구통합본
가로등,가로등,,37.5330822,127.0766229,기존_광진구통합본
가로등,가로등,,37.5331972,127.0762201,기존_광진구통합본
가로등,가로등,,37.5319416,127.0798696,기존_광진구통합본
가로등,가로등,,37.5318013,127.0839025,기존_광진구통합본
가로등,가로등,,37.5319409,127.084251,기존_광진구통합본
가로등,가로등,,37.5320976,127.0846079,기존_광진구통합본
가로등,가로등,,37.5322492,127.0849427,기존_광진구통합본
가로등,가로등,,37.5323742,127.0852059,기존_광진구통합본
가로등,가로등,,37.5318231,127.0802629,기존_광진구통합본
가로등,가로등,,37.5317039,127.0806783,기존_광진구통합본
가로등,가로등,,37.5315904,127.0811457,기존_광진구통합본
가로등,가로등,,37.5314999,127.0816281,기존_광진구통합본
가로등,가로등,,37.5314617,127.0820514,기존_광진구통합본
가로등,가로등,,37.5314623,127.0824582,기존_광진구통합본
가로등,가로등,,37.531522,127.0829046,기존_광진구통합본
가로등,가로등,,37.5316354,127.0834479,기존_광진구통합본
가로등,가로등,,37.532477,127.0850469,기존_광진구통합본
가로등,가로등,,37.5316981,127.0813792,기존_광진구통합본
가로등,가로등,,37.5317972,127.0809191,기존_광진구통합본
가로등,가로등,,37.5319241,127.0804629,기존_광진구통합본
가로등,가로등,,37.5320143,127.0801572,기존_광진구통합본
가로등,가로등,,37.5321281,127.0797886,기존_광진구통합본
가로등,가로등,,37.5323277,127.08475,기존_광진구통합본
가로등,가로등,,37.532143,127.0843421,기존_광진구통합본
가로등,가로등,,37.531999,127.0840072,기존_광진구통합본
가로등,가로등,,37.5318354,127.0836062,기존_광진구통합본
가로등,가로등,,37.5316996,127.0831444,기존_광진구통합본
가로등,가로등,,37.5316186,127.0826139,기존_광진구통합본
가로등,가로등,,37.5316049,127.0822836,기존_광진구통합본
가로등,가로등,,37.5316258,127.0818231,기존_광진구통합본
가로등,가로등,,37.5571941,127.0783998,기존_광진구통합본
가로등,가로등,,37.55533,127.0766776,기존_광진구통합본
가로등,가로등,,37.5551985,127.0764604,기존_광진구통합본
가로등,가로등,,37.5550443,127.0761895,기존_광진구통합본
가로등,가로등,,37.554949,127.0760089,기존_광진구통합본
가로등,가로등,,37.5547562,127.0756505,기존_광진구통합본
가로등,가로등,,37.5546315,127.0754333,기존_광진구통합본
가로등,가로등,,37.5545372,127.075222,기존_광진구통합본
가로등,가로등,,37.5544631,127.0749786,기존_광진구통합본
가로등,가로등,,37.5542933,127.0747644,기존_광진구통합본
가로등,가로등,,37.5541548,127.0744963,기존_광진구통합본
가로등,가로등,,37.5569714,127.0782194,기존_광진구통합본
가로등,가로등,,37.5540097,127.0742085,기존_광진구통합본
가로등,가로등,,37.5538735,127.0739318,기존_광진구통합본
가로등,가로등,,37.5536965,127.0736158,기존_광진구통합본
가로등,가로등,,37.5547685,127.0753117,기존_광진구통합본
가로등,가로등,,37.5549739,127.075403,기존_광진구통합본
가로등,가로등,,37.5552696,127.0755542,기존_광진구통합본
가로등,가로등,,37.5554875,127.0756724,기존_광진구통합본
가로등,가로등,,37.5556805,127.0757472,기존_광진구통합본
가로등,가로등,,37.5559491,127.0758703,기존_광진구통합본
가로등,가로등,,37.5561883,127.0759934,기존_광진구통합본
가로등,가로등,,37.5567974,127.0780704,기존_광진구통합본
가로등,가로등,,37.5563825,127.0761027,기존_광진구통합본
가로등,가로등,,37.5566184,127.0762094,기존_광진구통합본
가로등,가로등,,37.556852,127.0763321,기존_광진구통합본
가로등,가로등,,37.5570395,127.0764415,기존_광진구통합본
가로등,가로등,,37.5573691,127.0766264,기존_광진구통합본
가로등,가로등,,37.5576253,127.076764,기존_광진구통합본
가로등,가로등,,37.5578229,127.0768701,기존_광진구통합본
가로등,가로등,,37.5565556,127.0778765,기존_광진구통합본
가로등,가로등,,37.5563295,127.0776768,기존_광진구통합본
가로등,가로등,,37.5561306,127.0775052,기존_광진구통합본
가로등,가로등,,37.5558842,127.0772858,기존_광진구통합본
가로등,가로등,,37.5557147,127.0771282,기존_광진구통합본
가로등,가로등,,37.5555292,127.0769255,기존_광진구통합본
가로등,가로등,,37.5584784,127.0772209,기존_광진구통합본
가로등,가로등,,37.5603271,127.0782354,기존_광진구통합본
가로등,가로등,,37.5605808,127.0783762,기존_광진구통합본
가로등,가로등,,37.5586049,127.0772816,기존_광진구통합본
가로등,가로등,,37.5587775,127.0773757,기존_광진구통합본
가로등,가로등,,37.5590214,127.0775114,기존_광진구통합본
가로등,가로등,,37.5592371,127.0776327,기존_광진구통합본
가로등,가로등,,37.5594434,127.0777466,기존_광진구통합본
가로등,가로등,,37.5596213,127.0778428,기존_광진구통합본
가로등,가로등,,37.5598743,127.0779815,기존_광진구통합본
가로등,가로등,,37.5601347,127.0781255,기존_광진구통합본
가로등,가로등,,37.5607559,127.0784672,기존_광진구통합본
가로등,가로등,,37.5627068,127.079541,기존_광진구통합본
가로등,가로등,,37.5628709,127.0796288,기존_광진구통합본
가로등,가로등,,37.5630622,127.0797299,기존_광진구통합본
가로등,가로등,,37.5609265,127.0785567,기존_광진구통합본
가로등,가로등,,37.5611515,127.0786785,기존_광진구통합본
가로등,가로등,,37.5613354,127.0787813,기존_광진구통합본
가로등,가로등,,37.5615482,127.0789031,기존_광진구통합본
가로등,가로등,,37.5617699,127.0790299,기존_광진구통합본
가로등,가로등,,37.562013,127.0791662,기존_광진구통합본
가로등,가로등,,37.5622522,127.0792943,기존_광진구통합본
가로등,가로등,,37.5624679,127.0794124,기존_광진구통합본
가로등,가로등,,37.5634947,127.0799769,기존_광진구통합본
가로등,가로등,,37.5636856,127.0800759,기존_광진구통합본
가로등,가로등,,37.5639542,127.0802215,기존_광진구통합본
가로등,가로등,,37.5641433,127.0803192,기존_광진구통합본
가로등,가로등,,37.5643281,127.0804212,기존_광진구통합본
가로등,가로등,,37.5645212,127.080529,기존_광진구통합본
가로등,가로등,,37.5647373,127.0806483,기존_광진구통합본
가로등,가로등,,37.5650192,127.0807962,기존_광진구통합본
가로등,가로등,,37.5653553,127.0809931,기존_광진구통합본
가로등,가로등,,37.565638,127.0811615,기존_광진구통합본
가로등,가로등,,37.5658603,127.0812776,기존_광진구통합본
가로등,가로등,,37.5660735,127.0813968,기존_광진구통합본
가로등,가로등,,37.5662788,127.0815076,기존_광진구통합본
가로등,가로등,,37.5665183,127.0816361,기존_광진구통합본
가로등,가로등,,37.5668129,127.0817935,기존_광진구통합본
가로등,가로등,,37.567029,127.081916,기존_광진구통합본
가로등,가로등,,37.5672738,127.0820581,기존_광진구통합본
가로등,가로등,,37.5676203,127.0822579,기존_광진구통합본
가로등,가로등,,37.5677782,127.0823442,기존_광진구통합본
가로등,가로등,,37.5679656,127.0824477,기존_광진구통합본
가로등,가로등,,37.5682252,127.0825851,기존_광진구통합본
가로등,가로등,,37.5684662,127.0827052,기존_광진구통합본
가로등,가로등,,37.5686724,127.0828261,기존_광진구통합본
가로등,가로등,,37.5688712,127.0829361,기존_광진구통합본
가로등,가로등,,37.5690767,127.08304,기존_광진구통합본
가로등,가로등,,37.5692064,127.0830954,기존_광진구통합본
가로등,가로등,,37.5712374,127.0834463,기존_광진구통합본
가로등,가로등,,37.5693868,127.0831346,기존_광진구통합본
가로등,가로등,,37.5696222,127.0831815,기존_광진구통합본
가로등,가로등,,37.5698741,127.0832213,기존_광진구통합본
가로등,가로등,,37.5701131,127.0832566,기존_광진구통합본
가로등,가로등,,37.5703427,127.0832968,기존_광진구통합본
가로등,가로등,,37.5705964,127.0833368,기존_광진구통합본
가로등,가로등,,37.5708051,127.0833742,기존_광진구통합본
가로등,가로등,,37.5710443,127.0834106,기존_광진구통합본
가로등,가로등,,37.5481227,127.0959283,기존_광진구통합본
가로등,가로등,,37.5482692,127.0958595,기존_광진구통합본
가로등,가로등,,37.5477585,127.096007,기존_광진구통합본
가로등,가로등,,37.5478631,127.0957173,기존_광진구통합본
가로등,가로등,,37.5476779,127.0962564,기존_광진구통합본
가로등,가로등,,37.5475732,127.0965461,기존_광진구통합본
가로등,가로등,,37.5474792,127.0968304,기존_광진구통합본
가로등,가로등,,37.5473854,127.0971147,기존_광진구통합본
가로등,가로등,,37.5473008,127.0973561,기존_광진구통합본
가로등,가로등,,37.5472185,127.0975904,기존_광진구통합본
가로등,가로등,,37.5471571,127.0977799,기존_광진구통합본
가로등,가로등,,37.5469652,127.0981358,기존_광진구통합본
가로등,가로등,,37.5467238,127.0980669,기존_광진구통합본
가로등,가로등,,37.5465099,127.0980106,기존_광진구통합본
가로등,가로등,,37.5465853,127.0981313,기존_광진구통합본
가로등,가로등,,37.5468254,127.098201,기존_광진구통합본
가로등,가로등,,37.5469809,127.0983039,기존_광진구통합본
가로등,가로등,,37.5471301,127.0984075,기존_광진구통합본
가로등,가로등,,37.5473324,127.0984898,기존_광진구통합본
가로등,가로등,,37.5476239,127.0983897,기존_광진구통합본
가로등,가로등,,37.5478748,127.0984424,기존_광진구통합본
가로등,가로등,,37.5475559,127.0982681,기존_광진구통합본
가로등,가로등,,37.5475218,127.0980294,기존_광진구통합본
가로등,가로등,,37.5464423,127.1049435,기존_광진구통합본
가로등,가로등,,37.5464433,127.1047529,기존_광진구통합본
가로등,가로등,,37.546459,127.1045286,기존_광진구통합본
가로등,가로등,,37.5464936,127.1043313,기존_광진구통합본
가로등,가로등,,37.546533,127.1041051,기존_광진구통합본
가로등,가로등,,37.5465826,127.1039674,기존_광진구통합본
가로등,가로등,,37.5466651,127.1039816,기존_광진구통합본
가로등,가로등,,37.5466779,127.1038307,기존_광진구통합본
가로등,가로등,,37.5467746,127.1037127,기존_광진구통합본
가로등,가로등,,37.544663,127.1040923,기존_광진구통합본
가로등,가로등,,37.5420167,127.0642106,기존_광진구통합본
가로등,가로등,,37.5410634,127.0670292,기존_광진구통합본
가로등,가로등,,37.5409509,127.0673524,기존_광진구통합본
가로등,가로등,,37.5408642,127.0676046,기존_광진구통합본
가로등,가로등,,37.5407165,127.0680407,기존_광진구통합본
가로등,가로등,,37.540628,127.0682945,기존_광진구통합본
가로등,가로등,,37.5419132,127.0645244,기존_광진구통합본
가로등,가로등,,37.5418302,127.0647739,기존_광진구통합본
가로등,가로등,,37.5417165,127.0651143,기존_광진구통합본
가로등,가로등,,37.5416196,127.0653977,기존_광진구통합본
가로등,가로등,,37.5415063,127.0657333,기존_광진구통합본
가로등,가로등,,37.5414065,127.0660325,기존_광진구통합본
가로등,가로등,,37.5412744,127.0664053,기존_광진구통합본
가로등,가로등,,37.541157,127.0667531,기존_광진구통합본
가로등,가로등,,37.5380701,127.0889684,기존_광진구통합본
가로등,가로등,,37.5374916,127.0866967,기존_광진구통합본
가로등,가로등,,37.5374126,127.0863708,기존_광진구통합본
가로등,가로등,,37.5373583,127.0861634,기존_광진구통합본
가로등,가로등,,37.5372972,127.0859647,기존_광진구통합본
가로등,가로등,,37.5372222,127.0856653,기존_광진구통합본
가로등,가로등,,37.5371613,127.085265,기존_광진구통합본
가로등,가로등,,37.5370863,127.0849845,기존_광진구통합본
가로등,가로등,,37.5369896,127.0846078,기존_광진구통합본
가로등,가로등,,37.5369295,127.0843394,기존_광진구통합본
가로등,가로등,,37.5368722,127.0840564,기존_광진구통합본
가로등,가로등,,37.538011,127.0887301,기존_광진구통합본
가로등,가로등,,37.5366294,127.0842352,기존_광진구통합본
가로등,가로등,,37.5367628,127.08477,기존_광진구통합본
가로등,가로등,,37.5368396,127.085087,기존_광진구통합본
가로등,가로등,,37.5369073,127.0853672,기존_광진구통합본
가로등,가로등,,37.5369829,127.0856627,기존_광진구통합본
가로등,가로등,,37.5370646,127.0859742,기존_광진구통합본
가로등,가로등,,37.5371342,127.0862167,기존_광진구통합본
가로등,가로등,,37.5372044,127.0864839,기존_광진구통합본
가로등,가로등,,37.5372572,127.0867747,기존_광진구통합본
가로등,가로등,,37.5373376,127.0871164,기존_광진구통합본
가로등,가로등,,37.5379147,127.0883684,기존_광진구통합본
가로등,가로등,,37.5374142,127.0873462,기존_광진구통합본
가로등,가로등,,37.5373785,127.0874769,기존_광진구통합본
가로등,가로등,,37.5374015,127.087595,기존_광진구통합본
가로등,가로등,,37.5375209,127.0877573,기존_광진구통합본
가로등,가로등,,37.5376076,127.0880957,기존_광진구통합본
가로등,가로등,,37.5376747,127.0883607,기존_광진구통합본
가로등,가로등,,37.5377263,127.0885601,기존_광진구통합본
가로등,가로등,,37.5377785,127.0887778,기존_광진구통합본
가로등,가로등,,37.537819,127.0889346,기존_광진구통합본
가로등,가로등,,37.5379181,127.0893256,기존_광진구통합본
가로등,가로등,,37.5378233,127.0880298,기존_광진구통합본
가로등,가로등,,37.538014,127.0898038,기존_광진구통합본
가로등,가로등,,37.5377639,127.0877876,기존_광진구통합본
가로등,가로등,,37.5376974,127.0875445,기존_광진구통합본
가로등,가로등,,37.5381483,127.0892941,기존_광진구통합본
가로등,가로등,,37.5376463,127.0873213,기존_광진구통합본
가로등,가로등,,37.5376179,127.0871754,기존_광진구통합본
가로등,가로등,,37.5375577,127.0869256,기존_광진구통합본
가로등,가로등,,37.5405073,127.0948341,기존_광진구통합본
가로등,가로등,,37.5406506,127.0950658,기존_광진구통합본
가로등,가로등,,37.5407951,127.0953158,기존_광진구통합본
가로등,가로등,,37.5409182,127.0955637,기존_광진구통합본
가로등,가로등,,37.538569,127.0909601,기존_광진구통합본
가로등,가로등,,37.5385014,127.0907049,기존_광진구통합본
가로등,가로등,,37.5384311,127.0904558,기존_광진구통합본
가로등,가로등,,37.53836,127.0901698,기존_광진구통합본
가로등,가로등,,37.5382859,127.0898656,기존_광진구통합본
가로등,가로등,,37.5382207,127.0895947,기존_광진구통합본
가로등,가로등,,37.541275,127.0964476,기존_광진구통합본
가로등,가로등,,37.5423336,127.0996748,기존_광진구통합본
가로등,가로등,,37.5424798,127.1000983,기존_광진구통합본
가로등,가로등,,37.5425812,127.1003956,기존_광진구통합본
가로등,가로등,,37.542715,127.1007843,기존_광진구통합본
가로등,가로등,,37.5428265,127.1011152,기존_광진구통합본
가로등,가로등,,37.5413874,127.0967215,기존_광진구통합본
가로등,가로등,,37.5414872,127.0970814,기존_광진구통합본
가로등,가로등,,37.5415893,127.0974006,기존_광진구통합본
가로등,가로등,,37.5417095,127.0977829,기존_광진구통합본
가로등,가로등,,37.5418575,127.0982423,기존_광진구통합본
가로등,가로등,,37.5419772,127.0985986,기존_광진구통합본
가로등,가로등,,37.5421019,127.0989838,기존_광진구통합본
가로등,가로등,,37.5422056,127.0993012,기존_광진구통합본
가로등,가로등,,37.5396651,127.0930007,기존_광진구통합본
가로등,가로등,,37.5395577,127.0928242,기존_광진구통합본
가로등,가로등,,37.5394333,127.0926212,기존_광진구통합본
가로등,가로등,,37.5393095,127.0924097,기존_광진구통합본
가로등,가로등,,37.5391445,127.0921288,기존_광진구통합본
가로등,가로등,,37.5389546,127.0918065,기존_광진구통합본
가로등,가로등,,37.5387281,127.091416,기존_광진구통합본
가로등,가로등,,37.5386215,127.0911647,기존_광진구통합본
가로등,가로등,,37.5429635,127.1015664,기존_광진구통합본
가로등,가로등,,37.5430593,127.1018552,기존_광진구통합본
가로등,가로등,,37.5431829,127.1022204,기존_광진구통합본
가로등,가로등,,37.543325,127.1025734,기존_광진구통합본
가로등,가로등,,37.5434755,127.102847,기존_광진구통합본
가로등,가로등,,37.5436795,127.1031417,기존_광진구통합본
가로등,가로등,,37.5439554,127.1034317,기존_광진구통합본
가로등,가로등,,37.5441808,127.1036391,기존_광진구통합본
가로등,가로등,,37.5444431,127.1038828,기존_광진구통합본
가로등,가로등,,37.5411576,127.095501,기존_광진구통합본
가로등,가로등,,37.5400053,127.0935716,기존_광진구통합본
가로등,가로등,,37.5398388,127.0932921,기존_광진구통합본
가로등,가로등,,37.541055,127.0953338,기존_광진구통합본
가로등,가로등,,37.5409263,127.0951143,기존_광진구통합본
가로등,가로등,,37.5407921,127.0948927,기존_광진구통합본
가로등,가로등,,37.540673,127.0946806,기존_광진구통합본
가로등,가로등,,37.5405136,127.0943994,기존_광진구통합본
가로등,가로등,,37.5403929,127.0942022,기존_광진구통합본
가로등,가로등,,37.540274,127.0940061,기존_광진구통합본
가로등,가로등,,37.540144,127.0938012,기존_광진구통합본
가로등,가로등,,37.5453484,127.1049326,기존_광진구통합본
가로등,가로등,,37.5455055,127.1049781,기존_광진구통합본
가로등,가로등,,37.5457205,127.1051678,기존_광진구통합본
가로등,가로등,,37.5459093,127.105336,기존_광진구통합본
가로등,가로등,,37.546085,127.1054897,기존_광진구통합본
가로등,가로등,,37.5462494,127.1056367,기존_광진구통합본
가로등,가로등,,37.5464375,127.1057959,기존_광진구통합본
가로등,가로등,,37.5421465,127.0981252,기존_광진구통합본
가로등,가로등,,37.5420482,127.0978034,기존_광진구통합본
가로등,가로등,,37.5419246,127.0974049,기존_광진구통합본
가로등,가로등,,37.5417888,127.0969808,기존_광진구통합본
가로등,가로등,,37.5417372,127.0966771,기존_광진구통합본
가로등,가로등,,37.5417426,127.0962755,기존_광진구통합본
가로등,가로등,,37.5466988,127.1074846,기존_광진구통합본
가로등,가로등,,37.5473819,127.1065732,기존_광진구통합본
가로등,가로등,,37.5475925,127.1067538,기존_광진구통합본
가로등,가로등,,37.5477596,127.106921,기존_광진구통합본
가로등,가로등,,37.5479873,127.1071506,기존_광진구통합본
가로등,가로등,,37.5468671,127.106541,기존_광진구통합본
가로등,가로등,,37.5467414,127.107248,기존_광진구통합본
가로등,가로등,,37.5467695,127.1070209,기존_광진구통합본
가로등,가로등,,37.5468072,127.1067843,기존_광진구통합본
가로등,가로등,,37.5470093,127.1063554,기존_광진구통합본
가로등,가로등,,37.5465289,127.1059097,기존_광진구통합본
가로등,가로등,,37.5469527,127.1061922,기존_광진구통합본
가로등,가로등,,37.5471921,127.1064176,기존_광진구통합본
가로등,가로등,,37.5408723,127.0684996,기존_광진구통합본
가로등,가로등,,37.5418371,127.0656612,기존_광진구통합본
가로등,가로등,,37.5419369,127.0653751,기존_광진구통합본
가로등,가로등,,37.5420383,127.0650735,기존_광진구통합본
가로등,가로등,,37.5421471,127.0647489,기존_광진구통합본
가로등,가로등,,37.5422831,127.0643556,기존_광진구통합본
가로등,가로등,,37.5409811,127.0681852,기존_광진구통합본
가로등,가로등,,37.541098,127.067842,기존_광진구통합본
가로등,가로등,,37.5411963,127.0675569,기존_광진구통합본
가로등,가로등,,37.5413079,127.0672272,기존_광진구통합본
가로등,가로등,,37.5414227,127.0668976,기존_광진구통합본
가로등,가로등,,37.5415233,127.0665972,기존_광진구통합본
가로등,가로등,,37.5416259,127.06629,기존_광진구통합본
가로등,가로등,,37.5417391,127.0659656,기존_광진구통합본
가로등,가로등,,37.544803,127.1037021,기존_광진구통합본
가로등,가로등,,37.5464444,127.105219,기존_광진구통합본
가로등,가로등,,37.5431261,127.1010816,기존_광진구통합본
가로등,가로등,,37.5461289,127.1049746,기존_광진구통합본
가로등,가로등,,37.5430723,127.1007209,기존_광진구통합본
가로등,가로등,,37.5429389,127.1003854,기존_광진구통합본
가로등,가로등,,37.5459243,127.1047998,기존_광진구통합본
가로등,가로등,,37.5457266,127.1046131,기존_광진구통합본
가로등,가로등,,37.5428059,127.0999993,기존_광진구통합본
가로등,가로등,,37.5455017,127.1044228,기존_광진구통합본
가로등,가로등,,37.5426638,127.0995857,기존_광진구통합본
가로등,가로등,,37.5425455,127.0992459,기존_광진구통합본
가로등,가로등,,37.5424277,127.0989122,기존_광진구통합본
가로등,가로등,,37.5422714,127.0985591,기존_광진구통합본
가로등,가로등,,37.5446157,127.103554,기존_광진구통합본
가로등,가로등,,37.5443512,127.1033174,기존_광진구통합본
가로등,가로등,,37.5440421,127.10304,기존_광진구통합본
가로등,가로등,,37.54383,127.1028321,기존_광진구통합본
가로등,가로등,,37.5436354,127.1025273,기존_광진구통합본
가로등,가로등,,37.5434848,127.1021674,기존_광진구통합본
가로등,가로등,,37.5433521,127.1017647,기존_광진구통합본
가로등,가로등,,37.5432335,127.1014171,기존_광진구통합본
가로등,가로등,,37.5483115,127.1074623,기존_광진구통합본
가로등,가로등,,37.5502651,127.1089423,기존_광진구통합본
가로등,가로등,,37.5501801,127.1091213,기존_광진구통합본
가로등,가로등,,37.5505701,127.1089937,기존_광진구통합본
가로등,가로등,,37.5507254,127.1090875,기존_광진구통합본
가로등,가로등,,37.5485766,127.1076582,기존_광진구통합본
가로등,가로등,,37.5488613,127.1078529,기존_광진구통합본
가로등,가로등,,37.5491551,127.1080454,기존_광진구통합본
가로등,가로등,,37.5493833,127.1082009,기존_광진구통합본
가로등,가로등,,37.5495629,127.10832,기존_광진구통합본
가로등,가로등,,37.5497524,127.1084466,기존_광진구통합본
가로등,가로등,,37.5499825,127.1086074,기존_광진구통합본
가로등,가로등,,37.550263,127.1087904,기존_광진구통합본
가로등,가로등,,37.5480673,127.1068121,기존_광진구통합본
가로등,가로등,,37.5475578,127.1058544,기존_광진구통합본
가로등,가로등,,37.5471997,127.1058284,기존_광진구통합본
가로등,가로등,,37.5474015,127.1058452,기존_광진구통합본
가로등,가로등,,37.5470923,127.1057896,기존_광진구통합본
가로등,가로등,,37.5469684,127.1056632,기존_광진구통합본
가로등,가로등,,37.5478839,127.1066084,기존_광진구통합본
가로등,가로등,,37.546823,127.1055119,기존_광진구통합본
가로등,가로등,,37.5466657,127.105367,기존_광진구통합본
가로등,가로등,,37.5465167,127.1052192,기존_광진구통합본
가로등,가로등,,37.5476725,127.1063924,기존_광진구통합본
가로등,가로등,,37.5474461,127.1061806,기존_광진구통합본
가로등,가로등,,37.5472233,127.1059771,기존_광진구통합본
가로등,가로등,,37.5470195,127.1057619,기존_광진구통합본
가로등,가로등,,37.5468782,127.105615,기존_광진구통합본
가로등,가로등,,37.5467198,127.1054686,기존_광진구통합본
가로등,가로등,,37.5465825,127.1053438,기존_광진구통합본
가로등,가로등,,37.550948,127.1088626,기존_광진구통합본
가로등,가로등,,37.5487682,127.1073984,기존_광진구통합본
가로등,가로등,,37.5484545,127.1071776,기존_광진구통합본
가로등,가로등,,37.5482414,127.1069819,기존_광진구통합본
가로등,가로등,,37.5507825,127.1087532,기존_광진구통합본
가로등,가로등,,37.5505992,127.1086302,기존_광진구통합본
가로등,가로등,,37.5504101,127.1085076,기존_광진구통합본
가로등,가로등,,37.5499925,127.1082192,기존_광진구통합본
가로등,가로등,,37.5496938,127.1080177,기존_광진구통합본
가로등,가로등,,37.5495427,127.1077173,기존_광진구통합본
가로등,가로등,,37.5493951,127.107813,기존_광진구통합본
가로등,가로등,,37.5490867,127.1076197,기존_광진구통합본
가로등,가로등,,37.558589,127.1136655,기존_광진구통합본
가로등,가로등,,37.5561192,127.1117666,기존_광진구통합본
가로등,가로등,,37.5558593,127.1119336,기존_광진구통합본
가로등,가로등,,37.5556202,127.1121336,기존_광진구통합본
가로등,가로등,,37.5553438,127.1122233,기존_광진구통합본
가로등,가로등,,37.5550592,127.1122111,기존_광진구통합본
가로등,가로등,,37.5547893,127.1120663,기존_광진구통합본
가로등,가로등,,37.5545341,127.1119234,기존_광진구통합본
가로등,가로등,,37.5542809,127.1117887,기존_광진구통합본
가로등,가로등,,37.5539953,127.1116329,기존_광진구통합본
가로등,가로등,,37.5536066,127.1115614,기존_광진구통합본
가로등,가로등,,37.5582089,127.113434,기존_광진구통합본
가로등,가로등,,37.553309,127.1115231,기존_광진구통합본
가로등,가로등,,37.5529764,127.1114433,기존_광진구통합본
가로등,가로등,,37.5527096,127.111328,기존_광진구통합본
가로등,가로등,,37.5524875,127.1111719,기존_광진구통합본
가로등,가로등,,37.552281,127.1109089,기존_광진구통합본
가로등,가로등,,37.5521968,127.1106057,기존_광진구통합본
가로등,가로등,,37.5521545,127.1102489,기존_광진구통합본
가로등,가로등,,37.5520975,127.1099789,기존_광진구통합본
가로등,가로등,,37.55202,127.1097535,기존_광진구통합본
가로등,가로등,,37.551866,127.1095327,기존_광진구통합본
가로등,가로등,,37.557867,127.1132173,기존_광진구통합본
가로등,가로등,,37.5516423,127.1093287,기존_광진구통합본
가로등,가로등,,37.5514536,127.1092267,기존_광진구통합본
가로등,가로등,,37.55124,127.1090042,기존_광진구통합본
가로등,가로등,,37.5575756,127.1129133,기존_광진구통합본
가로등,가로등,,37.5573256,127.1125709,기존_광진구통합본
가로등,가로등,,37.557074,127.1122452,기존_광진구통합본
가로등,가로등,,37.5568549,127.111956,기존_광진구통합본
가로등,가로등,,37.5566417,127.1118358,기존_광진구통합본
가로등,가로등,,37.5563626,127.1117324,기존_광진구통합본
가로등,가로등,,37.5388187,127.0736261,기존_광진구통합본
가로등,가로등,,37.538749,127.0739115,기존_광진구통합본
가로등,가로등,,37.5386883,127.0741581,기존_광진구통합본
가로등,가로등,,37.5385561,127.0747905,기존_광진구통합본
가로등,가로등,,37.5384745,127.0751946,기존_광진구통합본
가로등,가로등,,37.5384253,127.0754062,기존_광진구통합본
가로등,가로등,,37.5383732,127.0757154,기존_광진구통합본
가로등,가로등,,37.5383071,127.0759831,기존_광진구통합본
가로등,가로등,,37.5382457,127.076226,기존_광진구통합본
가로등,가로등,,37.5381701,127.0765136,기존_광진구통합본
가로등,가로등,,37.5395693,127.0711581,기존_광진구통합본
가로등,가로등,,37.53811,127.0767386,기존_광진구통합본
가로등,가로등,,37.53806,127.0769274,기존_광진구통합본
가로등,가로등,,37.5394783,127.0714386,기존_광진구통합본
가로등,가로등,,37.5393992,127.0716827,기존_광진구통합본
가로등,가로등,,37.5392603,127.0720822,기존_광진구통합본
가로등,가로등,,37.5391659,127.0723853,기존_광진구통합본
가로등,가로등,,37.5390879,127.0726479,기존_광진구통합본
가로등,가로등,,37.539,127.0729597,기존_광진구통합본
가로등,가로등,,37.5389348,127.0731861,기존_광진구통합본
가로등,가로등,,37.5384657,127.0741826,기존_광진구통합본
가로등,가로등,,37.5369021,127.0717734,기존_광진구통합본
가로등,가로등,,37.5370315,127.0714048,기존_광진구통합본
가로등,가로등,,37.5369215,127.0712324,기존_광진구통합본
가로등,가로등,,37.5368368,127.0714762,기존_광진구통합본
가로등,가로등,,37.536683,127.0719412,기존_광진구통합본
가로등,가로등,,37.536509,127.0724318,기존_광진구통합본
가로등,가로등,,37.5363484,127.0728883,기존_광진구통합본
가로등,가로등,,37.5362058,127.0733107,기존_광진구통합본
가로등,가로등,,37.5380945,127.074064,기존_광진구통합본
가로등,가로등,,37.5377099,127.0739421,기존_광진구통합본
가로등,가로등,,37.5373704,127.0738417,기존_광진구통합본
가로등,가로등,,37.5369034,127.0736916,기존_광진구통합본
가로등,가로등,,37.5365076,127.073581,기존_광진구통합본
가로등,가로등,,37.5363846,127.0732337,기존_광진구통합본
가로등,가로등,,37.5365363,127.0728028,기존_광진구통합본
가로등,가로등,,37.5367482,127.0722299,기존_광진구통합본
가로등,가로등,,37.5362588,127.0736782,기존_광진구통합본
가로등,가로등,,37.5366515,127.0738118,기존_광진구통합본
가로등,가로등,,37.5371184,127.073962,기존_광진구통합본
가로등,가로등,,37.5375539,127.0741066,기존_광진구통합본
가로등,가로등,,37.5379002,127.0742071,기존_광진구통합본
가로등,가로등,,37.5383344,127.0743484,기존_광진구통합본
가로등,가로등,,37.5386277,127.0744458,기존_광진구통합본
가로등,가로등,,37.5383563,127.0771036,기존_광진구통합본
가로등,가로등,,37.5389724,127.0747297,기존_광진구통합본
가로등,가로등,,37.5390898,127.0743095,기존_광진구통합본
가로등,가로등,,37.5391852,127.0740702,기존_광진구통합본
가로등,가로등,,37.5392612,127.0737651,기존_광진구통합본
가로등,가로등,,37.5393463,127.0734259,기존_광진구통합본
가로등,가로등,,37.5394508,127.0730348,기존_광진구통합본
가로등,가로등,,37.5395564,127.0727011,기존_광진구통합본
가로등,가로등,,37.5396965,127.0722806,기존_광진구통합본
가로등,가로등,,37.5397981,127.0719791,기존_광진구통합본
가로등,가로등,,37.5399011,127.0716596,기존_광진구통합본
가로등,가로등,,37.5384163,127.0768614,기존_광진구통합본
가로등,가로등,,37.5399939,127.0713823,기존_광진구통합본
가로등,가로등,,37.538499,127.0765301,기존_광진구통합본
가로등,가로등,,37.5385691,127.076247,기존_광진구통합본
가로등,가로등,,37.5386392,127.0759651,기존_광진구통합본
가로등,가로등,,37.5387184,127.0756514,기존_광진구통합본
가로등,가로등,,37.5387701,127.0754439,기존_광진구통합본
가로등,가로등,,37.5388188,127.0752478,기존_광진구통합본
가로등,가로등,,37.5388807,127.0750376,기존_광진구통합본
가로등,가로등,,37.5379823,127.0772861,기존_광진구통합본
가로등,가로등,,37.5374209,127.0796448,기존_광진구통합본
가로등,가로등,,37.5373712,127.0798464,기존_광진구통합본
가로등,가로등,,37.537286,127.0801803,기존_광진구통합본
가로등,가로등,,37.5372133,127.0804755,기존_광진구통합본
가로등,가로등,,37.5371552,127.0807054,기존_광진구통합본
가로등,가로등,,37.5379292,127.0775015,기존_광진구통합본
가로등,가로등,,37.5378853,127.0776856,기존_광진구통합본
가로등,가로등,,37.5377771,127.0781086,기존_광진구통합본
가로등,가로등,,37.5377261,127.0783088,기존_광진구통합본
가로등,가로등,,37.5376448,127.0786288,기존_광진구통합본
가로등,가로등,,37.5375757,127.0788753,기존_광진구통합본
가로등,가로등,,37.5375256,127.0790931,기존_광진구통합본
가로등,가로등,,37.5374914,127.0793632,기존_광진구통합본
가로등,가로등,,37.5373659,127.0810549,기존_광진구통합본
가로등,가로등,,37.5379761,127.0786044,기존_광진구통합본
가로등,가로등,,37.5380593,127.0782638,기존_광진구통합본
가로등,가로등,,37.5381174,127.0780309,기존_광진구통합본
가로등,가로등,,37.5381746,127.0777975,기존_광진구통합본
가로등,가로등,,37.5382362,127.0775528,기존_광진구통합본
가로등,가로등,,37.5382979,127.0773027,기존_광진구통합본
가로등,가로등,,37.5374338,127.0807924,기존_광진구통합본
가로등,가로등,,37.537517,127.0804542,기존_광진구통합본
가로등,가로등,,37.5375619,127.0802822,기존_광진구통합본
가로등,가로등,,37.5376155,127.0800643,기존_광진구통합본
가로등,가로등,,37.5377035,127.0797129,기존_광진구통합본
가로등,가로등,,37.5377816,127.0794066,기존_광진구통합본
가로등,가로등,,37.5378635,127.0790543,기존_광진구통합본
가로등,가로등,,37.5379079,127.0788871,기존_광진구통합본
가로등,가로등,,37.541236,127.0969175,기존_광진구통합본
가로등,가로등,,37.5370618,127.0810298,기존_광진구통합본
가로등,가로등,,37.5363786,127.0833403,기존_광진구통합본
가로등,가로등,,37.537008,127.0812562,기존_광진구통합본
가로등,가로등,,37.5369491,127.08149,기존_광진구통합본
가로등,가로등,,37.5368729,127.0817916,기존_광진구통합본
가로등,가로등,,37.5367903,127.0821082,기존_광진구통합본
가로등,가로등,,37.5367165,127.0823989,기존_광진구통합본
가로등,가로등,,37.5366618,127.0826182,기존_광진구통합본
가로등,가로등,,37.5365976,127.0828714,기존_광진구통합본
가로등,가로등,,37.5365079,127.083142,기존_광진구통합본
가로등,가로등,,37.5391137,127.0990173,기존_광진구통합본
가로등,가로등,,37.5417911,127.1011113,기존_광진구통합본
가로등,가로등,,37.5413577,127.1005735,기존_광진구통합본
가로등,가로등,,37.5409324,127.1000862,기존_광진구통합본
가로등,가로등,,37.540472,127.0995364,기존_광진구통합본
가로등,가로등,,37.5400332,127.0990252,기존_광진구통합본
가로등,가로등,,37.5396157,127.0985156,기존_광진구통합본
가로등,가로등,,37.5393517,127.0987501,기존_광진구통합본
가로등,가로등,,37.5395026,127.0987294,기존_광진구통합본
가로등,가로등,,37.5396474,127.0989013,기존_광진구통합본
가로등,가로등,,37.5401372,127.0995019,기존_광진구통합본
가로등,가로등,,37.5406091,127.1000819,기존_광진구통합본
가로등,가로등,,37.5410004,127.1005127,기존_광진구통합본
가로등,가로등,,37.5414507,127.1010763,기존_광진구통합본
가로등,가로등,,37.5418601,127.1015467,기존_광진구통합본
가로등,가로등,,37.5412391,127.1031235,기존_광진구통합본
가로등,가로등,,37.5424953,127.1014698,기존_광진구통합본
가로등,가로등,,37.542302,127.1015812,기존_광진구통합본
가로등,가로등,,37.5415285,127.1027569,기존_광진구통합본
가로등,가로등,,37.5417079,127.1024984,기존_광진구통합본
가로등,가로등,,37.5420345,127.102115,기존_광진구통합본
가로등,가로등,,37.5422241,127.1018703,기존_광진구통합본
가로등,가로등,,37.5424423,127.1017672,기존_광진구통합본
가로등,가로등,,37.5426177,127.1016729,기존_광진구통합본
가로등,가로등,,37.5428179,127.1015841,기존_광진구통합본
가로등,가로등,,37.542745,127.1013326,기존_광진구통합본
가로등,가로등,,37.5419382,127.1019708,기존_광진구통합본
가로등,가로등,,37.5404166,127.1023865,기존_광진구통합본
가로등,가로등,,37.5403133,127.1022488,기존_광진구통합본
가로등,가로등,,37.5416599,127.1023063,기존_광진구통합본
가로등,가로등,,37.5413996,127.1026303,기존_광진구통합본
가로등,가로등,,37.5411551,127.1029569,기존_광진구통합본
가로등,가로등,,37.5410676,127.1030791,기존_광진구통합본
가로등,가로등,,37.5409412,127.103009,기존_광진구통합본
가로등,가로등,,37.5407455,127.1027728,기존_광진구통합본
가로등,가로등,,37.5406448,127.1026314,기존_광진구통합본
가로등,가로등,,37.5405297,127.1025132,기존_광진구통합본
가로등,가로등,,37.540181,127.1021188,기존_광진구통합본
가로등,가로등,,37.5407216,127.1033979,기존_광진구통합본
가로등,가로등,,37.540507,127.1032293,기존_광진구통합본
가로등,가로등,,37.5406162,127.1035371,기존_광진구통합본
가로등,가로등,,37.5401216,127.1022115,기존_광진구통합본
가로등,가로등,,37.5401414,127.1023878,기존_광진구통합본
가로등,가로등,,37.5402932,127.1026219,기존_광진구통합본
가로등,가로등,,37.5404472,127.1028588,기존_광진구통합본
가로등,가로등,,37.5405789,127.1031525,기존_광진구통합본
가로등,가로등,,37.5407667,127.1033099,기존_광진구통합본
가로등,가로등,,37.5409607,127.1034476,기존_광진구통합본
가로등,가로등,,37.5409453,127.1035551,기존_광진구통합본
가로등,가로등,,37.5479572,127.1074096,기존_광진구통합본
가로등,가로등,,37.5478521,127.1083271,기존_광진구통합본
가로등,가로등,,37.5480489,127.1085807,기존_광진구통합본
가로등,가로등,,37.5481848,127.1087866,기존_광진구통합본
가로등,가로등,,37.548332,127.1089755,기존_광진구통합본
가로등,가로등,,37.5484609,127.1091503,기존_광진구통합본
가로등,가로등,,37.5476651,127.1076602,기존_광진구통합본
가로등,가로등,,37.5474601,127.107681,기존_광진구통합본
가로등,가로등,,37.5473622,127.1077356,기존_광진구통합본
가로등,가로등,,37.5471987,127.1076824,기존_광진구통합본
가로등,가로등,,37.547043,127.1076209,기존_광진구통합본
가로등,가로등,,37.5468196,127.1075287,기존_광진구통합본
가로등,가로등,,37.5476042,127.1079807,기존_광진구통합본
가로등,가로등,,37.5477321,127.1081438,기존_광진구통합본
가로등,가로등,,37.5484147,127.1094901,기존_광진구통합본
가로등,가로등,,37.5485601,127.1098206,기존_광진구통합본
가로등,가로등,,37.5499977,127.1104866,기존_광진구통합본
가로등,가로등,,37.5502009,127.1105959,기존_광진구통합본
가로등,가로등,,37.5504197,127.1106741,기존_광진구통합본
가로등,가로등,,37.5505686,127.1107412,기존_광진구통합본
가로등,가로등,,37.5507717,127.1108222,기존_광진구통합본
가로등,가로등,,37.550905,127.1109234,기존_광진구통합본
가로등,가로등,,37.5510991,127.1110271,기존_광진구통합본
가로등,가로등,,37.5513089,127.1110883,기존_광진구통합본
가로등,가로등,,37.5514894,127.1111892,기존_광진구통합본
가로등,가로등,,37.5516385,127.1112564,기존_광진구통합본
가로등,가로등,,37.5517738,127.1113265,기존_광진구통합본
가로등,가로등,,37.5519995,127.1114131,기존_광진구통합본
가로등,가로등,,37.5487249,127.1099046,기존_광진구통합본
가로등,가로등,,37.5488648,127.1099831,기존_광진구통합본
가로등,가로등,,37.549113,127.110095,기존_광진구통합본
가로등,가로등,,37.5492868,127.110179,기존_광진구통합본
가로등,가로등,,37.549429,127.1102377,기존_광진구통합본
가로등,가로등,,37.549596,127.1103076,기존_광진구통합본
가로등,가로등,,37.5497721,127.1104001,기존_광진구통합본
가로등,가로등,,37.537004,127.0832242,기존_광진구통합본
가로등,가로등,,37.5368439,127.0833144,기존_광진구통합본
가로등,가로등,,37.5369308,127.0830994,기존_광진구통합본
가로등,가로등,,37.5369431,127.0827931,기존_광진구통합본
가로등,가로등,,37.5369803,127.0826137,기존_광진구통합본
가로등,가로등,,37.5370486,127.0823332,기존_광진구통합본
가로등,가로등,,37.5371327,127.0819872,기존_광진구통합본
가로등,가로등,,37.5372302,127.0815877,기존_광진구통합본
가로등,가로등,,37.5372961,127.0813405,기존_광진구통합본
가로등,가로등,,37.5382372,127.0905012,기존_광진구통합본
가로등,가로등,,37.5393917,127.0929717,기존_광진구통합본
가로등,가로등,,37.5395028,127.0931461,기존_광진구통합본
가로등,가로등,,37.5383073,127.0908161,기존_광진구통합본
가로등,가로등,,37.5383967,127.0911453,기존_광진구통합본
가로등,가로등,,37.5385103,127.0914514,기존_광진구통합본
가로등,가로등,,37.5386808,127.0917709,기존_광진구통합본
가로등,가로등,,37.5388358,127.092032,기존_광진구통합본
가로등,가로등,,37.5389736,127.0922647,기존_광진구통합본
가로등,가로등,,37.5391155,127.0925101,기존_광진구통합본
가로등,가로등,,37.5392651,127.0927622,기존_광진구통합본
가로등,가로등,,37.53492,127.0676729,기존_광진구통합본
가로등,가로등,,37.534977,127.0678565,기존_광진구통합본
가로등,가로등,,37.5351006,127.0677597,기존_광진구통합본
가로등,가로등,,37.5351692,127.0680309,기존_광진구통합본
가로등,가로등,,37.5588874,127.0879458,기존_광진구통합본
가로등,가로등,,37.557551,127.0898411,기존_광진구통합본
가로등,가로등,,37.5573895,127.0900486,기존_광진구통합본
가로등,가로등,,37.5572864,127.0902246,기존_광진구통합본
가로등,가로등,,37.5571339,127.090418,기존_광진구통합본
가로등,가로등,,37.5570509,127.0905542,기존_광진구통합본
가로등,가로등,,37.5568828,127.0908014,기존_광진구통합본
가로등,가로등,,37.5566315,127.0911397,기존_광진구통합본
가로등,가로등,,37.5564993,127.0913215,기존_광진구통합본
가로등,가로등,,37.5563782,127.0914976,기존_광진구통합본
가로등,가로등,,37.5562077,127.0917306,기존_광진구통합본
가로등,가로등,,37.558735,127.0881787,기존_광진구통합본
가로등,가로등,,37.5560552,127.0919381,기존_광진구통합본
가로등,가로등,,37.5559409,127.0921001,기존_광진구통합본
가로등,가로등,,37.5585735,127.0884061,기존_광진구통합본
가로등,가로등,,37.5584412,127.0885851,기존_광진구통합본
가로등,가로등,,37.5582505,127.0888438,기존_광진구통합본
가로등,가로등,,37.5580958,127.089071,기존_광진구통합본
가로등,가로등,,37.5579635,127.0892585,기존_광진구통합본
가로등,가로등,,37.5578088,127.0894887,기존_광진구통합본
가로등,가로등,,37.5577191,127.0895939,기존_광진구통합본
가로등,가로등,,37.5557479,127.0923389,기존_광진구통합본
가로등,가로등,,37.5546852,127.0945581,기존_광진구통합본
가로등,가로등,,37.5547854,127.0948632,기존_광진구통합본
가로등,가로등,,37.5548537,127.0950836,기존_광진구통합본
가로등,가로등,,37.5548985,127.0953103,기존_광진구통합본
가로등,가로등,,37.5549275,127.0955786,기존_광진구통합본
가로등,가로등,,37.5549285,127.0958645,기존_광진구통합본
가로등,가로등,,37.5549133,127.0960372,기존_광진구통합본
가로등,가로등,,37.554809,127.0964991,기존_광진구통합본
가로등,가로등,,37.5547307,127.096658,기존_광진구통합본
가로등,가로등,,37.5546144,127.096919,기존_광진구통합본
가로등,가로등,,37.5555944,127.0925779,기존_광진구통합본
가로등,가로등,,37.5544575,127.0971633,기존_광진구통합본
가로등,가로등,,37.554314,127.0973707,기존_광진구통합본
가로등,가로등,,37.5541863,127.0975865,기존_광진구통합본
가로등,가로등,,37.554054,127.0977825,기존_광진구통합본
가로등,가로등,,37.5554206,127.0928332,기존_광진구통합본
가로등,가로등,,37.5552906,127.0930349,기존_광진구통합본
가로등,가로등,,37.5551583,127.0932167,기존_광진구통합본
가로등,가로등,,37.5549699,127.0934782,기존_광진구통합본
가로등,가로등,,37.5547928,127.0937452,기존_광진구통합본
가로등,가로등,,37.5547146,127.0939523,기존_광진구통합본
가로등,가로등,,37.5546592,127.0942214,기존_광진구통합본
가로등,가로등,,37.5538554,127.09771,기존_광진구통합본
가로등,가로등,,37.5528679,127.0994531,기존_광진구통합본
가로등,가로등,,37.5527222,127.0996747,기존_광진구통합본
가로등,가로등,,37.5525126,127.099755,기존_광진구통합본
가로등,가로등,,37.553625,127.0975329,기존_광진구통합본
가로등,가로등,,37.5534171,127.0976844,기존_광진구통합본
가로등,가로등,,37.5533336,127.097993,기존_광진구통합본
가로등,가로등,,37.5532512,127.0982878,기존_광진구통합본
가로등,가로등,,37.5531619,127.0985232,기존_광진구통합본
가로등,가로등,,37.5530568,127.09877,기존_광진구통합본
가로등,가로등,,37.5529651,127.0989601,기존_광진구통합본
가로등,가로등,,37.5529861,127.0991666,기존_광진구통합본
가로등,가로등,,37.5523505,127.0997813,기존_광진구통합본
가로등,가로등,,37.5510077,127.1008589,기존_광진구통합본
가로등,가로등,,37.5522311,127.0997962,기존_광진구통합본
가로등,가로등,,37.5520488,127.0998736,기존_광진구통합본
가로등,가로등,,37.5519054,127.1000243,기존_광진구통합본
가로등,가로등,,37.5517906,127.1001467,기존_광진구통합본
가로등,가로등,,37.5516548,127.1002922,기존_광진구통합본
가로등,가로등,,37.5514986,127.1004228,기존_광진구통합본
가로등,가로등,,37.5513683,127.1005282,기존_광진구통합본
가로등,가로등,,37.5511907,127.1006679,기존_광진구통합본
가로등,가로등,,37.5685983,127.0860049,기존_광진구통합본
가로등,가로등,,37.5684497,127.0859613,기존_광진구통합본
가로등,가로등,,37.5543977,127.0886515,기존_광진구통합본
가로등,가로등,,37.5574405,127.0881228,기존_광진구통합본
가로등,가로등,,37.5577993,127.0880645,기존_광진구통합본
가로등,가로등,,37.5581543,127.088002,기존_광진구통합본
가로등,가로등,,37.5584649,127.0879498,기존_광진구통합본
가로등,가로등,,37.5591101,127.0878454,기존_광진구통합본
가로등,가로등,,37.5546644,127.0886081,기존_광진구통합본
가로등,가로등,,37.5549759,127.0885546,기존_광진구통합본
가로등,가로등,,37.5553334,127.0884833,기존_광진구통합본
가로등,가로등,,37.5556971,127.0884307,기존_광진구통합본
가로등,가로등,,37.5560374,127.0883751,기존_광진구통합본
가로등,가로등,,37.5563772,127.0883147,기존_광진구통합본
가로등,가로등,,37.5567072,127.088255,기존_광진구통합본
가로등,가로등,,37.5570814,127.0881847,기존_광진구통합본
가로등,가로등,,37.5590663,127.0875711,기존_광진구통합본
가로등,가로등,,37.5557851,127.0881326,기존_광진구통합본
가로등,가로등,,37.5554563,127.0881826,기존_광진구통합본
가로등,가로등,,37.55506,127.0882583,기존_광진구통합본
가로등,가로등,,37.5547514,127.088311,기존_광진구통합본
가로등,가로등,,37.5544316,127.0883609,기존_광진구통합본
가로등,가로등,,37.5541659,127.0884133,기존_광진구통합본
가로등,가로등,,37.5587686,127.0876305,기존_광진구통합본
가로등,가로등,,37.5583975,127.0876824,기존_광진구통합본
가로등,가로등,,37.5579884,127.0877571,기존_광진구통합본
가로등,가로등,,37.5575909,127.0878181,기존_광진구통합본
가로등,가로등,,37.5572264,127.087887,기존_광진구통합본
가로등,가로등,,37.5568728,127.0879427,기존_광진구통합본
가로등,가로등,,37.5564878,127.0880184,기존_광진구통합본
가로등,가로등,,37.5561313,127.0880892,기존_광진구통합본
가로등,가로등,,37.5595087,127.0877782,기존_광진구통합본
가로등,가로등,,37.5625169,127.0872968,기존_광진구통합본
가로등,가로등,,37.562831,127.0872342,기존_광진구통합본
가로등,가로등,,37.5631124,127.0871845,기존_광진구통합본
가로등,가로등,,37.5634343,127.0871224,기존_광진구통합본
가로등,가로등,,37.5597865,127.0877421,기존_광진구통합본
가로등,가로등,,37.5601005,127.0877118,기존_광진구통합본
가로등,가로등,,37.5604007,127.0876827,기존_광진구통합본
가로등,가로등,,37.5607142,127.0876449,기존_광진구통합본
가로등,가로등,,37.5610741,127.0875714,기존_광진구통합본
가로등,가로등,,37.5614538,127.0875007,기존_광진구통합본
가로등,가로등,,37.5617713,127.0874377,기존_광진구통합본
가로등,가로등,,37.5622063,127.087355,기존_광진구통합본
가로등,가로등,,37.5643519,127.0866701,기존_광진구통합본
가로등,가로등,,37.5612172,127.0872677,기존_광진구통합본
가로등,가로등,,37.5608214,127.0873446,기존_광진구통합본
가로등,가로등,,37.5604966,127.0873934,기존_광진구통합본
가로등,가로등,,37.5602119,127.0874275,기존_광진구통합본
가로등,가로등,,37.5598923,127.0874679,기존_광진구통합본
가로등,가로등,,37.5639825,127.0867316,기존_광진구통합본
가로등,가로등,,37.5636406,127.0867824,기존_광진구통합본
가로등,가로등,,37.5633446,127.0868296,기존_광진구통합본
가로등,가로등,,37.5629939,127.0869069,기존_광진구통합본
가로등,가로등,,37.5626651,127.0869833,기존_광진구통합본
가로등,가로등,,37.5622958,127.0870466,기존_광진구통합본
가로등,가로등,,37.561913,127.0871406,기존_광진구통합본
가로등,가로등,,37.5615595,127.0872007,기존_광진구통합본
가로등,가로등,,37.5637367,127.0870484,기존_광진구통합본
가로등,가로등,,37.5667784,127.0865492,기존_광진구통합본
가로등,가로등,,37.5671544,127.0864961,기존_광진구통합본
가로등,가로등,,37.5674855,127.0864377,기존_광진구통합본
가로등,가로등,,37.5677651,127.0864021,기존_광진구통합본
가로등,가로등,,37.5680204,127.0863417,기존_광진구통합본
가로등,가로등,,37.5640378,127.0869967,기존_광진구통합본
가로등,가로등,,37.5643195,127.0869468,기존_광진구통합본
가로등,가로등,,37.5646072,127.0868955,기존_광진구통합본
가로등,가로등,,37.5648924,127.0868527,기존_광진구통합본
가로등,가로등,,37.5652951,127.0868016,기존_광진구통합본
가로등,가로등,,37.5656183,127.0867427,기존_광진구통합본
가로등,가로등,,37.5659992,127.0866837,기존_광진구통합본
가로등,가로등,,37.5664316,127.0866134,기존_광진구통합본
가로등,가로등,,37.5680711,127.0860442,기존_광진구통합본
가로등,가로등,,37.5647595,127.0865971,기존_광진구통합본
가로등,가로등,,37.5676849,127.0861139,기존_광진구통합본
가로등,가로등,,37.5673246,127.0861696,기존_광진구통합본
가로등,가로등,,37.5670006,127.0862355,기존_광진구통합본
가로등,가로등,,37.5665846,127.0863033,기존_광진구통합본
가로등,가로등,,37.566217,127.0863604,기존_광진구통합본
가로등,가로등,,37.5658405,127.0864241,기존_광진구통합본
가로등,가로등,,37.5654464,127.0864914,기존_광진구통합본
가로등,가로등,,37.5651108,127.0865385,기존_광진구통합본
가로등,가로등,,37.5684243,127.0862922,기존_광진구통합본
가로등,가로등,,37.5705829,127.0863094,기존_광진구통합본
가로등,가로등,,37.5708696,127.086317,기존_광진구통합본
가로등,가로등,,37.5686144,127.0862883,기존_광진구통합본
가로등,가로등,,37.5688498,127.0862795,기존_광진구통합본
가로등,가로등,,37.5690817,127.0862798,기존_광진구통합본
가로등,가로등,,37.5693547,127.0862832,기존_광진구통합본
가로등,가로등,,37.5696555,127.0862792,기존_광진구통합본
가로등,가로등,,37.5699005,127.0862828,기존_광진구통합본
가로등,가로등,,37.5701056,127.0862901,기존_광진구통합본
가로등,가로등,,37.5702954,127.0863006,기존_광진구통합본
가로등,가로등,,37.5707282,127.0860067,기존_광진구통합본
가로등,가로등,,37.5705109,127.0860023,기존_광진구통합본
가로등,가로등,,37.5702714,127.0860146,기존_광진구통합본
가로등,가로등,,37.5700362,127.0860095,기존_광진구통합본
가로등,가로등,,37.5697942,127.0859983,기존_광진구통합본
가로등,가로등,,37.569575,127.0859873,기존_광진구통합본
가로등,가로등,,37.5565082,127.081259,기존_광진구통합본
가로등,가로등,,37.55642313,127.0814789,기존_광진구통합본
가로등,가로등,,37.55633807,127.0816989,기존_광진구통합본
가로등,가로등,,37.556253,127.0819188,기존_광진구통합본
가로등,가로등,,37.5562381,127.0822406,기존_광진구통합본
가로등,가로등,,37.55614383,127.0824784,기존_광진구통합본
가로등,가로등,,37.55604957,127.0827163,기존_광진구통합본
가로등,가로등,,37.5559553,127.0829541,기존_광진구통합본
가로등,가로등,,37.5428053,127.0945432,기존_광진구통합본
가로등,가로등,,37.5436764,127.096893,기존_광진구통합본
가로등,가로등,,37.5439003,127.0971466,기존_광진구통합본
가로등,가로등,,37.5441625,127.0973631,기존_광진구통합본
가로등,가로등,,37.5445426,127.0975002,기존_광진구통합본
가로등,가로등,,37.5448324,127.097583,기존_광진구통합본
가로등,가로등,,37.5450942,127.0976778,기존_광진구통합본
가로등,가로등,,37.545374,127.0977923,기존_광진구통합본
가로등,가로등,,37.5457258,127.097881,기존_광진구통합본
가로등,가로등,,37.5460799,127.0979895,기존_광진구통합본
가로등,가로등,,37.5463597,127.0980772,기존_광진구통합본
가로등,가로등,,37.5429479,127.0947208,기존_광진구통합본
가로등,가로등,,37.5430658,127.0949323,기존_광진구통합본
가로등,가로등,,37.543177,127.0951553,기존_광진구통합본
가로등,가로등,,37.5432906,127.0954434,기존_광진구통합본
가로등,가로등,,37.5433321,127.0957233,기존_광진구통합본
가로등,가로등,,37.543369,127.0959891,기존_광진구통합본
가로등,가로등,,37.5434084,127.0962946,기존_광진구통합본
가로등,가로등,,37.5434951,127.096594,기존_광진구통합본
가로등,가로등,,37.5468461,127.0979967,기존_광진구통합본
가로등,가로등,,37.5481808,127.0985235,기존_광진구통합본
가로등,가로등,,37.5483804,127.098556,기존_광진구통합본
가로등,가로등,,37.5485878,127.0986001,기존_광진구통합본
가로등,가로등,,37.5488134,127.0986499,기존_광진구통합본
가로등,가로등,,37.5490378,127.0987241,기존_광진구통합본
가로등,가로등,,37.5491902,127.0988134,기존_광진구통합본
가로등,가로등,,37.5493032,127.0989345,기존_광진구통합본
가로등,가로등,,37.5494369,127.0991432,기존_광진구통합본
가로등,가로등,,37.549488,127.0992637,기존_광진구통합본
가로등,가로등,,37.5495556,127.0995883,기존_광진구통합본
가로등,가로등,,37.5470534,127.0979814,기존_광진구통합본
가로등,가로등,,37.549584,127.0999659,기존_광진구통합본
가로등,가로등,,37.5496504,127.1002911,기존_광진구통합본
가로등,가로등,,37.5496836,127.1004414,기존_광진구통합본
가로등,가로등,,37.5497441,127.1006048,기존_광진구통합본
가로등,가로등,,37.5498703,127.1006975,기존_광진구통합본
가로등,가로등,,37.550069,127.1008011,기존_광진구통합본
가로등,가로등,,37.5503002,127.1008683,기존_광진구통합본
가로등,가로등,,37.5505471,127.1008665,기존_광진구통합본
가로등,가로등,,37.5505391,127.1011524,기존_광진구통합본
가로등,가로등,,37.550725,127.1008882,기존_광진구통합본
가로등,가로등,,37.5471864,127.098009,기존_광진구통합본
가로등,가로등,,37.5508356,127.1009556,기존_광진구통합본
가로등,가로등,,37.5473623,127.0980392,기존_광진구통합본
가로등,가로등,,37.5474412,127.0980671,기존_광진구통합본
가로등,가로등,,37.5475462,127.098091,기존_광진구통합본
가로등,가로등,,37.5476694,127.0981295,기존_광진구통합본
가로등,가로등,,37.5478003,127.0982251,기존_광진구통합본
가로등,가로등,,37.5479722,127.0983996,기존_광진구통합본
가로등,가로등,,37.5509181,127.101032,기존_광진구통합본
가로등,가로등,,37.5518853,127.1041879,기존_광진구통합본
가로등,가로등,,37.5518976,127.1044793,기존_광진구통합본
가로등,가로등,,37.5518878,127.1049209,기존_광진구통합본
가로등,가로등,,37.551792,127.1052355,기존_광진구통합본
가로등,가로등,,37.551649,127.1055929,기존_광진구통합본
가로등,가로등,,37.5515601,127.1059839,기존_광진구통합본
가로등,가로등,,37.5515815,127.1063121,기존_광진구통합본
가로등,가로등,,37.5516658,127.1065778,기존_광진구통합본
가로등,가로등,,37.5517521,127.1067981,기존_광진구통합본
가로등,가로등,,37.5511162,127.1012937,기존_광진구통합본
가로등,가로등,,37.5513542,127.1016887,기존_광진구통합본
가로등,가로등,,37.5514702,127.1020164,기존_광진구통합본
가로등,가로등,,37.5515705,127.1023498,기존_광진구통합본
가로등,가로등,,37.5516758,127.1028615,기존_광진구통합본
가로등,가로등,,37.5517492,127.1032432,기존_광진구통합본
가로등,가로등,,37.551786,127.1034723,기존_광진구통합본
가로등,가로등,,37.551841,127.1037466,기존_광진구통합본
가로등,가로등,,37.5326458,127.0693612,기존_광진구통합본
가로등,가로등,,37.532547,127.0694636,기존_광진구통합본
가로등,가로등,,37.5324124,127.0696285,기존_광진구통합본
가로등,가로등,,37.5323024,127.0697593,기존_광진구통합본
가로등,가로등,,37.5321655,127.0699157,기존_광진구통합본
가로등,가로등,,37.5320076,127.0698515,기존_광진구통합본
가로등,가로등,,37.5318786,127.069691,기존_광진구통합본
가로등,가로등,,37.5317698,127.0695416,기존_광진구통합본
가로등,가로등,,37.5316498,127.0693867,기존_광진구통합본
가로등,가로등,,37.5315355,127.0692238,기존_광진구통합본
가로등,가로등,,37.5325716,127.0682096,기존_광진구통합본
가로등,가로등,,37.5314075,127.0690543,기존_광진구통합본
가로등,가로등,,37.5313574,127.0689272,기존_광진구통합본
가로등,가로등,,37.5314219,127.0686807,기존_광진구통합본
가로등,가로등,,37.5327773,127.0682908,기존_광진구통합본
가로등,가로등,,37.5329289,127.0684568,기존_광진구통합본
가로등,가로등,,37.5330443,127.0685977,기존_광진구통합본
가로등,가로등,,37.5331415,127.0687443,기존_광진구통합본
가로등,가로등,,37.5330566,127.068923,기존_광진구통합본
가로등,가로등,,37.5329151,127.0690626,기존_광진구통합본
가로등,가로등,,37.5328029,127.0691877,기존_광진구통합본
가로등,가로등,,37.5324498,127.0681499,기존_광진구통합본
가로등,가로등,,37.5341555,127.0609695,기존_광진구통합본
가로등,가로등,,37.536552,127.0610957,기존_광진구통합본
가로등,가로등,,37.5369697,127.0613169,기존_광진구통합본
가로등,가로등,,37.5343795,127.0607638,기존_광진구통합본
가로등,가로등,,37.534579,127.0605817,기존_광진구통합본
가로등,가로등,,37.5348709,127.0604075,기존_광진구통합본
가로등,가로등,,37.535235,127.0603974,기존_광진구통합본
가로등,가로등,,37.5354037,127.0604658,기존_광진구통합본
가로등,가로등,,37.5356837,127.0606103,기존_광진구통합본
가로등,가로등,,37.5359176,127.0607712,기존_광진구통합본
가로등,가로등,,37.5362968,127.060967,기존_광진구통합본
가로등,가로등,,37.5305541,127.0871754,기존_광진구통합본
가로등,가로등,,37.5323418,127.0858056,기존_광진구통합본
가로등,가로등,,37.5325417,127.0856403,기존_광진구통합본
가로등,가로등,,37.5307909,127.0869374,기존_광진구통합본
가로등,가로등,,37.5309595,127.0868177,기존_광진구통합본
가로등,가로등,,37.5312293,127.0866266,기존_광진구통합본
가로등,가로등,,37.5313338,127.0865444,기존_광진구통합본
가로등,가로등,,37.5315955,127.0863586,기존_광진구통합본
가로등,가로등,,37.5318361,127.0861819,기존_광진구통합본
가로등,가로등,,37.5320113,127.0860366,기존_광진구통합본
가로등,가로등,,37.5321867,127.0859196,기존_광진구통합본
가로등,가로등,,37.5445914,127.0849146,기존_광진구통합본
가로등,가로등,,37.5443173,127.084811,기존_광진구통합본
가로등,가로등,,37.5439674,127.0846573,기존_광진구통합본
가로등,가로등,,37.5436109,127.084498,기존_광진구통합본
가로등,가로등,,37.5433649,127.084406,기존_광진구통합본
가로등,가로등,,37.5430129,127.0842608,기존_광진구통합본
가로등,가로등,,37.5427985,127.0841715,기존_광진구통합본
가로등,가로등,,37.5500293,127.0905333,기존_광진구통합본
가로등,가로등,,37.548007,127.0882887,기존_광진구통합본
가로등,가로등,,37.5477672,127.0880126,기존_광진구통합본
가로등,가로등,,37.5475432,127.0877507,기존_광진구통합본
가로등,가로등,,37.5473578,127.0875621,기존_광진구통합본
가로등,가로등,,37.5471134,127.0872748,기존_광진구통합본
가로등,가로등,,37.5468352,127.0869706,기존_광진구통합본
가로등,가로등,,37.5466123,127.0867205,기존_광진구통합본
가로등,가로등,,37.546317,127.0863877,기존_광진구통합본
가로등,가로등,,37.5461066,127.0861483,기존_광진구통합본
가로등,가로등,,37.5459212,127.085937,기존_광진구통합본
가로등,가로등,,37.5498483,127.0903248,기존_광진구통합본
가로등,가로등,,37.5457198,127.0857061,기존_광진구통합본
가로등,가로등,,37.5454528,127.085385,기존_광진구통합본
가로등,가로등,,37.5496357,127.0900883,기존_광진구통합본
가로등,가로등,,37.5494116,127.0898178,기존_광진구통합본
가로등,가로등,,37.5491696,127.089553,기존_광진구통합본
가로등,가로등,,37.5489298,127.0892912,기존_광진구통합본
가로등,가로등,,37.5487579,127.0891053,기존_광진구통합본
가로등,가로등,,37.5484661,127.0887729,기존_광진구통합본
가로등,가로등,,37.5482761,127.0885645,기존_광진구통합본
가로등,가로등,,37.532226,127.0798189,기존_광진구통합본
가로등,가로등,,37.5340827,127.0816533,기존_광진구통합본
가로등,가로등,,37.5343167,127.081925,기존_광진구통합본
가로등,가로등,,37.5345169,127.0821291,기존_광진구통합본
가로등,가로등,,37.534768,127.0824078,기존_광진구통합본
가로등,가로등,,37.5349557,127.0826133,기존_광진구통합본
가로등,가로등,,37.5351684,127.0828442,기존_광진구통합본
가로등,가로등,,37.5353743,127.0830921,기존_광진구통합본
가로등,가로등,,37.535553,127.0832835,기존_광진구통합본
가로등,가로등,,37.5358042,127.0835934,기존_광진구통합본
가로등,가로등,,37.5324653,127.079925,기존_광진구통합본
가로등,가로등,,37.5326775,127.0800455,기존_광진구통합본
가로등,가로등,,37.5329038,127.0803243,기존_광진구통합본
가로등,가로등,,37.5331164,127.0805467,기존_광진구통합본
가로등,가로등,,37.5332521,127.0806988,기존_광진구통합본
가로등,가로등,,37.533406,127.0808742,기존_광진구통합본
가로등,가로등,,37.5337092,127.0812309,기존_광진구통합본
가로등,가로등,,37.5338998,127.0814534,기존_광진구통합본
가로등,가로등,,37.5360116,127.0836092,기존_광진구통합본
가로등,가로등,,37.5340885,127.0814326,기존_광진구통합본
가로등,가로등,,37.5339007,127.0812016,기존_광진구통합본
가로등,가로등,,37.5336452,127.0809512,기존_광진구통합본
가로등,가로등,,37.5334008,127.0806781,기존_광진구통합본
가로등,가로등,,37.5332537,127.080495,기존_광진구통합본
가로등,가로등,,37.533041,127.0802586,기존_광진구통합본
가로등,가로등,,37.5328713,127.0800529,기존_광진구통합본
가로등,가로등,,37.5326092,127.0798054,기존_광진구통합본
가로등,가로등,,37.5323393,127.079666,기존_광진구통합본
가로등,가로등,,37.5358147,127.0833613,기존_광진구통합본
가로등,가로등,,37.53555,127.08306,기존_광진구통합본
가로등,가로등,,37.5353531,127.0828404,기존_광진구통합본
가로등,가로등,,37.5351925,127.0826517,기존_광진구통합본
가로등,가로등,,37.5349414,127.0823729,기존_광진구통합본
가로등,가로등,,37.53474,127.0821477,기존_광진구통합본
가로등,가로등,,37.5344867,127.0818775,기존_광진구통합본
가로등,가로등,,37.5342786,127.0816522,기존_광진구통합본
가로등,가로등,,37.5322354,127.0853694,기존_광진구통합본
가로등,가로등,,37.5303578,127.0868153,기존_광진구통합본
가로등,가로등,,37.5302087,127.086835,기존_광진구통합본
가로등,가로등,,37.530031,127.0868058,기존_광진구통합본
가로등,가로등,,37.5297923,127.0867545,기존_광진구통합본
가로등,가로등,,37.5295672,127.086724,기존_광진구통합본
가로등,가로등,,37.529362,127.0866823,기존_광진구통합본
가로등,가로등,,37.5290035,127.0866153,기존_광진구통합본
가로등,가로등,,37.5320006,127.0855499,기존_광진구통합본
가로등,가로등,,37.5318343,127.0856754,기존_광진구통합본
가로등,가로등,,37.5316366,127.0858321,기존_광진구통합본
가로등,가로등,,37.5314231,127.0859974,기존_광진구통합본
가로등,가로등,,37.5312231,127.0861428,기존_광진구통합본
가로등,가로등,,37.5309691,127.0863366,기존_광진구통합본
가로등,가로등,,37.5308072,127.0864592,기존_광진구통합본
가로등,가로등,,37.5306342,127.0865903,기존_광진구통합본
가로등,가로등,,37.5326833,127.0855428,기존_광진구통합본
가로등,가로등,,37.5329307,127.085375,기존_광진구통합본
가로등,가로등,,37.533214,127.0851952,기존_광진구통합본
가로등,가로등,,37.5333804,127.0851066,기존_광진구통합본
가로등,가로등,,37.5336808,127.0849865,기존_광진구통합본
가로등,가로등,,37.5339643,127.0848718,기존_광진구통합본
가로등,가로등,,37.5342073,127.0847628,기존_광진구통합본
가로등,가로등,,37.5345381,127.0846421,기존_광진구통합본
가로등,가로등,,37.5345781,127.0841661,기존_광진구통합본
가로등,가로등,,37.5342653,127.0842923,기존_광진구통합본
가로등,가로등,,37.5340133,127.0843871,기존_광진구통합본
가로등,가로등,,37.5336825,127.0845304,기존_광진구통합본
가로등,가로등,,37.5334125,127.084631,기존_광진구통합본
가로등,가로등,,37.5331449,127.0847683,기존_광진구통합본
가로등,가로등,,37.5329582,127.0848656,기존_광진구통합본
가로등,가로등,,37.5327536,127.0850082,기존_광진구통합본
가로등,가로등,,37.5325466,127.0851027,기존_광진구통합본
가로등,가로등,,37.534951,127.0844867,기존_광진구통합본
가로등,가로등,,37.5351445,127.0844035,기존_광진구통합본
가로등,가로등,,37.5353605,127.0843146,기존_광진구통합본
가로등,가로등,,37.5356193,127.0842113,기존_광진구통합본
가로등,가로등,,37.5358938,127.0841051,기존_광진구통합본
가로등,가로등,,37.5361302,127.0840104,기존_광진구통합본
가로등,가로등,,37.5363777,127.0839015,기존_광진구통합본
가로등,가로등,,37.5365083,127.0838838,기존_광진구통합본
가로등,가로등,,37.5366818,127.0839026,기존_광진구통합본
가로등,가로등,,37.5364977,127.0834311,기존_광진구통합본
가로등,가로등,,37.5362682,127.0835059,기존_광진구통합본
가로등,가로등,,37.5357483,127.0837125,기존_광진구통합본
가로등,가로등,,37.5355457,127.0837787,기존_광진구통합본
가로등,가로등,,37.5353298,127.083879,기존_광진구통합본
가로등,가로등,,37.535035,127.083991,기존_광진구통합본
가로등,가로등,,37.5347919,127.0840829,기존_광진구통합본
가로등,가로등,,37.5394529,127.0834207,기존_광진구통합본
가로등,가로등,,37.5397942,127.0833873,기존_광진구통합본
가로등,가로등,,37.54006,127.0833518,기존_광진구통합본
가로등,가로등,,37.5403489,127.0834832,기존_광진구통합본
가로등,가로등,,37.5405813,127.083564,기존_광진구통합본
가로등,가로등,,37.5409424,127.0837091,기존_광진구통합본
가로등,가로등,,37.541326,127.083864,기존_광진구통합본
가로등,가로등,,37.5415877,127.0839631,기존_광진구통합본
가로등,가로등,,37.5418586,127.084086,기존_광진구통합본
가로등,가로등,,37.5421927,127.0842464,기존_광진구통합본
가로등,가로등,,37.5370709,127.0836995,기존_광진구통합본
가로등,가로등,,37.5424454,127.0843432,기존_광진구통합본
가로등,가로등,,37.542732,127.0844803,기존_광진구통합본
가로등,가로등,,37.5429373,127.0845555,기존_광진구통합본
가로등,가로등,,37.5432284,127.0846869,기존_광진구통합본
가로등,가로등,,37.5436142,127.0848207,기존_광진구통합본
가로등,가로등,,37.543946,127.0849744,기존_광진구통합본
가로등,가로등,,37.5442823,127.0851197,기존_광진구통합본
가로등,가로등,,37.5445463,127.0852116,기존_광진구통합본
가로등,가로등,,37.5449277,127.0853737,기존_광진구통합본
가로등,가로등,,37.5373389,127.0836556,기존_광진구통합본
가로등,가로등,,37.5376137,127.0836144,기존_광진구통합본
가로등,가로등,,37.5379134,127.0835788,기존_광진구통합본
가로등,가로등,,37.5381927,127.083549,기존_광진구통합본
가로등,가로등,,37.538499,127.0835133,기존_광진구통합본
가로등,가로등,,37.538821,127.0834748,기존_광진구통합본
가로등,가로등,,37.5391927,127.0834387,기존_광진구통합본
가로등,가로등,,37.5424995,127.0840334,기존_광진구통합본
가로등,가로등,,37.5397435,127.0830565,기존_광진구통합본
가로등,가로등,,37.5394348,127.0830865,기존_광진구통합본
가로등,가로등,,37.5391195,127.0831081,기존_광진구통합본
가로등,가로등,,37.5388108,127.0831381,기존_광진구통합본
가로등,가로등,,37.5384864,127.0831597,기존_광진구통합본
가로등,가로등,,37.5382905,127.0831749,기존_광진구통합본
가로등,가로등,,37.5379075,127.0831912,기존_광진구통합본
가로등,가로등,,37.5377048,127.0832206,기존_광진구통합본
가로등,가로등,,37.5374772,127.0832275,기존_광진구통합본
가로등,가로등,,37.537261,127.0832599,기존_광진구통합본
가로등,가로등,,37.5419273,127.0837688,기존_광진구통합본
가로등,가로등,,37.5416046,127.0836488,기존_광진구통합본
가로등,가로등,,37.5413519,127.0835568,기존_광진구통합본
가로등,가로등,,37.5410631,127.0834424,기존_광진구통합본
가로등,가로등,,37.540737,127.0832947,기존_광진구통합본
가로등,가로등,,37.5404041,127.0831575,기존_광진구통합본
가로등,가로등,,37.5400611,127.0830348,기존_광진구통합본
가로등,가로등,,37.5453298,127.0856489,기존_광진구통합본
가로등,가로등,,37.5474543,127.0881078,기존_광진구통합본
가로등,가로등,,37.5476443,127.0883104,기존_광진구통합본
가로등,가로등,,37.5478411,127.0885386,기존_광진구통합본
가로등,가로등,,37.5481034,127.0888173,기존_광진구통합본
가로등,가로등,,37.5482957,127.0890258,기존_광진구통합본
가로등,가로등,,37.5486419,127.0894116,기존_광진구통합본
가로등,가로등,,37.5487912,127.0895806,기존_광진구통합본
가로등,가로등,,37.5490106,127.0898284,기존_광진구통합본
가로등,가로등,,37.5491825,127.0900256,기존_광진구통합본
가로등,가로등,,37.5494698,127.090341,기존_광진구통합본
가로등,가로등,,37.5455289,127.085877,기존_광진구통합본
가로등,가로등,,37.5496892,127.0905748,기존_광진구통합본
가로등,가로등,,37.5498521,127.0907578,기존_광진구통합본
가로등,가로등,,37.5457393,127.0861249,기존_광진구통합본
가로등,가로등,,37.5459679,127.0864094,기존_광진구통합본
가로등,가로등,,37.5462009,127.0866544,기존_광진구통합본
가로등,가로등,,37.5464746,127.086967,기존_광진구통합본
가로등,가로등,,37.5466895,127.087212,기존_광진구통합본
가로등,가로등,,37.5469293,127.0874711,기존_광진구통합본
가로등,가로등,,37.5471782,127.087781,기존_광진구통합본
가로등,가로등,,37.5300835,127.0749014,기존_광진구통합본
가로등,가로등,,37.5304715,127.0750128,기존_광진구통합본
가로등,가로등,,37.5309971,127.0751824,기존_광진구통합본
가로등,가로등,,37.5313918,127.075285,기존_광진구통합본
가로등,가로등,,37.5317504,127.0753933,기존_광진구통합본
가로등,가로등,,37.5321974,127.0755321,기존_광진구통합본
가로등,가로등,,37.532584,127.0756465,기존_광진구통합본
가로등,가로등,,37.5329935,127.0757682,기존_광진구통합본
가로등,가로등,,37.5332245,127.0754783,기존_광진구통합본
가로등,가로등,,37.5329517,127.0754373,기존_광진구통합본
가로등,가로등,,37.5325343,127.0753124,기존_광진구통합본
가로등,가로등,,37.5320584,127.0751821,기존_광진구통합본
가로등,가로등,,37.5315802,127.0750518,기존_광진구통합본
가로등,가로등,,37.5311798,127.0749216,기존_광진구통합본
가로등,가로등,,37.5307952,127.074796,기존_광진구통합본
가로등,가로등,,37.5303801,127.0746965,기존_광진구통합본
가로등,가로등,,37.5299561,127.0745659,기존_광진구통합본
가로등,가로등,,37.5337369,127.0760002,기존_광진구통합본
가로등,가로등,,37.5371012,127.0769957,기존_광진구통합본
가로등,가로등,,37.5374441,127.0770984,기존_광진구통합본
가로등,가로등,,37.5378141,127.0772068,기존_광진구통합본
가로등,가로등,,37.5340582,127.0760932,기존_광진구통합본
가로등,가로등,,37.5343853,127.0761904,기존_광진구통합본
가로등,가로등,,37.534718,127.0762852,기존_광진구통합본
가로등,가로등,,37.5350147,127.0763793,기존_광진구통합본
가로등,가로등,,37.5355594,127.0765182,기존_광진구통합본
가로등,가로등,,37.5358289,127.0766096,기존_광진구통합본
가로등,가로등,,37.5362733,127.0767372,기존_광진구통합본
가로등,가로등,,37.5367336,127.0768959,기존_광진구통합본
가로등,가로등,,37.538016,127.0769594,기존_광진구통합본
가로등,가로등,,37.5345849,127.0759261,기존_광진구통합본
가로등,가로등,,37.5343436,127.0758709,기존_광진구통합본
가로등,가로등,,37.5339645,127.0757486,기존_광진구통합본
가로등,가로등,,37.5336826,127.0756568,기존_광진구통합본
가로등,가로등,,37.5377205,127.0768733,기존_광진구통합본
가로등,가로등,,37.5372873,127.0767371,기존_광진구통합본
가로등,가로등,,37.5368994,127.0766176,기존_광진구통합본
가로등,가로등,,37.5365406,127.0765093,기존_광진구통합본
가로등,가로등,,37.5361109,127.0763877,기존_광진구통합본
가로등,가로등,,37.535776,127.0762816,기존_광진구통합본
가로등,가로등,,37.5353564,127.0761652,기존_광진구통합본
가로등,가로등,,37.5350542,127.0760791,기존_광진구통합본
가로등,가로등,,37.5445905,127.1070368,기존_광진구통합본
가로등,가로등,,37.5452862,127.1047702,기존_광진구통합본
가로등,가로등,,37.5446607,127.1067987,기존_광진구통합본
가로등,가로등,,37.5447415,127.1065593,기존_광진구통합본
가로등,가로등,,37.5448239,127.1063246,기존_광진구통합본
가로등,가로등,,37.5448899,127.1060826,기존_광진구통합본
가로등,가로등,,37.5449643,127.105817,기존_광진구통합본
가로등,가로등,,37.545027,127.1055897,기존_광진구통합본
가로등,가로등,,37.5450945,127.1053463,기존_광진구통합본
가로등,가로등,,37.5452136,127.1051257,기존_광진구통합본
가로등,가로등,,37.5527738,127.0894142,기존_광진구통합본
가로등,가로등,,37.55289805,127.0893297,기존_광진구통합본
가로등,가로등,,37.5530223,127.0892452,기존_광진구통합본
가로등,가로등,,37.5526489,127.0894945,기존_광진구통합본
가로등,가로등,,37.5515586,127.0899874,기존_광진구통합본
가로등,가로등,,37.5512135,127.0901671,기존_광진구통합본
가로등,가로등,,37.5544388,127.0868451,기존_광진구통합본
가로등,가로등,,37.5545387,127.0865957,기존_광진구통합본
가로등,가로등,,37.5546477,127.0863114,기존_광진구통합본
가로등,가로등,,37.5591586,127.0738616,기존_광진구통합본
가로등,가로등,,37.5583983,127.0758969,기존_광진구통합본
가로등,가로등,,37.5583338,127.0760742,기존_광진구통합본
가로등,가로등,,37.5582329,127.0763258,기존_광진구통합본
가로등,가로등,,37.5581369,127.0765698,기존_광진구통합본
가로등,가로등,,37.5580631,127.0767485,기존_광진구통합본
가로등,가로등,,37.5579359,127.0770805,기존_광진구통합본
가로등,가로등,,37.5578421,127.0773188,기존_광진구통합본
가로등,가로등,,37.557763,127.0775377,기존_광진구통합본
가로등,가로등,,37.5576635,127.077784,기존_광진구통합본
가로등,가로등,,37.5575921,127.0779707,기존_광진구통합본
가로등,가로등,,37.5590959,127.0741027,기존_광진구통합본
가로등,가로등,,37.5575028,127.0782067,기존_광진구통합본
가로등,가로등,,37.5573889,127.0784988,기존_광진구통합본
가로등,가로등,,37.5572773,127.0787793,기존_광진구통합본
가로등,가로등,,37.5571431,127.0791234,기존_광진구통합본
가로등,가로등,,37.557052,127.0791797,기존_광진구통합본
가로등,가로등,,37.5590446,127.0742747,기존_광진구통합본
가로등,가로등,,37.5589608,127.0744578,기존_광진구통합본
가로등,가로등,,37.5588586,127.0746959,기존_광진구통합본
가로등,가로등,,37.5587449,127.0749674,기존_광진구통합본
가로등,가로등,,37.5586635,127.0751889,기존_광진구통합본
가로등,가로등,,37.5585499,127.0754748,기존_광진구통합본
가로등,가로등,,37.5584936,127.0756599,기존_광진구통합본
가로등,가로등,,37.5505205,127.0908915,기존_광진구통합본
가로등,가로등,,37.5521364,127.089943,기존_광진구통합본
가로등,가로등,,37.5523548,127.0898282,기존_광진구통합본
가로등,가로등,,37.5525524,127.0897173,기존_광진구통합본
가로등,가로등,,37.5527635,127.0895921,기존_광진구통합본
가로등,가로등,,37.5529603,127.0894622,기존_광진구통합본
가로등,가로등,,37.5531635,127.0893016,기존_광진구통합본
가로등,가로등,,37.5533208,127.0891464,기존_광진구통합본
가로등,가로등,,37.5534735,127.0890017,기존_광진구통합본
가로등,가로등,,37.5536532,127.0888185,기존_광진구통합본
가로등,가로등,,37.5538328,127.0887454,기존_광진구통합본
가로등,가로등,,37.5506644,127.0907551,기존_광진구통합본
가로등,가로등,,37.5540141,127.0887126,기존_광진구통합본
가로등,가로등,,37.5508236,127.0906292,기존_광진구통합본
가로등,가로등,,37.5509986,127.0905092,기존_광진구통합본
가로등,가로등,,37.551208,127.0903885,기존_광진구통합본
가로등,가로등,,37.5513566,127.0903147,기존_광진구통합본
가로등,가로등,,37.5515565,127.0902122,기존_광진구통합본
가로등,가로등,,37.5517611,127.0901147,기존_광진구통합본
가로등,가로등,,37.5519413,127.0900323,기존_광진구통합본
가로등,가로등,,37.5463004,127.1002643,기존_광진구통합본
가로등,가로등,,37.5462032,127.1006512,기존_광진구통합본
가로등,가로등,,37.546053,127.1010115,기존_광진구통합본
가로등,가로등,,37.5460184,127.1012296,기존_광진구통합본
가로등,가로등,,37.5459446,127.1014229,기존_광진구통합본
가로등,가로등,,37.5458583,127.1016418,기존_광진구통합본
가로등,가로등,,37.5456672,127.1020027,기존_광진구통합본
가로등,가로등,,37.5455814,127.1022414,기존_광진구통합본
가로등,가로등,,37.5455135,127.1024433,기존_광진구통합본
가로등,가로등,,37.5454086,127.1026718,기존_광진구통합본
가로등,가로등,,37.5453053,127.1029524,기존_광진구통합본
가로등,가로등,,37.5451808,127.1033055,기존_광진구통합본
가로등,가로등,,37.5451219,127.1035295,기존_광진구통합본
가로등,가로등,,37.5450627,127.1037482,기존_광진구통합본
가로등,가로등,,37.5449733,127.1038057,기존_광진구통합본
가로등,가로등,,37.5490759,127.0936264,기존_광진구통합본
가로등,가로등,,37.549138,127.0933402,기존_광진구통합본
가로등,가로등,,37.549261,127.0930646,기존_광진구통합본
가로등,가로등,,37.5493582,127.0927961,기존_광진구통합본
가로등,가로등,,37.5494329,127.0925915,기존_광진구통합본
가로등,가로등,,37.54952,127.0923589,기존_광진구통합본
가로등,가로등,,37.5496206,127.0921234,기존_광진구통합본
가로등,가로등,,37.5497727,127.0918198,기존_광진구통합본
가로등,가로등,,37.5499251,127.0915586,기존_광진구통합본
가로등,가로등,,37.5500759,127.0914395,기존_광진구통합본
가로등,가로등,,37.5503146,127.0911154,기존_광진구통합본
가로등,가로등,,37.5487576,127.0947558,기존_광진구통합본
가로등,가로등,,37.5488412,127.0945131,기존_광진구통합본
가로등,가로등,,37.5488655,127.0941788,기존_광진구통합본
가로등,가로등,,37.5489937,127.0938419,기존_광진구통합본
가로등,가로등,,37.544407,127.1062738,기존_광진구통합본
가로등,가로등,,37.5443504,127.1064745,기존_광진구통합본
가로등,가로등,,37.5448466,127.1043307,기존_광진구통합본
가로등,가로등,,37.5448148,127.1047364,기존_광진구통합본
가로등,가로등,,37.5447505,127.1049861,기존_광진구통합본
가로등,가로등,,37.5446798,127.1052719,기존_광진구통합본
가로등,가로등,,37.5446121,127.1055238,기존_광진구통합본
가로등,가로등,,37.5445451,127.1057947,기존_광진구통합본
가로등,가로등,,37.5444716,127.1060498,기존_광진구통합본
가로등,가로등,,37.5486783,127.0934416,기존_광진구통합본
가로등,가로등,,37.5476621,127.0921538,기존_광진구통합본
가로등,가로등,,37.5475474,127.0922251,기존_광진구통합본
가로등,가로등,,37.5475093,127.0923018,기존_광진구통합본
가로등,가로등,,37.5484863,127.0932898,기존_광진구통합본
가로등,가로등,,37.5482424,127.0931581,기존_광진구통합본
가로등,가로등,,37.5481598,127.0930317,기존_광진구통합본
가로등,가로등,,37.5480746,127.0928533,기존_광진구통합본
가로등,가로등,,37.5480068,127.0927122,기존_광진구통합본
가로등,가로등,,37.54795,127.0925823,기존_광진구통합본
가로등,가로등,,37.5478873,127.0924415,기존_광진구통합본
가로등,가로등,,37.5477956,127.0923115,기존_광진구통합본
가로등,가로등,,37.5454896,127.1041501,기존_광진구통합본
가로등,가로등,,37.5455591,127.1038443,기존_광진구통합본
가로등,가로등,,37.54563905,127.1035895,기존_광진구통합본
가로등,가로등,,37.545719,127.1033347,기존_광진구통합본
가로등,가로등,,37.54579895,127.1030799,기존_광진구통합본
가로등,가로등,,37.5458789,127.1028251,기존_광진구통합본
가로등,가로등,,37.5459235,127.1026829,기존_광진구통합본
가로등,가로등,,37.54600608,127.1024446,기존_광진구통합본
가로등,가로등,,37.54608867,127.1022064,기존_광진구통합본
가로등,가로등,,37.5454003,127.1041573,기존_광진구통합본
가로등,가로등,,37.5460831,127.1021188,기존_광진구통합본
가로등,가로등,,37.54617125,127.1019681,기존_광진구통합본
가로등,가로등,,37.54625383,127.1017298,기존_광진구통합본
가로등,가로등,,37.5461456,127.1019458,기존_광진구통합본
가로등,가로등,,37.54633642,127.1014916,기존_광진구통합본
가로등,가로등,,37.5462103,127.1017672,기존_광진구통합본
가로등,가로등,,37.5464163,127.1010363,기존_광진구통합본
가로등,가로등,,37.546419,127.1012533,기존_광진구통합본
가로등,가로등,,37.54652,127.1007439,기존_광진구통합본
가로등,가로등,,37.5464863,127.1010575,기존_광진구통합본
가로등,가로등,,37.546625,127.1004575,기존_광진구통합본
가로등,가로등,,37.54657455,127.1008027,기존_광진구통합본
가로등,가로등,,37.5467096,127.1001571,기존_광진구통합본
가로등,가로등,,37.5466628,127.1005479,기존_광진구통합본
가로등,가로등,,37.546801,127.1004353,기존_광진구통합본
가로등,가로등,,37.5468056,127.0998792,기존_광진구통합본
가로등,가로등,,37.5468691,127.1002395,기존_광진구통합본
가로등,가로등,,37.546915,127.0995927,기존_광진구통합본
가로등,가로등,,37.5470557,127.0991533,기존_광진구통합본
가로등,가로등,,37.545465,127.1039447,기존_광진구통합본
가로등,가로등,,37.5471804,127.098779,기존_광진구통합본
가로등,가로등,,37.5475352,127.097747,기존_광진구통합본
가로등,가로등,,37.5476223,127.0975145,기존_광진구통합본
가로등,가로등,,37.5476948,127.0973192,기존_광진구통합본
가로등,가로등,,37.5476869,127.0976363,기존_광진구통합본
가로등,가로등,,37.5477182,127.0978932,기존_광진구통합본
가로등,가로등,,37.5477796,127.098057,기존_광진구통합본
가로등,가로등,,37.5455588,127.1037037,기존_광진구통합본
가로등,가로등,,37.545639,127.1034146,기존_광진구통합본
가로등,가로등,,37.5457908,127.1029863,기존_광진구통합본
가로등,가로등,,37.5460183,127.1023172,기존_광진구통합본
가로등,가로등,,37.5575822,127.0793035,기존_광진구통합본
가로등,가로등,,37.5585015,127.0769867,기존_광진구통합본
가로등,가로등,,37.5585795,127.0767654,기존_광진구통합본
가로등,가로등,,37.5586452,127.0766014,기존_광진구통합본
가로등,가로등,,37.5587087,127.0764335,기존_광진구통합본
가로등,가로등,,37.5588361,127.0761243,기존_광진구통합본
가로등,가로등,,37.5589209,127.0758973,기존_광진구통합본
가로등,가로등,,37.5590013,127.0757185,기존_광진구통합본
가로등,가로등,,37.5590727,127.075503,기존_광진구통합본
가로등,가로등,,37.5592045,127.0751937,기존_광진구통합본
가로등,가로등,,37.5592781,127.0749896,기존_광진구통합본
가로등,가로등,,37.5577218,127.0789569,기존_광진구통합본
가로등,가로등,,37.5594031,127.0746633,기존_광진구통합본
가로등,가로등,,37.5594478,127.0745442,기존_광진구통합본
가로등,가로등,,37.5595617,127.0742633,기존_광진구통합본
가로등,가로등,,37.5596086,127.0741583,기존_광진구통합본
가로등,가로등,,37.5578156,127.0787101,기존_광진구통합본
가로등,가로등,,37.557925,127.0784363,기존_광진구통합본
가로등,가로등,,37.5579808,127.0782832,기존_광진구통합본
가로등,가로등,,37.5580589,127.078096,기존_광진구통합본
가로등,가로등,,37.5581861,127.0777555,기존_광진구통합본
가로등,가로등,,37.5583046,127.0774803,기존_광진구통합본
가로등,가로등,,37.5583828,127.0772676,기존_광진구통합본
가로등,가로등,,37.5568946,127.0795291,기존_광진구통합본
가로등,가로등,,37.5562512,127.0814405,기존_광진구통합본
가로등,가로등,,37.55610565,127.0818063,기존_광진구통합본
가로등,가로등,,37.5559584,127.0821715,기존_광진구통합본
가로등,가로등,,37.55581115,127.0825366,기존_광진구통합본
가로등,가로등,,37.5556639,127.0829017,기존_광진구통합본
가로등,가로등,,37.5569351,127.0796576,기존_광진구통합본
가로등,가로등,,37.5568492,127.0798777,기존_광진구통합본
가로등,가로등,,37.5567624,127.0800965,기존_광진구통합본
가로등,가로등,,37.5566794,127.0803113,기존_광진구통합본
가로등,가로등,,37.5565936,127.0805287,기존_광진구통합본
가로등,가로등,,37.5565105,127.0807482,기존_광진구통합본
가로등,가로등,,37.5564264,127.0809703,기존_광진구통합본
가로등,가로등,,37.5563461,127.0811891,기존_광진구통합본
가로등,가로등,,37.5560622,127.0832189,기존_광진구통합본
가로등,가로등,,37.5568611,127.0811542,기존_광진구통합본
가로등,가로등,,37.5569355,127.0809651,기존_광진구통합본
가로등,가로등,,37.5570352,127.0806647,기존_광진구통합본
가로등,가로등,,37.5571519,127.0803831,기존_광진구통합본
가로등,가로등,,37.5572654,127.0801015,기존_광진구통합본
가로등,가로등,,37.5573758,127.0798185,기존_광진구통합본
가로등,가로등,,37.5561494,127.0829891,기존_광진구통합본
가로등,가로등,,37.5562356,127.0827607,기존_광진구통합본
가로등,가로등,,37.5563234,127.0825275,기존_광진구통합본
가로등,가로등,,37.5564106,127.0822971,기존_광진구통합본
가로등,가로등,,37.5564984,127.082068,기존_광진구통합본
가로등,가로등,,37.5565856,127.0818402,기존_광진구통합본
가로등,가로등,,37.5566787,127.0816145,기존_광진구통합본
가로등,가로등,,37.5567686,127.081384,기존_광진구통합본
가로등,가로등,,37.555595,127.0830766,기존_광진구통합본
가로등,가로등,,37.5547503,127.0852662,기존_광진구통합본
가로등,가로등,,37.5546564,127.0855111,기존_광진구통합본
가로등,가로등,,37.5545615,127.0857492,기존_광진구통합본
가로등,가로등,,37.5544645,127.0859948,기존_광진구통합본
가로등,가로등,,37.5543681,127.0862336,기존_광진구통합본
가로등,가로등,,37.5542679,127.0864731,기존_광진구통합본
가로등,가로등,,37.5541815,127.0866925,기존_광진구통합본
가로등,가로등,,37.5541047,127.0869206,기존_광진구통합본
가로등,가로등,,37.5540211,127.087144,기존_광진구통합본
가로등,가로등,,37.5539316,127.087364,기존_광진구통합본
가로등,가로등,,37.5555053,127.0833228,기존_광진구통합본
가로등,가로등,,37.5538357,127.0875693,기존_광진구통합본
가로등,가로등,,37.5537328,127.0877679,기존_광진구통합본
가로등,가로등,,37.5536215,127.0879671,기존_광진구통합본
가로등,가로등,,37.555413,127.0835677,기존_광진구통합본
가로등,가로등,,37.5553192,127.0838132,기존_광진구통합본
가로등,가로등,,37.55521749,127.084048,기존_광진구통합본
가로등,가로등,,37.5551342,127.084268,기존_광진구통합본
가로등,가로등,,37.55502874,127.0845337,기존_광진구통합본
가로등,가로등,,37.55493436,127.0847765,기존_광진구통합본
가로등,가로등,,37.55483998,127.0850194,기존_광진구통합본
가로등,가로등,,37.5540411,127.0884445,기존_광진구통합본
가로등,가로등,,37.5547838,127.0864744,기존_광진구통합본
가로등,가로등,,37.5548996,127.0861905,기존_광진구통합본
가로등,가로등,,37.554993,127.085956,기존_광진구통합본
가로등,가로등,,37.5550853,127.0857119,기존_광진구통합본
가로등,가로등,,37.5551706,127.085489,기존_광진구통합본
가로등,가로등,,37.5552612,127.0852641,기존_광진구통합본
가로등,가로등,,37.5553486,127.0850392,기존_광진구통합본
가로등,가로등,,37.55543824,127.0848143,기존_광진구통합본
가로등,가로등,,37.5555229,127.0845955,기존_광진구통합본
가로등,가로등,,37.55561516,127.0843632,기존_광진구통합본
가로등,가로등,,37.5539722,127.088309,기존_광진구통합본
가로등,가로등,,37.55570362,127.0841376,기존_광진구통합본
가로등,가로등,,37.55579208,127.083912,기존_광진구통합본
가로등,가로등,,37.55588054,127.0836865,기존_광진구통합본
가로등,가로등,,37.555969,127.0834609,기존_광진구통합본
가로등,가로등,,37.5540839,127.0881116,기존_광진구통합본
가로등,가로등,,37.5541979,127.0879009,기존_광진구통합본
가로등,가로등,,37.5543001,127.0876686,기존_광진구통합본
가로등,가로등,,37.5543933,127.0874492,기존_광진구통합본
가로등,가로등,,37.5544902,127.087219,기존_광진구통합본
가로등,가로등,,37.5545808,127.0869828,기존_광진구통합본
가로등,가로등,,37.5546677,127.0867506,기존_광진구통합본
가로등,가로등,,37.5534674,127.0882271,기존_광진구통합본
가로등,가로등,,37.5518353,127.0894932,기존_광진구통합본
가로등,가로등,,37.5516581,127.089597,기존_광진구통합본
가로등,가로등,,37.5514635,127.0896879,기존_광진구통합본
가로등,가로등,,37.5512698,127.0897843,기존_광진구통합본
가로등,가로등,,37.5510831,127.0898813,기존_광진구통합본
가로등,가로등,,37.5508852,127.0899867,기존_광진구통합본
가로등,가로등,,37.5506116,127.0901711,기존_광진구통합본
가로등,가로등,,37.5503914,127.0903421,기존_광진구통합본
가로등,가로등,,37.5501615,127.0905198,기존_광진구통합본
가로등,가로등,,37.551045,127.0902542,기존_광진구통합본
가로등,가로등,,37.5533147,127.0884234,기존_광진구통합본
가로등,가로등,,37.551382,127.0900799,기존_광진구통합본
가로등,가로등,,37.553153,127.0885928,기존_광진구통합본
가로등,가로등,,37.5529923,127.0887361,기존_광진구통합본
가로등,가로등,,37.5528359,127.0888747,기존_광진구통합본
가로등,가로등,,37.5526258,127.0890394,기존_광진구통합본
가로등,가로등,,37.5524002,127.0891794,기존_광진구통합본
가로등,가로등,,37.5522077,127.0892891,기존_광진구통합본
가로등,가로등,,37.5520358,127.0893801,기존_광진구통합본
가로등,가로등,,37.5498656,127.0908725,기존_광진구통합본
가로등,가로등,,37.5489127,127.0929409,기존_광진구통합본
가로등,가로등,,37.5487699,127.0933209,기존_광진구통합본
가로등,가로등,,37.5486717,127.093596,기존_광진구통합본
가로등,가로등,,37.5485668,127.0938824,기존_광진구통합본
가로등,가로등,,37.5484305,127.0941346,기존_광진구통합본
가로등,가로등,,37.548277,127.0945625,기존_광진구통합본
가로등,가로등,,37.5480875,127.0951099,기존_광진구통합본
가로등,가로등,,37.5497389,127.0910548,기존_광진구통합본
가로등,가로등,,37.549619,127.0912531,기존_광진구통합본
가로등,가로등,,37.5494981,127.0914632,기존_광진구통합본
가로등,가로등,,37.5493662,127.0917611,기존_광진구통합본
가로등,가로등,,37.549261,127.0920022,기존_광진구통합본
가로등,가로등,,37.5491561,127.0922689,기존_광진구통합본
가로등,가로등,,37.5490646,127.0925382,기존_광진구통합본
가로등,가로등,,37.5489887,127.0927396,기존_광진구통합본
가로등,가로등,,37.5323182,127.067289,기존_광진구통합본
가로등,가로등,,37.5318004,127.06867,기존_광진구통합본
가로등,가로등,,37.5316314,127.068654,기존_광진구통합본
가로등,가로등,,37.5315295,127.0685244,기존_광진구통합본
가로등,가로등,,37.5315849,127.0682648,기존_광진구통합본
가로등,가로등,,37.531656,127.0679917,기존_광진구통합본
가로등,가로등,,37.5317316,127.0677055,기존_광진구통합본
가로등,가로등,,37.5317738,127.0675411,기존_광진구통합본
가로등,가로등,,37.5317972,127.0674339,기존_광진구통합본
가로등,가로등,,37.5318723,127.0673652,기존_광진구통합본
가로등,가로등,,37.5323972,127.0673395,기존_광진구통합본
가로등,가로등,,37.5319053,127.0671415,기존_광진구통합본
가로등,가로등,,37.5324584,127.067424,기존_광진구통합본
가로등,가로등,,37.5324005,127.0676111,기존_광진구통합본
가로등,가로등,,37.5323225,127.0678408,기존_광진구통합본
가로등,가로등,,37.5322759,127.0680448,기존_광진구통합본
가로등,가로등,,37.5321773,127.0682094,기존_광진구통합본
가로등,가로등,,37.5320226,127.0684018,기존_광진구통합본
가로등,가로등,,37.5318969,127.0685421,기존_광진구통합본
가로등,가로등,,37.5300492,127.0887609,기존_광진구통합본
가로등,가로등,,37.5301515,127.0903336,기존_광진구통합본
가로등,가로등,,37.5303477,127.0903862,기존_광진구통합본
가로등,가로등,,37.5303214,127.0899648,기존_광진구통합본
가로등,가로등,,37.5302867,127.089374,기존_광진구통합본
가로등,가로등,,37.5303045,127.089614,기존_광진구통합본
가로등,가로등,,37.5300138,127.0889619,기존_광진구통합본
가로등,가로등,,37.5301899,127.0890543,기존_광진구통합본
가로등,가로등,,37.5302331,127.0891645,기존_광진구통합본
가로등,가로등,,37.5300937,127.0892643,기존_광진구통합본
가로등,가로등,,37.5299024,127.0893191,기존_광진구통합본
가로등,가로등,,37.5298311,127.0895685,기존_광진구통합본
가로등,가로등,,37.5298832,127.090268,기존_광진구통합본
가로등,가로등,,37.5300911,127.090447,기존_광진구통합본
광진경찰서,경찰서,광진구 자양로 167,37.542957,127.0837984,기존_광진구통합본
광나루지구대,지구대,광진구 아차산로 567,37.544429,127.1033048,기존_광진구통합본
화양지구대,지구대,광진구 능동로17길 39,37.5465796,127.0713523,기존_광진구통합본
중곡1파출소,파출소,광진구 능동로 385,37.5636928,127.0828445,기존_광진구통합본
중곡2파출소,파출소,광진구 능동로 346,37.5602428,127.0814615,기존_광진구통합본
중곡3파출소,파출소,광진구 동일로76가길 28,37.5688304,127.080159,기존_광진구통합본
중곡4파출소,파출소,광진구 용마산로24길 7,37.565268,127.087128,기존_광진구통합본
자양파출소,파출소,광진구 뚝섬로36길 9,37.5338156,127.0716178,기존_광진구통합본
자양1파출소,파출소,광진구 자양번영로 80,37.5365846,127.0769175,기존_광진구통합본
자양4파출소,파출소,광진구 뚝섬로22가길 43번지,37.5351633,127.0636295,기존_광진구통합본
구의파출소,파출소,광진구 광나루로43길 26,37.545899,127.0916462,기존_광진구통합본
202230300000800965,CCTV,,37.5488,127.063085,주변지역_추가본
202230300000800856,CCTV,서울특별시 광나루로 296,37.547987,127.062488,주변지역_추가본
202230300000800593,CCTV,서울특별시 광나루로9길 4,37.5486259,127.0637817,주변지역_추가본
202230300000801265,CCTV,서울특별시 둘레길149-1,37.5355072,127.0599136,주변지역_추가본
202230300000800732,CCTV,서울특별시 광나루로 11길 6,37.548726,127.065703,주변지역_추가본
202230300000800195,CCTV,서울특별시 광나루로9가길 14,37.5486106,127.064682,주변지역_추가본
202230300000800996,CCTV,서울특별시 동일로55길 8 (송정동),37.5565528,127.0711898,주변지역_추가본
202230300000800134,CCTV,서울특별시 동일로43길 6,37.5538215,127.0700378,주변지역_추가본
202230300000801050,CCTV,서울특별시 성수이로 118 (성수동2가),37.5448837,127.0571594,주변지역_추가본
202230300000800279,CCTV,서울특별시 송정18가길 39,37.5562019,127.0698242,주변지역_추가본
202230300000800998,CCTV,서울특별시 동일로55가길 24 (송정동),37.5574989,127.0720062,주변지역_추가본
202230300000800742,CCTV,서울특별시 송정18가길 16,37.553631,127.068866,주변지역_추가본
202230300000800128,CCTV,서울특별시 둘레15길 20-21,37.5364685,127.0564193,주변지역_추가본
202230300000801161,CCTV,,37.55517,127.071188,주변지역_추가본
202230300000800729,CCTV,서울특별시 송정18길 7,37.552806,127.068162,주변지역_추가본
202230300000800275,CCTV,서울특별시 뚝섬로15길 25,37.539112,127.0614929,주변지역_추가본
202230300000800572,CCTV,서울특별시 성수이로 144-39,37.547211,127.059402,주변지역_추가본
202230300000801051,CCTV,서울특별시 성수이로 134 (성수동2가),37.5465011,127.0578384,주변지역_추가본
202230300000800850,CCTV,서울특별시 자동차시장길 22,37.561183,127.056953,주변지역_추가본
202230300000800176,CCTV,서울특별시 자동차시장1길 14,37.5610656,127.0590515,주변지역_추가본
202230300000800074,CCTV,서울특별시 뚝섬로11길 8,37.539051,127.0570068,주변지역_추가본
202230300000800196,CCTV,서울특별시 광나루로11길 40,37.5512542,127.0677337,주변지역_추가본
202230300000801224,CCTV,서울특별시 송정18가길 15,37.5537719,127.0688323,주변지역_추가본
202230300000800616,CCTV,서울특별시 자동차시장1길 18,37.5614509,127.0592727,주변지역_추가본
202230300000801107,CCTV,서울특별시 아차산로17길 7,37.542951,127.063571,주변지역_추가본
202230300000800563,CCTV,서울특별시 뚝섬로 416-15,37.5379791,127.0569534,주변지역_추가본
202230300000800344,CCTV,서울특별시 광나루로6길 13,37.5473518,127.0608062,주변지역_추가본
202230300000800280,CCTV,서울특별시 자동차시장1길 56,37.5602569,127.0643463,주변지역_추가본
202230300000800763,CCTV,서울특별시 천호대로 454,37.5605812,127.0697097,주변지역_추가본
202230300000800084,CCTV,서울특별시 성수이로20길 57,37.5418319,127.0629043,주변지역_추가본
202230300000800085,CCTV,서울특별시 아차산로11길 18,37.5449523,127.0596389,주변지역_추가본
202230300000800131,CCTV,서울특별시 연무장9길 16,37.5438537,127.0562973,주변지역_추가본
202230300000801299,CCTV,서울특별시 성덕정길 140,37.53659,127.0587,주변지역_추가본
202230300000801032,CCTV,서울특별시 자동차시장1길 82,37.5603904,127.0662078,주변지역_추가본
202230300000800577,CCTV,서울특별시 송정12길 1,37.5501708,127.0652313,주변지역_추가본
202230300000800071,CCTV,서울특별시 둘레23길 12-6,37.5358695,127.0590362,주변지역_추가본
202230300000800954,CCTV,서울특별시 성수2가3동273-11,37.542028,127.060151,주변지역_추가본
202230300000800070,CCTV,서울특별시 둘레19길 10-1,37.535366,127.0578002,주변지역_추가본
202230300000800857,CCTV,서울특별시 광나루로 291,37.54824,127.062476,주변지역_추가본
202230300000801250,CCTV,서울특별시 송정동 73-1058,37.552448,127.063686,주변지역_추가본
202230300000800551,CCTV,서울특별시 뚝섬로17가길 20,37.539561,127.058914,주변지역_추가본
202230300000800571,CCTV,서울특별시 연무장17길 14,37.5423088,127.0616989,주변지역_추가본
202230300000800358,CCTV,서울특별시 아차산로7나길 5,37.5482368,127.0565872,주변지역_추가본
202230300000800823,CCTV,서울특별시 송정10길 3-1,37.549828,127.065423,주변지역_추가본
202230300000800589,CCTV,서울특별시 동일로57길 5,37.5571022,127.0717315,주변지역_추가본
202230300000800171,CCTV,서울특별시 아차산로17길 13,37.5437011,127.0639953,주변지역_추가본
202230300000800586,CCTV,서울특별시 광나루로11길 12,37.5490531,127.0659332,주변지역_추가본
202230300000800716,CCTV,서울특별시 광나루로 248-30,37.54834,127.05685,주변지역_추가본
202230300000801210,CCTV,서울특별시 송정12길 22,37.5491102,127.0672847,주변지역_추가본
202230300000800585,CCTV,서울특별시 동일로 241,37.553112,127.0699768,주변지역_추가본
202230300000800592,CCTV,서울특별시 송정2길 1,37.549118,127.0647048,주변지역_추가본
202230300000800225,CCTV,서울특별시 성수이로16길 50,37.5395965,127.0618591,주변지역_추가본
202230300000801007,CCTV,서울특별시 둘레19길 1-33 (성수동2가),37.5347328,127.0568008,주변지역_추가본
202230300000800132,CCTV,서울특별시 연무장11길 8,37.5427246,127.0572662,주변지역_추가본
202230300000801314,CCTV,,37.555125,127.07041,주변지역_추가본
202230300000800580,CCTV,서울특별시 동일로 215-25,37.5517845,127.0687713,주변지역_추가본
202230300000800553,CCTV,서울특별시 뚝섬로 11길 2,37.5383033,127.0575027,주변지역_추가본
202230300000801313,CCTV,서울특별시 동일로43가길 3,37.553914,127.070222,주변지역_추가본
202230300000800802,CCTV,서울특별시 광나루로 324,37.548109,127.065781,주변지역_추가본
202230300000800875,CCTV,서울특별시 연무장19길 10,37.541108,127.062561,주변지역_추가본
202230300000800715,CCTV,서울특별시 뚝섬로15길 27-19,37.539345,127.061262,주변지역_추가본
202230300000800811,CCTV,서울특별시 성수이로 108,37.54433,127.057432,주변지역_추가본
202230300000800031,CCTV,서울특별시 뚝섬로 447,37.5380897,127.0598144,주변지역_추가본
202230300000800833,CCTV,서울특별시 송정12마길 13,37.549892,127.067471,주변지역_추가본
202230300000800697,CCTV,서울특별시 성수이로8길,37.539024,127.056731,주변지역_추가본
202230300000800091,CCTV,서울특별시 송정18길 1,37.5531845,127.0676727,주변지역_추가본
202230300000800090,CCTV,서울특별시 송정길 42,37.5493621,127.0642013,주변지역_추가본
202230300000801036,CCTV,서울특별시 자동차시장1길 63 (용답동),37.5609359,127.0642547,주변지역_추가본
202230300000800346,CCTV,서울특별시 동일로43길 3-5,37.5535278,127.0697174,주변지역_추가본
202230300000800386,CCTV,서울특별시 연무장길100-18,37.5406036,127.0600814,주변지역_추가본
202230300000800173,CCTV,서울특별시 송정18가길 6-1,37.5530929,127.068695,주변지역_추가본
202230300000800991,CCTV,서울특별시 송정14길 1-1 (송정동),37.5516128,127.0667495,주변지역_추가본
202230300000801194,CCTV,서울특별시 뚝섬로436,37.5367813,127.0594558,주변지역_추가본
202230300000800378,CCTV,서울특별시 송정12다길 57,37.5518684,127.0680541,주변지역_추가본
202230300000801311,CCTV,서울특별시 아차산로11길 33,37.546966,127.060521,주변지역_추가본
202230300000800595,CCTV,서울특별시 송정길 10-29,37.5484504,127.0615539,주변지역_추가본
202230300000800169,CCTV,서울특별시 성수이로 72,37.5412788,127.056549,주변지역_추가본
202230300000801169,CCTV,,37.552248,127.068594,주변지역_추가본
202230300000800755,CCTV,서울특별시 연무장길 107,37.5408134,127.0609588,주변지역_추가본
202230300000800032,CCTV,서울특별시 뚝섬로17길 29,37.5400581,127.0605316,주변지역_추가본
202230300000801183,CCTV,,37.557447,127.0724555,주변지역_추가본
202230300000801207,CCTV,서울특별시 송정 제방길,37.5519905,127.066513,주변지역_추가본
202230300000800994,CCTV,서울특별시 송정18가길 19 (송정동),37.554058,127.0688858,주변지역_추가본
202230300000800556,CCTV,서울특별시 성수동2가 217-4,37.534535,127.059559,주변지역_추가본
202230300000800218,CCTV,서울특별시 아차산로11길 3,37.543888,127.0590209,주변지역_추가본
202230300000801055,CCTV,서울특별시 연무장길 72,37.5418319,127.0573883,주변지역_추가본
202230300000801047,CCTV,서울특별시 뚝섬로17길 3 (성수동2가),37.5377464,127.059616,주변지역_추가본
202230300000800030,CCTV,서울특별시 뚝섬로13길 22,37.5395584,127.0578613,주변지역_추가본
202230300000800600,CCTV,서울특별시 송정12다길 5,37.5499725,127.0664749,주변지역_추가본
202230300000801122,CCTV,서울특별시 아차산로13길 11,37.5445332,127.0609972,주변지역_추가본
202230300000800762,CCTV,서울특별시 자동차시장1길 32,37.5611572,127.0609741,주변지역_추가본
202230300000800170,CCTV,서울특별시 성수이로16길 21,37.5404777,127.0591049,주변지역_추가본
202230300000800343,CCTV,서울특별시 둘레21가길 19 골목,37.5358581,127.0582733,주변지역_추가본
202230300000801084,CCTV,서울특별시 아차산로17길 26,37.5444984,127.0643692,주변지역_추가본
202230300000801223,CCTV,서울특별시 송정길 50,37.5497856,127.0649642,주변지역_추가본
202230300000800791,CCTV,서울특별시 뚝섬로 424,37.538007,127.057755,주변지역_추가본
202230300000800315,CCTV,서울특별시 아차산로17길 21,37.5448341,127.0628433,주변지역_추가본
202230300000801068,CCTV,서울특별시 자동차시장1길 96 (용답동),37.5601158,127.0681228,주변지역_추가본
202230300000801204,CCTV,서울특별시 성덕정길 151,37.5364723,127.0600814,주변지역_추가본
202230300000800993,CCTV,서울특별시 송정16길 5 (송정동),37.5523147,127.0676116,주변지역_추가본
202230300000800796,CCTV,서울특별시 성수이로 137,37.546381,127.057541,주변지역_추가본
202230300000800380,CCTV,서울특별시 송정12라길59,37.5517044,127.0685272,주변지역_추가본
202230300000800761,CCTV,서울특별시 자동차시장3길 1,37.5614929,127.057434,주변지역_추가본
202230300000800005,CCTV,서울특별시 아차산로 110,37.5442314,127.0567855,주변지역_추가본
202230300000800831,CCTV,서울특별시 뚝섬로 427-8,37.53841,127.057903,주변지역_추가본
202230300000800036,CCTV,,37.5523033,127.0685958,주변지역_추가본
202230300000800731,CCTV,서울특별시 송정18가길 13,37.55353,127.068745,주변지역_추가본
202230300000800647,CCTV,서울특별시 송정길 60,37.550579,127.0655975,주변지역_추가본
202230300000800597,CCTV,서울특별시 송정12다길 19,37.5504837,127.0668945,주변지역_추가본
202230300000800588,CCTV,서울특별시 송정4가길 39,37.5507354,127.0660629,주변지역_추가본
202230300000800345,CCTV,서울특별시 송정18가길32,37.5552444,127.0694732,주변지역_추가본
202230300000801298,CCTV,서울특별시 성수이로12길 14,37.53978,127.0566,주변지역_추가본
202230300000800133,CCTV,서울특별시 아차산로13길 21,37.5452842,127.0613098,주변지역_추가본
202230300000801063,CCTV,서울특별시 천호대로 394 (용답동),37.5616226,127.062622,주변지역_추가본
202230300000801310,CCTV,서울특별시 자동차시장1길 103,37.56007,127.069535,주변지역_추가본
202230300000801146,CCTV,,37.5482662,127.064072,주변지역_추가본
202230300000800220,CCTV,서울특별시 송정12마길 24,37.5501708,127.0676345,주변지역_추가본
202230300000800834,CCTV,서울특별시 송정6길 15-1,37.548889,127.066112,주변지역_추가본
202230300000800587,CCTV,서울특별시 동일로43가길 13,37.5543632,127.0701599,주변지역_추가본
202230300000800992,CCTV,서울특별시 송정14길 17 (송정동),37.5510177,127.0682983,주변지역_추가본
202230300000800599,CCTV,서울특별시 동일로 263-39,37.5553131,127.0707931,주변지역_추가본
202230300000800646,CCTV,서울특별시 송정12길 1,37.5500831,127.0655593,주변지역_추가본
202230300000800590,CCTV,서울특별시 송정12라길 20,37.5502319,127.067398,주변지역_추가본
202230300000800679,CCTV,서울특별시 성덕정길 144,37.5364341,127.0592727,주변지역_추가본
202230300000800582,CCTV,서울특별시 동일로57길 11,37.5574035,127.0710525,주변지역_추가본
202230300000800087,CCTV,서울특별시 아차산로13길 42,37.5467033,127.0621109,주변지역_추가본
202230300000801222,CCTV,서울특별시 연무장길 81,37.541685,127.058115,주변지역_추가본
202230300000800219,CCTV,서울특별시 광나루로 297,37.5487174,127.0622482,주변지역_추가본
202230300000800303,CCTV,서울특별시 자동차시장길 22,37.5619812,127.0572967,주변지역_추가본
202230300000800289,CCTV,서울특별시 송정길 8,37.5486907,127.0610198,주변지역_추가본
202230300000800801,CCTV,서울특별시 광나루로 323,37.548344,127.065557,주변지역_추가본
202230300000800966,CCTV,,37.5488005,127.0630857,주변지역_추가본
202230300000800780,CCTV,서울특별시 송정동 73-448,37.55335,127.06673,주변지역_추가본
202230300000800866,CCTV,서울특별시 송정18가길 27,37.554748,127.069388,주변지역_추가본
202230300000800037,CCTV,서울특별시 광나루로11길 18,37.5495491,127.0664825,주변지역_추가본
202230300000800277,CCTV,서울특별시 송정12가길 50,37.5518531,127.0673904,주변지역_추가본
202230300000800596,CCTV,서울특별시 송정길 8,37.5488319,127.0603179,주변지역_추가본
202230300000800835,CCTV,서울특별시 동일로 309,37.559322,127.073439,주변지역_추가본
202230300000800083,CCTV,서울특별시 연무장15길 11,37.5419692,127.0597229,주변지역_추가본
202230300000801186,CCTV,,37.5493511,127.0567687,주변지역_추가본
202230300000800997,CCTV,서울특별시 동일로57길 7 (송정동),37.5571975,127.0714797,주변지역_추가본
202230300000800769,CCTV,서울특별시 아차산로17길 49,37.54668,127.0649,주변지역_추가본
202230300000800615,CCTV,서울특별시 자동차시장3길 47,37.5605316,127.0626678,주변지역_추가본
202230300000800278,CCTV,서울특별시 송정12가길 20,37.5506907,127.066473,주변지역_추가본
202230300000800785,CCTV,서울특별시 송정동 75-20,37.549918,127.057219,주변지역_추가본
202230300000801268,CCTV,서울특별시 가람길 267,37.5580482,127.0680847,주변지역_추가본
202230300000800347,CCTV,서울특별시 동일로59가길 10-1,37.5583839,127.0723342,주변지역_추가본
202230300000800958,CCTV,서울특별시 천호대로 336,37.563273,127.056926,주변지역_추가본
202230300000800228,CCTV,서울특별시 뚝섬로17길 16,37.5388298,127.059761,주변지역_추가본
202230300000800953,CCTV,서울특별시 성수2가3동280-12,37.546861,127.064729,주변지역_추가본
202230300000800584,CCTV,서울특별시 송정12바길 8,37.5494613,127.0674819,주변지역_추가본
202230300000800307,CCTV,서울특별시 동일로 263-49,37.5553588,127.0705566,주변지역_추가본
202230300000800568,CCTV,서울특별시 연무장13길 15,37.5431137,127.0586624,주변지역_추가본
202230300000800211,CCTV,서울특별시 아차산로9길 12,37.545475,127.0583801,주변지역_추가본
202230300000800734,CCTV,서울특별시 자동차시장길 48,37.558662,127.056295,주변지역_추가본
202230300000800285,CCTV,서울특별시 성덕정길 127,37.5368003,127.0571975,주변지역_추가본
202230300000801217,CCTV,서울특별시 송정6길 22,37.5486068,127.066574,주변지역_추가본
202230300000800999,CCTV,서울특별시 송정10길 15 (송정동),37.5492744,127.0665512,주변지역_추가본
202230300000800995,CCTV,서울특별시 동일로43길 22 (송정동),37.5553092,127.0700302,주변지역_추가본
202230300000801248,CCTV,서울특별시 송정18길 8,37.5527038,127.0681686,주변지역_추가본
202230300000800578,CCTV,서울특별시 송정길 50,37.5498542,127.064888,주변지역_추가본
202230300000800372,CCTV,서울특별시 성수이로 16길 13,37.5409011,127.0577392,주변지역_추가본
202230300000800276,CCTV,서울특별시 광나루로 242-21,37.5487785,127.0564956,주변지역_추가본
202230300000800174,CCTV,서울특별시 동일로55길 14-1,37.5564994,127.0703735,주변지역_추가본
202230300000800594,CCTV,서울특별시 광나루로11길 49-9,37.5521545,127.0682296,주변지역_추가본
202230300000801309,CCTV,서울특별시 천호대로 406,37.5612,127.064078,주변지역_추가본
202230300000800574,CCTV,서울특별시 성수이로22길 37,37.5438919,127.0608139,주변지역_추가본
202230300000800825,CCTV,서울특별시 송정10길 19,37.549046,127.06693,주변지역_추가본
202230300000800636,CCTV,서울특별시 둘레21길 17부근,37.5360336,127.0570526,주변지역_추가본
202230300000801187,CCTV,,37.5428476,127.0622631,주변지역_추가본
202230300000800306,CCTV,서울특별시 자동차시장1길 39,37.5609397,127.0627822,주변지역_추가본
202230300000800175,CCTV,서울특별시 송정길 74,37.5516853,127.0664901,주변지역_추가본
202230300000800880,CCTV,서울특별시 아차산로 116,37.544021,127.057256,주변지역_추가본
202230300000801271,CCTV,서울특별시 동일로 73-1,37.539627,127.06221,주변지역_추가본
202230300000801158,CCTV,,37.547343,127.066756,주변지역_추가본
202230300000800579,CCTV,서울특별시 송정6길 21-7,37.5488433,127.0667953,주변지역_추가본
202230300000801058,CCTV,서울특별시 동일로 143 (성수동2가),37.5457542,127.0652653,주변지역_추가본
202230300000801220,CCTV,서울특별시 동일로59가길 18,37.5586433,127.0725708,주변지역_추가본
202230300000800092,CCTV,서울특별시 동일로59길 7,37.5580291,127.0718688,주변지역_추가본
202230300000801203,CCTV,서울특별시 송정12라길 50,37.551316,127.068265,주변지역_추가본
202230300000801056,CCTV,서울특별시 연무장길 89 (성수동2가),37.5412826,127.0594406,주변지역_추가본
202230300000801062,CCTV,서울특별시 천호대로 366 (용답동),37.562088,127.0594482,주변지역_추가본
202230300000800393,CCTV,서울특별시 가람길 113,37.5541,127.0566787,주변지역_추가본
202230300000800236,CCTV,서울특별시 자동차시장1길 94-67,37.558773,127.0667495,주변지역_추가본
202230300000800783,CCTV,서울특별시 송정길 36,37.549374,127.063598,주변지역_추가본
202230300000800824,CCTV,서울특별시 송정10길 3-1,37.549422,127.066096,주변지역_추가본
202230300000800583,CCTV,서울특별시 송정길 36,37.5490531,127.0637435,주변지역_추가본
202230300000800782,CCTV,서울특별시 송정길 70,37.551319,127.065826,주변지역_추가본
202230300000800591,CCTV,서울특별시 송정8길 4,37.549652,127.0652847,주변지역_추가본
202230300000800086,CCTV,서울특별시 아차산로15길 3,37.543457,127.0621109,주변지역_추가본
202230300000800810,CCTV,서울특별시 아차산로 120,37.544041,127.057404,주변지역_추가본
202230300000800362,CCTV,서울특별시 송정6길 8,37.5494194,127.0650939,주변지역_추가본
202230300000800598,CCTV,서울특별시 송정18가길 15-17,37.5539207,127.0684356,주변지역_추가본
202230300000801037,CCTV,서울특별시 가람길 283 (용답동),37.5595245,127.0695648,주변지역_추가본
202230300000801124,CCTV,서울특별시 아차산로11가길 3,37.5464098,127.0603565,주변지역_추가본
202230300000800781,CCTV,서울특별시 송정18가길 15-20,37.554053,127.067857,주변지역_추가본
202230300000800129,CCTV,서울특별시 성덕정21길 9,37.5375633,127.0569,주변지역_추가본
202230300000800573,CCTV,서울특별시 광나루로8길 22,37.5474357,127.0649719,주변지역_추가본
202230300000800768,CCTV,서울특별시 아차산로17길 57,37.54704,127.0659,주변지역_추가본
202230300000800717,CCTV,서울특별시 송정18가길 21-1,37.55427,127.06901,주변지역_추가본
202230300000801093,CCTV,서울특별시 성수이로 147 (성수동2가),37.5478057,127.0578689,주변지역_추가본
202230300000801120,CCTV,서울특별시 자동차시장3길 99,37.558333,127.067397,주변지역_추가본
202230300000800784,CCTV,서울특별시 송정길 8,37.548761,127.060386,주변지역_추가본
202230300000801035,CCTV,서울특별시 자동차시장1길 63 (용답동),37.5609283,127.0645141,주변지역_추가본
202230300000800832,CCTV,서울특별시 송정12라길 15-1,37.549994,127.067214,주변지역_추가본
202230300000800373,CCTV,서울특별시 동일로43길 9,37.5546607,127.0698623,주변지역_추가본
202230300000800581,CCTV,서울특별시 동일로59가길 22,37.558834,127.072731,주변지역_추가본
202230300000800601,CCTV,서울특별시 송정18가길 35,37.555498,127.069521,주변지역_추가본
202530400000800144,CCTV,서울특별시 광진구 자양로19길 48-4 (자양동),37.53846,127.08097,주변지역_추가본
202530400000800755,CCTV,서울특별시 광진구 용마도시자연공원-유화교,37.56512,127.0974,주변지역_추가본
202530400000801024,CCTV,서울특별시 광진구 군자로 127 세종대 기숙사 코너,37.55368,127.07347,주변지역_추가본
202530400000800025,CCTV,서울특별시 광진구 자양로26길 95,37.54019,127.08915,주변지역_추가본
202530400000800983,CCTV,서울특별시 광진구 아차산로 511 (광장동),37.54215,127.09821,주변지역_추가본
202530400000801003,CCTV,"서울특별시 광진구 구의강변로 84 (구의동, 세양아파트)",37.53708,127.0938,주변지역_추가본
202530400000800257,CCTV,서울특별시 광진구 능동로53길 24-9 (중곡동),37.56723,127.0835,주변지역_추가본
202530400000800625,CCTV,서울특별시 광진구 천호대로 115길 29,37.5571,127.08394,주변지역_추가본
202530400000800924,CCTV,서울특별시 광진구 긴고랑로42길 3-28,37.55893,127.09438,주변지역_추가본
202530400000800912,CCTV,서울특별시 광진구 능동로30길 38,37.55321,127.07942,주변지역_추가본
202530400000800846,CCTV,서울특별시 광진구 아차산로59길 49,37.54056,127.09067,주변지역_추가본
202530400000800543,CCTV,서울특별시 광진구 천호대로 114길 58,37.55323,127.08162,주변지역_추가본
202530400000801182,CCTV,서울특별시 광진구 아차산로23길 31 (화양동),37.54336,127.06655,주변지역_추가본
202530400000800406,CCTV,서울특별시 광진구 용마산로28길 24 (중곡동),37.56791,127.08702,주변지역_추가본
202530400000800841,CCTV,서울특별시 광진구 구의동 3-17,37.55537,127.09911,주변지역_추가본
202530400000800803,CCTV,서울특별시 광진구 능동 237-3,37.55531,127.08359,주변지역_추가본
202530400000800775,CCTV,서울특별시 광진구 구의동3-11,37.55318,127.10115,주변지역_추가본
202530400000801243,CCTV,서울특별시 광진구 능동로 81,37.53792,127.06952,주변지역_추가본
202530400000800934,CCTV,서울특별시 광진구 천호대로136길 13,37.54879,127.09141,주변지역_추가본
202530400000800980,CCTV,서울특별시 광진구 아차산로73길 48 (광장동),37.54683,127.10224,주변지역_추가본
202530400000800990,CCTV,서울특별시 광진구 영화사로 105 (구의동),37.55396,127.09782,주변지역_추가본
202530400000800595,CCTV,서울특별시 광진구 군자동 111-2,37.55324,127.07325,주변지역_추가본
202530400000800648,CCTV,서울특별시 광진구 용마산로8마길 26,37.56131,127.09084,주변지역_추가본
202530400000800760,CCTV,서울특별시 광진구 아차산생태공원-소각장,37.55221,127.10066,주변지역_추가본
202530400000800544,CCTV,서울특별시 광진구 자양로 237-1,37.54782,127.08806,주변지역_추가본
202530400000800166,CCTV,서울특별시 광진구 자양번영로11길 37-14 (자양동),37.53695,127.07443,주변지역_추가본
202530400000801010,CCTV,서울특별시 광진구 구의강변로 69 구남초교 정문 앞,37.53711,127.09293,주변지역_추가본
202530400000801049,CCTV,서울특별시 광진구 능동로 42 (자양동),37.53453,127.0683,주변지역_추가본
202530400000800310,CCTV,서울특별시 광진구 광나루로22길 7,37.5463,127.07523,주변지역_추가본
202530400000800307,CCTV,서울특별시 광진구 아차산로25길 48 (화양동),37.54343,127.06753,주변지역_추가본
202530400000801140,CCTV,서울특별시 광진구 뚝섬로57가길 38 (자양동),37.53201,127.08161,주변지역_추가본
202530400000800366,CCTV,서울특별시 광진구 광나루로38길 67 (구의동),37.54207,127.08733,주변지역_추가본
202530400000800856,CCTV,서울특별시 광진구 구의동 3-10,37.55336,127.10222,주변지역_추가본
202530400000800164,CCTV,서울특별시 광진구 자양번영로11길 29 (자양동),37.53738,127.07507,주변지역_추가본
202530400000801036,CCTV,서울특별시 광진구 자양번영로6길 20 (자양동),37.53226,127.07681,주변지역_추가본
202530400000800956,CCTV,서울특별시 광진구 능동로 120-1,37.53974,127.07188,주변지역_추가본
202530400000800769,CCTV,서울특별시 광진구 아차산생태공원-해맞이공원,37.55996,127.10157,주변지역_추가본
202530400000800416,CCTV,서울특별시 광진구 자양로43길 123 (중곡동),37.55593,127.08901,주변지역_추가본
202530400000801058,CCTV,서울특별시 광진구 뚝섬로23길 44 (자양동),37.53715,127.06589,주변지역_추가본
202530400000801123,CCTV,서울특별시 광진구 광장로1길 23 (광장동),37.54795,127.10205,주변지역_추가본
202530400000800514,CCTV,서울특별시 광진구 아차산로58가길15,37.5359,127.09036,주변지역_추가본
202530400000800743,CCTV,서울특별시 광진구 자양4동 199-4,37.5363,127.06177,주변지역_추가본
202530400000800631,CCTV,서울특별시 광진구 용마산로22길 5-8,37.56121,127.08725,주변지역_추가본
202530400000800121,CCTV,서울특별시 광진구 천호대로122길 33 (능동),37.55211,127.08732,주변지역_추가본
202530400000800675,CCTV,서울특별시 광진구 아차산로76길 34,37.54665,127.10738,주변지역_추가본
202530400000800039,CCTV,서울특별시 광진구 아차산로53길 29 (구의동),37.53854,127.0858,주변지역_추가본
202530400000801263,CCTV,서울특별시 광진구 뚝섬로46길 64 (자양동),37.5303,127.07621,주변지역_추가본
202530400000800823,CCTV,서울특별시 광진구 광장동 5-112,37.55435,127.10407,주변지역_추가본
202530400000800786,CCTV,서울특별시 광진구 광나루로 44길 32,37.54277,127.09105,주변지역_추가본
202530400000800233,CCTV,서울특별시 광진구 능동로50길 8 (중곡동),37.56401,127.08396,주변지역_추가본
202530400000800028,CCTV,서울특별시 광진구 아차산로53길 77 (구의동),37.54073,127.08608,주변지역_추가본
202530400000800328,CCTV,서울특별시 광진구 능동로31길 12-15 (군자동),37.55639,127.0782,주변지역_추가본
202530400000800073,CCTV,서울특별시 광진구 광나루로44길 9 (구의동),37.54383,127.09155,주변지역_추가본
202530400000800049,CCTV,서울특별시 광진구 자양로53길 10 (구의동),37.55417,127.09335,주변지역_추가본
202530400000800168,CCTV,서울특별시 광진구 자양번영로7길 12-7 (자양동),37.5362,127.07578,주변지역_추가본
202530400000801198,CCTV,서울특별시 광진구 광나루로 529 (구의동),37.54512,127.08798,주변지역_추가본
202530400000800110,CCTV,서울특별시 광진구 능동로36길 12 (능동),37.55623,127.0798,주변지역_추가본
202530400000800822,CCTV,서울특별시 광진구 광장동 5-112,37.55383,127.10405,주변지역_추가본
202530400000800940,CCTV,서울특별시 광진구 천호대로 661,37.55215,127.0899,주변지역_추가본
202530400000800472,CCTV,서울특별시 광진구  천호대로102길 58 (군자동),37.55673,127.07315,주변지역_추가본
202530400000801220,CCTV,서울특별시 광진구 동일로 341 (중곡동),37.5615,127.07475,주변지역_추가본
202530400000800302,CCTV,서울특별시 광진구 군자로3길 25-16 (화양동),37.54373,127.07061,주변지역_추가본
202530400000800240,CCTV,서울특별시 광진구 천호대로121길 39 (중곡동),37.55682,127.08643,주변지역_추가본
202530400000800740,CCTV,서울특별시 광진구 천호대로140길 60,37.54433,127.09974,주변지역_추가본
202530400000800674,CCTV,서울특별시 광진구 자양로44길 113,37.55089,127.09696,주변지역_추가본
202530400000800435,CCTV,서울특별시 광진구 능동로3다길 4 (자양동),37.53398,127.06502,주변지역_추가본
202530400000800604,CCTV,서울특별시 광진구 천호대로138길 40,37.54739,127.0921,주변지역_추가본
202530400000800004,CCTV,서울특별시 광진구 아차산로 636 (광장동),37.54891,127.10899,주변지역_추가본
202530400000800217,CCTV,서울특별시 광진구 면목로 93 (중곡동),37.56199,127.07904,주변지역_추가본
202530400000800800,CCTV,서울특별시 광진구 구의강변로 69,37.53804,127.09237,주변지역_추가본
202530400000801271,CCTV,서울특별시 광진구 광나루로30나길 17 (구의동),37.54358,127.08268,주변지역_추가본
202530400000801055,CCTV,서울특별시 광진구 동일로4길 51 (자양동),37.53596,127.06357,주변지역_추가본
202530400000801231,CCTV,서울특별시 광진구 능동로 433 (중곡동),37.56755,127.08499,주변지역_추가본
202530400000801199,CCTV,서울특별시 광진구 자양로 216 (구의동),37.54593,127.08628,주변지역_추가본
202530400000800265,CCTV,서울특별시 광진구 용마산로27길 10 (중곡동),37.56732,127.08582,주변지역_추가본
202530400000800886,CCTV,서울특별시 광진구 아차산로 25길 27,37.54261,127.06706,주변지역_추가본
202530400000800357,CCTV,서울특별시 광진구 자양번영로2길 55 (자양동),37.53006,127.07796,주변지역_추가본
202530400000800053,CCTV,서울특별시 광진구 영화사로16나길 21 (구의동),37.55324,127.09606,주변지역_추가본
202530400000801171,CCTV,서울특별시 광진구 동일로38길 17-5 (군자동),37.55152,127.07046,주변지역_추가본
202530400000800422,CCTV,서울특별시 광진구 능동로32길 82-26,37.55332,127.08552,주변지역_추가본
202530400000800387,CCTV,서울특별시 광진구 아차산로39길 11 (자양동),37.53857,127.07718,주변지역_추가본
202530400000801168,CCTV,서울특별시 광진구 광진구천호대로120길16,37.55348,127.08655,주변지역_추가본
202530400000800091,CCTV,서울특별시 광진구 면목로 27 (군자동),37.55671,127.07609,주변지역_추가본
202530400000801165,CCTV,서울특별시 광진구 용마산로1길 69 (중곡동),37.55595,127.08476,주변지역_추가본
202530400000800643,CCTV,서울특별시 광진구 용마산로 160,37.56804,127.08617,주변지역_추가본
202530400000800491,CCTV,서울특별시 광진구 용마산로33길 41,37.57023,127.08382,주변지역_추가본
202530400000801112,CCTV,서울특별시 광진구 뚝섬로 741 (구의동),37.53442,127.09112,주변지역_추가본
202530400000801270,CCTV,서울특별시 광진구 광나루로40길 80-4 (구의동),37.54129,127.08875,주변지역_추가본
202530400000800691,CCTV,서울특별시 광진구 아차산로60길 13-8,37.53804,127.09237,주변지역_추가본
202530400000801197,CCTV,서울특별시 광진구 천호대로 665-2,37.55185,127.08944,주변지역_추가본
202530400000800283,CCTV,서울특별시 광진구 용마산로8가길 26 (중곡동),37.56092,127.0888,주변지역_추가본
202530400000800297,CCTV,서울특별시 광진구 아차산로25길 27 (화양동),37.54283,127.06716,주변지역_추가본
202530400000801183,CCTV,서울특별시 광진구 광나루로20가길 14 (화양동),37.54521,127.07499,주변지역_추가본
202530400000800976,CCTV,서울특별시 광진구 아차산로70길 62 (광장동),37.5416,127.10094,주변지역_추가본
202530400000800079,CCTV,서울특별시 광진구 아차산로63길 37 (구의동),37.54131,127.09216,주변지역_추가본
202530400000801257,CCTV,서울특별시 광진구 천호대로 541,37.55772,127.07862,주변지역_추가본
202530400000800759,CCTV,서울특별시 광진구 아차산생태공원-공원입구,37.55258,127.09969,주변지역_추가본
202530400000801000,CCTV,서울특별시 광진구 자양로50길 13 (구의동),37.55215,127.09313,주변지역_추가본
202530400000801076,CCTV,서울특별시 광진구 용마산로3길 57 (중곡동),37.55777,127.08332,주변지역_추가본
202530400000801119,CCTV,서울특별시 광진구 광나루로15길 23,37.54908,127.06954,주변지역_추가본
202530400000800289,CCTV,서울특별시 광진구 긴고랑로46가길 36 (중곡동),37.55864,127.09525,주변지역_추가본
202530400000800741,CCTV,서울특별시 광진구 천호대로140길 60,37.54464,127.09932,주변지역_추가본
202530400000800151,CCTV,서울특별시 광진구 뚝섬로50길 28 (자양동),37.53119,127.07791,주변지역_추가본
202530400000800206,CCTV,서울특별시 광진구 동일로18나길 24 (자양동),37.53866,127.06529,주변지역_추가본
202530400000800807,CCTV,서울특별시 광진구 광장동 236-1,37.54308,127.10213,주변지역_추가본
202530400000800622,CCTV,서울특별시 광진구 군자로6길 51,37.54581,127.0723,주변지역_추가본
202530400000800559,CCTV,서울특별시 광진구 광나루로 14길 31,37.54634,127.06813,주변지역_추가본
202530400000800898,CCTV,서울특별시 광진구 천호대로116길 97,37.55263,127.08133,주변지역_추가본
202530400000800261,CCTV,서울특별시 광진구 면목로11길 20 (중곡동),37.56705,127.08054,주변지역_추가본
202530400000801188,CCTV,"서울특별시 광진구 아차산 능선, 긴골지구쪽",37.56849,127.10314,주변지역_추가본
202530400000801129,CCTV,"서울특별시 광진구 아차산로55길 23 (구의동, 신일아트빌라)",37.53835,127.08643,주변지역_추가본
202530400000800155,CCTV,서울특별시 광진구 자양로3길 49 (자양동),37.52914,127.08391,주변지역_추가본
202530400000800368,CCTV,서울특별시 광진구 광장로5길 12 (광장동),37.54822,127.10506,주변지역_추가본
202530400000800915,CCTV,서울특별시 광진구 용마산로5길 40-22,37.55849,127.08544,주변지역_추가본
202530400000801142,CCTV,서울특별시 광진구 뚝섬로64길 45 (자양동),37.53239,127.08891,주변지역_추가본
202530400000800504,CCTV,서울특별시 광진구 군자로 183,37.55677,127.07821,주변지역_추가본
202530400000800183,CCTV,서울특별시 광진구 자양강변길 73 (자양동),37.53274,127.0637,주변지역_추가본
202530400000800403,CCTV,서울특별시 광진구 용마산로3길 98 (중곡동),37.55732,127.0831,주변지역_추가본
202530400000801084,CCTV,서울특별시 광진구 동일로 399 (중곡동),37.56635,127.07749,주변지역_추가본
202530400000800525,CCTV,서울특별시 광진구 자양번영로1길15,37.53058,127.07412,주변지역_추가본
202530400000800341,CCTV,서울특별시 광진구 뚝섬로50길 6 (자양동),37.53221,127.07832,주변지역_추가본
202530400000800695,CCTV,서울특별시 광진구 광나루로56길 86 (구의동),37.53735,127.09452,주변지역_추가본
202530400000800296,CCTV,서울특별시 광진구 아차산로23길 68 (화양동),37.54517,127.06748,주변지역_추가본
202530400000800212,CCTV,서울특별시 광진구 긴고랑로7길 11 (중곡동),37.56405,127.07937,주변지역_추가본
202530400000800805,CCTV,서울특별시 광진구 화양동 523-2,37.54508,127.07627,주변지역_추가본
202530400000800015,CCTV,서울특별시 광진구 광나루로40길 17 (구의동),37.54403,127.08944,주변지역_추가본
202530400000800725,CCTV,서울특별시 광진구 천호대로 760,37.54635,127.09823,주변지역_추가본
202530400000800900,CCTV,서울특별시 광진구 능동로34길 11-19,37.55545,127.08079,주변지역_추가본
202530400000800390,CCTV,서울특별시 광진구 아차산로41길 16 (자양동),37.53858,127.07891,주변지역_추가본
202530400000800046,CCTV,서울특별시 광진구 자양로37가길 10 (구의동),37.54771,127.08726,주변지역_추가본
202530400000800599,CCTV,서울특별시 광진구 워커힐로 32,37.54473,127.09759,주변지역_추가본
202530400000800935,CCTV,서울특별시 광진구 천호대로136길 64,37.54719,127.08952,주변지역_추가본
202530400000800467,CCTV,서울특별시 광진구 아차산로25길 20-9 (화양동),37.54213,127.06739,주변지역_추가본
202530400000800109,CCTV,서울특별시 광진구 천호대로110길 34 (능동),37.55581,127.07947,주변지역_추가본
202530400000800059,CCTV,서울특별시 광진구 자양로49길 15-2 (구의동),37.55289,127.09189,주변지역_추가본
202530400000800860,CCTV,서울특별시 광진구 구의동 3-8,37.55713,127.10434,주변지역_추가본
202530400000800662,CCTV,서울특별시 광진구 자양로 130,37.5395,127.08337,주변지역_추가본
202530400000800327,CCTV,서울특별시 광진구 군자로 38 (화양동),37.5465,127.0703,주변지역_추가본
202530400000800789,CCTV,서울특별시 광진구 동일로28길 16,37.54625,127.06801,주변지역_추가본
202530400000801160,CCTV,서울특별시 광진구 용마산로28길 30 (중곡동),37.56764,127.08797,주변지역_추가본
202530400000800323,CCTV,서울특별시 광진구 자양로15길 108 (자양동),37.5344,127.07795,주변지역_추가본
202530400000800352,CCTV,서울특별시 광진구 아차산로59길 56,37.54085,127.09086,주변지역_추가본
202530400000800783,CCTV,서울특별시 광진구 능동로 216,37.55167,127.08878,주변지역_추가본
202530400000800745,CCTV,서울특별시 광진구 광장동 344-10,37.54904,127.1074,주변지역_추가본
202530400000800869,CCTV,서울특별시 광진구 용마산로 33길 25,37.57018,127.08446,주변지역_추가본
202530400000800092,CCTV,서울특별시 광진구 면목로6길 18 (군자동),37.55611,127.07658,주변지역_추가본
202530400000801097,CCTV,서울특별시 광진구 용마산로6길 13 (중곡동),37.55744,127.08874,주변지역_추가본
202530400000801193,CCTV,서울특별시 광진구 능동로 90,37.53824,127.07089,주변지역_추가본
202530400000800415,CCTV,서울특별시 광진구 긴고랑로38길 14 (중곡동),37.55843,127.09036,주변지역_추가본
202530400000800909,CCTV,서울특별시 광진구 능동로30길 8,37.5541,127.07856,주변지역_추가본
202530400000800329,CCTV,서울특별시 광진구 자양로30길 29 (구의동),37.54359,127.08645,주변지역_추가본
202530400000800907,CCTV,서울특별시 광진구 능동로32길 139,37.55272,127.08575,주변지역_추가본
202530400000800684,CCTV,서울특별시 광진구 영화사로9나길 32,37.55759,127.09572,주변지역_추가본
202530400000800961,CCTV,서울특별시 광진구 화양동 4-14,37.54098,127.07155,주변지역_추가본
202530400000801019,CCTV,서울특별시 광진구 능동로 209 (군자동),37.5529,127.07235,주변지역_추가본
202530400000800704,CCTV,서울특별시 광진구 아차산로32길 17 (자양동),37.53926,127.06823,주변지역_추가본
202530400000800305,CCTV,서울특별시 광진구 능동로13길 88 (화양동),37.54545,127.06866,주변지역_추가본
202530400000800791,CCTV,서울특별시 광진구 영화사로 139,37.55218,127.10131,주변지역_추가본
202530400000800340,CCTV,서울특별시 광진구 자양번영로8길 7 (자양동),37.53443,127.07662,주변지역_추가본
202530400000800801,CCTV,서울특별시 광진구 동일로28길 16,37.54655,127.06769,주변지역_추가본
202530400000800398,CCTV,서울특별시 광진구 뚝섬로37길 28 (자양동),37.53545,127.07557,주변지역_추가본
202530400000800732,CCTV,서울특별시 광진구 아차산로73길 15 (광장동),37.54594,127.1039,주변지역_추가본
202530400000800606,CCTV,서울특별시 광진구 자양로 35,37.53091,127.08628,주변지역_추가본
202530400000800370,CCTV,서울특별시 광진구 광장로1길 19 (광장동),37.54783,127.10197,주변지역_추가본
202530400000800781,CCTV,서울특별시 광진구 영화사로 7길 25,37.55673,127.09204,주변지역_추가본
202530400000801008,CCTV,서울특별시 광진구 강변역로2길 18 (구의동),37.5373,127.09119,주변지역_추가본
202530400000800502,CCTV,서울특별시 광진구 천호대로 798,37.54562,127.10196,주변지역_추가본
202530400000800402,CCTV,서울특별시 광진구 뚝섬로27길 43 (자양동),37.53781,127.0662,주변지역_추가본
202530400000800533,CCTV,서울특별시 광진구 동일로28길54,37.54592,127.06948,주변지역_추가본
202530400000800498,CCTV,서울특별시 광진구 영화사로13길21,37.55514,127.09445,주변지역_추가본
202530400000800733,CCTV,서울특별시 광진구 광장로1가길 31 (광장동),37.54813,127.10059,주변지역_추가본
202530400000800057,CCTV,서울특별시 광진구 자양로44나길 39 (구의동),37.55157,127.09456,주변지역_추가본
202530400000800709,CCTV,서울특별시 광진구 긴고랑로5길 10 (중곡동),37.56471,127.07935,주변지역_추가본
202530400000800383,CCTV,서울특별시 광진구 동일로34길 19 (군자동),37.54988,127.0697,주변지역_추가본
202530400000800080,CCTV,서울특별시 광진구 구의로4길 40 (구의동),37.54045,127.09164,주변지역_추가본
202530400000801061,CCTV,서울특별시 광진구 뚝섬로46길 74 (자양동),37.52937,127.07592,주변지역_추가본
202530400000800431,CCTV,서울특별시 광진구 아차산로 63길 17 (구의동),37.54042,127.09241,주변지역_추가본
202530400000800376,CCTV,서울특별시 광진구 아차산로65길 57 (구의동),37.54239,127.09235,주변지역_추가본
202530400000800523,CCTV,서울특별시 광진구 뚝섬로703-1,37.53318,127.08757,주변지역_추가본
202530400000801180,CCTV,서울특별시 광진구 능동로17길 53 (화양동),37.5469,127.07062,주변지역_추가본
202530400000800089,CCTV,서울특별시 광진구 뚝섬로67길 23 (구의동),37.53546,127.09062,주변지역_추가본
202530400000801133,CCTV,서울특별시 광진구 동일로58길 20 (군자동),37.55718,127.07382,주변지역_추가본
202530400000800460,CCTV,서울특별시 광진구 자양로 13길 31-8 (자양동),37.53442,127.08288,주변지역_추가본
202530400000801127,CCTV,"서울특별시 광진구 광나루로38길 74 (구의동, 삼영)",37.5416,127.08715,주변지역_추가본
202530400000801105,CCTV,서울특별시 광진구 광나루로 448 (화양동),37.54539,127.07905,주변지역_추가본
202530400000801154,CCTV,서울특별시 광진구 뚝섬로30가길 18 (자양동),37.53514,127.06536,주변지역_추가본
202530400000800260,CCTV,서울특별시 광진구 동일로76길 12 (중곡동),37.56771,127.07934,주변지역_추가본
202530400000800113,CCTV,서울특별시 광진구 천호대로116길 26 (능동),37.55412,127.08363,주변지역_추가본
202530400000800908,CCTV,서울특별시 광진구 천호대로122길 33,37.55209,127.08765,주변지역_추가본
202530400000800939,CCTV,서울특별시 광진구 천호대로 548,37.55704,127.07914,주변지역_추가본
202530400000800843,CCTV,서울특별시 광진구 구의동 3-17,37.5549,127.10037,주변지역_추가본
202530400000800242,CCTV,서울특별시 광진구 천호대로119길 89 (중곡동),37.55903,127.08561,주변지역_추가본
202530400000800887,CCTV,서울특별시 광진구 군자로 3길 15,37.5444,127.07057,주변지역_추가본
202530400000800021,CCTV,서울특별시 광진구 자양로30길 43 (구의동),37.5434,127.08723,주변지역_추가본
202530400000801026,CCTV,서울특별시 광진구 군자로 70 화양슈퍼 코너,37.54971,127.07093,주변지역_추가본
202530400000800975,CCTV,서울특별시 광진구 광장로1길 27 (광장동),37.54795,127.10103,주변지역_추가본
202530400000800479,CCTV,서울특별시 광진구 자양로2길 6 (자양동),37.5307,127.0872,주변지역_추가본
202530400000801094,CCTV,서울특별시 광진구 용마산로22길 24 (중곡동),37.56372,127.08848,주변지역_추가본
202530400000800250,CCTV,서울특별시 광진구 용마산로21길 65 (중곡동),37.56207,127.08508,주변지역_추가본
202530400000800140,CCTV,서울특별시 광진구 자양로11길 45-8 (자양동),37.53343,127.08219,주변지역_추가본
202530400000801233,CCTV,서울특별시 광진구 자양로 185,37.54417,127.08478,주변지역_추가본
202530400000800012,CCTV,서울특별시 광진구 구의로 13-6 (구의동),37.53938,127.08895,주변지역_추가본
202530400000800824,CCTV,서울특별시 광진구 구의동 3,37.55312,127.10055,주변지역_추가본
202530400000800466,CCTV,서울특별시 광진구 자양로53길21,37.55441,127.09272,주변지역_추가본
202530400000800011,CCTV,서울특별시 광진구 아차산로70길 62,37.54127,127.09891,주변지역_추가본
202530400000800125,CCTV,서울특별시 광진구 능동로32길 16-16 (능동),37.5546,127.07917,주변지역_추가본
202530400000800243,CCTV,서울특별시 광진구 용마산로3길 38 (중곡동),37.55615,127.08611,주변지역_추가본
202530400000800378,CCTV,서울특별시 광진구 구의강변로3길 39 (구의동),37.53659,127.0903,주변지역_추가본
202530400000800771,CCTV,서울특별시 광진구 자양4동 547-16,37.53682,127.069,주변지역_추가본
202530400000800226,CCTV,서울특별시 광진구 면목로 74 (중곡동),37.5602,127.07954,주변지역_추가본
202530400000800518,CCTV,서울특별시 광진구 자양로 117,37.5389,127.08241,주변지역_추가본
202530400000800436,CCTV,서울특별시 광진구 긴고랑로 12길 40 (중곡동),37.5612,127.07987,주변지역_추가본
202530400000800107,CCTV,서울특별시 광진구 천호대로116길 88 (능동),37.55231,127.08184,주변지역_추가본
202530400000800815,CCTV,서울특별시 광진구 천호대로 717-18,37.54916,127.09446,주변지역_추가본
202530400000800400,CCTV,서울특별시 광진구 뚝섬로25길 23 (자양동),37.53706,127.06469,주변지역_추가본
202530400000800457,CCTV,서울특별시 광진구 용마산로8가길 20-15 (중곡동),37.56027,127.08969,주변지역_추가본
202530400000800555,CCTV,서울특별시 광진구 군자로 43,37.54706,127.07027,주변지역_추가본
202530400000800470,CCTV,서울특별시 광진구 능동로 48길 36 (중곡동),37.56224,127.08446,주변지역_추가본
202530400000801001,CCTV,서울특별시 광진구 구의2동 613-38,37.54902,127.08716,주변지역_추가본
202530400000800772,CCTV,서울특별시 광진구 공원방범(아차산어울림광장1),37.55225,127.09979,주변지역_추가본
202530400000801023,CCTV,"서울특별시 광진구 동일로52길 10 (군자동, 파인하우스)",37.55474,127.07157,주변지역_추가본
202530400000800236,CCTV,서울특별시 광진구 용마산로21길 77 (중곡동),37.56152,127.08475,주변지역_추가본
202530400000801149,CCTV,서울특별시 광진구 뚝섬로36가길 26 (자양동),37.53163,127.07187,주변지역_추가본
202530400000801125,CCTV,"서울특별시 광진구 자양로26길 59 (구의동, 한일익스프레스)",37.54101,127.08723,주변지역_추가본
202530400000801228,CCTV,서울특별시 광진구 면목로 127,37.56502,127.08069,주변지역_추가본
202530400000801200,CCTV,서울특별시 광진구 강변역로 50 (구의동),37.53271,127.09312,주변지역_추가본
202530400000800943,CCTV,서울특별시 광진구 능동로 110,37.54006,127.07096,주변지역_추가본
202530400000800836,CCTV,서울특별시 광진구 용마산로22길 26,37.56289,127.09128,주변지역_추가본
202530400000801091,CCTV,서울특별시 광진구 용마산로28길 62 (중곡동),37.5671,127.08966,주변지역_추가본
202530400000800923,CCTV,서울특별시 광진구 용마산로8길 66,37.55946,127.09137,주변지역_추가본
202530400000801301,CCTV,서울특별시 광진구 뚝섬로 716 (자양동),37.53367,127.08823,주변지역_추가본
202530400000800373,CCTV,서울특별시 광진구 아차산로55길 81 (구의동),37.54111,127.08698,주변지역_추가본
202530400000800774,CCTV,서울특별시 광진구 영화사로107,37.55535,127.09849,주변지역_추가본
202530400000800837,CCTV,서울특별시 광진구 중곡동 176-122,37.56814,127.090123,주변지역_추가본
202530400000800118,CCTV,서울특별시 광진구 천호대로124길 86 (능동),37.55214,127.08481,주변지역_추가본
202530400000800609,CCTV,서울특별시 광진구 자양동 783-2,37.53575,127.07439,주변지역_추가본
202530400000800392,CCTV,서울특별시 광진구 자양번영로4길 17 (자양동),37.53145,127.07655,주변지역_추가본
202530400000800666,CCTV,서울특별시 광진구 능동로 160,37.54487,127.07313,주변지역_추가본
202530400000800757,CCTV,서울특별시 광진구 용마도시자연공원-마지막골,37.56649,127.09872,주변지역_추가본
202530400000801126,CCTV,서울특별시 광진구 아차산로51길 86-12 (구의동),37.54124,127.08565,주변지역_추가본
202530400000800285,CCTV,서울특별시 광진구 용마산로36길 66 (중곡동),37.56947,127.08872,주변지역_추가본
202530400000800445,CCTV,서울특별시 광진구 자양로28길 14 (구의동),37.54236,127.08507,주변지역_추가본
202530400000800864,CCTV,서울특별시 광진구 구의동 3-8,37.55694,127.10302,주변지역_추가본
202530400000800659,CCTV,서울특별시 광진구 영화사로3길 53,37.55824,127.09265,주변지역_추가본
202530400000801031,CCTV,서울특별시 광진구 자양로23길 7 (자양동),37.54132,127.08317,주변지역_추가본
202530400000800829,CCTV,서울특별시 광진구 구의동 3-3,37.55614,127.09762,주변지역_추가본
202530400000800955,CCTV,서울특별시 광진구 아차산로 370,37.53645,127.08385,주변지역_추가본
202530400000800401,CCTV,서울특별시 광진구 능동로5길 7 (자양동),37.53708,127.06807,주변지역_추가본
202530400000800214,CCTV,서울특별시 광진구 긴고랑로14길 8 (중곡동),37.56224,127.08146,주변지역_추가본
202530400000800218,CCTV,서울특별시 광진구 긴고랑로6길 9 (중곡동),37.56315,127.07822,주변지역_추가본
202530400000800069,CCTV,서울특별시 광진구 천호대로134길 55 (구의동),37.54723,127.08858,주변지역_추가본
202530400000801020,CCTV,서울특별시 광진구 면목로 20 (군자동),37.55585,127.07581,주변지역_추가본
202530400000800024,CCTV,서울특별시 광진구 자양로28길 73 (구의동),37.54173,127.08823,주변지역_추가본
202530400000800161,CCTV,서울특별시 광진구 자양로2길 29 (자양동),37.53153,127.08817,주변지역_추가본
202530400000800613,CCTV,서울특별시 광진구 뚝섬로58길 68,37.52926,127.08454,주변지역_추가본
202530400000800462,CCTV,서울특별시 광진구 자양번영로3길38-10 (자양동),37.53249,127.07342,주변지역_추가본
202530400000800448,CCTV,서울특별시 광진구 광장로1가길 49 (광장동),37.54854,127.09989,주변지역_추가본
202530400000801108,CCTV,서울특별시 광진구 아차산로 191 (화양동),37.54248,127.06512,주변지역_추가본
202530400000800671,CCTV,서울특별시 광진구 자양로23나길 7,37.54222,127.08263,주변지역_추가본
202530400000800224,CCTV,서울특별시 광진구 긴고랑로8길 90 (중곡동),37.55966,127.077,주변지역_추가본
202530400000800379,CCTV,서울특별시 광진구 동일로52길 24 (군자동),37.55445,127.07243,주변지역_추가본
202530400000800585,CCTV,서울특별시 광진구 아차산로21길 62,37.54446,127.06622,주변지역_추가본
202530400000800889,CCTV,서울특별시 광진구 동일로 52길 27,37.55427,127.07291,주변지역_추가본
202530400000800562,CCTV,서울특별시 광진구 아차산로 75길 9,37.54628,127.10468,주변지역_추가본
202530400000801114,CCTV,서울특별시 광진구 자양로 219,37.54691,127.08703,주변지역_추가본
202530400000800734,CCTV,서울특별시 광진구 천호대로 760,37.54624,127.09873,주변지역_추가본
202530400000800405,CCTV,서울특별시 광진구 긴고랑로9길 46 (중곡동),37.56556,127.0819,주변지역_추가본
202530400000800071,CCTV,서울특별시 광진구 자양로36길 11 (구의동),37.54627,127.08754,주변지역_추가본
202530400000800588,CCTV,서울특별시 광진구 군자로 114,37.54914,127.07518,주변지역_추가본
202530400000801179,CCTV,서울특별시 광진구 군자로 15 (화양동),37.54473,127.07138,주변지역_추가본
202530400000800577,CCTV,서울특별시 광진구 영화사로3나길 28,37.55709,127.09369,주변지역_추가본
202530400000800086,CCTV,서울특별시 광진구 구의로4길 7-16 (구의동),37.54083,127.09014,주변지역_추가본
202530400000800180,CCTV,서울특별시 광진구 뚝섬로 491 (자양동),37.53654,127.06519,주변지역_추가본
202530400000800496,CCTV,서울특별시 광진구 긴고랑로 39길 54,37.55932,127.09282,주변지역_추가본
202530400000800087,CCTV,서울특별시 광진구 구의로 56 (구의동),37.54292,127.09031,주변지역_추가본
202530400000800308,CCTV,서울특별시 광진구 동일로22길 71 (화양동),37.54147,127.06831,주변지역_추가본
202530400000800165,CCTV,서울특별시 광진구 아차산로 288 (자양동),37.53852,127.07501,주변지역_추가본
202530400000800248,CCTV,서울특별시 광진구 긴고랑로15길 15 (중곡동),37.56276,127.08329,주변지역_추가본
202530400000800476,CCTV,서울특별시 광진구 자양로15길 56 (자양동),37.53531,127.08059,주변지역_추가본
202530400000800185,CCTV,서울특별시 광진구 능동로3가길 12 (자양동),37.5333,127.06563,주변지역_추가본
202530400000800179,CCTV,서울특별시 광진구 동일로10길 42 (자양동),37.53763,127.06399,주변지역_추가본
202530400000800942,CCTV,서울특별시 광진구 능동로 10,37.53214,127.06722,주변지역_추가본
202530400000801131,CCTV,서울특별시 광진구 광나루로52길 94 (구의동),37.53928,127.09104,주변지역_추가본
202530400000801050,CCTV,서울특별시 광진구 뚝섬로 585 (자양동),37.53355,127.07487,주변지역_추가본
202530400000800434,CCTV,서울특별시 광진구 광장로9길 6 (광장동),37.54822,127.10613,주변지역_추가본
202530400000800029,CCTV,서울특별시 광진구 자양로26길 45-7,37.54162,127.08668,주변지역_추가본
202530400000800821,CCTV,서울특별시 광진구 광장동 5-112,37.55316,127.10352,주변지역_추가본
202530400000801211,CCTV,서울특별시 광진구 능동로 216 (능동),37.5491,127.07545,주변지역_추가본
202530400000800988,CCTV,서울특별시 광진구 자양로23가길 16 (구의동),37.54212,127.08166,주변지역_추가본
202530400000800031,CCTV,서울특별시 광진구 자양로26길 14 (구의동),37.54181,127.08488,주변지역_추가본
202530400000800885,CCTV,서울특별시 광진구 뚝섬로 52길 62,37.5294,127.07831,주변지역_추가본
202530400000800564,CCTV,서울특별시 광진구 능동로 21길 14-10,37.55175,127.07582,주변지역_추가본
202530400000800799,CCTV,서울특별시 광진구 자양로42길 44,37.54832,127.09216,주변지역_추가본
202530400000801044,CCTV,서울특별시 광진구 자양로5길 33 (자양동,37.53061,127.08386,주변지역_추가본
202530400000801109,CCTV,서울특별시 광진구 자양로40길 53 (구의동),37.54685,127.09174,주변지역_추가본
202530400000800582,CCTV,서울특별시 광진구 아차산로44가길 16,37.53565,127.07975,주변지역_추가본
202530400000800584,CCTV,서울특별시 광진구 뚝섬로33길 34,37.53634,127.06992,주변지역_추가본
202530400000801275,CCTV,서울특별시 광진구 자양번영로6길 67 (자양동),37.53159,127.07932,주변지역_추가본
202530400000800266,CCTV,서울특별시 광진구 용마산로29길 25 (중곡동),37.56719,127.08544,주변지역_추가본
202530400000801254,CCTV,서울특별시 광진구 아차산로70길 35 (광장동),37.54205,127.10177,주변지역_추가본
202530400000800655,CCTV,서울특별시 광진구 천호대로107길 40,37.5594,127.07916,주변지역_추가본
202530400000800731,CCTV,서울특별시 광진구 자양번영로3길 16 (자양동),37.53207,127.0744,주변지역_추가본
202530400000800221,CCTV,서울특별시 광진구 자양로43길 47 (중곡동),37.55261,127.09027,주변지역_추가본
202530400000800098,CCTV,서울특별시 광진구 군자로15길 10-6 (군자동),37.55406,127.07362,주변지역_추가본
202530400000800848,CCTV,서울특별시 광진구 중곡동 143-146,37.56276,127.0964,주변지역_추가본
202530400000800669,CCTV,서울특별시 광진구 능동로23길 12,37.55212,127.07614,주변지역_추가본
202530400000800984,CCTV,"서울특별시 광진구 아차산로70길 61 (광장동), 아차산로70길 17-62 광남중",37.54018,127.10219,주변지역_추가본
202530400000800274,CCTV,서울특별시 광진구 자양로45길 89 (중곡동),37.55516,127.0898,주변지역_추가본
202530400000800877,CCTV,서울특별시 광진구 아차산로 73길15길,37.54584,127.10403,주변지역_추가본
202530400000800874,CCTV,서울특별시 광진구 천호대로 717-17,37.54913,127.09495,주변지역_추가본
202530400000801303,CCTV,서울특별시 광진구 자양로40길 41 (구의동),37.54751,127.09079,주변지역_추가본
202530400000800672,CCTV,서울특별시 광진구 아차산로 401,37.53759,127.08735,주변지역_추가본
202530400000800225,CCTV,서울특별시 광진구 동일로62길 37 (중곡동),37.55937,127.0761,주변지역_추가본
202530400000800944,CCTV,서울특별시 광진구 능동로 110,37.54006,127.07096,주변지역_추가본
202530400000801242,CCTV,서울특별시 광진구 광나루로30길,37.54374,127.08169,주변지역_추가본
202530400000801060,CCTV,서울특별시 광진구 뚝섬로64길 71 (자양동),37.53025,127.08919,주변지역_추가본
202530400000800870,CCTV,서울특별시 광진구 동일로 76나길 20,37.56834,127.08032,주변지역_추가본
202530400000800075,CCTV,서울특별시 광진구 광나루로52길 12 (구의동),37.54127,127.09471,주변지역_추가본
202530400000801116,CCTV,서울특별시 광진구 자양로23길 79,37.53037,127.0905,주변지역_추가본
202530400000801014,CCTV,서울특별시 광진구 구의로4길 15 (구의동),37.5401,127.09062,주변지역_추가본
202530400000800364,CCTV,서울특별시 광진구 광나루로24길 53 (화양동),37.54506,127.07811,주변지역_추가본
202530400000800652,CCTV,서울특별시 광진구 자양로 96,37.53621,127.0839,주변지역_추가본
202530400000800784,CCTV,서울특별시 광진구 구의동 38-17,37.54743,127.09813,주변지역_추가본
202530400000801258,CCTV,서울특별시 광진구 자양2동 680-63,37.53497,127.08764,주변지역_추가본
202530400000801161,CCTV,서울특별시 광진구 천호대로101길 11 (중곡동),37.55983,127.07462,주변지역_추가본
202530400000800814,CCTV,서울특별시 광진구 천호대로 717-18,37.54913,127.09393,주변지역_추가본
202530400000800067,CCTV,서울특별시 광진구 자양로37길 21 (구의동),37.54836,127.08697,주변지역_추가본
202530400000800096,CCTV,서울특별시 광진구 동일로52길 15-14 (군자동),37.55536,127.07253,주변지역_추가본
202530400000800304,CCTV,서울특별시 광진구 긴고랑로46길 11 (화양동),37.54556,127.0742,주변지역_추가본
202530400000800351,CCTV,서울특별시 광진구 아차산로57길 41 (구의동),37.54051,127.0886,주변지역_추가본
202530400000800867,CCTV,서울특별시 광진구 동일로 381-1,37.56497,127.07613,주변지역_추가본
202530400000801027,CCTV,서울특별시 광진구 군자로 74 (군자동),37.55105,127.07162,주변지역_추가본
202530400000800100,CCTV,서울특별시 광진구 능동로27길 9 (군자동),37.55384,127.07682,주변지역_추가본
202530400000800247,CCTV,서울특별시 광진구 천호대로109길 53 (중곡동),37.55932,127.08201,주변지역_추가본
202530400000800795,CCTV,서울특별시 광진구 광나루로52길 12,37.54135,127.09448,주변지역_추가본
202530400000800861,CCTV,서울특별시 광진구 동일로76나길 20,37.56844,127.08026,주변지역_추가본
202530400000801274,CCTV,서울특별시 광진구 자양로9길 32 (자양동),37.5336,127.08278,주변지역_추가본
202530400000800065,CCTV,서울특별시 광진구 자양로42길 42-24 (구의동),37.54794,127.09165,주변지역_추가본
202530400000800842,CCTV,서울특별시 광진구 구의동 3-17,37.55511,127.0997,주변지역_추가본
202530400000800568,CCTV,서울특별시 광진구 천호대로123길83-13,37.55913,127.08591,주변지역_추가본
202530400000800614,CCTV,서울특별시 광진구 아차산로70 17-16,37.54058,127.10275,주변지역_추가본
202530400000800428,CCTV,서울특별시 광진구 광나루로40길 34 (구의동),37.54333,127.08927,주변지역_추가본
202530400000800454,CCTV,서울특별시 광진구 능동로46길 28 (중곡동),37.56075,127.08404,주변지역_추가본
202530400000800281,CCTV,서울특별시 광진구 영화사로7길 24 (중곡동),37.55678,127.09212,주변지역_추가본
202530400000800425,CCTV,서울특별시 광진구 자양번영로9길 16-4 (자양동),37.53645,127.0756,주변지역_추가본
202530400000800749,CCTV,서울특별시 광진구 용마도시자연공원-입구,37.56224,127.09614,주변지역_추가본
202530400000801022,CCTV,서울특별시 광진구 동일로52길 27 (군자동),37.55433,127.07298,주변지역_추가본
202530400000800262,CCTV,서울특별시 광진구 답십리로88길 19 (중곡동),37.57027,127.08498,주변지역_추가본
202530400000800315,CCTV,서울특별시 광진구 긴고랑로16길 50 (중곡동),37.55986,127.08172,주변지역_추가본
202530400000801230,CCTV,서울특별시 광진구 자양로 45 (자양동),37.53205,127.08547,주변지역_추가본
202530400000800758,CCTV,서울특별시 광진구 아차산생태공원-사무실,37.55303,127.09978,주변지역_추가본
202530400000801192,CCTV,서울특별시 광진구 용마산로 127,37.56479,127.08457,주변지역_추가본
202530400000800343,CCTV,서울특별시 광진구 자양로22길 61 (구의동),37.54323,127.08783,주변지역_추가본
202530400000800094,CCTV,서울특별시 광진구 능동로27나길 17 (군자동),37.55418,127.07581,주변지역_추가본
202530400000801078,CCTV,서울특별시 광진구 동일로80길 13 (중곡동),37.5704,127.08059,주변지역_추가본
202530400000800597,CCTV,서울특별시 광진구 자양로37길 38-6,37.54884,127.08663,주변지역_추가본
202530400000800381,CCTV,서울특별시 광진구 면목로5길 59 (군자동),37.55601,127.07321,주변지역_추가본
202530400000800727,CCTV,서울특별시 광진구  구의동 560-5,37.55531,127.09516,주변지역_추가본
202530400000800593,CCTV,서울특별시 광진구 광장동 5-116,37.55175,127.1035,주변지역_추가본
202530400000800306,CCTV,서울특별시 광진구 동일로28길 38 (화양동),37.54628,127.06883,주변지역_추가본
202530400000800006,CCTV,서울특별시 광진구 천호대로 143길 23,37.54656,127.10345,주변지역_추가본
202530400000800876,CCTV,서울특별시 광진구 아차산로 59길 49,37.5405,127.09069,주변지역_추가본
202530400000801262,CCTV,서울특별시 광진구 구의강변로 11,37.5326,127.09163,주변지역_추가본
202530400000800852,CCTV,서울특별시 광진구 광장동 5-115,37.55196,127.10315,주변지역_추가본
202530400000800986,CCTV,서울특별시 광진구 광나루로38길 73 (구의동),37.54174,127.08724,주변지역_추가본
202530400000800054,CCTV,서울특별시 광진구 자양로52길 11 (구의동),37.55306,127.09405,주변지역_추가본
202530400000800396,CCTV,서울특별시 광진구 뚝섬로34길 13 (자양동),37.53413,127.06976,주변지역_추가본
202530400000800033,CCTV,서울특별시 광진구 아차산로51길 23 (구의동),37.53822,127.08502,주변지역_추가본
202530400000800902,CCTV,서울특별시 광진구 능동로36길 87,37.55472,127.08384,주변지역_추가본
202530400000800847,CCTV,서울특별시 광진구 중곡동 176-133,37.56843,127.090039,주변지역_추가본
202530400000800276,CCTV,서울특별시 광진구 영화사로3가길 9 (중곡동),37.55791,127.09304,주변지역_추가본
202530400000800651,CCTV,서울특별시 광진구 강변역로 53,37.53559,127.09385,주변지역_추가본
202530400000800932,CCTV,서울특별시 광진구 광나루로30다길 30,37.54285,127.08303,주변지역_추가본
202530400000801030,CCTV,서울특별시 광진구 천호대로114길 25 (능동),37.55458,127.08241,주변지역_추가본
202530400000800331,CCTV,서울특별시 광진구 자양번영로13길 32 (자양동),37.53789,127.07513,주변지역_추가본
202530400000801021,CCTV,서울특별시 광진구 군자로12길 45 (군자동),37.55221,127.07252,주변지역_추가본
202530400000801117,CCTV,서울특별시 광진구 자양로43길 115,37.55547,127.08903,주변지역_추가본
202530400000801218,CCTV,서울특별시 광진구 능동로 385 (중곡동),37.56359,127.08285,주변지역_추가본
202530400000800726,CCTV,서울특별시 광진구 동일로52길 27,37.55433,127.07298,주변지역_추가본
202530400000801155,CCTV,서울특별시 광진구 동일로4길 68-8 (자양동),37.53532,127.0647,주변지역_추가본
202530400000800123,CCTV,서울특별시 광진구 능동로24길 41 (능동),37.55239,127.07913,주변지역_추가본
202530400000800711,CCTV,서울특별시 광진구 용마산로33길 25 (중곡동),37.56999,127.08449,주변지역_추가본
202530400000800019,CCTV,서울특별시 광진구 광나루로38길 27 (구의동),37.54371,127.08807,주변지역_추가본
202530400000801040,CCTV,서울특별시 광진구 자양번영로4길 42-22 (자양동),37.53011,127.07731,주변지역_추가본
202530400000801128,CCTV,서울특별시 광진구 아차산로49길 89 (구의동),37.54092,127.08447,주변지역_추가본
202530400000800344,CCTV,서울특별시 광진구 아차산로62길 14-2 (구의동),37.53903,127.09365,주변지역_추가본
202530400000800150,CCTV,서울특별시 광진구 뚝섬로48길 52 (자양동),37.52967,127.07684,주변지역_추가본
202530400000800637,CCTV,서울특별시 광진구 자양로41길 26-9,37.55039,127.08989,주변지역_추가본
202530400000801047,CCTV,서울특별시 광진구 자양로4길 63,37.53352,127.09021,주변지역_추가본
202530400000800718,CCTV,서울특별시 광진구 아차산로31길 14 (화양동),37.54153,127.06978,주변지역_추가본
202530400000800996,CCTV,"서울특별시 광진구 자양로50길 53 (구의동, 남광하이츠빌라)",37.55267,127.09534,주변지역_추가본
202530400000801064,CCTV,서울특별시 광진구 긴고랑로13길 10 (중곡동),37.56313,127.08198,주변지역_추가본
202530400000800851,CCTV,서울특별시 광진구 광장동 5-117,37.55189,127.10278,주변지역_추가본
202530400000800421,CCTV,서울특별시 광진구 능동로32길 29 (능동),37.55489,127.08007,주변지역_추가본
202530400000800135,CCTV,서울특별시 광진구 뚝섬로51길 24 (자양동),37.53368,127.08009,주변지역_추가본
202530400000800090,CCTV,서울특별시 광진구 천호대로104나길 8 (군자동),37.55718,127.07503,주변지역_추가본
202530400000800751,CCTV,서울특별시 광진구 용마도시자연공원-체험장,37.56305,127.09617,주변지역_추가본
202530400000800663,CCTV,서울특별시 광진구 뚝섬로23가길 35,37.53867,127.0659,주변지역_추가본
202530400000801158,CCTV,서울특별시 광진구 뚝섬로23길 8 (자양동),37.53743,127.06544,주변지역_추가본
202530400000800311,CCTV,서울특별시 광진구 광나루로20가길 21 (화양동),37.5452,127.07528,주변지역_추가본
202530400000800991,CCTV,서울특별시 광진구 워커힐로 93 (구의동),37.55029,127.09654,주변지역_추가본
202530400000800208,CCTV,서울특별시 광진구 뚝섬로57길 13 (자양동),37.53231,127.08359,주변지역_추가본
202530400000800575,CCTV,서울특별시 광진구 광장로77,37.54771,127.10573,주변지역_추가본
202530400000801092,CCTV,서울특별시 광진구 용마산로22길 76 (중곡동),37.56539,127.08844,주변지역_추가본
202530400000800362,CCTV,서울특별시 광진구 능동로 25-1 (자양동),37.53378,127.06778,주변지역_추가본
202530400000800115,CCTV,서울특별시 광진구 천호대로116길 57 (능동),37.55259,127.08284,주변지역_추가본
202530400000800427,CCTV,서울특별시 광진구 뚝섬로27길 19 (자양동),37.53693,127.06583,주변지역_추가본
202530400000800634,CCTV,서울특별시 광진구 자양로51길 28,37.55401,127.09231,주변지역_추가본
202530400000800188,CCTV,서울특별시 광진구 아차산로30길 39 (자양동),37.53895,127.06687,주변지역_추가본
202530400000800670,CCTV,서울특별시 광진구 아차산로 306,37.538,127.07703,주변지역_추가본
202530400000800586,CCTV,서울특별시 광진구 면목로114,37.56366,127.08013,주변지역_추가본
202530400000800545,CCTV,서울특별시 광진구 영화사로 11길 39,37.55604,127.09512,주변지역_추가본
202530400000801225,CCTV,서울특별시 광진구 능동로 110 (화양동),37.54096,127.07128,주변지역_추가본
202530400000800549,CCTV,서울특별시 광진구 동일로 212,37.55053,127.06923,주변지역_추가본
202530400000800528,CCTV,서울특별시 광진구 뚝섬로27길3,37.5361,127.06594,주변지역_추가본
202530400000800576,CCTV,서울특별시 광진구 광장로89,37.548,127.10692,주변지역_추가본
202530400000801028,CCTV,서울특별시 광진구 천호대로102길 36 (군자동),37.55754,127.07347,주변지역_추가본
202530400000800632,CCTV,서울특별시 광진구 용마산로22길 19-19,37.5646,127.088,주변지역_추가본
202530400000800061,CCTV,서울특별시 광진구 영화사로11길 22 (구의동),37.55551,127.09424,주변지역_추가본
202530400000801185,CCTV,"서울특별시 광진구 아차산성, 구의지구쪽",37.55428,127.1034,주변지역_추가본
202530400000801009,CCTV,"서울특별시 광진구 구의강변로3가길 24 (구의동, 동서울빌라)",37.53666,127.09179,주변지역_추가본
202530400000800056,CCTV,서울특별시 광진구 자양로44나길 26-14 (구의동),37.55089,127.09595,주변지역_추가본
202530400000800458,CCTV,서울특별시 광진구 긴고랑로 36길 5 (중곡동),37.55868,127.089,주변지역_추가본
202530400000800372,CCTV,서울특별시 광진구 아차산로66길 8 (광장동),37.54133,127.09736,주변지역_추가본
202530400000800384,CCTV,서울특별시 광진구 광나루로13길 30 (군자동),37.54952,127.06883,주변지역_추가본
202530400000800657,CCTV,서울특별시 광진구 면목로 5길 36,37.55658,127.07408,주변지역_추가본
202530400000800721,CCTV,서울특별시 광진구 천호대로 717-18 (구의동),37.54811,127.09644,주변지역_추가본
202530400000800830,CCTV,서울특별시 광진구 구의동 3-3,37.55633,127.09678,주변지역_추가본
202530400000800273,CCTV,서울특별시 광진구 영화사로5길 25 (중곡동),37.55726,127.09219,주변지역_추가본
202530400000800785,CCTV,서울특별시 광진구 광나루로 56길 86,37.53687,127.09459,주변지역_추가본
202530400000800809,CCTV,서울특별시 광진구 군자동 340-10,37.55272,127.07022,주변지역_추가본
202530400000800239,CCTV,서울특별시 광진구 용마산로1길 22 (중곡동),37.55503,127.08739,주변지역_추가본
202530400000800360,CCTV,서울특별시 광진구 뚝섬로24길 48 (자양동),37.5346,127.06286,주변지역_추가본
202530400000800446,CCTV,서울특별시 광진구 자양로44가길 18 (구의동),37.55089,127.09434,주변지역_추가본
202530400000800134,CCTV,서울특별시 광진구 자양로13길 100 (자양동),37.5326,127.07981,주변지역_추가본
202530400000801042,CCTV,서울특별시 광진구 뚝섬로58길 13 노인보호센터 앞,37.53134,127.08443,주변지역_추가본
202530400000800464,CCTV,서울특별시 광진구 자양로28길 98 (구의동),37.54154,127.0895,주변지역_추가본
202530400000800883,CCTV,서울특별시 광진구 자양로 13길 41,37.5342,127.0822,주변지역_추가본
202530400000801017,CCTV,"서울특별시 광진구 영화사로 87-1 (구의동, 동성주택)",37.55491,127.09584,주변지역_추가본
202530400000800409,CCTV,서울특별시 광진구 군자로2길 4 (화양동),37.54433,127.07163,주변지역_추가본
202530400000800489,CCTV,서울특별시 광진구 면목로182,37.56941,127.08317,주변지역_추가본
202530400000800488,CCTV,서울특별시 광진구 능동로50길 31-9,37.56393,127.08525,주변지역_추가본
202530400000800519,CCTV,서울특별시 광진구 자양로11길 11-1,37.53456,127.08328,주변지역_추가본
202530400000801302,CCTV,서울특별시 광진구 구의강변로 11,37.53241,127.0902,주변지역_추가본
202530400000800715,CCTV,서울특별시 광진구 아차산로25길 27 (화양동),37.54288,127.06681,주변지역_추가본
202530400000801300,CCTV,서울특별시 광진구 아차산로 200 (자양동),37.54094,127.06606,주변지역_추가본
202530400000800957,CCTV,서울특별시 광진구 능동로 90,37.53899,127.07045,주변지역_추가본
202530400000800708,CCTV,서울특별시 광진구 자양4동 74-21,37.53294,127.06637,주변지역_추가본
202530400000801292,CCTV,"서울특별시 광진구 용마산로22길 19-34 (중곡동, 삼보드림빌)",37.56533,127.08794,주변지역_추가본
202530400000800650,CCTV,서울특별시 광진구 뚝섬로58가길 9,37.53072,127.08424,주변지역_추가본
202530400000801071,CCTV,서울특별시 광진구 용마산로5길 27 (중곡동),37.55759,127.08654,주변지역_추가본
202530400000800141,CCTV,서울특별시 광진구 뚝섬로57가길 55 (자양동),37.53239,127.08055,주변지역_추가본
202530400000801247,CCTV,서울특별시 광진구 자양로 40길 41,37.54777,127.09033,주변지역_추가본
202530400000800477,CCTV,서울특별시 광진구 긴고랑로 185-2 (중곡동),37.56021,127.09478,주변지역_추가본
202530400000800424,CCTV,서울특별시 광진구 뚝섬로52다길 45 (자양동),37.52976,127.08148,주변지역_추가본
202530400000801269,CCTV,서울특별시 광진구 아차산로70길 17-21,37.54106,127.1033,주변지역_추가본
202530400000801234,CCTV,서울특별시 광진구 자양로 116,37.53794,127.08352,주변지역_추가본
202530400000800616,CCTV,서울특별시 광진구 아차산로27길 60,37.54406,127.06899,주변지역_추가본
202530400000800395,CCTV,서울특별시 광진구 뚝섬로64길 70 (자양동),37.53054,127.08914,주변지역_추가본
202530400000800561,CCTV,서울특별시 광진구 아차산로 78길 18,37.5504,127.10976,주변지역_추가본
202530400000800174,CCTV,서울특별시 광진구 뚝섬로36길 15 (자양동),37.53368,127.0714,주변지역_추가본
202530400000800278,CCTV,서울특별시 광진구 영화사로9가길 61 (중곡동),37.55764,127.09523,주변지역_추가본
202530400000801138,CCTV,서울특별시 광진구 아차산로63길 31,37.54087,127.09226,주변지역_추가본
202530400000800832,CCTV,서울특별시 광진구 중곡동 143-141,37.55663,127.09605,주변지역_추가본
202530400000800438,CCTV,서울특별시 광진구 영화사로9가길 39-15 (중곡동),37.55656,127.09367,주변지역_추가본
202530400000800859,CCTV,서울특별시 광진구 구의동 3-10,37.556044,127.1044,주변지역_추가본
202530400000800553,CCTV,서울특별시 광진구 광나루로19길 31,37.54897,127.0733,주변지역_추가본
202530400000801253,CCTV,서울특별시 광진구 뚝섬로 467,37.53907,127.06237,주변지역_추가본
202530400000800895,CCTV,서울특별시 광진구 구의로9길 15,37.54236,127.08815,주변지역_추가본
202530400000800318,CCTV,서울특별시 광진구 천호대로110길 122 (능동),37.55231,127.07774,주변지역_추가본
202530400000801110,CCTV,서울특별시 광진구 뚝섬로 52길,37.53181,127.08409,주변지역_추가본
202530400000800157,CCTV,서울특별시 광진구 자양로3가길 36 (자양동),37.52866,127.08511,주변지역_추가본
202530400000800509,CCTV,서울특별시 광진구 자양로25길 14-1,37.54167,127.08301,주변지역_추가본
202530400000801130,CCTV,서울특별시 광진구 자양로44다길 28 (구의동),37.55089,127.09595,주변지역_추가본
202530400000800130,CCTV,서울특별시 광진구 아차산로46가길 19 (자양동),37.53637,127.08196,주변지역_추가본
202530400000800978,CCTV,"서울특별시 광진구 아차산로 503-23 (광장동, 청구아파트)",37.54345,127.09653,주변지역_추가본
202530400000800834,CCTV,서울특별시 광진구 중곡동 143-141,37.55669,127.0957,주변지역_추가본
202530400000800199,CCTV,서울특별시 광진구 능동로5길 7,37.53643,127.06745,주변지역_추가본
202530400000800220,CCTV,서울특별시 광진구 동일로66길 9 (중곡동),37.56167,127.07581,주변지역_추가본
202530400000801236,CCTV,서울특별시 광진구 능동로4길 17,37.53338,127.06855,주변지역_추가본
202530400000800184,CCTV,서울특별시 광진구 능동로3라길 16 (자양동),37.53477,127.06491,주변지역_추가본
202530400000800201,CCTV,서울특별시 광진구 능동로3길 61-8 (자양동),37.5341,127.06386,주변지역_추가본
202530400000800494,CCTV,서울특별시 광진구 용마산로20길9-1,37.56268,127.08772,주변지역_추가본
202530400000800133,CCTV,서울특별시 광진구 자양로15길84,37.53479,127.0789,주변지역_추가본
202530400000801248,CCTV,서울특별시 광진구 천호대로 113길 7,37.55762,127.0833,주변지역_추가본
202530400000800230,CCTV,서울특별시 광진구 능동로47길 35 (중곡동),37.56427,127.0811,주변지역_추가본
202530400000800557,CCTV,서울특별시 광진구 군자로 5길 29,37.5448,127.06951,주변지역_추가본
202530400000801045,CCTV,서울특별시 광진구 자양로6길 8 (자양동),37.53198,127.08639,주변지역_추가본
202530400000800872,CCTV,서울특별시 광진구 영화사로 135-2,37.55439,127.10096,주변지역_추가본
202530400000800105,CCTV,서울특별시 광진구 군자로17길 34 (군자동),37.55676,127.07722,주변지역_추가본
202530400000800062,CCTV,서울특별시 광진구 영화사로15길 25,37.55511,127.09508,주변지역_추가본
202530400000800515,CCTV,서울특별시 광진구 뚝섬로47길29,37.53369,127.07867,주변지역_추가본
202530400000800303,CCTV,서울특별시 광진구 군자로5길 18-12 (화양동),37.54558,127.06954,주변지역_추가본
202530400000801279,CCTV,서울특별시 광진구 천호대로109길 13 (중곡동),37.5575,127.08104,주변지역_추가본
202530400000800917,CCTV,서울특별시 광진구 용마산로21길 23,37.5637,127.08589,주변지역_추가본
202530400000800501,CCTV,서울특별시 광진구 광나루로595,37.54253,127.09458,주변지역_추가본
202530400000801255,CCTV,서울특별시 광진구 구의강변로 69 구남초교 정문 앞,37.53666,127.0927,주변지역_추가본
202530400000800810,CCTV,서울특별시 광진구 자양1동 231-63,37.53635,127.07986,주변지역_추가본
202530400000800143,CCTV,서울특별시 광진구 자양로21길 14 (자양동),37.53992,127.08225,주변지역_추가본
202530400000800332,CCTV,서울특별시 광진구 동일로20길 106 (자양동),37.53933,127.06938,주변지역_추가본
202530400000800120,CCTV,서울특별시 광진구 천호대로120길 21 (능동),37.55311,127.08794,주변지역_추가본
202530400000800231,CCTV,서울특별시 광진구 능동로47길 35 (중곡동),37.56364,127.08074,주변지역_추가본
202530400000800277,CCTV,서울특별시 광진구 영화사로3가길 25 (중곡동),37.55749,127.09347,주변지역_추가본
202530400000800878,CCTV,서울특별시 광진구 광장로1가길 31,37.54792,127.10084,주변지역_추가본
202530400000800132,CCTV,서울특별시 광진구 뚝섬로47길 49 (자양동),37.53455,127.07948,주변지역_추가본
202530400000800505,CCTV,서울특별시 광진구 천호대로102길60,37.55652,127.07283,주변지역_추가본
202530400000800713,CCTV,서울특별시 광진구 영화사로7길 25 (중곡동),37.55905,127.09091,주변지역_추가본
202530400000801029,CCTV,서울특별시 광진구 천호대로 664 (능동),37.54943,127.08758,주변지역_추가본
202530400000800008,CCTV,서울특별시 광진구 광장로1다길 60 (광장동),37.55079,127.10133,주변지역_추가본
202530400000800594,CCTV,서울특별시 광진구 용마산로22길 76,37.56586,127.08827,주변지역_추가본
202530400000801041,CCTV,서울특별시 광진구 뚝섬로 656 성자초교앞 사거리,37.53144,127.08258,주변지역_추가본
202530400000800958,CCTV,서울특별시 광진구 자양4동 72-1,37.53192,127.06629,주변지역_추가본
202530400000801294,CCTV,"서울특별시 광진구 자양로42길 53 (구의동, 광진로얄빌라)",37.5482,127.09302,주변지역_추가본
202530400000800767,CCTV,서울특별시 광진구 아차산생태공원-고구려정2,37.55798,127.10261,주변지역_추가본
202530400000800811,CCTV,서울특별시 광진구 구의3동 624-5,37.53103,127.09197,주변지역_추가본
202530400000800219,CCTV,서울특별시 광진구 동일로 374 (중곡동),37.56432,127.07628,주변지역_추가본
202530400000801113,CCTV,서울특별시 광진구 아차산로 44가길 5,37.53629,127.0797,주변지역_추가본
202530400000800580,CCTV,서울특별시 광진구 광장로1나길 8,37.54818,127.10197,주변지역_추가본
202530400000800591,CCTV,서울특별시 광진구 광장로1다길 23,37.54511,127.09887,주변지역_추가본
202530400000800825,CCTV,서울특별시 광진구 광장동 5-127,37.55287,127.10095,주변지역_추가본
202530400000800617,CCTV,서울특별시 광진구 능동로103,37.54017,127.07055,주변지역_추가본
202530400000800237,CCTV,서울특별시 광진구 용마산로3길 13 (중곡동),37.55631,127.08728,주변지역_추가본
202530400000800413,CCTV,서울특별시 광진구 긴고랑로17길11 (중곡동),37.56299,127.08409,주변지역_추가본
202530400000800658,CCTV,서울특별시 광진구 아차산로 241,37.54029,127.07021,주변지역_추가본
202530400000800833,CCTV,서울특별시 광진구 구의동 3-3,37.55673,127.09676,주변지역_추가본
202530400000801191,CCTV,서울특별시 광진구 아차산 해맞이공원 남동쪽,37.55823,127.10268,주변지역_추가본
202530400000801223,CCTV,서울특별시 광진구 천호대로 655 (중곡동),37.55252,127.08969,주변지역_추가본
202530400000800792,CCTV,서울특별시 광진구 영화사로 139,37.55435,127.09721,주변지역_추가본
202530400000800875,CCTV,서울특별시 광진구 광나루로 52길 12,37.54142,127.09438,주변지역_추가본
202530400000800251,CCTV,서울특별시 광진구 능동로44길 13 (중곡동),37.56085,127.08229,주변지역_추가본
202530400000800928,CCTV,서울특별시 광진구 긴고랑로49길 27,37.56104,127.09502,주변지역_추가본
202530400000800627,CCTV,서울특별시 광진구 동일로 338,37.56084,127.07502,주변지역_추가본
202530400000800461,CCTV,서울특별시 광진구 뚝섬로56길47 (자양동),37.52936,127.08277,주변지역_추가본
202530400000801103,CCTV,서울특별시 광진구 능동로13길 15 (화양동),37.54284,127.07099,주변지역_추가본
202530400000800705,CCTV,서울특별시 광진구 아차산로32길 17 (자양동),37.53913,127.06856,주변지역_추가본
202530400000800607,CCTV,서울특별시 광진구 자양로3길 16,37.53061,127.08561,주변지역_추가본
202530400000800077,CCTV,서울특별시 광진구 구의로4길 51 (구의동),37.54071,127.09224,주변지역_추가본
202530400000801118,CCTV,서울특별시 광진구 자양로41길 20,37.54998,127.08957,주변지역_추가본
202530400000800335,CCTV,서울특별시 광진구 능동로55길 20 (중곡동),37.568,127.08444,주변지역_추가본
202530400000800324,CCTV,서울특별시 광진구 자양로3길 7 (자양동),37.53045,127.08506,주변지역_추가본
202530400000800993,CCTV,서울특별시 광진구 자양로 247 (구의동),37.54865,127.089,주변지역_추가본
202530400000801219,CCTV,서울특별시 광진구 긴고랑로 18 (중곡동),37.56363,127.07825,주변지역_추가본
202530400000800437,CCTV,서울특별시 광진구 긴고랑로 26길 23 (중곡동),37.55858,127.08244,주변지역_추가본
202530400000800063,CCTV,서울특별시 광진구 천호대로135길 16 (구의동),37.55012,127.09224,주변지역_추가본
202530400000800960,CCTV,서울특별시 광진구 강변역로 53,37.53586,127.09434,주변지역_추가본
202530400000801013,CCTV,서울특별시 광진구 영화사로 111 (구의동),37.55349,127.09944,주변지역_추가본
202530400000801034,CCTV,서울특별시 광진구 자양로 61,37.53325,127.08471,주변지역_추가본
202530400000800210,CCTV,서울특별시 광진구 긴고랑로5길 11 (중곡동),37.56493,127.0792,주변지역_추가본
202530400000800229,CCTV,서울특별시 광진구 천호대로107길 8 (중곡동),37.55841,127.07854,주변지역_추가본
202530400000800973,CCTV,서울특별시 광진구 능동로 295-2,37.55631,127.0788,주변지역_추가본
202530400000800322,CCTV,서울특별시 광진구 광장로7길 7 (광장동),37.54825,127.10567,주변지역_추가본
202530400000800129,CCTV,서울특별시 광진구 아차산로46길 23 (자양동),37.53609,127.08083,주변지역_추가본
202530400000800926,CCTV,서울특별시 광진구 용마산로36길 22,37.57082,127.0875,주변지역_추가본
202530400000800189,CCTV,서울특별시 광진구 동일로18길 44 (자양동),37.53938,127.06526,주변지역_추가본
202530400000800965,CCTV,서울특별시 광진구 아차산로 361,37.53672,127.08335,주변지역_추가본
202530400000800326,CCTV,서울특별시 광진구 뚝섬로22길 89 (자양동),37.53411,127.06269,주변지역_추가본
202530400000800797,CCTV,서울특별시 광진구 중곡동 68-19,37.55903,127.091,주변지역_추가본
202530400000800901,CCTV,서울특별시 광진구 천호대로112길 53,37.55388,127.0803,주변지역_추가본
202530400000800350,CCTV,서울특별시 광진구 능동로32길 82-53 (능동),37.5527,127.0818,주변지역_추가본
202530400000801232,CCTV,서울특별시 광진구 아차산로 537-17 (광장동),37.54226,127.09959,주변지역_추가본
202530400000801090,CCTV,서울특별시 광진구 용마산로8가길 80 (중곡동),37.56227,127.0885,주변지역_추가본
202530400000800512,CCTV,서울특별시 광진구 아차산로 401-9,37.53779,127.08701,주변지역_추가본
202530400000800765,CCTV,서울특별시 광진구 아차산생태공원-상록천,37.55514,127.10162,주변지역_추가본
202530400000800620,CCTV,서울특별시 광진구 아차산로23길 23-5,37.54327,127.06614,주변지역_추가본
202530400000800896,CCTV,서울특별시 광진구 자양로38길 17-7,37.54731,127.08919,주변지역_추가본
202530400000800654,CCTV,서울특별시 광진구 구의로 19,37.53969,127.08939,주변지역_추가본
202530400000800418,CCTV,서울특별시 광진구 아차산로33길 16-8 (화양동),37.54106,127.07033,주변지역_추가본
202530400000800548,CCTV,서울특별시 광진구 동일로38길 17,37.55124,127.07041,주변지역_추가본
202530400000800432,CCTV,서울특별시 광진구 자양로51길 46,37.55477,127.09138,주변지역_추가본
202530400000800890,CCTV,서울특별시 광진구 아차산로 400,37.53662,127.08717,주변지역_추가본
202530400000800931,CCTV,서울특별시 광진구 동일로24길 80-5,37.54254,127.06935,주변지역_추가본
202530400000800286,CCTV,서울특별시 광진구 용마산로8길 10 (중곡동),37.55968,127.08837,주변지역_추가본
202530400000800423,CCTV,서울특별시 광진구 아차산로45길 31 (자양동),37.53824,127.07999,주변지역_추가본
202530400000800041,CCTV,서울특별시 광진구 광나루로30가길 9 (구의동),37.54423,127.08247,주변지역_추가본
202530400000800245,CCTV,서울특별시 광진구 긴고랑로27길 26 (중곡동),37.56144,127.08613,주변지역_추가본
202530400000800485,CCTV,서울특별시 광진구 긴고랑로26길23,37.55933,127.08501,주변지역_추가본
202530400000801066,CCTV,서울특별시 광진구 능동로49길 9 (중곡동),37.56445,127.08273,주변지역_추가본
202530400000801212,CCTV,서울특별시 광진구 천호대로 616 (능동),37.55457,127.08569,주변지역_추가본
202530400000800524,CCTV,서울특별시 광진구 뚝섬로 54길 61,37.52895,127.07978,주변지역_추가본
202530400000800768,CCTV,서울특별시 광진구 아차산생태공원-공영주차,37.55168,127.10022,주변지역_추가본
202530400000801238,CCTV,서울특별시 광진구 자양로 81,37.53525,127.08387,주변지역_추가본
202530400000801203,CCTV,서울특별시 광진구 강변역로 53 (구의동),37.53565,127.09455,주변지역_추가본
202530400000800750,CCTV,서울특별시 광진구 용마도시자연공원-화장실 뒤,37.5622,127.09556,주변지역_추가본
202530400000800819,CCTV,서울특별시 광진구 광장동 5-143,37.55193,127.10433,주변지역_추가본
202530400000800764,CCTV,서울특별시 광진구 아차산생태공원-토요,37.55414,127.10133,주변지역_추가본
202530400000800936,CCTV,서울특별시 광진구 아차산로42길 16,37.53693,127.07894,주변지역_추가본
202530400000800903,CCTV,서울특별시 광진구 천호대로116길 36,37.55368,127.08338,주변지역_추가본
202530400000801072,CCTV,서울특별시 광진구 용마산로 47 (중곡동),37.55783,127.08777,주변지역_추가본
202530400000801259,CCTV,서울특별시 광진구 자양2동 680-63,37.53604,127.08927,주변지역_추가본
202530400000800612,CCTV,서울특별시 광진구 광나루로30길 80,37.54307,127.08037,주변지역_추가본
202530400000801077,CCTV,서울특별시 광진구 천호대로111길 41 (중곡동),37.5581,127.08281,주변지역_추가본
202530400000800137,CCTV,서울특별시 광진구 자양로13나길 14 (자양동),37.53388,127.08039,주변지역_추가본
202530400000800532,CCTV,서울특별시 광진구 동일로26길 47,37.54463,127.06861,주변지역_추가본
202530400000800967,CCTV,서울특별시 광진구 광장동 401-33,37.54642,127.1014,주변지역_추가본
202530400000800255,CCTV,서울특별시 광진구 능동로 411 (중곡동),37.56582,127.0839,주변지역_추가본
202530400000800426,CCTV,서울특별시 광진구 뚝섬로40길 65 (자양동),37.53137,127.07153,주변지역_추가본
202530400000800963,CCTV,서울특별시 광진구 아차산로 563,37.54378,127.10308,주변지역_추가본
202530400000800558,CCTV,서울특별시 광진구 능동로 13길 39,37.54333,127.0704,주변지역_추가본
202530400000800929,CCTV,서울특별시 광진구 긴고랑로42길 3-8,37.55871,127.0934,주변지역_추가본
202530400000800840,CCTV,서울특별시 광진구 중곡동 176-112,37.56759,127.08988,주변지역_추가본
202530400000800222,CCTV,서울특별시 광진구 천호대로101길 11 (중곡동),37.55981,127.07477,주변지역_추가본
202530400000800868,CCTV,서울특별시 광진구 동일로 419-1,37.56795,127.07792,주변지역_추가본
202530400000800009,CCTV,서울특별시 광진구 광장로1나길 16 (광장동),37.54876,127.10183,주변지역_추가본
202530400000801148,CCTV,"서울특별시 광진구 뚝섬로35길 18 (자양동, 무지개빌라)",37.53558,127.07051,주변지역_추가본
202530400000800680,CCTV,서울특별시 광진구 군자로13길 18-7,37.55272,127.07094,주변지역_추가본
202530400000801151,CCTV,서울특별시 광진구 아차산로32길 21 (자양동),37.53901,127.06816,주변지역_추가본
202530400000800787,CCTV,서울특별시 광진구 아차산로40길 46,37.53568,127.07767,주변지역_추가본
202530400000800420,CCTV,서울특별시 광진구 면목로5길 15 (군자동),37.55657,127.07507,주변지역_추가본
202530400000801093,CCTV,서울특별시 광진구 용마산로 128 (중곡동) 원방빌딩,37.56523,127.087,주변지역_추가본
202530400000800154,CCTV,서울특별시 광진구 뚝섬로52마길 42-15 (자양동),37.52797,127.08024,주변지역_추가본
202530400000801038,CCTV,"서울특별시 광진구 뚝섬로62길 47 (자양동, 효성맨션)",37.53084,127.0886,주변지역_추가본
202530400000800985,CCTV,"서울특별시 광진구 아차산로70길 61 (광장동, 광장현대아파트)",37.54063,127.1,주변지역_추가본
202530400000801208,CCTV,서울특별시 광진구 군자로 88 (군자동),37.55116,127.07119,주변지역_추가본
202530400000800997,CCTV,"서울특별시 광진구 자양로50길 79 (구의동, 유진아트빌라)",37.55291,127.09677,주변지역_추가본
202530400000801137,CCTV,서울특별시 광진구 긴고랑로30길 16 (중곡동),37.55902,127.08688,주변지역_추가본
202530400000800160,CCTV,서울특별시 광진구 자양로4길 12-1 (자양동),37.53147,127.08679,주변지역_추가본
202530400000800076,CCTV,서울특별시 광진구 아차산로65길 14 (구의동),37.54097,127.09414,주변지역_추가본
202530400000800999,CCTV,서울특별시 광진구 자양로52길 3-9 (구의동),37.5537,127.09394,주변지역_추가본
202530400000800158,CCTV,서울특별시 광진구 자양로3가길 37 (자양동),37.53642,127.08465,주변지역_추가본
202530400000800111,CCTV,서울특별시 광진구 천호대로112길 10 (능동),37.55572,127.08112,주변지역_추가본
202530400000800399,CCTV,서울특별시 광진구 뚝섬로22길 8 (자양동),37.53653,127.06163,주변지역_추가본
202530400000800040,CCTV,서울특별시 광진구 아차산로53길 38-12 (구의동),37.53915,127.08609,주변지역_추가본
202530400000801153,CCTV,서울특별시 광진구 군자로13길 6 (군자동),37.55286,127.07163,주변지역_추가본
202530400000800600,CCTV,서울특별시 광진구 강변역로 18,37.53772,127.09166,주변지역_추가본
202530400000800475,CCTV,서울특별시 광진구 동일로22길 89 (화양동),37.54116,127.06918,주변지역_추가본
202530400000800747,CCTV,서울특별시 광진구 광장동 381-44,37.5495,127.0991,주변지역_추가본
202530400000800563,CCTV,서울특별시 광진구 능동로 25길 48,37.5531,127.07471,주변지역_추가본
202530400000800941,CCTV,서울특별시 광진구 자양로3길 7,37.53086,127.08643,주변지역_추가본
202530400000801267,CCTV,서울특별시 광진구 긴고랑로9길 40 (중곡동),37.56531,127.08172,주변지역_추가본
202530400000800102,CCTV,서울특별시 광진구 능동로27길 9 (군자동),37.55046,127.07053,주변지역_추가본
202530400000800450,CCTV,서울특별시 광진구 용마산로22길 82 (중곡동),37.56726,127.08838,주변지역_추가본
202530400000800232,CCTV,서울특별시 광진구 능동로47길 35 (중곡동),37.56338,127.08134,주변지역_추가본
202530400000800486,CCTV,서울특별시 광진구 동일로78길47,37.56876,127.08212,주변지역_추가본
202530400000801256,CCTV,서울특별시 광진구 광장로1길 19,37.54783,127.10197,주변지역_추가본
202530400000800136,CCTV,서울특별시 광진구 자양로13다길 34 (자양동),37.53321,127.07812,주변지역_추가본
202530400000801082,CCTV,"서울특별시 광진구 동일로72길 17 (중곡동, 중곡아파트)",37.56606,127.07838,주변지역_추가본
202530400000800546,CCTV,서울특별시 광진구 광장로 7길 27,37.54898,127.10556,주변지역_추가본
202530400000800761,CCTV,서울특별시 광진구 아차산생태공원-다목적,37.55247,127.10064,주변지역_추가본
202530400000801069,CCTV,서울특별시 광진구 천호대로113길 50-4 (중곡동),37.55926,127.08417,주변지역_추가본
202530400000801035,CCTV,서울특별시 광진구 자양번영로 32,37.53259,127.07558,주변지역_추가본
202530400000800353,CCTV,서울특별시 광진구 자양로43길 18 (구의동),37.55159,127.0907,주변지역_추가본
202530400000800169,CCTV,서울특별시 광진구 자양번영로3다길 11-5,37.53136,127.07352,주변지역_추가본
202530400000801152,CCTV,서울특별시 광진구 동일로2길 2-8 (자양동),37.53488,127.06062,주변지역_추가본
202530400000800388,CCTV,서울특별시 광진구 뚝섬로43길 7 (자양동),37.53347,127.07673,주변지역_추가본
202530400000800453,CCTV,서울특별시 광진구 동일로 64길 20 (중곡동),37.56058,127.0759,주변지역_추가본
202530400000800078,CCTV,서울특별시 광진구 구의로6길 21 (구의동),37.5415,127.09104,주변지역_추가본
202530400000800227,CCTV,서울특별시 광진구 긴고랑로14길 63 (중곡동),37.55993,127.08025,주변지역_추가본
202530400000801067,CCTV,서울특별시 광진구 동일로72길 34 (중곡동),37.56564,127.07955,주변지역_추가본
202530400000800818,CCTV,서울특별시 광진구 광장동 5-112,37.55226,127.10307,주변지역_추가본
202530400000800602,CCTV,서울특별시 광진구 뚝섬로44길 56,37.53031,127.0756,주변지역_추가본
202530400000800729,CCTV,서울특별시 광진구 자양로13다길 34,37.53321,127.07812,주변지역_추가본
202530400000800676,CCTV,서울특별시 광진구 아차산로78가길 3,37.54951,127.10931,주변지역_추가본
202530400000801074,CCTV,서울특별시 광진구 용마산로3길 57 (중곡동),37.55645,127.08508,주변지역_추가본
202530400000800441,CCTV,서울특별시 광진구 뚝섬로 631 (자양동),37.53211,127.07974,주변지역_추가본
202530400000801295,CCTV,서울특별시 광진구 능동로6길 16 학교 정문 앞,37.53434,127.06896,주변지역_추가본
202530400000800788,CCTV,서울특별시 광진구 뚝섬로 62길24,37.53192,127.08784,주변지역_추가본
202530400000800363,CCTV,서울특별시 광진구 아차산로27길 45-6 (화양동),37.54364,127.06826,주변지역_추가본
202530400000800371,CCTV,서울특별시 광진구 아차산로69길 36 (광장동),37.54388,127.0987,주변지역_추가본
202530400000800641,CCTV,서울특별시 광진구 뚝섬로52가길 10,37.53125,127.07997,주변지역_추가본
202530400000800345,CCTV,서울특별시 광진구 광장로 64 (광장동),37.54742,127.10427,주변지역_추가본
202530400000800354,CCTV,서울특별시 광진구 아차산로58길 77 (구의동),37.53513,127.08979,주변지역_추가본
202530400000800866,CCTV,서울특별시 광진구 구의동 3-3,37.55908,127.10237,주변지역_추가본
202530400000800374,CCTV,서울특별시 광진구 자양로23길 65 (구의동),37.54326,127.08366,주변지역_추가본
202530400000800910,CCTV,서울특별시 광진구 능동로24길 23,37.55199,127.07818,주변지역_추가본
202530400000800093,CCTV,서울특별시 광진구 능동로27길 33 (군자동),37.55472,127.07657,주변지역_추가본
202530400000800686,CCTV,서울특별시 광진구 자양로50길 22-8,37.55182,127.09369,주변지역_추가본
202530400000800480,CCTV,서울특별시 광진구 동일로56가길 19-16,37.55437,127.07305,주변지역_추가본
202530400000800628,CCTV,서울특별시 광진구 동일로 360,37.56299,127.07579,주변지역_추가본
202530400000800994,CCTV,서울특별시 광진구 영화사로 77-1 (구의동),37.55471,127.0947,주변지역_추가본
202530400000800030,CCTV,서울특별시 광진구 광나루로36길 68 (구의동),37.54217,127.08583,주변지역_추가본
202530400000800538,CCTV,서울특별시 광진구 긴고랑로7길 101,37.56751,127.08137,주변지역_추가본
202530400000800235,CCTV,서울특별시 광진구 긴고랑로29길 47 (중곡동),37.56204,127.0864,주변지역_추가본
202530400000800906,CCTV,서울특별시 광진구 천호대로118길 33-17,37.55296,127.08555,주변지역_추가본
202530400000800521,CCTV,서울특별시 광진구 자양로4가길6-10,37.53204,127.08727,주변지역_추가본
202530400000801164,CCTV,서울특별시 광진구 용마산로 47 (중곡동),37.55774,127.08731,주변지역_추가본
202530400000800849,CCTV,서울특별시 광진구 중곡동 143-146,37.56373,127.09699,주변지역_추가본
202530400000800292,CCTV,서울특별시 광진구 자양로45길 65 (중곡동),37.55399,127.09031,주변지역_추가본
202530400000800253,CCTV,서울특별시 광진구 긴고랑로 103,37.56011,127.08674,주변지역_추가본
202530400000800246,CCTV,서울특별시 광진구 긴고랑로31길 28 (중곡동),37.5612,127.087,주변지역_추가본
202530400000801146,CCTV,서울특별시 광진구 용마산로30길 37 (중곡동),37.56877,127.08814,주변지역_추가본
202530400000800178,CCTV,서울특별시 광진구 자양번영로3나길 40 (자양동),37.53016,127.07337,주변지역_추가본
202530400000801048,CCTV,서울특별시 광진구 뚝섬로40길 12 (자양동),37.53355,127.07302,주변지역_추가본
202530400000800596,CCTV,서울특별시 광진구 자양로37길 43,37.54895,127.08595,주변지역_추가본
202530400000800156,CCTV,서울특별시 광진구 자양로3길 39-3 (자양동),37.52987,127.08455,주변지역_추가본
202530400000800619,CCTV,서울특별시 광진구 광나루로22가길 12,37.54597,127.07553,주변지역_추가본
202530400000800072,CCTV,서울특별시 광진구 천호대로132길 27-7 (구의동),37.54939,127.08908,주변지역_추가본
202530400000801053,CCTV,서울특별시 광진구 능동로4길 88 (자양동),37.53085,127.07147,주변지역_추가본
202530400000800272,CCTV,서울특별시 광진구 동일로76길 49 (중곡동),37.56803,127.08123,주변지역_추가본
202530400000800114,CCTV,서울특별시 광진구 능동로32길 82-34 (능동),37.55304,127.08239,주변지역_추가본
202530400000800209,CCTV,서울특별시 광진구 긴고랑로14길 33 (중곡동),37.56123,127.08096,주변지역_추가본
202530400000800106,CCTV,서울특별시 광진구 면목로5길 30-6 (군자동),37.55685,127.07461,주변지역_추가본
202530400000800683,CCTV,서울특별시 광진구 뚝섬로26길 5,37.53615,127.06454,주변지역_추가본
202530400000801163,CCTV,서울특별시 광진구 면목로 63-2,37.5596,127.07778,주변지역_추가본
202530400000800020,CCTV,서울특별시 광진구 구의로11길 28 (구의동),37.54369,127.08876,주변지역_추가본
202530400000800207,CCTV,서울특별시 광진구 뚝섬로23가길 11 (자양동),37.53795,127.0654,주변지역_추가본
202530400000801299,CCTV,서울특별시 광진구 아차산로69길,37.54275,127.09831,주변지역_추가본
202530400000801102,CCTV,서울특별시 광진구 광나루로30길 49 (화양동),37.54311,127.08135,주변지역_추가본
202530400000800579,CCTV,서울특별시 광진구 자양로37길 85,37.54747,127.0858,주변지역_추가본
202530400000800918,CCTV,서울특별시 광진구 동일로74길 31,37.56674,127.07984,주변지역_추가본
202530400000800104,CCTV,서울특별시 광진구 동일로60길 25 (군자동),37.55829,127.07474,주변지역_추가본
202530400000800660,CCTV,서울특별시 광진구 뚝섬로50길 39,37.53063,127.07782,주변지역_추가본
202530400000800897,CCTV,서울특별시 광진구 동일로52길 11-13,37.55528,127.07219,주변지역_추가본
202530400000801104,CCTV,서울특별시 광진구 군자로 27 (화양동),37.54567,127.07065,주변지역_추가본
202530400000801033,CCTV,서울특별시 광진구 아차산로44길 36 (자양동),37.53645,127.07894,주변지역_추가본
202530400000801284,CCTV,서울특별시 광진구 광나루로56길 34 (구의동),37.53921,127.09525,주변지역_추가본
202530400000800742,CCTV,서울특별시 광진구 천호대로140길 60,37.54576,127.10073,주변지역_추가본
202530400000800433,CCTV,서울특별시 광진구 아차산로 78길 153 (광장동),37.5485,127.10918,주변지역_추가본
202530400000800812,CCTV,서울특별시 광진구 강변역로 40-2,37.53613,127.09466,주변지역_추가본
202530400000801101,CCTV,서울특별시 광진구 군자로 18 (화양동),37.54501,127.07124,주변지역_추가본
202530400000801251,CCTV,서울특별시 광진구 영화사로 111,37.55284,127.09923,주변지역_추가본
202530400000800554,CCTV,서울특별시 광진구 광나루로 16길 18,37.5468,127.06919,주변지역_추가본
202530400000800688,CCTV,서울특별시 광진구 천호대로119길 61,37.55755,127.08585,주변지역_추가본
202530400000800626,CCTV,서울특별시 광진구 긴고랑로20길 28,37.56003,127.08321,주변지역_추가본
202530400000800894,CCTV,서울특별시 광진구 광나루로36길 9-9,37.5444,127.08733,주변지역_추가본
202530400000800720,CCTV,서울특별시 광진구 천호대로 717-18 (구의동),37.54927,127.09471,주변지역_추가본
202530400000800284,CCTV,서울특별시 광진구 용마산로8다길 23 (중곡동),37.56176,127.08946,주변지역_추가본
202530400000800122,CCTV,서울특별시 광진구 천호대로110길 87 (능동),37.55361,127.07842,주변지역_추가본
202530400000800001,CCTV,서울특별시 광진구 광장로3길 22 (광장동),37.5485,127.103,주변지역_추가본
202530400000800444,CCTV,서울특별시 광진구 능동로 3길 20 (자양동),37.53363,127.06658,주변지역_추가본
202530400000801122,CCTV,서울특별시 광진구 아차산로73길 7-4 (광장동),37.54582,127.10427,주변지역_추가본
202530400000800605,CCTV,서울특별시 광진구 광장로1가길 13,37.54749,127.10122,주변지역_추가본
202530400000800970,CCTV,서울특별시 광진구 자양로 59-2,37.53298,127.08483,주변지역_추가본
202530400000800844,CCTV,서울특별시 광진구 구의동 3-17,37.55492,127.10072,주변지역_추가본
202530400000800193,CCTV,서울특별시 광진구 동일로4가길 9-2 (자양동),37.53593,127.06282,주변지역_추가본
202530400000800097,CCTV,서울특별시 광진구 동일로48길 14-10 (군자동),37.55391,127.07102,주변지역_추가본
202530400000801221,CCTV,서울특별시 광진구 능동로 324-1 (중곡동),37.55859,127.08044,주변지역_추가본
202530400000800271,CCTV,서울특별시 광진구 동일로76길 51-22 (중곡동),37.56817,127.08055,주변지역_추가본
202530400000800014,CCTV,서울특별시 광진구 자양로26길 91-14 (구의동),37.54099,127.089,주변지역_추가본
202530400000800763,CCTV,서울특별시 광진구 아차산생태공원-습지,37.55106,127.10113,주변지역_추가본
202530400000800074,CCTV,서울특별시 광진구 구의로16길 36 (구의동),37.54344,127.0926,주변지역_추가본
202530400000800892,CCTV,서울특별시 광진구 아차산로 400,37.53746,127.08826,주변지역_추가본
202530400000800249,CCTV,서울특별시 광진구 긴고랑로19길 34-4 (중곡동),37.56293,127.085,주변지역_추가본
202530400000800153,CCTV,서울특별시 광진구 뚝섬로54길 46 (자양동),37.52968,127.07999,주변지역_추가본
202530400000800449,CCTV,서울특별시 광진구 용마산로22길 82 (중곡동),37.5672,127.08895,주변지역_추가본
202530400000800149,CCTV,서울특별시 광진구 자양로6길 40 (자양동),37.53278,127.08788,주변지역_추가본
202530400000800162,CCTV,서울특별시 광진구 자양로4나길 31 (자양동),37.53045,127.08796,주변지역_추가본
202530400000800707,CCTV,서울특별시 광진구 자양4동 553-22,37.53507,127.06781,주변지역_추가본
202530400000800493,CCTV,서울특별시 광진구  천호대로127길19,37.55366,127.08983,주변지역_추가본
202530400000800623,CCTV,서울특별시 광진구 천호대로111길 9,37.55694,127.08217,주변지역_추가본
202530400000800753,CCTV,서울특별시 광진구 용마도시자연공원-산불장비,37.56339,127.09635,주변지역_추가본
202530400000800722,CCTV,서울특별시 광진구 천호대로 717-18 (구의동),37.54793,127.09702,주변지역_추가본
202530400000800972,CCTV,서울특별시 광진구 능동로 172,37.54603,127.0737,주변지역_추가본
202530400000801186,CCTV,"서울특별시 광진구 아차산 능선, 긴골지구쪽",37.56313,127.10078,주변지역_추가본
202530400000800919,CCTV,서울특별시 광진구 능동로51길 37-10,37.56609,127.08193,주변지역_추가본
202530400000800569,CCTV,서울특별시 광진구 면목로15길30,37.56907,127.0813,주변지역_추가본
202530400000800064,CCTV,서울특별시 광진구 천호대로137길 10 (구의동),37.54978,127.09315,주변지역_추가본
202530400000801143,CCTV,서울특별시 광진구 뚝섬로58길 90 (자양동),37.52903,127.08357,주변지역_추가본
202530400000800375,CCTV,서울특별시 광진구 광나루로54길 20 (구의동),37.54012,127.09531,주변지역_추가본
202530400000800455,CCTV,서울특별시 광진구 동일로78길 46-33 (중곡동),37.56842,127.08109,주변지역_추가본
202530400000801229,CCTV,서울특별시 광진구 뚝섬로 666,37.53163,127.0835,주변지역_추가본
202530400000801098,CCTV,서울특별시 광진구 동일로80길 34 (중곡동),37.57008,127.08177,주변지역_추가본
202530400000800517,CCTV,서울특별시 광진구 뚝섬로681,37.53227,127.08502,주변지역_추가본
202530400000800228,CCTV,서울특별시 광진구 천호대로107길 22 (중곡동),37.55887,127.07889,주변지역_추가본
202530400000801213,CCTV,서울특별시 광진구 능동로 248 (능동),37.5524,127.07715,주변지역_추가본
202530400000800798,CCTV,서울특별시 광진구 광장동 378-76,37.55025,127.10119,주변지역_추가본
202530400000800668,CCTV,서울특별시 광진구 광나루로 424,37.54607,127.07634,주변지역_추가본
202530400000800070,CCTV,서울특별시 광진구 자양로36길 17-12 (구의동),37.54649,127.08829,주변지역_추가본
202530400000801037,CCTV,"서울특별시 광진구 자양로6길 40 (자양동, 대양샤인빌)",37.53241,127.08897,주변지역_추가본
202530400000800382,CCTV,서울특별시 광진구 면목로5길 49 (군자동),37.55645,127.07346,주변지역_추가본
202530400000801085,CCTV,서울특별시 광진구 답십리로78길 11 (중곡동),37.57107,127.08138,주변지역_추가본
202530400000800820,CCTV,서울특별시 광진구 광장동 5-112,37.55261,127.10373,주변지역_추가본
202530400000801107,CCTV,서울특별시 광진구 아차산로21길 15 (화양동),37.54356,127.06563,주변지역_추가본
202530400000800367,CCTV,서울특별시 광진구 광장로3길 18-21 (광장동),37.54751,127.10309,주변지역_추가본
202530400000800574,CCTV,서울특별시 광진구 광장로1-20,37.54638,127.10153,주변지역_추가본
202530400000800007,CCTV,서울특별시 광진구 아차산로78길 176 (광장동),37.54802,127.10806,주변지역_추가본
202530400000801075,CCTV,서울특별시 광진구 용마산로3길 57 (중곡동),37.55867,127.08383,주변지역_추가본
202530400000801170,CCTV,서울특별시 광진구 동일로80길 12 (중곡동),37.57029,127.08056,주변지역_추가본
202530400000800482,CCTV,서울특별시 광진구 긴고랑로38,37.56283,127.08032,주변지역_추가본
202530400000800393,CCTV,서울특별시 광진구 뚝섬로56길 59 (자양동),37.52877,127.08288,주변지역_추가본
202530400000800578,CCTV,서울특별시 광진구 용마사로30길 37,37.56865,127.08808,주변지역_추가본
202530400000800469,CCTV,서울특별시 광진구 면목로1길 19 (군자동),37.55507,127.07453,주변지역_추가본
202530400000800238,CCTV,서울특별시 광진구 천호대로125길 35-17 (중곡동),37.55537,127.08723,주변지역_추가본
202530400000801235,CCTV,서울특별시 광진구 영화사로 97,37.55464,127.0967,주변지역_추가본
202530400000801012,CCTV,서울특별시 광진구 광나루로56길 5 (구의동),37.53881,127.09805,주변지역_추가본
202530400000800128,CCTV,서울특별시 광진구 자양로21길 35 (자양동),37.53952,127.08133,주변지역_추가본
202530400000800694,CCTV,서울특별시 광진구 광나루로56길 86 (구의동),37.53675,127.09481,주변지역_추가본
202530400000800051,CCTV,서울특별시 광진구 자양로51길 10-9 (구의동),37.55386,127.09343,주변지역_추가본
202530400000800542,CCTV,서울특별시 광진구 긴고랑로 44길 26-12,37.55857,127.0945,주변지역_추가본
202530400000801007,CCTV,서울특별시 광진구 아차산로 426 (구의동),37.53792,127.08953,주변지역_추가본
202530400000800101,CCTV,서울특별시 광진구 능동로27길 9 (군자동),37.55243,127.07496,주변지역_추가본
202530400000800197,CCTV,서울특별시 광진구 능동로9길 23,37.53767,127.06797,주변지역_추가본
202530400000801059,CCTV,서울특별시 광진구 능동로5길 17 (자양동),37.53681,127.06675,주변지역_추가본
202530400000800899,CCTV,서울특별시 광진구 천호대로110길 8,37.55636,127.08009,주변지역_추가본
202530400000800181,CCTV,서울특별시 광진구 능동로3나길 10,37.53411,127.06569,주변지역_추가본
202530400000800022,CCTV,서울특별시 광진구 자양로32길 31 (구의동),37.54432,127.0866,주변지역_추가본
202530400000800590,CCTV,서울특별시 광진구 아차산로39가길 8,37.53915,127.07675,주변지역_추가본
202530400000800334,CCTV,서울특별시 광진구 능동로48길 59 (중곡동),37.56199,127.08584,주변지역_추가본
202530400000800492,CCTV,서울특별시 광진구 용마산로28나길15,37.56825,127.08798,주변지역_추가본
202530400000800636,CCTV,서울특별시 광진구 능동로36길 186,37.55238,127.08842,주변지역_추가본
202530400000800754,CCTV,서울특별시 광진구 용마도시자연공원-쌍용골,37.56416,127.09639,주변지역_추가본
202530400000800190,CCTV,서울특별시 광진구 아차산로22길 27 (자양동),37.54066,127.06405,주변지역_추가본
202530400000801278,CCTV,서울특별시 광진구 면목로 53 (중곡동),37.55889,127.0773,주변지역_추가본
202530400000800794,CCTV,서울특별시 광진구 구의동 624-1,37.5324,127.09218,주변지역_추가본
202530400000800503,CCTV,서울특별시 광진구 아차산로 78길 90,37.55118,127.11069,주변지역_추가본
202530400000800380,CCTV,서울특별시 광진구 동일로46길 26 (군자동),37.55355,127.07185,주변지역_추가본
202530400000800288,CCTV,서울특별시 광진구 용마산로34길 15 (중곡동),37.57019,127.08716,주변지역_추가본
202530400000800325,CCTV,서울특별시 광진구 뚝섬로40길 31 (자양동),37.53257,127.07255,주변지역_추가본
202530400000801297,CCTV,서울특별시 광진구 군자로 70 두산위브 앞,37.54883,127.07078,주변지역_추가본
202530400000801268,CCTV,서울특별시 광진구 자양로38길 55 (구의동),37.54674,127.09055,주변지역_추가본
202530400000800979,CCTV,"서울특별시 광진구 아차산로 503-23 (광장동 ), 워커힐로 13 건너편",37.5433,127.09551,주변지역_추가본
202530400000800103,CCTV,서울특별시 광진구 광나루로17길 14 (군자동),37.54838,127.07269,주변지역_추가본
202530400000800920,CCTV,서울특별시 광진구 능동로51길 19-8,37.56597,127.08305,주변지역_추가본
202530400000801056,CCTV,서울특별시 광진구 동일로4가길 2 (자양동),37.53625,127.06223,주변지역_추가본
202530400000801202,CCTV,서울특별시 광진구 광나루로56길 86 (구의동),37.53776,127.09638,주변지역_추가본
202530400000800481,CCTV,서울특별시 광진구 동일로56가길 19-16,37.53395,127.09015,주변지역_추가본
202530400000800630,CCTV,서울특별시 광진구 용마산로 183,37.57009,127.08609,주변지역_추가본
202530400000801249,CCTV,서울특별시 광진구 뚝섬로 558,37.53427,127.07162,주변지역_추가본
202530400000800359,CCTV,서울특별시 광진구 동일로4길 74 (자양동),37.53567,127.06498,주변지역_추가본
202530400000801111,CCTV,서울특별시 광진구 아차산로58길 47 (구의동),37.53569,127.08928,주변지역_추가본
202530400000800719,CCTV,서울특별시 광진구 뚝섬로56길 28 (자양동),37.53016,127.08234,주변지역_추가본
202530400000800507,CCTV,서울특별시 광진구 능동로 267-14,37.55418,127.07678,주변지역_추가본
202530400000800921,CCTV,서울특별시 광진구 능동로51길 25-12,37.56569,127.08242,주변지역_추가본
202530400000800971,CCTV,서울특별시 광진구 뚝섬로46길 64,37.5304,127.07492,주변지역_추가본
202530400000800108,CCTV,서울특별시 광진구 능동로24길 76 (능동),37.55322,127.08056,주변지역_추가본
202530400000800673,CCTV,서울특별시 광진구 뚝섬로64길 50,37.5313,127.08904,주변지역_추가본
202530400000800347,CCTV,서울특별시 광진구 긴고랑로26길 7-1 (중곡동),37.56019,127.0854,주변지역_추가본
202530400000800677,CCTV,서울특별시 광진구 아차산로55길 61,37.54012,127.08655,주변지역_추가본
202530400000800699,CCTV,서울특별시 광진구 능동로30길 23 (능동),37.55374,127.07943,주변지역_추가본
202530400000800681,CCTV,서울특별시 광진구 동일로60길 14,37.55848,127.07405,주변지역_추가본
202530400000800013,CCTV,서울특별시 광진구 아차산로57길 14 (구의동),37.53914,127.08831,주변지역_추가본
202530400000801205,CCTV,서울특별시 광진구 강변역로4길 56 (구의동),37.53381,127.09229,주변지역_추가본
202530400000800954,CCTV,서울특별시 광진구 광나루로 389,37.54753,127.07397,주변지역_추가본
202530400000800550,CCTV,서울특별시 광진구 군자로10길22,37.54887,127.07189,주변지역_추가본
202530400000800730,CCTV,서울특별시 광진구  자양동 689-6,37.53084,127.0886,주변지역_추가본
202530400000800808,CCTV,서울특별시 광진구 자양2동 813-1,37.52995,127.08908,주변지역_추가본
202530400000800831,CCTV,서울특별시 광진구 구의동 3-3,37.55646,127.09633,주변지역_추가본
202530400000801285,CCTV,서울특별시 광진구 능동로 32길 145,37.5525,127.086,주변지역_추가본
202530400000800410,CCTV,서울특별시 광진구 면목로 127 (중곡동),37.56515,127.08075,주변지역_추가본
202530400000800047,CCTV,서울특별시 광진구 자양로51길 11 (구의동),37.55364,127.09286,주변지역_추가본
202530400000800535,CCTV,서울특별시 광진구 아차산로 21길 109,37.54655,127.06739,주변지역_추가본
202530400000801167,CCTV,서울특별시 광진구 용마산로1길 89 (중곡동),37.55632,127.0839,주변지역_추가본
202530400000801201,CCTV,서울특별시 광진구 강변역로4길 10 (구의동),37.53504,127.09313,주변지역_추가본
202530400000800032,CCTV,서울특별시 광진구 아차산로49길 70 (구의동),37.54003,127.08419,주변지역_추가본
202530400000801032,CCTV,서울특별시 광진구 아차산로 344 (자양동),37.53709,127.08071,주변지역_추가본
202530400000800793,CCTV,서울특별시 광진구 광나루로 389,37.5475,127.07347,주변지역_추가본
202530400000800275,CCTV,서울특별시 광진구 용마산로22길 10-10 (중곡동),37.5631,127.08767,주변지역_추가본
202530400000800987,CCTV,서울특별시 광진구 광나루로30다길 3 (구의동),37.5434,127.0815,주변지역_추가본
202530400000800045,CCTV,서울특별시 광진구 광나루로 517-10 (구의동),37.54564,127.08721,주변지역_추가본
202530400000800490,CCTV,서울특별시 광진구 면목로13길 17,37.56922,127.0824,주변지역_추가본
202530400000800735,CCTV,서울특별시 광진구 천호대로 760,37.54656,127.09898,주변지역_추가본
202530400000800084,CCTV,서울특별시 광진구 광나루로52길 83 (구의동),37.53933,127.0915,주변지역_추가본
202530400000800213,CCTV,서울특별시 광진구 동일로70길 22 (중곡동),37.56455,127.078,주변지역_추가본
202530400000801095,CCTV,서울특별시 광진구 용마산로30길 17 (중곡동),37.56876,127.08682,주변지역_추가본
202530400000800857,CCTV,서울특별시 광진구 구의동 3-12,37.55387,127.10315,주변지역_추가본
202530400000800355,CCTV,서울특별시 광진구 아차산로70길 17-16 (과장동),37.54151,127.10242,주변지역_추가본
202530400000801190,CCTV,서울특별시 광진구 아차산 해맞이공원 서쪽,37.55992,127.09899,주변지역_추가본
202530400000801276,CCTV,서울특별시 광진구 능동로4길 51 (자양동),37.53218,127.0701,주변지역_추가본
202530400000800397,CCTV,서울특별시 광진구 능동로4길 13 (자양동),37.53338,127.06855,주변지역_추가본
202530400000800746,CCTV,서울특별시 광진구 자양3동 784-2,37.53584,127.0677,주변지역_추가본
202530400000800700,CCTV,서울특별시 광진구 자양로13길 41 (자양동),37.53435,127.08221,주변지역_추가본
202530400000800571,CCTV,서울특별시 광진구 능동로24길60-84길,37.55254,127.08014,주변지역_추가본
202530400000800530,CCTV,서울특별시 광진구 아차산로192,37.54129,127.0645,주변지역_추가본
202530400000800447,CCTV,서울특별시 광진구 구의로10길 12 (구의동),37.54215,127.09092,주변지역_추가본
202530400000800408,CCTV,서울특별시 광진구 능동로13길 39 (화양동),37.54411,127.06975,주변지역_추가본
202530400000801226,CCTV,서울특별시 광진구 능동로 125 (화양동),37.54204,127.07143,주변지역_추가본
202530400000801087,CCTV,서울특별시 광진구 동일로 452-1 (중곡동),37.57057,127.07999,주변지역_추가본
202530400000800778,CCTV,서울특별시 광진구 자양로13다길 34,37.53297,127.07834,주변지역_추가본
202530400000800646,CCTV,서울특별시 광진구 군자로 96-14,37.55133,127.07181,주변지역_추가본
202530400000801081,CCTV,서울특별시 광진구 동일로72길 23-5 (중곡동),37.56604,127.07916,주변지역_추가본
202530400000800508,CCTV,서울특별시 광진구 자양로18길6,37.53735,127.08387,주변지역_추가본
202530400000800204,CCTV,서울특별시 광진구 동일로18가길 13 (자양동),37.53906,127.06454,주변지역_추가본
202530400000800386,CCTV,서울특별시 광진구 아차산로44길 26 (자양동),37.53654,127.07973,주변지역_추가본
202530400000800312,CCTV,서울특별시 광진구 광나루로26길 24 (화양동),37.54541,127.07729,주변지역_추가본
202530400000800556,CCTV,서울특별시 광진구 능동로 17길 6,37.54611,127.07297,주변지역_추가본
202530400000800300,CCTV,서울특별시 광진구 아차산로 241 (화양동),37.54062,127.07054,주변지역_추가본
202530400000800088,CCTV,서울특별시 광진구 아차산로59길 13 (구의동),37.53948,127.0907,주변지역_추가본
202530400000800687,CCTV,서울특별시 광진구 용마산로14길 9-5,37.56152,127.08798,주변지역_추가본
202530400000800946,CCTV,서울특별시 광진구 광나루로 377-2,37.54784,127.07433,주변지역_추가본
202530400000800159,CCTV,서울특별시 광진구 뚝섬로60길 6 (자양동),37.53257,127.08654,주변지역_추가본
202530400000801281,CCTV,서울특별시 광진구 광나루로 18길 21 (화양동),37.54675,127.07203,주변지역_추가본
202530400000800796,CCTV,서울특별시 광진구 광나루로56길 86,37.53692,127.09502,주변지역_추가본
202530400000800048,CCTV,서울특별시 광진구 영화사로16가길 21 (구의동),37.55362,127.09558,주변지역_추가본
202530400000801005,CCTV,서울특별시 광진구 구의3동 215-10 교통섬,37.53722,127.0934,주변지역_추가본
202530400000800293,CCTV,서울특별시 광진구 자양로43길 86 (중곡동),37.55444,127.0895,주변지역_추가본
202530400000800419,CCTV,서울특별시 광진구 아차산로25길 76 (화양동),37.54454,127.06815,주변지역_추가본
202530400000800685,CCTV,서울특별시 광진구 광나루로40길 56,37.54229,127.08899,주변지역_추가본
202530400000800002,CCTV,서울특별시 광진구 아차산로 540 (광장동),37.54244,127.10147,주변지역_추가본
202530400000800937,CCTV,서울특별시 광진구 용마산로5길 40,37.55752,127.08559,주변지역_추가본
202530400000801004,CCTV,서울특별시 광진구 구의강변로 86 세양아파트 입구,37.53805,127.09368,주변지역_추가본
202530400000800739,CCTV,서울특별시 광진구 천호대로140길 60,37.54413,127.09922,주변지역_추가본
202530400000800263,CCTV,서울특별시 광진구 용마산로31길 16 (중곡동),37.56934,127.08527,주변지역_추가본
202530400000800175,CCTV,서울특별시 광진구 자양번영로5길 16 (자양동),37.53273,127.07448,주변지역_추가본
202530400000800977,CCTV,서울특별시 광진구 아차산로70길 35 (광장동),37.54205,127.10177,주변지역_추가본
202530400000800027,CCTV,서울특별시 광진구 구의로1길 26 (구의동),37.53907,127.0868,주변지역_추가본
202530400000800234,CCTV,서울특별시 광진구 능동로48가길 36 (중곡동),37.56342,127.08581,주변지역_추가본
202530400000800034,CCTV,서울특별시 광진구 아차산로49길 32 (구의동),37.53848,127.08438,주변지역_추가본
202530400000800023,CCTV,서울특별시 광진구 자양로30길 14,37.54363,127.08565,주변지역_추가본
202530400000800407,CCTV,서울특별시 광진구 능동로15길 11 (화양동),37.54518,127.07213,주변지역_추가본
202530400000801260,CCTV,서울특별시 광진구 자양2동 680-63,37.53402,127.08998,주변지역_추가본
202530400000800656,CCTV,서울특별시 광진구 동일로32길 14-6,37.54908,127.0689,주변지역_추가본
202530400000801096,CCTV,서울특별시 광진구 긴고랑로 152 (중곡동),37.55865,127.09167,주변지역_추가본
202530400000800827,CCTV,서울특별시 광진구 영화사로 107,37.55481,127.09804,주변지역_추가본
202530400000800196,CCTV,서울특별시 광진구 동일로10길 5 (자양동),37.53891,127.0626,주변지역_추가본
202530400000800290,CCTV,서울특별시 광진구 긴고랑로46길 11,37.56024,127.09561,주변지역_추가본
202530400000800752,CCTV,서울특별시 광진구 용마도시자연공원-사방댐,37.56302,127.09658,주변지역_추가본
202530400000800052,CCTV,서울특별시 광진구 영화사로16길 19 (구의동),37.55454,127.09594,주변지역_추가본
202530400000800241,CCTV,서울특별시 광진구 긴고랑로 110 (중곡동),37.55925,127.08691,주변지역_추가본
202530400000800629,CCTV,서울특별시 광진구 동일로68길 49,37.5612,127.07835,주변지역_추가본
202530400000800182,CCTV,서울특별시 광진구 뚝섬로24길 27 (자양동),37.5353,127.0633,주변지역_추가본
202530400000800339,CCTV,서울특별시 광진구 천호대로124길 62 (능동),37.55157,127.0861,주변지역_추가본
202530400000800882,CCTV,서울특별시 광진구 자양로 13다길 34,37.53317,127.07809,주변지역_추가본
202530400000800484,CCTV,서울특별시 광진구 능동로40길13,37.55802,127.08086,주변지역_추가본
202530400000800145,CCTV,서울특별시 광진구 자양로19길 54 (자양동),37.53818,127.08046,주변지역_추가본
202530400000801209,CCTV,서울특별시 광진구 능동로 295 (군자동),37.55592,127.07854,주변지역_추가본
202530400000800095,CCTV,서울특별시 광진구 능동로25길 22 (군자동),37.55299,127.07587,주변지역_추가본
202530400000800279,CCTV,서울특별시 광진구 영화사로9길 10 (중곡동),37.55554,127.09329,주변지역_추가본
202530400000801043,CCTV,서울특별시 광진구 자양로5길 33 (자양동,37.53112,127.08394,주변지역_추가본
202530400000800451,CCTV,서울특별시 광진구 용마산로22길 82 (중곡동),37.56725,127.08795,주변지역_추가본
202530400000801162,CCTV,"서울특별시 광진구 동일로66길 36 (중곡동, 건일)",37.56121,127.0771,주변지역_추가본
202530400000800531,CCTV,서울특별시 광진구 자양강변길 119,37.53216,127.06511,주변지역_추가본
202530400000800756,CCTV,서울특별시 광진구 용마도시자연공원-청용골,37.56605,127.0984,주변지역_추가본
202530400000801244,CCTV,서울특별시 광진구 광나루로619,37.54106,127.09613,주변지역_추가본
202530400000800256,CCTV,서울특별시 광진구 용마산로31길 31 (중곡동),37.56911,127.08425,주변지역_추가본
202530400000801178,CCTV,서울특별시 광진구 자양로50길 48 (구의동),37.55256,127.09511,주변지역_추가본
202530400000800573,CCTV,서울특별시 광진구 군자로15길21,37.55442,127.07351,주변지역_추가본
202530400000801215,CCTV,서울특별시 광진구 뚝섬로 626 (자양동),37.53215,127.07903,주변지역_추가본
202530400000800716,CCTV,서울특별시 광진구 화양동 110-34,37.54656,127.07183,주변지역_추가본
202530400000800777,CCTV,서울특별시 광진구 광장동 5-113,37.55223,127.10375,주변지역_추가본
202530400000801062,CCTV,서울특별시 광진구 아차산로 326 (자양동),37.53748,127.0792,주변지역_추가본
202530400000800516,CCTV,서울특별시 광진구 자양로13다길10,37.53271,127.07928,주변지역_추가본
202530400000801245,CCTV,서울특별시 광진구 면목로178,37.56889,127.08302,주변지역_추가본
202530400000800017,CCTV,서울특별시 광진구 구의로 65 (구의동),37.54398,127.09043,주변지역_추가본
202530400000800858,CCTV,서울특별시 광진구 구의동 3-10,37.55496,127.10399,주변지역_추가본
202530400000800552,CCTV,서울특별시 광진구 광나루로 19길51,37.54976,127.07265,주변지역_추가본
202530400000800291,CCTV,서울특별시 광진구 용마산로2길 45 (중곡동),37.55596,127.09076,주변지역_추가본
202530400000801273,CCTV,서울특별시 광진구 능동로32길 67 (능동),37.55414,127.08212,주변지역_추가본
202530400000800412,CCTV,서울특별시 광진구 용마산로7길 59 (중곡동),37.55997,127.08464,주변지역_추가본
202530400000800346,CCTV,서울특별시 광진구 동일로4길 60 (자양동),37.53571,127.06409,주변지역_추가본
202530400000800215,CCTV,서울특별시 광진구 긴고랑로12길 12 (중곡동),37.56225,127.08068,주변지역_추가본
202530400000801159,CCTV,서울특별시 광진구 긴고랑로4길 5 (중곡동),37.56357,127.0776,주변지역_추가본
202530400000800287,CCTV,서울특별시 광진구 용마산로36길 44 (중곡동),37.57039,127.08833,주변지역_추가본
202530400000800314,CCTV,서울특별시 광진구 긴고랑로 19 (중곡동),37.56385,127.07872,주변지역_추가본
202530400000800131,CCTV,서울특별시 광진구 자양로15길 6 (자양동),37.53604,127.08312,주변지역_추가본
202530400000801224,CCTV,서울특별시 광진구 아차산로 219,37.54111,127.06778,주변지역_추가본
202530400000800337,CCTV,서울특별시 광진구 아차산로21길 97(화양동),37.54615,127.06707,주변지역_추가본
202530400000800610,CCTV,서울특별시 광진구 능동로3길 61-8,37.53382,127.06383,주변지역_추가본
202530400000800693,CCTV,서울특별시 광진구 광나루로44길 32 (구의동),37.54288,127.09113,주변지역_추가본
202530400000800581,CCTV,서울특별시 광진구 자양로15길 27,37.53556,127.08238,주변지역_추가본
202530400000800116,CCTV,서울특별시 광진구 천호대로118길 36 (능동),37.55318,127.08466,주변지역_추가본
202530400000800992,CCTV,서울특별시 광진구 천호대로130길 26 (구의동),37.55067,127.08879,주변지역_추가본
202530400000800953,CCTV,서울특별시 광진구 아차산로 236,37.54018,127.06944,주변지역_추가본
202530400000801177,CCTV,서울특별시 광진구 자양로45길 103 (중곡동),37.55552,127.08984,주변지역_추가본
202530400000800474,CCTV,서울특별시 광진구 면목로 172 (중곡동),37.56864,127.08282,주변지역_추가본
202530400000801210,CCTV,서울특별시 광진구 천호대로 512 (군자동),37.55856,127.07546,주변지역_추가본
202530400000800333,CCTV,서울특별시 광진구 동일로66길 28 (중곡동),37.56151,127.07652,주변지역_추가본
202530400000801063,CCTV,서울특별시 광진구 자양로 43 (자양동),37.53191,127.08563,주변지역_추가본
202530400000801184,CCTV,서울특별시 광진구 광나루로44길 44 (구의동),37.54238,127.09118,주변지역_추가본
202530400000800615,CCTV,서울특별시 광진구 동일로22길 117-20,37.54128,127.07084,주변지역_추가본
202530400000801282,CCTV,서울특별시 광진구 아차산로 384-1,37.5377,127.0879,주변지역_추가본
202530400000801189,CCTV,서울특별시 광진구 긴고랑계곡,37.56383,127.09632,주변지역_추가본
202530400000801195,CCTV,서울특별시 광진구 아차산로 612,37.54763,127.10684,주변지역_추가본
202530400000800881,CCTV,서울특별시 광진구 천호대로 760,37.54656,127.09829,주변지역_추가본
202530400000800678,CCTV,서울특별시 광진구 뚝섬로57길 50,37.53394,127.08245,주변지역_추가본
202530400000800913,CCTV,서울특별시 광진구 능동로43길 37-16,37.56143,127.07937,주변지역_추가본
202530400000800499,CCTV,서울특별시 광진구 자양로209,37.5459,127.0859,주변지역_추가본
202530400000800044,CCTV,서울특별시 광진구 자양로45길 13 (구의동),37.55178,127.09139,주변지역_추가본
202530400000800737,CCTV,서울특별시 광진구 도로명주소 없음,37.54926,127.10142,주변지역_추가본
202530400000800320,CCTV,서울특별시 광진구 자양로47길 11 (구의동),37.55223,127.09191,주변지역_추가본
202530400000801296,CCTV,서울특별시 광진구 자양번영로 12 (자양동),37.53057,127.07501,주변지역_추가본
202530400000801289,CCTV,서울특별시 광진구 용마산로3길 104 (중곡동),37.5575,127.08256,주변지역_추가본
202530400000801141,CCTV,서울특별시 광진구 아차산로40길 49 (자양동),37.53554,127.07791,주변지역_추가본
202530400000800026,CCTV,서울특별시 광진구 구의로1길 12 (구의동),37.53916,127.08758,주변지역_추가본
202530400000801181,CCTV,서울특별시 광진구 광진구아차산로21길 64-43 (화양동),37.54437,127.06714,주변지역_추가본
202530400000800117,CCTV,서울특별시 광진구 천호대로118길 16 (능동),37.55412,127.08523,주변지역_추가본
202530400000801240,CCTV,서울특별시 광진구 뚝섬로31길51,37.53761,127.06853,주변지역_추가본
202530400000801079,CCTV,"서울특별시 광진구 능동로53길 13 (중곡동, 정인주택)",37.56658,127.08385,주변지역_추가본
202530400000800779,CCTV,서울특별시 광진구 자양동 553-22,37.53512,127.06822,주변지역_추가본
202530400000801214,CCTV,서울특별시 광진구 능동로 209(군자동),37.55065,127.076,주변지역_추가본
202530400000801288,CCTV,서울특별시 광진구 능동로 42 (자양동),37.53522,127.06863,주변지역_추가본
202530400000801227,CCTV,서울특별시 광진구 능동로 109 (화양동),37.54086,127.07091,주변지역_추가본
202530400000800679,CCTV,서울특별시 광진구 자양로3길 65-9,37.52926,127.08315,주변지역_추가본
202530400000800336,CCTV,서울특별시 광진구 용마산로30길 6 (중곡동),37.5683,127.08629,주변지역_추가본
202530400000801174,CCTV,서울특별시 광진구 광나루로40길 84 (구의동),37.54107,127.08867,주변지역_추가본
202530400000800598,CCTV,서울특별시 광진구 구의동 4-20,37.55317,127.09835,주변지역_추가본
202530400000800804,CCTV,서울특별시 광진구 구의2동 612-35,37.54817,127.08566,주변지역_추가본
202530400000800540,CCTV,서울특별시 광진구 용마산로 33길 9-7,37.56975,127.08539,주변지역_추가본
202530400000800770,CCTV,서울특별시 광진구 중곡 4동 30-75,37.56602,127.08498,주변지역_추가본
202530400000800925,CCTV,서울특별시 광진구 용마산로36길 28-10,37.57042,127.08788,주변지역_추가본
202530400000800510,CCTV,서울특별시 광진구 광나루로 38길 8,37.54437,127.08802,주변지역_추가본
202530400000800050,CCTV,서울특별시 광진구 자양로54길 11 (구의동),37.55387,127.09458,주변지역_추가본
202530400000801291,CCTV,서울특별시 광진구 동일로72길 43 (중곡동),37.56544,127.08013,주변지역_추가본
202530400000800724,CCTV,서울특별시 광진구 천호대로 717-18 (구의동),37.54751,127.09834,주변지역_추가본
202530400000800394,CCTV,서울특별시 광진구 뚝섬로64길 14 (자양동),37.53309,127.08886,주변지역_추가본
202530400000800748,CCTV,서울특별시 광진구 용마도시자연공원-사무실,37.56227,127.09624,주변지역_추가본
202530400000800270,CCTV,서울특별시 광진구 동일로78길 20 (중곡동),37.56924,127.08062,주변지역_추가본
202530400000800682,CCTV,서울특별시 광진구 천호대로129길 49,37.55369,127.09187,주변지역_추가본
202530400000801088,CCTV,서울특별시 광진구 용마산로 191 (중곡동),37.57086,127.08603,주변지역_추가본
202530400000801115,CCTV,서울특별시 광진구 자양로23길 79,37.54379,127.08379,주변지역_추가본
202530400000800487,CCTV,서울특별시 광진구 능동로53길24-1,37.56666,127.08318,주변지역_추가본
202530400000800863,CCTV,서울특별시 광진구 구의동 3-8,37.55601,127.10272,주변지역_추가본
202530400000800855,CCTV,서울특별시 광진구 광장동 5-124,37.55278,127.101693,주변지역_추가본
202530400000800665,CCTV,서울특별시 광진구 광나루로13길 16,37.549,127.0686,주변지역_추가본
202530400000801068,CCTV,서울특별시 광진구 긴고랑로22길 29,37.55984,127.08381,주변지역_추가본
202530400000800259,CCTV,서울특별시 광진구 답십리로 78길 (중곡동),37.56985,127.0813,주변지역_추가본
202530400000800947,CCTV,서울특별시 광진구 천호대로 549,37.55741,127.07946,주변지역_추가본
202530400000800267,CCTV,서울특별시 광진구 답십리로84길 6 (중곡동),37.57098,127.08394,주변지역_추가본
202530400000800269,CCTV,서울특별시 광진구 답십리로82길 18 (중곡동),37.57055,127.08269,주변지역_추가본
202530400000800537,CCTV,서울특별시 광진구 능동로 16길 14,37.54483,127.07387,주변지역_추가본
202530400000801089,CCTV,서울특별시 광진구 긴고랑로 136 (중곡동),37.55909,127.09011,주변지역_추가본
202530400000800404,CCTV,서울특별시 광진구 긴고랑로7길 69 (중곡동),37.56638,127.08068,주변지역_추가본
202530400000800948,CCTV,서울특별시 광진구 능동로 419,37.56643,127.08435,주변지역_추가본
202530400000800904,CCTV,서울특별시 광진구 능동로32길 106-13,37.55274,127.08369,주변지역_추가본
202530400000801194,CCTV,서울특별시 광진구 광나루로56길 85,37.53584,127.09572,주변지역_추가본
202530400000800317,CCTV,서울특별시 광진구 용마산로4길 26 (중곡동),37.55656,127.08957,주변지역_추가본
202530400000800442,CCTV,서울특별시 광진구 뚝섬로 700 (자양동),37.53302,127.08694,주변지역_추가본
202530400000800478,CCTV,서울특별시 광진구 자양로44길 30-1 (구의동),37.55043,127.09311,주변지역_추가본
202530400000800854,CCTV,서울특별시 광진구 광장동 5-123,37.5525401,127.10256,주변지역_추가본
202530400000800176,CCTV,서울특별시 광진구 자양번영로3길 16 (자양동),37.53185,127.07445,주변지역_추가본
202530400000800969,CCTV,서울특별시 광진구 아차산로 355,37.53702,127.08216,주변지역_추가본
202530400000800252,CCTV,서울특별시 광진구 긴고랑로16길 9-9 (중곡동),37.56141,127.0832,주변지역_추가본
202530400000801283,CCTV,서울특별시 광진구 자양로39길 19 (구의동),37.54917,127.08833,주변지역_추가본
202530400000800813,CCTV,서울특별시 광진구 광장동 516-2,37.54163,127.09615,주변지역_추가본
202530400000801166,CCTV,서울특별시 광진구 긴고랑로2길 25 (중곡동 마을마당),37.56267,127.07681,주변지역_추가본
202530400000801207,CCTV,서울특별시 광진구 구의강변로 45 (구의동),37.53472,127.09164,주변지역_추가본
202530400000800127,CCTV,서울특별시 광진구 자양로13길 41 (자양동),37.53437,127.08195,주변지역_추가본
202530400000800511,CCTV,서울특별시 광진구 아차산로53길 62-14,37.54027,127.08615,주변지역_추가본
202530400000801252,CCTV,서울특별시 광진구 능동로 368,37.56222,127.08211,주변지역_추가본
202530400000800522,CCTV,서울특별시 광진구 뚝섬로52길 71,37.52922,127.07837,주변지역_추가본
202530400000801175,CCTV,서울특별시 광진구 천호대로127길 16 (중곡동),37.5536,127.08978,주변지역_추가본
202530400000800838,CCTV,서울특별시 광진구 중곡동 176-122,37.56811,127.09044,주변지역_추가본
202530400000800203,CCTV,서울특별시 광진구 동일로10길 25 (자양동),37.53829,127.06341,주변지역_추가본
202530400000800342,CCTV,서울특별시 광진구 자양번영로 81 (자양동),37.53697,127.07667,주변지역_추가본
202530400000800003,CCTV,서울특별시 광진구 아차산로78길 53 (광장동),37.55144,127.10983,주변지역_추가본
202530400000800377,CCTV,서울특별시 광진구 구의강변로3가길 3 (구의동),37.53582,127.0916,주변지역_추가본
202530400000801065,CCTV,서울특별시 광진구 긴고랑로 51 (중곡동),37.5626,127.08206,주변지역_추가본
202530400000800468,CCTV,서울특별시 광진구 동일로 30길 28 (화양동),37.54758,127.0688,주변지역_추가본
202530400000800601,CCTV,서울특별시 광진구 자양강변길 301,37.52944,127.07532,주변지역_추가본
202530400000800483,CCTV,서울특별시 광진구 긴고랑로30길34,37.55825,127.08699,주변지역_추가본
202530400000800922,CCTV,서울특별시 광진구 용마산로27길 28,37.56662,127.08543,주변지역_추가본
202530400000800981,CCTV,서울특별시 광진구 광장로3길 19 (광장동),37.54788,127.10277,주변지역_추가본
202530400000800016,CCTV,서울특별시 광진구 자양로30길 79 (구의동),37.54298,127.08942,주변지역_추가본
202530400000800905,CCTV,서울특별시 광진구 능동로36길 141,37.55361,127.08652,주변지역_추가본
202530400000801265,CCTV,서울특별시 광진구 뚝섬로 41길 33,37.53493,127.07531,주변지역_추가본
202530400000800173,CCTV,서울특별시 광진구 능동로8길 28 (자양동),37.53603,127.07073,주변지역_추가본
202530400000801057,CCTV,서울특별시 광진구 뚝섬로 476 (자양동),37.53666,127.06322,주변지역_추가본
202530400000800321,CCTV,서울특별시 광진구 광나루로52길 66 (구의동),37.5399,127.0923,주변지역_추가본
202530400000800506,CCTV,서울특별시 광진구 면목로38,37.55741,127.07664,주변지역_추가본
202530400000800723,CCTV,서울특별시 광진구 천호대로 717-18 (구의동),37.54787,127.0982,주변지역_추가본
202530400000800294,CCTV,서울특별시 광진구 아차산로21길 47 (화양동),37.54421,127.06534,주변지역_추가본
202530400000800744,CCTV,서울특별시 광진구 구의1동 668-5,37.54585,127.08845,주변지역_추가본
202530400000800202,CCTV,서울특별시 광진구 동일로12길 20 (자양동),37.53953,127.06335,주변지역_추가본
202530400000800417,CCTV,서울특별시 광진구 용마산로30길 49 (중곡동),37.56863,127.08898,주변지역_추가본
202530400000801293,CCTV,서울특별시 광진구 뚝섬로 561,37.5361,127.07356,주변지역_추가본
202530400000800638,CCTV,서울특별시 광진구 자양로 282,37.55092,127.09155,주변지역_추가본
202530400000800717,CCTV,서울특별시 광진구 군자로3길 15 (화양동),37.54455,127.07065,주변지역_추가본
202530400000800139,CCTV,서울특별시 광진구 자양로13길 73 (자양동),37.53351,127.08096,주변지역_추가본
202530400000800776,CCTV,서울특별시 광진구 천호대로 717-18,37.54934,127.09481,주변지역_추가본
202530400000801124,CCTV,서울특별시 광진구 자양로32길 14 (구의동),37.54433,127.0859,주변지역_추가본
202530400000800828,CCTV,서울특별시 광진구 구의동 3-3,37.55611,127.09823,주변지역_추가본
202530400000800766,CCTV,서울특별시 광진구 아차산생태공원-고구려정1,37.55816,127.10236,주변지역_추가본
202530400000800714,CCTV,서울특별시 광진구 동일로28길 16 (화양동),37.54655,127.06769,주변지역_추가본
202530400000800949,CCTV,서울특별시 광진구 동일로 419,37.56832,127.07829,주변지역_추가본
202530400000801120,CCTV,서울특별시 광진구 군자로 142,37.55421,127.07517,주변지역_추가본
202530400000800440,CCTV,서울특별시 광진구 능동로 32길 35 (능동),37.55474,127.08081,주변지역_추가본
202530400000800459,CCTV,서울특별시 광진구 광장로1다길31 (광장동),37.55009,127.10233,주변지역_추가본
202530400000800124,CCTV,서울특별시 광진구 능동로26길 23 (능동),37.55269,127.07855,주변지역_추가본
202530400000800495,CCTV,서울특별시 광진구 용마산로8나길 36,37.56015,127.09053,주변지역_추가본
202530400000800526,CCTV,서울특별시 광진구 자양번영로 7길 3,37.53551,127.07636,주변지역_추가본
202530400000800853,CCTV,서울특별시 광진구 광장동 5-125,37.55223,127.10206,주변지역_추가본
202530400000800385,CCTV,서울특별시 광진구 아차산로40길 28 (자양동),37.53641,127.07814,주변지역_추가본
202530400000801216,CCTV,서울특별시 광진구 아차산로 218 (자양동),37.54091,127.06739,주변지역_추가본
202530400000800216,CCTV,서울특별시 광진구 능동로43길 38 (중곡동),37.56177,127.0797,주변지역_추가본
202530400000800365,CCTV,서울특별시 광진구 군자로13길 35 (군자동),37.5519,127.07049,주변지역_추가본
202530400000800968,CCTV,서울특별시 광진구 중곡동 30-51,37.56596,127.08454,주변지역_추가본
202530400000801100,CCTV,서울특별시 광진구 아차산로21길 47 (화양동),37.54403,127.0659,주변지역_추가본
202530400000800534,CCTV,서울특별시 광진구 아차산로 23길 45,37.54392,127.06687,주변지역_추가본
202530400000801080,CCTV,서울특별시 광진구 동일로80길 24 (중곡동),37.5702,127.08117,주변지역_추가본
202530400000801287,CCTV,서울특별시 광진구 뚝섬로56길 7 (자양동),37.53089,127.08265,주변지역_추가본
202530400000801139,CCTV,서울특별시 광진구 자양번영로8길 7 (자양동),37.53443,127.07644,주변지역_추가본
202530400000801156,CCTV,서울특별시 광진구 능동로7길 14 (자양동),37.53699,127.06819,주변지역_추가본
202530400000800710,CCTV,서울특별시 광진구 긴고랑로5길 10 (중곡동),37.55964,127.0841,주변지역_추가본
202530400000800319,CCTV,서울특별시 광진구 자양로22길 58(구의동),37.53982,127.08641,주변지역_추가본
202530400000800452,CCTV,서울특별시 광진구 용마산로22길 82 (중곡동),37.56686,127.08787,주변지역_추가본
202530400000800964,CCTV,서울특별시 광진구  능동로 90,37.5392,127.07035,주변지역_추가본
202530400000800313,CCTV,서울특별시 광진구 아차산로31길 14 (화양동),37.54167,127.06953,주변지역_추가본
202530400000800835,CCTV,서울특별시 광진구 중곡동 143-119,37.56185,127.09081,주변지역_추가본
202530400000800258,CCTV,서울특별시 광진구 능동로53길 30-12 (중곡동),37.56724,127.08244,주변지역_추가본
202530400000800982,CCTV,서울특별시 광진구 아차산로69길 29 (광장동),37.54399,127.09728,주변지역_추가본
202530400000800389,CCTV,서울특별시 광진구 뚝섬로59길 18 (자양동),37.533,127.08394,주변지역_추가본
202530400000801277,CCTV,서울특별시 광진구 긴고랑로4길 30 (중곡동) 도로명 주소 X,37.5625,127.07705,주변지역_추가본
202530400000800513,CCTV,서울특별시 광진구 광나루로44길55,37.54186,127.09121,주변지역_추가본
202530400000800642,CCTV,서울특별시 광진구 뚝섬로24길 74,37.53301,127.06225,주변지역_추가본
202530400000800282,CCTV,서울특별시 광진구 영화사로 51 (중곡동),37.55567,127.09234,주변지역_추가본
202530400000800701,CCTV,서울특별시 광진구 아차산로40길 46 (자양동),37.53582,127.07771,주변지역_추가본
202530400000800058,CCTV,서울특별시 광진구 천호대로137길 38 (구의동),37.55076,127.09368,주변지역_추가본
202530400000800112,CCTV,서울특별시 광진구 천호대로112길 25 (능동),37.55509,127.08119,주변지역_추가본
202530400000800411,CCTV,서울특별시 광진구 긴고랑로3길 19-2 (중곡동),37.56538,127.0783,주변지역_추가본
202530400000800873,CCTV,서울특별시 광진구 영화사로 135-1,37.55372,127.09939,주변지역_추가본
202530400000801222,CCTV,서울특별시 광진구 용마산로 44 (중곡동),37.5577,127.08805,주변지역_추가본
202530400000800702,CCTV,서울특별시 광진구 뚝섬로62길 24 (자양동),37.53213,127.08783,주변지역_추가본
202530400000800349,CCTV,서울특별시 광진구 긴고랑로44길 42 (중곡동),37.55836,127.09444,주변지역_추가본
202530400000800816,CCTV,서울특별시 광진구 자양1동 859-1,37.53845,127.08144,주변지역_추가본
202530400000800952,CCTV,서울특별시 광진구 아차산로 397,37.53745,127.08674,주변지역_추가본
202530400000800974,CCTV,서울특별시 광진구 면목로 98,37.56243,127.07947,주변지역_추가본
202530400000800945,CCTV,서울특별시 광진구 아차산로 383,37.53714,127.08541,주변지역_추가본
202530400000800850,CCTV,서울특별시 광진구 광장동 5-117,37.55186,127.101886,주변지역_추가본
202530400000801237,CCTV,서울특별시 광진구 광나루로 375-1,37.54803,127.0718,주변지역_추가본
202530400000800959,CCTV,서울특별시 광진구 천호대로 556,37.55688,127.07959,주변지역_추가본
202530400000800192,CCTV,서울특별시 광진구 뚝섬로22가길 22 (자양동),37.53551,127.06238,주변지역_추가본
202530400000800361,CCTV,서울특별시 광진구 능동로 49 (자양동),37.53444,127.06806,주변지역_추가본
202530400000801134,CCTV,서울특별시 광진구 군자로 129-5 (군자동),37.55389,127.07373,주변지역_추가본
202530400000800560,CCTV,서울특별시 광진구 아차산로39길 36,37.53894,127.07569,주변지역_추가본
202530400000800893,CCTV,서울특별시 광진구 아차산로 400,37.53748,127.08901,주변지역_추가본
202530400000800301,CCTV,서울특별시 광진구 답십리로84길 56 (중곡동),37.56868,127.08366,주변지역_추가본
202530400000800916,CCTV,서울특별시 광진구 능동로 386-16,37.56299,127.08316,주변지역_추가본
202530400000801018,CCTV,서울특별시 광진구 천호대로134길 2 (구의동),37.54921,127.09081,주변지역_추가본
202530400000800200,CCTV,서울특별시 광진구 뚝섬로30길 15 (자양동),37.53522,127.06655,주변지역_추가본
202530400000801002,CCTV,서울특별시 광진구 구의강변로3길 19 (구의동),37.53604,127.09105,주변지역_추가본
202530400000801046,CCTV,"서울특별시 광진구 뚝섬로62길 33-8 (자양동, 목화맨션)",37.53183,127.0884,주변지역_추가본
202530400000800914,CCTV,서울특별시 광진구 천호대로125길 58,37.55706,127.08731,주변지역_추가본
202530400000800962,CCTV,서울특별시 광진구 광나루로56길 85,37.53587,127.09525,주변지역_추가본
202530400000800205,CCTV,서울특별시 광진구 동일로10나길 18 (자양동),37.53828,127.06431,주변지역_추가본
202530400000800773,CCTV,서울특별시 광진구 공원방범(아차산어울림광장2),37.55179,127.10084,주변지역_추가본
202530400000801304,CCTV,서울특별시 광진구 구의로 7,37.53876,127.08923,주변지역_추가본
202530400000800465,CCTV,서울특별시 광진구 자양로48길 20 (구의동),37.55133,127.09317,주변지역_추가본
202530400000800500,CCTV,서울특별시 광진구 광장로5길 25-1,37.54865,127.10495,주변지역_추가본
202530400000800177,CCTV,서울특별시 광진구 자양번영로1길 27 (자양동),37.53084,127.07341,주변지역_추가본
202530400000800950,CCTV,서울특별시 광진구 동일로 403,37.56659,127.07726,주변지역_추가본
202530400000801264,CCTV,서울특별시 광진구 천호대로140길 40 (광장동),37.54428,127.10024,주변지역_추가본
202530400000800198,CCTV,서울특별시 광진구 뚝섬로32길 17 (자양동),37.53471,127.06713,주변지역_추가본
202530400000800690,CCTV,서울특별시 광진구 광나루로52길 12 (구의동),37.54125,127.09432,주변지역_추가본
202530400000800119,CCTV,서울특별시 광진구 천호대로120길 21 (능동),37.55313,127.08636,주변지역_추가본
202530400000800826,CCTV,서울특별시 광진구 광장동 5-124,37.55293,127.10112,주변지역_추가본
202530400000800888,CCTV,서울특별시 광진구 광나루로 389,37.54774,127.07322,주변지역_추가본
202530400000800706,CCTV,서울특별시 광진구 자양1동 859-1,37.53859,127.08173,주변지역_추가본
202530400000800060,CCTV,서울특별시 광진구 자양로43길 8 (구의동),37.55123,127.09106,주변지역_추가본
202530400000800989,CCTV,서울특별시 광진구 자양로23길 21 (구의동),37.54171,127.08243,주변지역_추가본
202530400000800880,CCTV,서울특별시 광진구 아차산로 78길 133,37.54899,127.10995,주변지역_추가본
202530400000800295,CCTV,서울특별시 광진구 동일로28길 16 (화양동),37.54621,127.06793,주변지역_추가본
202530400000800884,CCTV,서울특별시 광진구 뚝섬로 56길 28,37.53019,127.08248,주변지역_추가본
202530400000801083,CCTV,"서울특별시 광진구 긴고랑로7길 60 (중곡동, 주원그린빌)",37.56604,127.0805,주변지역_추가본
202530400000800603,CCTV,서울특별시 광진구 뚝섬로 561,37.53397,127.07253,주변지역_추가본
202530400000800138,CCTV,서울특별시 광진구 자양로9길 24-3 (자양동),37.53385,127.08294,주변지역_추가본
202530400000800618,CCTV,서울특별시 광진구 아차산로27길 20,37.54261,127.06802,주변지역_추가본
202530400000800653,CCTV,서울특별시 광진구 구의로3길 11,37.54025,127.08794,주변지역_추가본
202530400000800927,CCTV,서울특별시 광진구 긴고랑로47길 19,37.5619,127.09556,주변지역_추가본
202530400000800845,CCTV,서울특별시 광진구 아차산로25길 27,37.54274,127.06706,주변지역_추가본
202530400000800712,CCTV,서울특별시 광진구 영화사로7길 25 (중곡동),37.55694,127.09214,주변지역_추가본
202530400000800738,CCTV,서울특별시 광진구 도로명주소 없음,37.54976,127.10132,주변지역_추가본
202530400000801250,CCTV,서울특별시 광진구 능동로 87,37.53916,127.06937,주변지역_추가본
202530400000801217,CCTV,서울특별시 광진구 뚝섬로 472 (자양동),37.5366,127.06336,주변지역_추가본
202530400000800566,CCTV,서울특별시 광진구 동일로 26길 9,37.54531,127.06668,주변지역_추가본
202530400000801157,CCTV,서울특별시 광진구 뚝섬로23길 48  (자양동),37.53727,127.06602,주변지역_추가본
202530400000800036,CCTV,서울특별시 광진구 자양로23길 86 (구의동),37.54425,127.084,주변지역_추가본
202530400000800689,CCTV,서울특별시 광진구 자양로42길 44 (구의동),37.54832,127.09216,주변지역_추가본
202530400000801051,CCTV,서울특별시 광진구 뚝섬로35길 16-20 (자양동),37.53531,127.07138,주변지역_추가본
202530400000801173,CCTV,서울특별시 광진구 면목로12길 37 (중곡동),37.56785,127.08383,주변지역_추가본
202530400000801106,CCTV,서울특별시 광진구 능동로 145 (화양동),37.54362,127.07222,주변지역_추가본
202530400000801145,CCTV,서울특별시 광진구 뚝섬로58길 13 (자양동),37.53126,127.08429,주변지역_추가본
202530400000800348,CCTV,서울특별시 광진구 능동로55길 43 (중곡동),37.56801,127.08314,주변지역_추가본
202530400000800430,CCTV,서울특별시 광진구 자양로37길 22-10 (구의동),37.54868,127.08741,주변지역_추가본
202530400000800439,CCTV,서울특별시 광진구 동일로 44길 17 (군자동),37.5531,127.07133,주변지역_추가본
202530400000801144,CCTV,서울특별시 광진구 뚝섬로52라길 61-12 (자양동),37.52968,127.08182,주변지역_추가본
202530400000801006,CCTV,서울특별시 광진구 광나루로44길 32 (구의동),37.54273,127.09124,주변지역_추가본
202530400000800806,CCTV,서울특별시 광진구 중곡4동 72-122,37.56103,127.09553,주변지역_추가본
202530400000801196,CCTV,서울특별시 광진구 아차산로 553 (광장동),37.54352,127.10243,주변지역_추가본
202530400000800565,CCTV,서울특별시 광진구 군자로 160-1,37.55511,127.07674,주변지역_추가본
202530400000800572,CCTV,서울특별시 광진구 군자로11길11,37.55078,127.07019,주변지역_추가본
202530400000800667,CCTV,서울특별시 광진구 능동로19길 10,37.54705,127.07328,주변지역_추가본
202530400000800223,CCTV,서울특별시 광진구 긴고랑로8길 60 (중곡동),37.56104,127.07772,주변지역_추가본
202530400000800299,CCTV,서울특별시 광진구 동일로22길 28 (화양동),37.54224,127.0659,주변지역_추가본
202530400000800736,CCTV,서울특별시 광진구 도로명주소 없음,37.56863,127.07793,주변지역_추가본
202530400000801272,CCTV,서울특별시 광진구 구의로16길 68 (구의동),37.54235,127.09358,주변지역_추가본
202530400000800790,CCTV,서울특별시 광진구 아차산로 31길 14,37.54145,127.06965,주변지역_추가본
202530400000800146,CCTV,서울특별시 광진구 뚝섬로52마길 60 (자양동),37.52873,127.08111,주변지역_추가본
202530400000800085,CCTV,서울특별시 광진구 아차산로59길 21-13 (구의동),37.53973,127.09007,주변지역_추가본
202530400000801286,CCTV,서울특별시 광진구 뚝섬로52길 74 (자양동),37.52986,127.07848,주변지역_추가본
202530400000800696,CCTV,서울특별시 광진구 동일로56길 29 (군자동),37.55601,127.07374,주변지역_추가본
202530400000801099,CCTV,서울특별시 광진구 용마산로28길 43 (중곡동),37.56741,127.0886,주변지역_추가본
202530400000800280,CCTV,서울특별시 광진구 영화사로9길 70-12 (중곡동),37.55674,127.09465,주변지역_추가본
202530400000800167,CCTV,서울특별시 광진구 자양번영로9길 6-7 (자양동),37.53656,127.07618,주변지역_추가본
202530400000800802,CCTV,서울특별시 광진구 중곡1동 248-29,37.56272,127.07687,주변지역_추가본
202530400000800611,CCTV,서울특별시 광진구 자양동 57-2,37.53273,127.06291,주변지역_추가본
202530400000800429,CCTV,서울특별시 광진구 천호대로134길 31 (구의동),37.54821,127.08972,주변지역_추가본
202530400000800649,CCTV,서울특별시 광진구 면목로 136-1,37.56551,127.08112,주변지역_추가본
202530400000800083,CCTV,서울특별시 광진구 아차산로60길 13-13 (구의동),37.5383,127.09237,주변지역_추가본
202530400000800951,CCTV,서울특별시 광진구 중곡3동 485-7,37.56727,127.07705,주변지역_추가본
202530400000800703,CCTV,서울특별시 광진구 뚝섬로34길 25-19 (자양동),37.53366,127.06985,주변지역_추가본
202530400000800005,CCTV,서울특별시 광진구 천호대로 809 (광장동),37.54587,127.10359,주변지역_추가본
202530400000800527,CCTV,서울특별시 광진구 자양동 84-27,37.53305,127.06438,주변지역_추가본
202530400000800082,CCTV,서울특별시 광진구 광나루로52길 43 (구의동),37.54043,127.09325,주변지역_추가본
202530400000800443,CCTV,서울특별시 광진구 자양번영로 3길 27 (자양동),37.53211,127.07342,주변지역_추가본
202530400000801039,CCTV,"서울특별시 광진구 자양강변길 297 (자양동, 신호빌라트)",37.5298,127.07477,주변지역_추가본
202530400000800414,CCTV,서울특별시 광진구 답십리로74길 15 (중곡동),37.57101,127.08051,주변지역_추가본
202530400000801086,CCTV,서울특별시 광진구 동일로 462 (중곡동),37.57162,127.08024,주변지역_추가본
202530400000800391,CCTV,서울특별시 광진구 뚝섬로56길 35 (자양동),37.52999,127.08272,주변지역_추가본
202530400000801132,CCTV,서울특별시 광진구 강변역로 17 (구의동),37.5381,127.09204,주변지역_추가본
202530400000800536,CCTV,서울특별시 광진구 광나루로 14길 26,37.54683,127.06836,주변지역_추가본
202530400000800473,CCTV,서울특별시 광진구 자양로18길 72 (구의동),37.53833,127.08744,주변지역_추가본
202530400000800068,CCTV,서울특별시 광진구 자양로33길 44 (구의동),37.54784,127.08634,주변지역_추가본
202530400000800126,CCTV,서울특별시 광진구 능동로32길 16-16 (능동),37.55393,127.0792,주변지역_추가본
202530400000800195,CCTV,서울특별시 광진구 군자로15길36,37.555,127.07333,주변지역_추가본
202530400000800639,CCTV,서울특별시 광진구 자양로37길 38,37.54872,127.08639,주변지역_추가본
202530400000800358,CCTV,서울특별시 광진구 뚝섬로36길 38 (자양동),37.53294,127.07051,주변지역_추가본
202530400000800018,CCTV,서울특별시 광진구 자양로30길 87-10 (구의동),37.54348,127.08962,주변지역_추가본
202530400000800520,CCTV,서울특별시 광진구 자양로13길 20,37.53526,127.08295,주변지역_추가본
202530400000800839,CCTV,서울특별시 광진구 중곡동 176-122,37.56787,127.09047,주변지역_추가본
202530400000800338,CCTV,서울특별시 광진구 광나루로17길 14-14 (군자동),37.54885,127.07273,주변지역_추가본
202530400000801169,CCTV,서울특별시 광진구 능동로57길 30-5 (중곡동),37.56831,127.08396,주변지역_추가본
202530400000800608,CCTV,서울특별시 광진구 뚝섬로64길 45,37.53114,127.09032,주변지역_추가본
202530400000800142,CCTV,서울특별시 광진구 뚝섬로55길 19 (자양동),37.53238,127.08236,주변지역_추가본
202530400000800933,CCTV,서울특별시 광진구 천호대로136길 43,37.5478,127.09027,주변지역_추가본
202530400000800194,CCTV,서울특별시 광진구 동일로 34-11 (자양동),37.53574,127.06125,주변지역_추가본
202530400000800211,CCTV,서울특별시 광진구 긴고랑로1길 11 (중곡동),37.5647,127.0775,주변지역_추가본
202530400000800152,CCTV,서울특별시 광진구 뚝섬로54길 24 (자양동),37.53064,127.08049,주변지역_추가본
202530400000800456,CCTV,서울특별시 광진구 긴고랑로 36길57 (중곡동),37.55707,127.09126,주변지역_추가본
202530400000800170,CCTV,서울특별시 광진구 아차산로38길 5-16 (자양동),37.53818,127.07537,주변지역_추가본
202530400000800268,CCTV,서울특별시 광진구 답십리로 370 (중곡동),37.57156,127.08151,주변지역_추가본
202530400000800645,CCTV,서울특별시 광진구 자양로15길 72,37.53502,127.07974,주변지역_추가본
202530400000800938,CCTV,서울특별시 광진구 동일로74길 15,37.56701,127.07892,주변지역_추가본
202530400000801239,CCTV,서울특별시 광진구 용마산로 134,37.56503,127.08656,주변지역_추가본
202530400000800081,CCTV,서울특별시 광진구 구의로4길 60 (구의동),37.54109,127.09275,주변지역_추가본
202530400000800055,CCTV,서울특별시 광진구 자양로44길 125 (구의동),37.55131,127.09655,주변지역_추가본
202530400000800163,CCTV,서울특별시 광진구 자양번영로11길 4-9 (자양동),37.53753,127.07667,주변지역_추가본
202530400000800264,CCTV,서울특별시 광진구 면목로16길 10 (중곡동),37.56953,127.08376,주변지역_추가본
202530400000800463,CCTV,서울특별시 광진구 동일로10가길23 (자양동),37.53868,127.06383,주변지역_추가본
202530400000800042,CCTV,서울특별시 광진구 자양로44길 141-7 (구의동),37.55164,127.09554,주변지역_추가본
202530400000800664,CCTV,서울특별시 광진구 뚝섬로 515,37.53564,127.06755,주변지역_추가본
202530400000800187,CCTV,서울특별시 광진구 아차산로32길 21 (자양동),37.53901,127.06808,주변지역_추가본
202530400000800589,CCTV,서울특별시 광진구 아차산로39길 38-7,37.53923,127.0752,주변지역_추가본
202530400000800298,CCTV,서울특별시 광진구 동일로24길 56 (화양동),37.54312,127.06823,주변지역_추가본
202530400000800369,CCTV,서울특별시 광진구 광장로7길 24 (광장동),37.54876,127.10537,주변지역_추가본
202530400000800891,CCTV,서울특별시 광진구 아차산로 400,37.53695,127.08706,주변지역_추가본
202530400000801206,CCTV,서울특별시 광진구 구의동 611 (구의),37.53792,127.09699,주변지역_추가본
202530400000800871,CCTV,서울특별시 광진구 광나루로 447,37.54568,127.07923,주변지역_추가본
202530400000800010,CCTV,서울특별시 광진구 광장로 1 (광장동),37.54543,127.09779,주변지역_추가본
202530400000800172,CCTV,서울특별시 광진구 뚝섬로36길 49-8 (자양동),37.53204,127.07084,주변지역_추가본
202530400000800035,CCTV,서울특별시 광진구 아차산로49길 50 (구의동),37.53916,127.08429,주변지역_추가본
202530400000800171,CCTV,서울특별시 광진구 뚝섬로36가길 43 (자양동),37.53117,127.07272,주변지역_추가본
202530400000800148,CCTV,서울특별시 광진구 자양로5길 13 (자양동),37.53164,127.08507,주변지역_추가본
202530400000800099,CCTV,서울특별시 광진구 능동로29가길 24 (군자동),37.55572,127.07791,주변지역_추가본
202530400000800066,CCTV,서울특별시 광진구 자양로35길 35,37.54811,127.08595,주변지역_추가본
202530400000800762,CCTV,서울특별시 광진구 아차산생태공원-생태자료,37.55179,127.10103,주변지역_추가본
202530400000800330,CCTV,서울특별시 광진구 천호대로121길 6 (중곡동),37.55551,127.08656,주변지역_추가본
202530400000800911,CCTV,서울특별시 광진구 능동로32길 12,37.55523,127.07916,주변지역_추가본
202530400000801261,CCTV,서울특별시 광진구 자양4동 41-9,37.5378,127.06193,주변지역_추가본
202530400000801298,CCTV,서울특별시 광진구 아차산로76길 19 (광장동),37.54747,127.10795,주변지역_추가본
202530400000800930,CCTV,서울특별시 광진구 긴고랑로42길 3-15,37.55879,127.0941,주변지역_추가본
202530400000800254,CCTV,서울특별시 광진구 동일로76나길 20 (중곡동),37.56858,127.0801,주변지역_추가본
202530400000800621,CCTV,서울특별시 광진구 군자로6길 20,37.54593,127.07174,주변지역_추가본
202530400000800186,CCTV,서울특별시 광진구 아차산로30길 18,37.53987,127.06744,주변지역_추가본
202530400000800998,CCTV,서울특별시 광진구 자양로52길 21-19 (구의동),37.55354,127.09498,주변지역_추가본
202530400000801135,CCTV,서울특별시 광진구 천호대로102길 55 (군자동),37.55679,127.07303,주변지역_추가본
202530400000800547,CCTV,서울특별시 광진구 동일로56길 48,37.55536,127.07461,주변지역_추가본
202530400000800644,CCTV,서울특별시 광진구 뚝섬로31가길 12,37.53612,127.06733,주변지역_추가본
202530400000800624,CCTV,서울특별시 광진구 천호대로 585,37.55594,127.08322,주변지역_추가본
202530400000800570,CCTV,서울특별시 광진구 용마산로22길9,37.56358,127.08772,주변지역_추가본
202530400000800038,CCTV,서울특별시 광진구 아차산로53길 53 (구의동),37.53972,127.08565,주변지역_추가본
202530400000801016,CCTV,서울특별시 광진구 아차산로 435 강변SK뷰 교통섬,37.53822,127.09068,주변지역_추가본
202530400000801070,CCTV,서울특별시 광진구 용마산로 111 (중곡동),37.56347,127.0868,주변지역_추가본
202530400000800817,CCTV,서울특별시 광진구 영화사로 139,37.55215,127.10267,주변지역_추가본
202530400000800640,CCTV,서울특별시 광진구 뚝섬로52가길 42,37.53081,127.08158,주변지역_추가본
202530400000801121,CCTV,서울특별시 광진구 구의강변로 96,37.5391,127.09406,주변지역_추가본
202530400000800541,CCTV,서울특별시 광진구 영화사로 16,37.55773,127.08931,주변지역_추가본
202530400000800780,CCTV,서울특별시 광진구 동일로 399,37.56631,127.07736,주변지역_추가본
202530400000801015,CCTV,서울특별시 광진구 광나루로 532 (구의동),37.54483,127.08837,주변지역_추가본
202530400000801241,CCTV,서울특별시 광진구 능동로69,37.53716,127.06922,주변지역_추가본
202530400000800633,CCTV,서울특별시 광진구 용마산로8라길 30,37.56121,127.09047,주변지역_추가본
202530400000801054,CCTV,서울특별시 광진구 능동로 42 신양초교 후문입구,37.53481,127.07009,주변지역_추가본
202530400000800862,CCTV,서울특별시 광진구 동일로76나길 20,37.56843,127.08038,주변지역_추가본
202530400000800539,CCTV,서울특별시 광진구 천호대로119길 16,37.55537,127.08617,주변지역_추가본
202530400000801136,CCTV,서울특별시 광진구 긴고랑로13길 33 (중곡동),37.56406,127.0824,주변지역_추가본
202530400000800529,CCTV,서울특별시 광진구 아차산로24길 17,37.54017,127.06485,주변지역_추가본
202530400000800471,CCTV,서울특별시 광진구 아차산 순환도로 (광장동),37.55117,127.1005,주변지역_추가본
202530400000800592,CCTV,서울특별시 광진구 광장동 5-119,37.55141,127.10197,주변지역_추가본
202530400000800567,CCTV,서울특별시 광진구 면목로9길31,37.56079,127.07662,주변지역_추가본
202530400000801187,CCTV,"서울특별시 광진구 뻥튀기골, 길목",37.56823,127.0892,주변지역_추가본
202530400000801011,CCTV,서울특별시 광진구 구의강변로 35 (구의동),37.53398,127.09151,주변지역_추가본
202530400000800191,CCTV,서울특별시 광진구 자양강변길 19 (자양동),37.53426,127.0611,주변지역_추가본
202530400000801280,CCTV,서울특별시 광진구 능동로51길 37-1 (중곡동),37.56647,127.08204,주변지역_추가본
202530400000801150,CCTV,서울특별시 광진구 뚝섬로27길 39 (자양동),37.53776,127.06596,주변지역_추가본
202530400000801246,CCTV,서울특별시 광진구 아차산로 343,37.53731,127.08117,주변지역_추가본
202530400000800966,CCTV,서울특별시 광진구 자양로 117,37.53834,127.08327,주변지역_추가본
202530400000800356,CCTV,서울특별시 광진구 뚝섬로49길 59 (자양동),37.53454,127.08043,주변지역_추가본
202530400000800316,CCTV,서울특별시 광진구 답십리로78길 9-16 (중곡동),37.57104,127.08227,주변지역_추가본
202530400000800037,CCTV,서울특별시 광진구 아차산로55길 23 (구의동),37.53854,127.0865,주변지역_추가본
202530400000800147,CCTV,서울특별시 광진구 뚝섬로52마길 60 (자양동),37.52783,127.0844,주변지역_추가본
202530400000800309,CCTV,서울특별시 광진구 광나루로24길 12 (화양동),37.54577,127.07609,주변지역_추가본
202530400000801172,CCTV,서울특별시 광진구 용마산로25길 22 (중곡동),37.56607,127.08569,주변지역_추가본
202530400000800995,CCTV,서울특별시 광진구 영화사로 98-1 (구의동),37.55441,127.09686,주변지역_추가본
202530400000800865,CCTV,서울특별시 광진구 구의동 3-3,37.55783,127.1039,주변지역_추가본
202530400000801290,CCTV,서울특별시 광진구 천호대로113길 10,37.55807,127.08509,주변지역_추가본
202530400000800551,CCTV,서울특별시 광진구 천호대로 104길22,37.55755,127.07535,주변지역_추가본
202530400000800728,CCTV,서울특별시 광진구 구의강변로3길 39,37.53659,127.0903,주변지역_추가본
202530400000800692,CCTV,서울특별시 광진구 아차산로59길 49 (구의동),37.5406,127.09066,주변지역_추가본
202530400000800043,CCTV,서울특별시 광진구 자양로44길 69 (구의동),37.54979,127.09498,주변지역_추가본
202530400000801052,CCTV,서울특별시 광진구 뚝섬로 561 (자양동),37.53451,127.07179,주변지역_추가본
202530400000801176,CCTV,서울특별시 광진구 용마산로32길 33 (중곡동),37.56942,127.08813,주변지역_추가본
202530400000801025,CCTV,서울특별시 광진구 동일로 222 (군자동),37.55162,127.06948,주변지역_추가본
202530400000800698,CCTV,서울특별시 광진구 능동로30길 23 (능동),37.55356,127.07928,주변지역_추가본
202530400000800879,CCTV,서울특별시 광진구 영화사로 145,37.55226,127.10056,주변지역_추가본
202530400000800697,CCTV,서울특별시 광진구 천호대로116길 66 (능동),37.55242,127.08298,주변지역_추가본
202530400000801073,CCTV,서울특별시 광진구 용마산로1길 65 (중곡동),37.55595,127.08486,주변지역_추가본
202530400000800782,CCTV,서울특별시 광진구 긴고랑로 143,37.55878,127.09099,주변지역_추가본
202530400000800587,CCTV,서울특별시 광진구 능동로 237,37.55104,127.07614,주변지역_추가본
202530400000801266,CCTV,서울특별시 광진구 긴고랑로13길 69 (중곡동),37.56547,127.08318,주변지역_추가본
202530400000800497,CCTV,서울특별시 광진구 천호대로112길 60,37.55351,127.08017,주변지역_추가본
202530400000801147,CCTV,서울특별시 광진구 뚝섬로40길 14 (자양동),37.53339,127.07284,주변지역_추가본
202530400000800661,CCTV,서울특별시 광진구 구의강변로 77,37.53769,127.0933,주변지역_추가본
202530400000801204,CCTV,서울특별시 광진구 강변역로 53 (구의동),37.53553,127.09431,주변지역_추가본
202530400000800244,CCTV,서울특별시 광진구 용마산로1길 91 (중곡동),37.55647,127.08356,주변지역_추가본
202530400000800583,CCTV,서울특별시 광진구 뚝섬로58길 58,37.52958,127.08522,주변지역_추가본
202630500000800283,CCTV,서울특별시 동대문구 답십리동 산2-1,37.5706,127.061,주변지역_추가본
202630500000800188,CCTV,서울특별시 동대문구 황물로17길 24,37.5646,127.059,주변지역_추가본
202630500000800296,CCTV,서울특별시 동대문구 답십리로56길 60,37.5702,127.059,주변지역_추가본
202630500000800291,CCTV,서울특별시 동대문구 전농로 94,37.573,127.057,주변지역_추가본
202630500000800259,CCTV,서울특별시 동대문구 답십리로210-9 맞은 편,37.5718,127.063,주변지역_추가본
202630500000800687,CCTV,서울특별시 동대문구 장한로 17,37.5631,127.065,주변지역_추가본
202630500000800213,CCTV,서울특별시 동대문구 답십리로56길 21,37.5719,127.059,주변지역_추가본
202630500000800711,CCTV,서울특별시 동대문구 장한로5길 45,37.5651,127.064,주변지역_추가본
202630500000800738,CCTV,서울특별시 동대문구 답십리로72길 46,37.5699,127.073,주변지역_추가본
202630500000800648,CCTV,서울특별시 동대문구 천호대로77길 62,37.5644,127.062,주변지역_추가본
202630500000800766,CCTV,서울특별시 동대문구 서울 동대문구 장한로18길 82-9,37.5673,127.073,주변지역_추가본
202630500000800275,CCTV,서울특별시 동대문구 답십리동 산2-1,37.5717,127.06,주변지역_추가본
202630500000800677,CCTV,서울특별시 동대문구 장한로 51,37.5655,127.067,주변지역_추가본
202630500000800657,CCTV,서울특별시 동대문구 장안벚꽃로 77,37.5672,127.073,주변지역_추가본
202630500000800795,CCTV,서울특별시 동대문구 장한로22길 18,37.5688,127.07,주변지역_추가본
202630500000800843,CCTV,서울특별시 동대문구 한천로28길27,37.5731,127.068,주변지역_추가본
202630500000800686,CCTV,서울특별시 동대문구 장한로 85,37.5687,127.069,주변지역_추가본
202630500000800278,CCTV,서울특별시 동대문구 답십리동 산2-1,37.5712,127.06,주변지역_추가본
202630500000800658,CCTV,서울특별시 동대문구 천호대로87길 43,37.5636,127.068,주변지역_추가본
202630500000800771,CCTV,서울특별시 동대문구 장한로25길 45,37.5718,127.068,주변지역_추가본
202630500000800237,CCTV,서울특별시 동대문구 답십리로53길 18,37.5735,127.059,주변지역_추가본
202630500000800702,CCTV,서울특별시 동대문구 장한로14길 61,37.5655,127.07,주변지역_추가본
202630500000800682,CCTV,서울특별시 동대문구 한천로2길 16,37.563,127.059,주변지역_추가본
202630500000800239,CCTV,서울특별시 동대문구 답십리로52길 45-7,37.5707,127.058,주변지역_추가본
202630500000800755,CCTV,서울특별시 동대문구 한천로14길 17-10,37.5676,127.064,주변지역_추가본
202630500000800292,CCTV,서울특별시 동대문구 답십리로56길 15,37.5719,127.059,주변지역_추가본
202630500000800181,CCTV,서울특별시 동대문구 전농로4길 49,37.5675,127.057,주변지역_추가본
202630500000800730,CCTV,서울특별시 동대문구 한천로4길 12,37.5634,127.059,주변지역_추가본
202630500000800675,CCTV,서울특별시 동대문구 장한로17길 13-10,37.5669,127.067,주변지역_추가본
202630500000800680,CCTV,서울특별시 동대문구 장한로16길 16,37.5667,127.069,주변지역_추가본
202630500000800200,CCTV,서울특별시 동대문구 답십리로56길21,37.5701,127.06,주변지역_추가본
202630500000800803,CCTV,서울특별시 동대문구 답십리로 304,37.5715,127.074,주변지역_추가본
202630500000800760,CCTV,서울특별시 동대문구 한천로10길 22,37.5658,127.062,주변지역_추가본
202630500000800192,CCTV,서울특별시 동대문구 황물로17길 24,37.5649,127.059,주변지역_추가본
202630500000800208,CCTV,서울특별시 동대문구 황물로17길 27,37.565,127.059,주변지역_추가본
202630500000800684,CCTV,서울특별시 동대문구 천호대로85길 28,37.5631,127.066,주변지역_추가본
202630500000800701,CCTV,서울특별시 동대문구 장한로5가길 31,37.5668,127.064,주변지역_추가본
202630500000800179,CCTV,서울특별시 동대문구 전농로4길 49,37.5672,127.058,주변지역_추가본
202630500000800667,CCTV,서울특별시 동대문구 답십리로68길 97,37.5682,127.067,주변지역_추가본
202630500000800703,CCTV,서울특별시 동대문구 답십리로66길 3,37.5724,127.068,주변지역_추가본
202630500000800740,CCTV,서울특별시 동대문구 장한로2길 8,37.562,127.065,주변지역_추가본
202630500000800883,CCTV,서울특별시 동대문구 답십리로69길 11,37.5729,127.073,주변지역_추가본
202630500000800216,CCTV,서울특별시 동대문구 답십리로48다길 16,37.5694,127.058,주변지역_추가본
202630500000800177,CCTV,서울특별시 동대문구 전농로4길 49,37.5669,127.058,주변지역_추가본
202630500000800284,CCTV,서울특별시 동대문구 답십리동 산2-1,37.5717,127.062,주변지역_추가본
202630500000800736,CCTV,서울특별시 동대문구 한천로8길 15,37.5648,127.061,주변지역_추가본
202630500000800671,CCTV,서울특별시 동대문구 장한로10길 51,37.5643,127.07,주변지역_추가본
202630500000800729,CCTV,서울특별시 동대문구 답십리로66길 44-5,37.5707,127.067,주변지역_추가본
202630500000800689,CCTV,서울특별시 동대문구 한천로6가길 3,37.564,127.06,주변지역_추가본
202630500000800810,CCTV,서울특별시 동대문구 장한로20길 26,37.5681,127.07,주변지역_추가본
202630500000800841,CCTV,서울특별시 동대문구 장한로26나길 51,37.5693,127.071,주변지역_추가본
202630500000800688,CCTV,서울특별시 동대문구 한천로 72-35,37.5679,127.063,주변지역_추가본
202630500000800652,CCTV,서울특별시 동대문구 장한로2길 41,37.5619,127.067,주변지역_추가본
202630500000800240,CCTV,서울특별시 동대문구 황물로15길 10-6,37.5651,127.057,주변지역_추가본
202630500000800758,CCTV,서울특별시 동대문구 장안벚꽃로 67,37.5663,127.073,주변지역_추가본
202630500000800187,CCTV,서울특별시 동대문구 답십리로51길 3-10,37.5737,127.058,주변지역_추가본
202630500000800761,CCTV,서울특별시 동대문구 한천로 36,37.5652,127.06,주변지역_추가본
202630500000800750,CCTV,서울특별시 동대문구 장안동 24-1,37.5674,127.075,주변지역_추가본
202630500000800176,CCTV,서울특별시 동대문구 전농로4길 49,37.5666,127.059,주변지역_추가본
202630500000800243,CCTV,서울특별시 동대문구 답십리로56길 77-6,37.5694,127.059,주변지역_추가본
202630500000800194,CCTV,서울특별시 동대문구 답십리로58길 52,37.5722,127.058,주변지역_추가본
202630500000800743,CCTV,서울특별시 동대문구 천호대로79길 49,37.5648,127.063,주변지역_추가본
202630500000800214,CCTV,서울특별시 동대문구 한천로11다길 78,37.5683,127.059,주변지역_추가본
202630500000800281,CCTV,서울특별시 동대문구 답십리동 산2-1,37.571,127.06,주변지역_추가본
202630500000800223,CCTV,서울특별시 동대문구 답십리로48나길 12,37.5698,127.058,주변지역_추가본
202630500000800894,CCTV,서울특별시 동대문구 장한로28가길 17,37.5737,127.072,주변지역_추가본
202630500000800662,CCTV,서울특별시 동대문구 장한로17길 20,37.568,127.067,주변지역_추가본
202630500000800749,CCTV,서울특별시 동대문구 장안동 24-2,37.5663,127.074,주변지역_추가본
202630500000800753,CCTV,서울특별시 동대문구 장한로6길 37(카페시월 앞 사거리),37.5629,127.068,주변지역_추가본
202630500000800233,CCTV,서울특별시 동대문구 전농로4가길8,37.5668,127.058,주변지역_추가본
202630500000800890,CCTV,서울특별시 동대문구 장한로26가길 53,37.5694,127.07,주변지역_추가본
202630500000800659,CCTV,서울특별시 동대문구 장안동 190-62,37.5677,127.063,주변지역_추가본
202630500000800184,CCTV,서울특별시 동대문구 답십리로51길 3-10,37.5734,127.058,주변지역_추가본
202630500000800683,CCTV,서울특별시 동대문구 장한로 34,37.5638,127.066,주변지역_추가본
202630500000800273,CCTV,서울특별시 동대문구 답십리동 산2-1,37.5719,127.061,주변지역_추가본
202630500000800207,CCTV,서울특별시 동대문구 전농로 70,37.571,127.057,주변지역_추가본
202630500000800655,CCTV,서울특별시 동대문구 한천로2길 78,37.5624,127.063,주변지역_추가본
202630500000800727,CCTV,서울특별시 동대문구 천호대로77길 10,37.5627,127.061,주변지역_추가본
202630500000800696,CCTV,서울특별시 동대문구 한천로24길 47-2,37.5697,127.067,주변지역_추가본
202630500000800196,CCTV,서울특별시 동대문구 한천로17길 10,37.5697,127.063,주변지역_추가본
202630500000800222,CCTV,서울특별시 동대문구 답십리로56길 89,37.5684,127.058,주변지역_추가본
202630500000800716,CCTV,서울특별시 동대문구 장안동 164-1,37.57,127.065,주변지역_추가본
202630500000800189,CCTV,서울특별시 동대문구 답십리동 998-1,37.567,127.057,주변지역_추가본
202630500000800779,CCTV,서울특별시 동대문구 장한로26나길 6,37.5715,127.072,주변지역_추가본
202630500000800148,CCTV,서울특별시 동대문구 전농로 81,37.5723,127.057,주변지역_추가본
202630500000800819,CCTV,서울특별시 동대문구 답십리로69길 11,37.5729,127.074,주변지역_추가본
202630500000800271,CCTV,서울특별시 동대문구 답십리동 산2-1,37.5726,127.061,주변지역_추가본
202630500000800723,CCTV,서울특별시 동대문구 답십리로64길 135,37.5672,127.064,주변지역_추가본
202630500000800285,CCTV,서울특별시 동대문구 답십리동 산2-1,37.5724,127.063,주변지역_추가본
202630500000800745,CCTV,서울특별시 동대문구 천호대로95길 16,37.5625,127.07,주변지역_추가본
202630500000800666,CCTV,서울특별시 동대문구 답십리로68길24,37.5714,127.069,주변지역_추가본
202630500000800252,CCTV,서울특별시 동대문구 답십리동 산2-1,37.5733,127.061,주변지역_추가본
202630500000800721,CCTV,서울특별시 동대문구 천호대로77다길 11-18,37.5663,127.064,주변지역_추가본
202630500000800678,CCTV,서울특별시 동대문구 천호대로83길 46,37.5642,127.065,주변지역_추가본
202630500000800705,CCTV,서울특별시 동대문구 천호대로89길 58,37.564,127.069,주변지역_추가본
202630500000800249,CCTV,서울특별시 동대문구 답십리동 2-299,37.5717,127.062,주변지역_추가본
202630500000800885,CCTV,서울특별시 동대문구 장한로24길 27,37.5704,127.072,주변지역_추가본
202630500000800293,CCTV,서울특별시 동대문구 답십리로56길125,37.5678,127.058,주변지역_추가본
202630500000800182,CCTV,서울특별시 동대문구 답십리로51길 3-10,37.5731,127.058,주변지역_추가본
202630500000800274,CCTV,서울특별시 동대문구 답십리동 산2-1,37.5717,127.062,주변지역_추가본
202630500000800763,CCTV,서울특별시 동대문구 천호대로97길 68,37.5633,127.072,주변지역_추가본
202630500000800185,CCTV,서울특별시 동대문구 답십리로51길 3-10,37.5732,127.057,주변지역_추가본
202630500000800882,CCTV,서울특별시 동대문구 장한로26길 27,37.5715,127.072,주변지역_추가본
202630500000800724,CCTV,서울특별시 동대문구 천호대로79길26,37.5637,127.063,주변지역_추가본
202630500000800663,CCTV,서울특별시 동대문구 답십리로68길 52-4,37.5703,127.068,주변지역_추가본
202630500000800796,CCTV,서울특별시 동대문구 장한로26나길 51,37.5691,127.071,주변지역_추가본
202630500000800286,CCTV,서울특별시 동대문구 한천로 17,37.5643,127.059,주변지역_추가본
202630500000800212,CCTV,서울특별시 동대문구 황물로15다길 17,37.5656,127.059,주변지역_추가본
202630500000800681,CCTV,서울특별시 동대문구 장한로 76,37.5676,127.068,주변지역_추가본
202630500000800219,CCTV,서울특별시 동대문구 답십리로52길 50-1,37.5706,127.058,주변지역_추가본
202630500000800709,CCTV,서울특별시 동대문구 한천로10길 55,37.5668,127.063,주변지역_추가본
202630500000800700,CCTV,서울특별시 동대문구 한천로26길 12-13,37.5713,127.066,주변지역_추가본
202630500000800661,CCTV,서울특별시 동대문구 장안동 386,37.5717,127.068,주변지역_추가본
202630500000800748,CCTV,서울특별시 동대문구 장안동 481-3,37.5715,127.077,주변지역_추가본
202630500000800231,CCTV,서울특별시 동대문구 답십리로 219-4,37.5729,127.064,주변지역_추가본
202630500000800764,CCTV,서울특별시 동대문구 장한로26길67,37.5713,127.074,주변지역_추가본
202630500000800794,CCTV,서울특별시 동대문구 장한로 120,37.5708,127.071,주변지역_추가본
202630500000800228,CCTV,서울특별시 동대문구 전농로2가길 12,37.5672,127.057,주변지역_추가본
202630500000800203,CCTV,서울특별시 동대문구 답십리로52길 34,37.5713,127.058,주변지역_추가본
202630500000800731,CCTV,서울특별시 동대문구 천호대로81길 32,37.5637,127.064,주변지역_추가본
202630500000800726,CCTV,서울특별시 동대문구 한천로 10,37.5635,127.058,주변지역_추가본
202630500000800290,CCTV,서울특별시 동대문구 한천로 59,37.567,127.062,주변지역_추가본
202630500000800735,CCTV,서울특별시 동대문구 답십리로66길 75,37.5693,127.066,주변지역_추가본
202630500000800811,CCTV,서울특별시 동대문구 장한로 106,37.5697,127.07,주변지역_추가본
202630500000800756,CCTV,서울특별시 동대문구 한천로14길 29-21,37.5678,127.065,주변지역_추가본
202630500000800699,CCTV,서울특별시 동대문구 천호대로97길 61,37.5637,127.071,주변지역_추가본
202630500000800734,CCTV,서울특별시 동대문구 장한로9길 8,37.5657,127.066,주변지역_추가본
202630500000800854,CCTV,서울특별시 동대문구 장한로27길 46,37.5732,127.068,주변지역_추가본
202630500000800762,CCTV,서울특별시 동대문구 답십리로72길 36,37.5703,127.073,주변지역_추가본
202630500000800839,CCTV,서울특별시 동대문구 한천로30길 27,37.5736,127.068,주변지역_추가본
202630500000800713,CCTV,서울특별시 동대문구 장한로10길 9,37.5653,127.068,주변지역_추가본
202630500000800877,CCTV,서울특별시 동대문구 답십리로 297,37.5723,127.073,주변지역_추가본
202630500000800227,CCTV,서울특별시 동대문구 답십리로48길 68,37.5697,127.057,주변지역_추가본
202630500000800697,CCTV,서울특별시 동대문구 한천로2길 78,37.5624,127.063,주변지역_추가본
202630500000800728,CCTV,서울특별시 동대문구 장한로 3,37.5622,127.064,주변지역_추가본
202630500000800694,CCTV,서울특별시 동대문구 장한평26다길 115-5,37.5664,127.071,주변지역_추가본
202630500000800889,CCTV,서울특별시 동대문구 장한로 110,37.5702,127.07,주변지역_추가본
202630500000800798,CCTV,서울특별시 동대문구 장한로22길 44-22,37.5682,127.072,주변지역_추가본
202630500000800193,CCTV,서울특별시 동대문구 답십리동 41-1,37.5724,127.061,주변지역_추가본
202630500000800180,CCTV,서울특별시 동대문구 전농로4길 49,37.5674,127.057,주변지역_추가본
202630500000800741,CCTV,서울특별시 동대문구 답십리로66길 57-10,37.5704,127.067,주변지역_추가본
202630500000800651,CCTV,서울특별시 동대문구 천호대로85길 28,37.5631,127.066,주변지역_추가본
202630500000800864,CCTV,서울특별시 동대문구 면먹동 727-65,37.5735,127.077,주변지역_추가본
202630500000800210,CCTV,서울특별시 동대문구 한천로11길 51,37.5669,127.059,주변지역_추가본
202630500000800649,CCTV,서울특별시 동대문구 천호대로83길 46,37.5642,127.065,주변지역_추가본
202630500000800197,CCTV,서울특별시 동대문구 답십리로48라길 1,37.5691,127.057,주변지역_추가본
202630500000800813,CCTV,서울특별시 동대문구 장한로27길 11,37.573,127.07,주변지역_추가본
202630500000800251,CCTV,서울특별시 동대문구 답십리동 2-299,37.5716,127.061,주변지역_추가본
202630500000800656,CCTV,서울특별시 동대문구 장안벚꽃로 77,37.5675,127.074,주변지역_추가본
202630500000800664,CCTV,서울특별시 동대문구 천호대로77다길 20,37.5654,127.064,주변지역_추가본
202630500000800277,CCTV,서울특별시 동대문구 답십리동 산2-1,37.5717,127.061,주변지역_추가본
202630500000800229,CCTV,서울특별시 동대문구 황물로15길 25,37.5667,127.057,주변지역_추가본
202630500000800669,CCTV,서울특별시 동대문구 장한로 6,37.5621,127.065,주변지역_추가본
202630500000800692,CCTV,서울특별시 동대문구 한천로6길 36,37.5634,127.061,주변지역_추가본
202630500000800757,CCTV,서울특별시 동대문구 답십리로 64길 111,37.5683,127.064,주변지역_추가본
202630500000800280,CCTV,서울특별시 동대문구 답십리동 산2-1,37.5709,127.061,주변지역_추가본
202630500000800276,CCTV,서울특별시 동대문구 답십리동 산2-1,37.5714,127.061,주변지역_추가본
202630500000800205,CCTV,서울특별시 동대문구 한천로 55,37.567,127.061,주변지역_추가본
202630500000800665,CCTV,서울특별시 동대문구 한천로14길 55-6,37.5673,127.065,주변지역_추가본
202630500000800260,CCTV,서울특별시 동대문구 답십리로60길 122,37.568,127.062,주변지역_추가본
202630500000800660,CCTV,서울특별시 동대문구 천호대로77다길 20,37.5653,127.064,주변지역_추가본
202630500000800769,CCTV,서울특별시 동대문구 한천로6길 21,37.5641,127.06,주변지역_추가본
202630500000800722,CCTV,서울특별시 동대문구 천호대로87길 14,37.5625,127.067,주변지역_추가본
202630500000800672,CCTV,서울특별시 동대문구 장한로 119,37.5709,127.07,주변지역_추가본
202630500000800230,CCTV,서울특별시 동대문구 답십리로48라길 12,37.5691,127.058,주변지역_추가본
202630500000800754,CCTV,서울특별시 동대문구 한천로18길 32,37.5684,127.065,주변지역_추가본
202630500000800698,CCTV,서울특별시 동대문구 장한로8길 84,37.5627,127.071,주변지역_추가본
202630500000800807,CCTV,서울특별시 동대문구 장한로24길 40,37.5701,127.072,주변지역_추가본
202630500000800768,CCTV,서울특별시 동대문구 장한로 119,37.5717,127.069,주변지역_추가본
202630500000800191,CCTV,서울특별시 동대문구 답십리동 산41-4,37.5702,127.06,주변지역_추가본
202630500000800693,CCTV,서울특별시 동대문구 장한로14길 62,37.5653,127.071,주변지역_추가본
202630500000800654,CCTV,서울특별시 동대문구 천호대로87길 48,37.5637,127.068,주변지역_추가본
202630500000800116,CCTV,서울특별시 동대문구 전농로 75,37.5714,127.057,주변지역_추가본
202630500000800234,CCTV,서울특별시 동대문구 답십리로58길8,37.5723,127.06,주변지역_추가본
202630500000800178,CCTV,서울특별시 동대문구 전농로4길 49,37.5671,127.058,주변지역_추가본
202630500000800759,CCTV,서울특별시 동대문구 한천로4길8,37.5636,127.058,주변지역_추가본
202630500000800679,CCTV,서울특별시 동대문구 장한로 60,37.5664,127.068,주변지역_추가본
202630500000800257,CCTV,서울특별시 동대문구 답십리동 19-7,37.5667,127.059,주변지역_추가본
202630500000800195,CCTV,서울특별시 동대문구 답십리로48나길 21,37.5698,127.058,주변지역_추가본
202630500000800211,CCTV,서울특별시 동대문구 답십리로48나길 17-11,37.5704,127.058,주변지역_추가본
202630500000800250,CCTV,서울특별시 동대문구 답십리동 2-299,37.5722,127.063,주변지역_추가본
202630500000800272,CCTV,서울특별시 동대문구 답십리동 산2-1,37.5725,127.062,주변지역_추가본
202630500000800712,CCTV,서울특별시 동대문구 장한로6길 10,37.5635,127.066,주변지역_추가본
202630500000800893,CCTV,서울특별시 동대문구 장한로26다길 77,37.5683,127.071,주변지역_추가본
202630500000800733,CCTV,서울특별시 동대문구 장한로21길 11-12,37.569,127.068,주변지역_추가본
202630500000800673,CCTV,서울특별시 동대문구 장한로23길 11-11,37.5701,127.069,주변지역_추가본
202630500000800226,CCTV,서울특별시 동대문구 답십리로48길 38,37.5711,127.057,주변지역_추가본
202630500000800202,CCTV,서울특별시 동대문구 답십리로56길 124,37.5678,127.057,주변지역_추가본
202630500000800279,CCTV,서울특별시 동대문구 답십리동 산2-1,37.5711,127.061,주변지역_추가본
202630500000800752,CCTV,서울특별시 동대문구 장한로 91,37.569,127.069,주변지역_추가본
202630500000800225,CCTV,서울특별시 동대문구 답십리로48길 24,37.5717,127.057,주변지역_추가본
202630500000800670,CCTV,서울특별시 동대문구 천호대로85길 56,37.5641,127.067,주변지역_추가본
202630500000800258,CCTV,서울특별시 동대문구 답십리동 990-5,37.5702,127.06,주변지역_추가본
202630500000800295,CCTV,서울특별시 동대문구 답십리로60길 40,37.5711,127.064,주변지역_추가본
202630500000800868,CCTV,서울특별시 동대문구 장한로 144,37.573,127.072,주변지역_추가본
202630500000800221,CCTV,서울특별시 동대문구 답십리로60길 40,37.5711,127.064,주변지역_추가본
202630500000800747,CCTV,서울특별시 동대문구 장안동 336,37.5691,127.075,주변지역_추가본
202630500000800186,CCTV,서울특별시 동대문구 답십리로51길 3-10,37.5733,127.057,주변지역_추가본
202630500000800674,CCTV,서울특별시 동대문구 장한로17길 8,37.5677,127.067,주변지역_추가본
202630500000800690,CCTV,서울특별시 동대문구 천호대로87길 48,37.5637,127.068,주변지역_추가본
202630500000800704,CCTV,서울특별시 동대문구 답십리로 320-1,37.5719,127.075,주변지역_추가본
202630500000800695,CCTV,서울특별시 동대문구 한천로18길 14-9,37.5685,127.064,주변지역_추가본
202630500000800718,CCTV,서울특별시 동대문구 답십리로72길 158,37.5671,127.07,주변지역_추가본
202630500000800244,CCTV,서울특별시 동대문구 답십리로56길 56,37.5704,127.059,주변지역_추가본
202630500000800238,CCTV,서울특별시 동대문구 전농로4길 7,37.5676,127.057,주변지역_추가본
202630500000800865,CCTV,서울특별시 동대문구 장안동 7-16,37.5718,127.077,주변지역_추가본
202630500000800742,CCTV,서울특별시 동대문구 한천로6길 47,37.5632,127.061,주변지역_추가본
202630500000800708,CCTV,서울특별시 동대문구 한천로24길 21,37.5704,127.066,주변지역_추가본
202630500000800232,CCTV,서울특별시 동대문구 황물로15다길 11,37.5659,127.059,주변지역_추가본
202630500000800859,CCTV,서울특별시 동대문구 장안동 7-16,37.5717,127.077,주변지역_추가본
202630500000800732,CCTV,서울특별시 동대문구 장한로6길 69,37.5621,127.069,주변지역_추가본
202630500000800691,CCTV,서울특별시 동대문구 답십리로66길 30,37.5714,127.067,주변지역_추가본
202630500000800183,CCTV,서울특별시 동대문구 답십리로51길 3-10,37.5733,127.058,주변지역_추가본
202630500000800739,CCTV,서울특별시 동대문구 천호대로77길 104,37.5661,127.063,주변지역_추가본
202630500000800707,CCTV,서울특별시 동대문구 장한로18길 82-14,37.5678,127.073,주변지역_추가본
202630500000800858,CCTV,서울특별시 동대문구 장한로28길 56,37.5728,127.075,주변지역_추가본
202630500000800809,CCTV,서울특별시 동대문구 장한로26길 24,37.5715,127.072,주변지역_추가본
202630500000800719,CCTV,서울특별시 동대문구 한천로14길 53,37.5668,127.065,주변지역_추가본
202630500000800255,CCTV,서울특별시 동대문구 전농로 38,37.5683,127.057,주변지역_추가본
202630500000800715,CCTV,서울특별시 동대문구 답십리로66길 105,37.5683,127.065,주변지역_추가본
202630500000800746,CCTV,서울특별시 동대문구 장안동 354-2,37.5646,127.073,주변지역_추가본
202630500000800744,CCTV,서울특별시 동대문구 장한로9길 22,37.5659,127.065,주변지역_추가본
202630500000800805,CCTV,서울특별시 동대문구 답십리로 239-12,37.5732,127.067,주변지역_추가본
202630500000800725,CCTV,서울특별시 동대문구 한천로20길8-12,37.569,127.064,주변지역_추가본
202630500000800830,CCTV,서울특별시 동대문구 장한로27길 36,37.5732,127.069,주변지역_추가본
202630500000800241,CCTV,서울특별시 동대문구 답십리로50길 24,37.5717,127.058,주변지역_추가본
202630500000800215,CCTV,서울특별시 동대문구 답십리로52길 9,37.5723,127.058,주변지역_추가본
202630500000800206,CCTV,서울특별시 동대문구 한천로15길 20-7,37.5685,127.062,주변지역_추가본
202630500000800751,CCTV,서울특별시 동대문구 장안동 164-1,37.5699,127.065,주변지역_추가본
202630500000800204,CCTV,서울특별시 동대문구 답십리로60길 6,37.5723,127.065,주변지역_추가본
202630500000800256,CCTV,서울특별시 동대문구 답십리동 14-11,37.5665,127.059,주변지역_추가본
202630500000800717,CCTV,서울특별시 동대문구 천호대로93길 56,37.5631,127.07,주변지역_추가본
202630500000800765,CCTV,서울특별시 동대문구 장한로18길 88,37.568,127.074,주변지역_추가본
202630500000800236,CCTV,서울특별시 동대문구 답십리로57길 3-2,37.5731,127.06,주변지역_추가본
202630500000800767,CCTV,서울특별시 동대문구 장안로 88,37.5682,127.069,주변지역_추가본
202630500000800288,CCTV,서울특별시 동대문구 황물로 185-1,37.5643,127.058,주변지역_추가본
202630500000800793,CCTV,서울특별시 동대문구 답십리로69길 27,37.5729,127.072,주변지역_추가본
202630500000800714,CCTV,서울특별시 동대문구 한천로26길 43,37.5711,127.068,주변지역_추가본
202630500000800668,CCTV,서울특별시 동대문구 장한로2길 85,37.5615,127.07,주변지역_추가본
202630500000800150,CCTV,서울특별시 동대문구 전농로 97-1,37.5736,127.057,주변지역_추가본
202630500000800650,CCTV,서울특별시 동대문구 한천로2길 16,37.563,127.059,주변지역_추가본
202630500000800778,CCTV,서울특별시 동대문구 장안동 348,37.5678,127.071,주변지역_추가본
202630500000800653,CCTV,서울특별시 동대문구 한천로6가길 3,37.564,127.06,주변지역_추가본
202630500000800706,CCTV,서울특별시 동대문구 답십리로66길 75-4,37.5691,127.067,주변지역_추가본
202630500000800294,CCTV,서울특별시 동대문구 황물로15길28,37.5659,127.058,주변지역_추가본
202630500000800710,CCTV,서울특별시 동대문구 한천로 72-22,37.5684,127.064,주변지역_추가본
202630500000800685,CCTV,서울특별시 동대문구 장한로2길 41,37.5619,127.067,주변지역_추가본
202630500000800720,CCTV,서울특별시 동대문구 한천로26길 23,37.5716,127.067,주변지역_추가본
202630500000800770,CCTV,서울특별시 동대문구 장한로14길 28,37.566,127.069,주변지역_추가본
202630500000800218,CCTV,서울특별시 동대문구 답십리로56길 32,37.5713,127.059,주변지역_추가본
202630500000800737,CCTV,서울특별시 동대문구 천호대로83길 72,37.5651,127.066,주변지역_추가본
202630500000800676,CCTV,서울특별시 동대문구 천호대로77길 62,37.5644,127.062,주변지역_추가본
202630500000800282,CCTV,서울특별시 동대문구 답십리동 산2-1,37.571,127.06,주변지역_추가본
202630500000800797,CCTV,서울특별시 동대문구 장한로26다길 55길,37.5691,127.072,주변지역_추가본
202630600000802301,CCTV,서울특별시 중랑구 용마산로36길 13,37.5708519,127.0868392,주변지역_추가본
202630600000803035,CCTV,서울특별시 중랑구 답십리로83길 22,37.5722381,127.084504,주변지역_추가본
202630600000803570,CCTV,서울특별시 중랑구 답십리로75길 36,37.573251,127.0812431,주변지역_추가본
202630600000803310,CCTV,,37.5726812,127.0880536,주변지역_추가본
202630600000803732,CCTV,서울특별시 중랑구 면목로23길 32,37.573433,127.0824694,주변지역_추가본
202630600000802844,CCTV,서울특별시 중랑구 답십리로77길 25,37.572611,127.0815775,주변지역_추가본
202630600000803307,CCTV,,37.5727946,127.0904031,주변지역_추가본
202630600000803863,CCTV,서울특별시 중랑구 면목로21길 5-5,37.5720015,127.0831682,주변지역_추가본
202630600000803623,CCTV,서울특별시 중랑구 답십리로85길 15,37.5717747,127.0847702,주변지역_추가본
202630600000802314,CCTV,서울특별시 중랑구 답십리로75길 36,37.5732956,127.0810165,주변지역_추가본
202630600000802719,CCTV,서울특별시 중랑구 용마산로 250-12,37.572998,127.0915451,주변지역_추가본
202630600000802317,CCTV,서울특별시 중랑구 답십리로87길 6,37.571209,127.085228,주변지역_추가본
202630600000802949,CCTV,서울특별시 중랑구 용마산로 250-12,37.5732733,127.0889262,주변지역_추가본
202630600000803694,CCTV,서울특별시 중랑구 답십리로77길 28-31,37.5731366,127.0830538,주변지역_추가본
202630600000804013,CCTV,서울특별시 중랑구 면목로23길 23,37.5734291,127.0830917,주변지역_추가본
202630600000803034,CCTV,서울특별시 중랑구 용마산로 209,37.5719542,127.0855096,주변지역_추가본
202630600000803620,CCTV,서울특별시 중랑구 답십리로81길 10,37.5719327,127.0829358,주변지역_추가본
202630600000803290,CCTV,서울특별시 중랑구 용마산로250-12,37.57285,127.0898664,주변지역_추가본
202630600000803520,CCTV,서울특별시 중랑구 답십리로81길 52,37.5736427,127.0838318,주변지역_추가본
202630600000804007,CCTV,서울특별시 중랑구 용마산로 209,37.5716372,127.0862617,주변지역_추가본
202630600000802291,CCTV,서울특별시 중랑구 용마산로40길 28,37.5717901,127.0878337,주변지역_추가본
202630600000802296,CCTV,서울특별시 중랑구 답십리로77길 6,37.5720472,127.0815917,주변지역_추가본
202630600000802845,CCTV,서울특별시 중랑구 면목로 223,37.5730629,127.0841827,주변지역_추가본
202630600000802302,CCTV,서울특별시 중랑구 면목로21길 47,37.5725563,127.0810648,주변지역_추가본
202630600000803016,CCTV,,37.572867,127.0857223,주변지역_추가본
202630600000802657,CCTV,서울특별시 중랑구 용마산로 202,37.571725,127.0862751,주변지역_추가본
202630600000802716,CCTV,서울특별시 중랑구 답십리로81길 35,37.5730437,127.0831953,주변지역_추가본
202630600000803679,CCTV,서울특별시 중랑구 용마산로40길 27-9,37.5722198,127.0877564,주변지역_추가본
202630600000802295,CCTV,서울특별시 중랑구 답십리로77길 38,37.5732994,127.0816727,주변지역_추가본
202630600000802656,CCTV,서울특별시 중랑구 답십리로 381,37.571513,127.0827117,주변지역_추가본
202630600000802300,CCTV,서울특별시 중랑구 면목로24길 10,37.572844,127.0847776,주변지역_추가본
202630600000802288,CCTV,서울특별시 중랑구 답십리로81길 35,37.5725367,127.0832462,주변지역_추가본
202630600000803233,CCTV,서울특별시 중랑구 면목4동 산 1-4,37.5732824,127.0903296,주변지역_추가본
202630600000803619,CCTV,서울특별시 중랑구 답십리로83길 9,37.5717824,127.0841227,주변지역_추가본
202630600000803722,CCTV,서울특별시 중랑구 면목로23길 40,37.5733632,127.0820218,주변지역_추가본
202630600000802311,CCTV,서울특별시 중랑구 답십리로 377,37.5715485,127.0822678,주변지역_추가본
202630600000803309,CCTV,,37.5724994,127.0887662,주변지역_추가본
202630600000802315,CCTV,서울특별시 중랑구 면목로23길 23,37.5734291,127.0830917,주변지역_추가본
202630600000802973,CCTV,서울특별시 중랑구 용마산로 217,37.5734084,127.0863714,주변지역_추가본
202630600000803119,CCTV,,37.5717942,127.0864134,주변지역_추가본
202630600000802305,CCTV,서울특별시 중랑구 답십리로77길 28-26,37.5729482,127.0826759,주변지역_추가본
202630600000804093,CCTV,,37.5721323,127.0790614,주변지역_추가본
202630600000803308,CCTV,,37.5724115,127.0893629,주변지역_추가본
202630600000802313,CCTV,서울특별시 중랑구 답십리로 405,37.5710793,127.08535,주변지역_추가본
202630600000802720,CCTV,서울특별시 중랑구 용마산로 250-12,37.573021,127.0913011,주변지역_추가본
202630600000802919,CCTV,서울특별시 중랑구 답십리로 365,37.5717178,127.0809043,주변지역_추가본
202630600000802921,CCTV,서울특별시 중랑구 용마산로40길 20,37.5717648,127.0871824,주변지역_추가본
202630600000803289,CCTV,서울특별시 중랑구 용마산로250-12,37.5729949,127.0888888,주변지역_추가본
202632200000802437,CCTV,,37.5228,127.0569,주변지역_추가본
202632200000802547,CCTV,,37.5231,127.0583,주변지역_추가본
202632200000800411,CCTV,서울특별시 강남구 학동로 607,37.5231,127.0594,주변지역_추가본
202632200000800417,CCTV,서울특별시 강남구 자곡로 16,37.5236,127.0585,주변지역_추가본
202632300000801855,CCTV,,37.53588,127.11139,주변지역_추가본
202632300000801856,CCTV,서울특별시 송파구 올림픽로43길 88,37.52495,127.10543,주변지역_추가본
202632300000801857,CCTV,서울특별시 송파구 올림픽로43길 88,37.52512,127.10496,주변지역_추가본
202632300000801858,CCTV,서울특별시 송파구 올림픽로43길 88,37.52458,127.10576,주변지역_추가본
202632300000801854,CCTV,서울특별시 송파구 올림픽로 43길 88,37.52465,127.10533,주변지역_추가본
202632300000801859,CCTV,서울특별시 송파구 올림픽로43길 88,37.52466,127.10616,주변지역_추가본
202632300000801860,CCTV,서울특별시 송파구 올림픽로43길 88,37.52438,127.10579,주변지역_추가본
202632300000801861,CCTV,,37.52891,127.10807,주변지역_추가본
202632300000801862,CCTV,,37.52926,127.10759,주변지역_추가본
202632300000801863,CCTV,,37.52334,127.10429,주변지역_추가본
202632300000801864,CCTV,,37.52333,127.10571,주변지역_추가본
202632300000801784,CCTV,,37.53606,127.1137,주변지역_추가본
202632300000801785,CCTV,,37.53587,127.11321,주변지역_추가본
202632300000801786,CCTV,,37.53572,127.11346,주변지역_추가본
202632300000801787,CCTV,,37.53555,127.11316,주변지역_추가본
202632300000801788,CCTV,,37.53538,127.1137,주변지역_추가본
202632300000801789,CCTV,,37.53572,127.11393,주변지역_추가본
202632300000801790,CCTV,,37.5357,127.1145,주변지역_추가본
202632300000801791,CCTV,,37.53521,127.11434,주변지역_추가본
202632300000801969,CCTV,,37.52367,127.10342,주변지역_추가본
202632300000801966,CCTV,서울특별시 송파구 오금로2길 22,37.52368,127.10334,주변지역_추가본
202632300000801970,CCTV,,37.52376,127.11335,주변지역_추가본
202632300000801971,CCTV,,37.52409,127.1139,주변지역_추가본
202632300000801792,CCTV,,37.53571,127.11508,주변지역_추가본
202632300000801793,CCTV,,37.53524,127.11498,주변지역_추가본
202632300000801796,CCTV,,37.5278,127.11421,주변지역_추가본
202632300000801797,CCTV,,37.52791,127.11438,주변지역_추가본
202632300000801798,CCTV,,37.52806,127.11461,주변지역_추가본
202632300000801799,CCTV,,37.52817,127.11477,주변지역_추가본
202632300000801800,CCTV,,37.52848,127.11462,주변지역_추가본
202632300000801801,CCTV,,37.5283,127.1145,주변지역_추가본
202632300000801967,CCTV,서울특별시 송파구 오금로2길 22,37.52412,127.10171,주변지역_추가본
202632300000801962,CCTV,서울특별시 송파구 올림픽로 39길 20,37.52405,127.11356,주변지역_추가본
202632300000801963,CCTV,서울특별시 송파구 올림픽로 39길 20,37.52381,127.11342,주변지역_추가본
202632300000801964,CCTV,서울특별시 송파구 오금로2길 22,37.52271,127.10288,주변지역_추가본
202632300000801959,CCTV,서울특별시 송파구 올림픽로39길 20,37.52355,127.11386,주변지역_추가본
202632300000801960,CCTV,서울특별시 송파구 오금로 1,37.52291,127.10276,주변지역_추가본
202632300000801596,CCTV,,37.52657,127.11504,주변지역_추가본
202632300000801597,CCTV,,37.52685,127.10724,주변지역_추가본
202632300000801598,CCTV,,37.52481,127.11106,주변지역_추가본
202632300000801600,CCTV,,37.52481,127.10727,주변지역_추가본
202632300000801601,CCTV,서울특별시 송파구 토성로 34,37.53023,127.11393,주변지역_추가본
202632300000801602,CCTV,서울특별시 송파구 강동대로 62,37.52698,127.11333,주변지역_추가본
202632300000801603,CCTV,서울특별시 송파구 올림픽로43길 26,37.52478,127.11432,주변지역_추가본
202632300000801604,CCTV,,37.52882,127.10895,주변지역_추가본
202632300000801607,CCTV,서울특별시 송파구 올림픽로43길,37.52486,127.11099,주변지역_추가본
202632300000801605,CCTV,,37.53046,127.11052,주변지역_추가본
202632300000801606,CCTV,,37.53004,127.11025,주변지역_추가본
202632300000801608,CCTV,,37.53165,127.11069,주변지역_추가본
202632300000801612,CCTV,,37.52481,127.10834,주변지역_추가본
202632300000801961,CCTV,서울특별시 송파구 올림픽로 39길 20,37.52379,127.11447,주변지역_추가본
202632300000801060,CCTV,서울특별시 송파구 강동대로2길 13,37.52608,127.11245,주변지역_추가본
202632300000801061,CCTV,서울특별시 송파구 강동대로 13(아산병원어린이집),37.52998,127.11028,주변지역_추가본
202632300000801062,CCTV,서울특별시 송파구 풍성로14길 30,37.53211,127.11515,주변지역_추가본
202632300000801066,CCTV,서울특별시 송파구 올림픽로51길 48,37.52994,127.11462,주변지역_추가본
202632300000801067,CCTV,서울특별시 송파구 풍성로14길 37,37.53249,127.1143,주변지역_추가본
202632300000801068,CCTV,서울특별시 송파구 토성로5길 5-1,37.53107,127.11332,주변지역_추가본
202632300000801069,CCTV,서울특별시 송파구 토성로5길 5-1,37.53107,127.11332,주변지역_추가본
202632300000801613,CCTV,서울특별시 송파구 강동대로 63,37.52709,127.11448,주변지역_추가본
202632300000801071,CCTV,서울특별시 송파구 토성로 26,37.53053,127.11329,주변지역_추가본
202632300000801016,CCTV,서울특별시 송파구 신천동 23 (제방),37.52315,127.11352,주변지역_추가본
202632300000801017,CCTV,서울특별시 송파구 신천동 22 (하천),37.52335,127.10431,주변지역_추가본
202632300000801246,CCTV,,37.52532,127.11511,주변지역_추가본
202632300000801245,CCTV,서울특별시 송파구 토성로 5,37.53223,127.11195,주변지역_추가본
202632300000801227,CCTV,서울특별시 송파구 올림픽로37길 109(후문),37.52303,127.10517,주변지역_추가본
202632300000801228,CCTV,서울특별시 송파구 올림픽로37길 109(후문),37.52303,127.10517,주변지역_추가본
202632300000801052,CCTV,서울특별시 송파구 풍성로20길 46-1,37.53134,127.11473,주변지역_추가본
202632300000801053,CCTV,서울특별시 송파구 풍성로14길 46,37.53291,127.11362,주변지역_추가본
202632300000801802,CCTV,,37.52822,127.11419,주변지역_추가본
202632300000801054,CCTV,서울특별시 송파구 풍성로14길 46,37.53291,127.11362,주변지역_추가본
202632300000801055,CCTV,서울특별시 송파구 강동대로3길 12,37.52797,127.11459,주변지역_추가본
202632300000801014,CCTV,서울특별시 송파구 올림픽로39길 20,37.52331,127.11487,주변지역_추가본
202632300000801011,CCTV,서울특별시 송파구 올림픽로33길 71(성내천 뚝방),37.52333,127.10723,주변지역_추가본
202632300000801012,CCTV,서울특별시 송파구 올림픽로 435,37.52321,127.1116,주변지역_추가본
202632300000801241,CCTV,서울특별시 송파구 한가람로10길 9,37.53448,127.1121,주변지역_추가본
202632300000801242,CCTV,서울특별시 송파구 한가람로10길 9,37.53448,127.1121,주변지역_추가본
202632300000801243,CCTV,서울특별시 송파구 한가람로10길 9,37.53448,127.1121,주변지역_추가본
202632300000801244,CCTV,서울특별시 송파구 토성로 5,37.53223,127.11195,주변지역_추가본
202632300000800056,CCTV,서울특별시 송파구 토성로 5,37.53251,127.11087,주변지역_추가본
202632300000800062,CCTV,서울특별시 송파구 풍성로6길 15,37.53396,127.11426,주변지역_추가본
202632300000800064,CCTV,서울특별시 송파구 토성로 5,37.53167,127.11208,주변지역_추가본
202632300000800067,CCTV,서울특별시 송파구 토성로 5,37.53322,127.11105,주변지역_추가본
202632300000800078,CCTV,,37.52453,127.11021,주변지역_추가본
202632300000800068,CCTV,서울특별시 송파구 토성로 5,37.53322,127.11105,주변지역_추가본
202632300000800070,CCTV,서울특별시 송파구 토성로 5,37.53322,127.11105,주변지역_추가본
202632300000800071,CCTV,서울특별시 송파구 토성로 5,37.53322,127.11105,주변지역_추가본
202632300000800072,CCTV,서울특별시 송파구 풍성로14길 51,37.53312,127.11278,주변지역_추가본
202632300000800073,CCTV,서울특별시 송파구 풍성로14길 51,37.53312,127.11278,주변지역_추가본
202632300000800077,CCTV,서울특별시 송파구 한가람로 406,37.53477,127.11179,주변지역_추가본
202632300000800079,CCTV,,37.52423,127.10371,주변지역_추가본
202632300000800054,CCTV,서울특별시 송파구 토성로7길 11,37.53142,127.11388,주변지역_추가본
202632300000800085,CCTV,서울특별시 송파구 풍납동 217-1 (도로),37.53498,127.11284,주변지역_추가본
202632300000800055,CCTV,서울특별시 송파구 토성로6길 7,37.53013,127.11273,주변지역_추가본
202632300000800057,CCTV,서울특별시 송파구 토성로 5,37.53251,127.11087,주변지역_추가본
202632300000800058,CCTV,서울특별시 송파구 토성로 5,37.53251,127.11087,주변지역_추가본
202632300000800059,CCTV,서울특별시 송파구 토성로 5,37.53251,127.11087,주변지역_추가본
202632300000800069,CCTV,서울특별시 송파구 토성로 5,37.53322,127.11105,주변지역_추가본
202632300000800060,CCTV,서울특별시 송파구 토성로 5,37.53251,127.11087,주변지역_추가본
202632300000800082,CCTV,서울특별시 송파구 토성로6길 14-1,37.53045,127.11185,주변지역_추가본
202632300000800087,CCTV,서울특별시 송파구 풍납동 240 (사적지),37.52875,127.11134,주변지역_추가본
202632300000800044,CCTV,서울특별시 송파구 풍성로4길 20,37.53383,127.11281,주변지역_추가본
202632300000800045,CCTV,서울특별시 송파구 한가람로12길 4,37.53494,127.11211,주변지역_추가본
202632300000800048,CCTV,서울특별시 송파구 강동대로 13(올림픽대교 아래),37.5291,127.10917,주변지역_추가본
202632300000801782,CCTV,,37.53604,127.11419,주변지역_추가본
202632300000801783,CCTV,,37.53639,127.11407,주변지역_추가본
202632300000800051,CCTV,서울특별시 송파구 강동대로 13,37.52822,127.11058,주변지역_추가본
202632300000800053,CCTV,,37.5329,127.11506,주변지역_추가본
202639800000800428,CCTV,,37.56336,127.11486,주변지역_추가본
202639800000800609,CCTV,,37.56192,127.11268,주변지역_추가본
202639800000800756,CCTV,,37.56248,127.11366,주변지역_추가본
202639800000800769,CCTV,,37.56102,127.11023,주변지역_추가본
F_0080_SJ00,비상벨,,37.5488,127.063085,주변지역_추가본
C_0877_SS23,비상벨,서울특별시 아차산로 120,37.544041,127.057404,주변지역_추가본
C_0090_SJ00,비상벨,서울특별시 동일로59길 7,37.5580291,127.0718688,주변지역_추가본
C_0578_SS21,비상벨,서울특별시 뚝섬로 11길 2,37.5383033,127.0575027,주변지역_추가본
P_0043_SS21,비상벨,서울특별시 연무장길 72,37.5418319,127.0573883,주변지역_추가본
C_0130_SS21,비상벨,서울특별시 둘레15길 20-21,37.5364685,127.0564193,주변지역_추가본
S_0017_SS23,비상벨,,37.547343,127.066756,주변지역_추가본
C_0594_SS23,비상벨,서울특별시 연무장13길 15,37.5431137,127.0586624,주변지역_추가본
C_0084_SS23,비상벨,서울특별시 아차산로15길 3,37.543457,127.0621109,주변지역_추가본
S_0020_SJ00,비상벨,,37.55517,127.071188,주변지역_추가본
C_0085_SS23,비상벨,서울특별시 아차산로13길 42,37.5467033,127.0621109,주변지역_추가본
C_0670_SS21,비상벨,서울특별시 둘레21길 17부근,37.5360336,127.0570526,주변지역_추가본
W_0035_SJ00,비상벨,서울특별시 송정6길 22,37.5486068,127.066574,주변지역_추가본
C_0175_SS21,비상벨,서울특별시 성수이로 72,37.5412788,127.056549,주변지역_추가본
C_0026_SS21,비상벨,서울특별시 뚝섬로 447,37.5380897,127.0598144,주변지역_추가본
C_0317_YD00,비상벨,서울특별시 자동차시장1길 39,37.5609397,127.0627822,주변지역_추가본
F_0069_SS23,비상벨,서울특별시 성수2가3동273-11,37.542028,127.060151,주변지역_추가본
C_0318_SJ00,비상벨,서울특별시 동일로 263-49,37.5553588,127.0705566,주변지역_추가본
G_0033_SJ00,비상벨,서울특별시 동일로57길 7 (송정동),37.5571975,127.0714797,주변지역_추가본
W_0038_SJ00,비상벨,서울특별시 동일로59가길 18,37.5586433,127.0725708,주변지역_추가본
C_0825_YD00,비상벨,서울특별시 자동차시장3길 1,37.5614929,127.057434,주변지역_추가본
C_0600_SS23,비상벨,서울특별시 성수이로22길 37,37.5438919,127.0608139,주변지역_추가본
C_0832_SS23,비상벨,서울특별시 아차산로17길 57,37.54704,127.0659,주변지역_추가본
C_0722_SS21,비상벨,서울특별시 성덕정길 144,37.5364341,127.0592727,주변지역_추가본
C_0137_SJ00,비상벨,서울특별시 동일로43길 6,37.5538215,127.0700378,주변지역_추가본
S_0005_SJ00,비상벨,,37.5482662,127.064072,주변지역_추가본
C_0031_SJ00,비상벨,,37.5523033,127.0685958,주변지역_추가본
C_0576_SS21,비상벨,서울특별시 뚝섬로17가길 20,37.539561,127.058914,주변지역_추가본
C_0083_SS23,비상벨,서울특별시 아차산로11길 18,37.5449523,127.0596389,주변지역_추가본
C_0681_SJ00,비상벨,서울특별시 송정12길 1,37.5500831,127.0655593,주변지역_추가본
W_0026_SJ00,비상벨,서울특별시 송정12길 22,37.5491102,127.0672847,주변지역_추가본
C_0296_SS21,비상벨,서울특별시 성덕정길 127,37.5368003,127.0571975,주변지역_추가본
C_0228_SS23,비상벨,서울특별시 아차산로11길 3,37.543888,127.0590209,주변지역_추가본
W_0018_SS21,비상벨,서울특별시 성덕정길 151,37.5364723,127.0600814,주변지역_추가본
G_0035_SJ00,비상벨,서울특별시 송정10길 15 (송정동),37.5492744,127.0665512,주변지역_추가본
C_0131_SS21,비상벨,서울특별시 성덕정21길 9,37.5375633,127.0569,주변지역_추가본
C_0246_YD00,비상벨,서울특별시 자동차시장1길 94-67,37.558773,127.0667495,주변지역_추가본
C_0386_SS21,비상벨,서울특별시 성수이로 16길 13,37.5409011,127.0577392,주변지역_추가본
C_0597_SS23,비상벨,서울특별시 연무장17길 14,37.5423088,127.0616989,주변지역_추가본
P_0081_SS23,비상벨,서울특별시 성수이로 147 (성수동2가),37.5478057,127.0578689,주변지역_추가본
C_0359_SJ00,비상벨,서울특별시 동일로43길 3-5,37.5535278,127.0697174,주변지역_추가본
S_0028_SJ00,비상벨,,37.552248,127.068594,주변지역_추가본
G_0027_SJ00,비상벨,서울특별시 송정14길 1-1 (송정동),37.5516128,127.0667495,주변지역_추가본
C_0136_SS23,비상벨,서울특별시 아차산로13길 21,37.5452842,127.0613098,주변지역_추가본
W_0043_SJ00,비상벨,서울특별시 송정18가길 15,37.5537719,127.0688323,주변지역_추가본
C_0204_SJ00,비상벨,서울특별시 광나루로9가길 14,37.5486106,127.064682,주변지역_추가본
C_0290_SJ00,비상벨,서울특별시 송정18가길 39,37.5562019,127.0698242,주변지역_추가본
C_0032_SJ00,비상벨,서울특별시 광나루로11길 18,37.5495491,127.0664825,주변지역_추가본
C_0787_YD00,비상벨,서울특별시 자동차시장길 48,37.558662,127.056295,주변지역_추가본
C_0682_SJ00,비상벨,서울특별시 송정길 60,37.550579,127.0655975,주변지역_추가본
P_0072_SS23,비상벨,서울특별시 아차산로17길 26,37.5444984,127.0643692,주변지역_추가본
W_0070_SJ00,비상벨,서울특별시 송정18길 8,37.5527038,127.0681686,주변지역_추가본
C_0289_SJ00,비상벨,서울특별시 송정12가길 20,37.5506907,127.066473,주변지역_추가본
G_0031_SJ00,비상벨,서울특별시 동일로43길 22 (송정동),37.5553092,127.0700302,주변지역_추가본
C_0327_SS23,비상벨,서울특별시 아차산로17길 21,37.5448341,127.0628433,주변지역_추가본
C_0221_SS23,비상벨,서울특별시 아차산로9길 12,37.545475,127.0583801,주변지역_추가본
C_0177_SS23,비상벨,서울특별시 아차산로17길 13,37.5437011,127.0639953,주변지역_추가본
P_0108_YD00,비상벨,서울특별시 자동차시장3길 99,37.558333,127.067397,주변지역_추가본
C_0819_SS23,비상벨,서울특별시 연무장길 107,37.5408134,127.0609588,주변지역_추가본
W_0096_SS21,비상벨,서울특별시 동일로 73-1,37.539627,127.06221,주변지역_추가본
C_0610_SJ00,비상벨,서울특별시 송정길 36,37.5490531,127.0637435,주변지역_추가본
C_0849_SJ00,비상벨,서울특별시 송정길 70,37.551319,127.065826,주변지역_추가본
C_0609_SJ00,비상벨,서울특별시 동일로57길 11,37.5574035,127.0710525,주변지역_추가본
C_0179_SJ00,비상벨,서울특별시 송정18가길 6-1,37.5530929,127.068695,주변지역_추가본
C_0387_SJ00,비상벨,서울특별시 동일로43길 9,37.5546607,127.0698623,주변지역_추가본
W_0125_SS21,비상벨,서울특별시 성덕정길 140,37.53659,127.0587,주변지역_추가본
C_0603_SJ00,비상벨,서울특별시 송정12길 1,37.5501708,127.0652313,주변지역_추가본
C_0358_SJ00,비상벨,서울특별시 송정18가길32,37.5552444,127.0694732,주변지역_추가본
P_0024_YD00,비상벨,서울특별시 자동차시장1길 63 (용답동),37.5609359,127.0642547,주변지역_추가본
G_0034_SJ00,비상벨,서울특별시 동일로55가길 24 (송정동),37.5574989,127.0720062,주변지역_추가본
C_0607_SJ00,비상벨,서울특별시 동일로 215-25,37.5517845,127.0687713,주변지역_추가본
G_0044_SS21,비상벨,서울특별시 둘레19길 1-33 (성수동2가),37.5347328,127.0568008,주변지역_추가본
S_0046_SS23,비상벨,,37.5428476,127.0622631,주변지역_추가본
S_0042_SJ00,비상벨,,37.557447,127.0724555,주변지역_추가본
P_0056_YD00,비상벨,서울특별시 자동차시장1길 96 (용답동),37.5601158,127.0681228,주변지역_추가본
C_0230_SJ00,비상벨,서울특별시 송정12마길 24,37.5501708,127.0676345,주변지역_추가본
C_0581_SS21,비상벨,서울특별시 성수동2가 217-4,37.534535,127.059559,주변지역_추가본
C_0357_SS23,비상벨,서울특별시 광나루로6길 13,37.5473518,127.0608062,주변지역_추가본
C_0356_SS21,비상벨,서울특별시 둘레21가길 19 골목,37.5358581,127.0582733,주변지역_추가본
C_0235_SS21,비상벨,서울특별시 성수이로16길 50,37.5395965,127.0618591,주변지역_추가본
C_0291_YD00,비상벨,서울특별시 자동차시장1길 56,37.5602569,127.0643463,주변지역_추가본
C_0833_SS23,비상벨,서울특별시 아차산로17길 49,37.54668,127.0649,주변지역_추가본
W_0124_SS21,비상벨,서울특별시 성수이로12길 14,37.53978,127.0566,주변지역_추가본
C_0314_YD00,비상벨,서울특별시 자동차시장길 22,37.5619812,127.0572967,주변지역_추가본
W_0135_YD00,비상벨,서울특별시 천호대로 406,37.5612,127.064078,주변지역_추가본
W_0088_SS21,비상벨,서울특별시 둘레길149-1,37.5355072,127.0599136,주변지역_추가본
C_0878_SS23,비상벨,서울특별시 성수이로 108,37.54433,127.057432,주변지역_추가본
C_0286_SS21,비상벨,서울특별시 뚝섬로15길 25,37.539112,127.0614929,주변지역_추가본
C_0176_SS21,비상벨,서울특별시 성수이로16길 21,37.5404777,127.0591049,주변지역_추가본
G_0030_SJ00,비상벨,서울특별시 송정18가길 19 (송정동),37.554058,127.0688858,주변지역_추가본
C_0588_SS21,비상벨,서울특별시 뚝섬로 416-15,37.5379791,127.0569534,주변지역_추가본
G_0029_SJ00,비상벨,서울특별시 송정16길 5 (송정동),37.5523147,127.0676116,주변지역_추가본
C_0229_SJ00,비상벨,서울특별시 광나루로 297,37.5487174,127.0622482,주변지역_추가본
C_0847_SJ00,비상벨,서울특별시 송정동 73-448,37.55335,127.06673,주변지역_추가본
C_0134_SS23,비상벨,서울특별시 연무장9길 16,37.5438537,127.0562973,주변지역_추가본
C_0181_SJ00,비상벨,서울특별시 송정길 74,37.5516853,127.0664901,주변지역_추가본
C_0025_SS21,비상벨,서울특별시 뚝섬로13길 22,37.5395584,127.0578613,주변지역_추가본
C_0615_SJ00,비상벨,서울특별시 송정4가길 39,37.5507354,127.0660629,주변지역_추가본
C_0067_SS21,비상벨,서울특별시 둘레19길 10-1,37.535366,127.0578002,주변지역_추가본
C_0795_SJ00,비상벨,서울특별시 송정18가길 16,37.553631,127.068866,주변지역_추가본
C_0868_SJ00,비상벨,서울특별시 광나루로 323,37.548344,127.065557,주변지역_추가본
C_0898_SS21,비상벨,서울특별시 뚝섬로 427-8,37.53841,127.057903,주변지역_추가본
W_0021_SJ00,비상벨,서울특별시 송정 제방길,37.5519905,127.066513,주변지역_추가본
W_0136_YD00,비상벨,서울특별시 자동차시장1길 103,37.56007,127.069535,주변지역_추가본
C_0205_SJ00,비상벨,서울특별시 광나루로11길 40,37.5512542,127.0677337,주변지역_추가본
C_0300_SJ00,비상벨,서울특별시 송정길 8,37.5486907,127.0610198,주변지역_추가본
C_0068_SS21,비상벨,서울특별시 둘레23길 12-6,37.5358695,127.0590362,주변지역_추가본
F_0068_SS23,비상벨,서울특별시 성수2가3동280-12,37.546861,127.064729,주변지역_추가본
W_0007_SS21,비상벨,서울특별시 뚝섬로436,37.5367813,127.0594558,주변지역_추가본
C_0238_SS21,비상벨,서울특별시 뚝섬로17길 16,37.5388298,127.059761,주변지역_추가본
C_0848_SJ00,비상벨,서울특별시 송정18가길 15-20,37.554053,127.067857,주변지역_추가본
C_0616_SJ00,비상벨,서울특별시 동일로57길 5,37.5571022,127.0717315,주변지역_추가본
C_0850_SJ00,비상벨,서울특별시 송정길 36,37.549374,127.063598,주변지역_추가본
C_0071_SS21,비상벨,서울특별시 뚝섬로11길 8,37.539051,127.0570068,주변지역_추가본
C_0288_SJ00,비상벨,서울특별시 송정12가길 50,37.5518531,127.0673904,주변지역_추가본
C_0851_SJ00,비상벨,서울특별시 송정길 8,37.548761,127.060386,주변지역_추가본
W_0042_SJ00,비상벨,서울특별시 송정길 50,37.5497856,127.0649642,주변지역_추가본
S_0045_SJ00,비상벨,,37.5493511,127.0567687,주변지역_추가본
C_0287_SS23,비상벨,서울특별시 광나루로 242-21,37.5487785,127.0564956,주변지역_추가본
C_0088_SJ00,비상벨,서울특별시 송정길 42,37.5493621,127.0642013,주변지역_추가본
G_0028_SJ00,비상벨,서울특별시 송정14길 17 (송정동),37.5510177,127.0682983,주변지역_추가본
P_0020_YD00,비상벨,서울특별시 자동차시장1길 82,37.5603904,127.0662078,주변지역_추가본
C_0182_YD00,비상벨,서울특별시 자동차시장1길 14,37.5610656,127.0590515,주변지역_추가본
C_0082_SS23,비상벨,서울특별시 성수이로20길 57,37.5418319,127.0629043,주변지역_추가본
C_0089_SJ00,비상벨,서울특별시 송정18길 1,37.5531845,127.0676727,주변지역_추가본
F_0073_YD00,비상벨,서울특별시 천호대로 336,37.563273,127.056926,주변지역_추가본
C_0027_SS21,비상벨,서울특별시 뚝섬로17길 29,37.5400581,127.0605316,주변지역_추가본
C_0081_SS23,비상벨,서울특별시 연무장15길 11,37.5419692,127.0597229,주변지역_추가본
G_0032_SJ00,비상벨,서울특별시 동일로55길 8 (송정동),37.5565528,127.0711898,주변지역_추가본
C_0180_SJ00,비상벨,서울특별시 동일로55길 14-1,37.5564994,127.0703735,주변지역_추가본
C_0372_SS23,비상벨,서울특별시 아차산로7나길 5,37.5482368,127.0565872,주변지역_추가본
C_0135_SS23,비상벨,서울특별시 연무장11길 8,37.5427246,127.0572662,주변지역_추가본
C_0942_SS23,비상벨,서울특별시 연무장19길 10,37.541108,127.062561,주변지역_추가본
C_0900_SJ00,비상벨,서울특별시 송정12마길 13,37.549892,127.067471,주변지역_추가본
C_0608_SJ00,비상벨,서울특별시 동일로59가길 22,37.558834,127.072731,주변지역_추가본
C_0852_SJ00,비상벨,서울특별시 송정동 75-20,37.549918,127.057219,주변지역_추가본
C_0376_SJ00,비상벨,서울특별시 송정6길 8,37.5494194,127.0650939,주변지역_추가본
C_0827_YD00,비상벨,서울특별시 천호대로 454,37.5605812,127.0697097,주변지역_추가본
C_0360_SJ00,비상벨,서울특별시 동일로59가길 10-1,37.5583839,127.0723342,주변지역_추가본
W_0041_SS23,비상벨,서울특별시 연무장길 81,37.541685,127.058115,주변지역_추가본
C_0612_SJ00,비상벨,서울특별시 동일로 241,37.553112,127.0699768,주변지역_추가본
생활방범-313,비상벨,서울특별시 광진구 아차산로25길 27 (화양동),37.54283,127.06716,주변지역_추가본
어린이-192,비상벨,서울특별시 광진구 아차산로21길 47 (화양동),37.54403,127.0659,주변지역_추가본
공원-048,비상벨,서울특별시 광진구 천호대로 760,37.54656,127.09898,주변지역_추가본
생활방범-696,비상벨,서울특별시 광진구 광나루로 424,37.54607,127.07634,주변지역_추가본
생활방범-312,비상벨,서울특별시 광진구 아차산로23길 68 (화양동),37.54517,127.06748,주변지역_추가본
생활방범-414,비상벨,서울특별시 광진구 아차산로41길 16 (자양동),37.53858,127.07891,주변지역_추가본
공원-139,비상벨,서울특별시 광진구 광장동 5-124,37.55293,127.10112,주변지역_추가본
공원-128,비상벨,서울특별시 광진구 천호대로 717-18,37.54916,127.09446,주변지역_추가본
생활방범-415,비상벨,서울특별시 광진구 뚝섬로56길 35 (자양동),37.52999,127.08272,주변지역_추가본
생활방범-226,비상벨,서울특별시 광진구 동일로70길 22 (중곡동),37.56455,127.078,주변지역_추가본
어린이-122,비상벨,서울특별시 광진구 능동로 42 (자양동),37.53453,127.0683,주변지역_추가본
어린이-007,비상벨,"서울특별시 광진구 아차산로 503-23 (광장동, 청구아파트)",37.54345,127.09653,주변지역_추가본
생활방범-343,비상벨,서울특별시 광진구 뚝섬로40길 31 (자양동),37.53257,127.07255,주변지역_추가본
생활방범-650,비상벨,서울특별시 광진구 군자로6길 51,37.54581,127.0723,주변지역_추가본
공원-079,비상벨,서울특별시 광진구 아차산생태공원-고구려정1,37.55816,127.10236,주변지역_추가본
생활방범-441,비상벨,서울특별시 광진구 자양로43길 123 (중곡동),37.55593,127.08901,주변지역_추가본
다목적-028,비상벨,서울특별시 광진구 천호대로113길 10,37.55807,127.08509,주변지역_추가본
생활방범-225,비상벨,서울특별시 광진구 긴고랑로7길 11 (중곡동),37.56405,127.07937,주변지역_추가본
생활방범-350,비상벨,서울특별시 광진구 동일로20길 106 (자양동),37.53933,127.06938,주변지역_추가본
공원-086,비상벨,서울특별시 광진구 공원방범(아차산어울림광장2),37.55179,127.10084,주변지역_추가본
공원-164,비상벨,서울특별시 광진구 광장동 5-117,37.55189,127.10278,주변지역_추가본
공원-033,비상벨,서울특별시 광진구 천호대로 717-18 (구의동),37.54927,127.09471,주변지역_추가본
시설방범-011,비상벨,서울특별시 광진구 동일로 419,37.56832,127.07829,주변지역_추가본
생활방범-574,비상벨,서울특별시 광진구 광장로 7길 27,37.54898,127.10556,주변지역_추가본
공원-172,비상벨,서울특별시 광진구 구의동 3-10,37.55604,127.1044,주변지역_추가본
생활방범-636,비상벨,서울특별시 광진구 뚝섬로64길 45,37.53114,127.09032,주변지역_추가본
생활방범-073,비상벨,서울특별시 광진구 자양로36길 11 (구의동),37.54627,127.08754,주변지역_추가본
어린이-143,비상벨,서울특별시 광진구 뚝섬로46길 74 (자양동),37.52937,127.07592,주변지역_추가본
생활방범-067,비상벨,서울특별시 광진구 자양로42길 42-24 (구의동),37.54794,127.09165,주변지역_추가본
생활방범-495,비상벨,서울특별시 광진구 동일로 30길 28 (화양동),37.54758,127.0688,주변지역_추가본
생활방범-039,비상벨,서울특별시 광진구 아차산로55길 23 (구의동),37.53854,127.0865,주변지역_추가본
그린파킹-011,비상벨,서울특별시 광진구 능동로36길 87,37.55472,127.08384,주변지역_추가본
다목적-040,비상벨,서울특별시 광진구 뚝섬로 716 (자양동),37.53367,127.08823,주변지역_추가본
공원-057,비상벨,서울특별시 광진구 구의1동 668-5,37.54585,127.08845,주변지역_추가본
다목적-013,비상벨,서울특별시 광진구 자양번영로6길 67 (자양동),37.53159,127.07932,주변지역_추가본
생활방범-172,비상벨,서울특별시 광진구 자양번영로11길 29 (자양동),37.53738,127.07507,주변지역_추가본
생활방범-082,비상벨,서울특별시 광진구 구의로6길 21 (구의동),37.5415,127.09104,주변지역_추가본
생활방범-310,비상벨,서울특별시 광진구 아차산로21길 47 (화양동),37.54421,127.06534,주변지역_추가본
공원-126,비상벨,서울특별시 광진구 광장동 516-2,37.54163,127.09615,주변지역_추가본
생활방범-651,비상벨,서울특별시 광진구 천호대로111길 9,37.55694,127.08217,주변지역_추가본
생활방범-417,비상벨,서울특별시 광진구 뚝섬로56길 59 (자양동),37.52877,127.08288,주변지역_추가본
생활방범-596,비상벨,서울특별시 광진구 천호대로123길83-13,37.55913,127.08591,주변지역_추가본
생활방범-477,비상벨,서울특별시 광진구 용마산로22길 82 (중곡동),37.56726,127.08838,주변지역_추가본
그린파킹-009,비상벨,서울특별시 광진구 천호대로112길 53,37.55388,127.0803,주변지역_추가본
공원-045,비상벨,서울특별시 광진구 아차산로73길 15 (광장동),37.54594,127.1039,주변지역_추가본
생활방범-496,비상벨,서울특별시 광진구 면목로1길 19 (군자동),37.55507,127.07453,주변지역_추가본
어린이-147,비상벨,서울특별시 광진구 긴고랑로 51 (중곡동),37.5626,127.08206,주변지역_추가본
공원-203,비상벨,서울특별시 광진구 아차산로 400,37.53662,127.08717,주변지역_추가본
생활방범-461,비상벨,서울특별시 광진구 능동로3다길 4 (자양동),37.53398,127.06502,주변지역_추가본
생활방범-459,비상벨,서울특별시 광진구 아차산로 78길 153 (광장동),37.5485,127.10918,주변지역_추가본
다목적-001,비상벨,서울특별시 광진구 뚝섬로46길 64 (자양동),37.5303,127.07621,주변지역_추가본
어린이-078,비상벨,서울특별시 광진구 동일로 222 (군자동),37.55162,127.06948,주변지역_추가본
생활방범-413,비상벨,서울특별시 광진구 뚝섬로59길 18 (자양동),37.533,127.08394,주변지역_추가본
생활방범-454,비상벨,서울특별시 광진구 광나루로40길 34 (구의동),37.54333,127.08927,주변지역_추가본
그린파킹-005,비상벨,서울특별시 광진구 천호대로116길 97,37.55263,127.08133,주변지역_추가본
생활방범-294,비상벨,서울특별시 광진구 영화사로9가길 61 (중곡동),37.55764,127.09523,주변지역_추가본
생활방범-032,비상벨,서울특별시 광진구 광나루로36길 68 (구의동),37.54217,127.08583,주변지역_추가본
생활방범-091,비상벨,서울특별시 광진구 구의로 56 (구의동),37.54292,127.09031,주변지역_추가본
어린이-067,비상벨,서울특별시 광진구 능동로 209 (군자동),37.5529,127.07235,주변지역_추가본
생활방범-672,비상벨,서울특별시 광진구 뚝섬로31가길 12,37.53612,127.06733,주변지역_추가본
생활방범-108,비상벨,서울특별시 광진구 능동로27길 9 (군자동),37.55046,127.07053,주변지역_추가본
공원-114,비상벨,서울특별시 광진구 동일로28길 16,37.54655,127.06769,주변지역_추가본
공원-019,비상벨,서울특별시 광진구 자양4동 553-22,37.53507,127.06781,주변지역_추가본
생활방범-132,비상벨,서울특별시 광진구 능동로32길 16-16 (능동),37.55393,127.0792,주변지역_추가본
생활방범-382,비상벨,서울특별시 광진구 능동로 25-1 (자양동),37.53378,127.06778,주변지역_추가본
생활방범-130,비상벨,서울특별시 광진구 능동로26길 23 (능동),37.55269,127.07855,주변지역_추가본
생활방범-390,비상벨,서울특별시 광진구 광장로1길 19 (광장동),37.54783,127.10197,주변지역_추가본
생활방범-050,비상벨,서울특별시 광진구 영화사로16가길 21 (구의동),37.55362,127.09558,주변지역_추가본
생활방범-054,비상벨,서울특별시 광진구 영화사로16길 19 (구의동),37.55454,127.09594,주변지역_추가본
공원-055,비상벨,서울특별시 광진구 천호대로140길 60,37.54576,127.10073,주변지역_추가본
생활방범-243,비상벨,서울특별시 광진구 천호대로107길 22 (중곡동),37.55887,127.07889,주변지역_추가본
어린이-168,비상벨,"서울특별시 광진구 긴고랑로7길 60 (중곡동, 주원그린빌)",37.56604,127.0805,주변지역_추가본
공원-149,비상벨,서울특별시 광진구 용마산로22길 26,37.56289,127.09128,주변지역_추가본
생활방범-470,비상벨,서울특별시 광진구 자양번영로 3길 27 (자양동),37.53211,127.07342,주변지역_추가본
생활방범-483,비상벨,서울특별시 광진구 긴고랑로 36길57 (중곡동),37.55707,127.09126,주변지역_추가본
생활방범-056,비상벨,서울특별시 광진구 자양로52길 11 (구의동),37.55306,127.09405,주변지역_추가본
생활방범-196,비상벨,서울특별시 광진구 아차산로32길 21 (자양동),37.53901,127.06808,주변지역_추가본
생활방범-270,비상벨,서울특별시 광진구 동일로76나길 20 (중곡동),37.56858,127.0801,주변지역_추가본
어린이-035,비상벨,서울특별시 광진구 영화사로 98-1 (구의동),37.55441,127.09686,주변지역_추가본
어린이-155,비상벨,서울특별시 광진구 용마산로1길 65 (중곡동),37.55595,127.08486,주변지역_추가본
생활방범-189,비상벨,서울특별시 광진구 뚝섬로 491 (자양동),37.53654,127.06519,주변지역_추가본
그린파킹-053,비상벨,서울특별시 광진구 동일로74길 15,37.56701,127.07892,주변지역_추가본
생활방범-230,비상벨,서울특별시 광진구 면목로 93 (중곡동),37.56199,127.07904,주변지역_추가본
생활방범-311,비상벨,서울특별시 광진구 동일로28길 16 (화양동),37.54621,127.06793,주변지역_추가본
생활방범-336,비상벨,서울특별시 광진구 천호대로110길 122 (능동),37.55231,127.07774,주변지역_추가본
그린파킹-014,비상벨,서울특별시 광진구 능동로36길 141,37.55361,127.08652,주변지역_추가본
생활방범-062,비상벨,서울특별시 광진구 자양로43길 8 (구의동),37.55123,127.09106,주변지역_추가본
생활방범-154,비상벨,서울특별시 광진구 뚝섬로52마길 60 (자양동),37.52783,127.0844,주변지역_추가본
생활방범-678,비상벨,서울특별시 광진구 뚝섬로58가길 9,37.53072,127.08424,주변지역_추가본
생활방범-624,비상벨,서울특별시 광진구 자양로37길 43,37.54895,127.08595,주변지역_추가본
시설방범-019,비상벨,서울특별시 광진구 능동로 90,37.53899,127.07045,주변지역_추가본
어린이-208,비상벨,서울특별시 광진구 뚝섬로 741 (구의동),37.53442,127.09111,주변지역_추가본
생활방범-557,비상벨,서울특별시 광진구 아차산로24길 17,37.54017,127.06485,주변지역_추가본
생활방범-223,비상벨,서울특별시 광진구 긴고랑로5길 11 (중곡동),37.56493,127.0792,주변지역_추가본
생활방범-640,비상벨,서울특별시 광진구 광나루로30길 80,37.54307,127.08037,주변지역_추가본
어린이-134,비상벨,서울특별시 광진구 동일로4가길 2 (자양동),37.53625,127.06223,주변지역_추가본
생활방범-398,비상벨,서울특별시 광진구 광나루로54길 20 (구의동),37.54012,127.09531,주변지역_추가본
생활방범-041,비상벨,서울특별시 광진구 아차산로53길 29 (구의동),37.53854,127.0858,주변지역_추가본
생활방범-471,비상벨,서울특별시 광진구 능동로 3길 20 (자양동),37.53363,127.06658,주변지역_추가본
생활방범-693,비상벨,서울특별시 광진구 광나루로13길 16,37.549,127.0686,주변지역_추가본
시설방범-016,비상벨,서울특별시 광진구 광나루로 389,37.54753,127.07397,주변지역_추가본
생활방범-291,비상벨,서울특별시 광진구 용마산로22길 10-10 (중곡동),37.5631,127.08767,주변지역_추가본
생활방범-440,비상벨,서울특별시 광진구 긴고랑로38길 14 (중곡동),37.55843,127.09036,주변지역_추가본
생활방범-229,비상벨,서울특별시 광진구 능동로43길 38 (중곡동),37.56177,127.0797,주변지역_추가본
생활방범-514,비상벨,서울특별시 광진구 능동로53길24-1,37.56666,127.08318,주변지역_추가본
생활방범-662,비상벨,서울특별시 광진구 자양로51길 28,37.55401,127.09231,주변지역_추가본
생활방범-622,비상벨,서울특별시 광진구 용마산로22길 76,37.56586,127.08827,주변지역_추가본
다목적-037,비상벨,서울특별시 광진구 아차산로76길 19 (광장동),37.54747,127.10795,주변지역_추가본
생활방범-170,비상벨,서울특별시 광진구 자양로4나길 31 (자양동),37.53045,127.08796,주변지역_추가본
생활방범-412,비상벨,서울특별시 광진구 뚝섬로43길 7 (자양동),37.53347,127.07673,주변지역_추가본
어린이-183,비상벨,서울특별시 광진구 용마산로22길 76 (중곡동),37.56539,127.08844,주변지역_추가본
공원-069,비상벨,서울특별시 광진구 용마도시자연공원-청용골,37.56605,127.0984,주변지역_추가본
생활방범-683,비상벨,서울특별시 광진구 천호대로107길 40,37.5594,127.07916,주변지역_추가본
생활방범-716,비상벨,서울특별시 광진구 천호대로119길 61,37.55755,127.08585,주변지역_추가본
공원-028,비상벨,서울특별시 광진구 아차산로25길 27 (화양동),37.54288,127.06681,주변지역_추가본
어린이-179,비상벨,서울특별시 광진구 용마산로8가길 80 (중곡동),37.56227,127.0885,주변지역_추가본
어린이-124,비상벨,서울특별시 광진구 뚝섬로 585 (자양동),37.53355,127.07487,주변지역_추가본
생활방범-708,비상벨,서울특별시 광진구 군자로13길 18-7,37.55272,127.07094,주변지역_추가본
생활방범-430,비상벨,서울특별시 광진구 긴고랑로9길 46 (중곡동),37.56556,127.0819,주변지역_추가본
생활방범-303,비상벨,서울특별시 광진구 용마산로36길 44 (중곡동),37.57039,127.08833,주변지역_추가본
어린이-029,비상벨,서울특별시 광진구 자양로23길 21 (구의동),37.54171,127.08243,주변지역_추가본
어린이-104,비상벨,"서울특별시 광진구 뚝섬로62길 47 (자양동, 효성맨션)",37.53084,127.0886,주변지역_추가본
생활방범-298,비상벨,서울특별시 광진구 영화사로 51 (중곡동),37.55567,127.09234,주변지역_추가본
어린이-050,비상벨,서울특별시 광진구 구의강변로 86 세양아파트 입구,37.53805,127.09368,주변지역_추가본
생활방범-661,비상벨,서울특별시 광진구 용마산로8라길 30,37.56121,127.09047,주변지역_추가본
생활방범-611,비상벨,서울특별시 광진구 뚝섬로58길 58,37.52958,127.08522,주변지역_추가본
생활방범-602,비상벨,서울특별시 광진구 광장로1-20,37.54638,127.10153,주변지역_추가본
생활방범-426,비상벨,서울특별시 광진구 뚝섬로27길 43 (자양동),37.53781,127.0662,주변지역_추가본
공원-166,비상벨,서울특별시 광진구 광장동 5-125,37.55223,127.10206,주변지역_추가본
어린이-087,비상벨,서울특별시 광진구 자양로23길 7 (자양동),37.54132,127.08317,주변지역_추가본
생활방범-248,비상벨,서울특별시 광진구 능동로50길 8 (중곡동),37.56401,127.08396,주변지역_추가본
어린이-138,비상벨,서울특별시 광진구 뚝섬로23길 44 (자양동),37.53715,127.06589,주변지역_추가본
그린파킹-036,비상벨,서울특별시 광진구 긴고랑로47길 19,37.5619,127.09556,주변지역_추가본
생활방범-126,비상벨,서울특별시 광진구 천호대로120길 21 (능동),37.55311,127.08794,주변지역_추가본
생활방범-379,비상벨,서울특별시 광진구 동일로4길 74 (자양동),37.53567,127.06498,주변지역_추가본
어린이-209,비상벨,서울특별시 광진구 아차산로 44가길 5,37.53629,127.0797,주변지역_추가본
어린이-217,비상벨,서울특별시 광진구 광나루로15길 23,37.54908,127.06954,주변지역_추가본
생활방범-217,비상벨,서울특별시 광진구 뚝섬로23가길 11 (자양동),37.53795,127.0654,주변지역_추가본
공원-075,비상벨,서울특별시 광진구 아차산생태공원-생태자료,37.55179,127.10103,주변지역_추가본
생활방범-485,비상벨,서울특별시 광진구 긴고랑로 36길 5 (중곡동),37.55868,127.089,주변지역_추가본
공원-167,비상벨,서울특별시 광진구 광장동 5-123,37.55254,127.10256,주변지역_추가본
생활방범-093,비상벨,서울특별시 광진구 뚝섬로67길 23 (구의동),37.53546,127.09062,주변지역_추가본
공원-154,비상벨,서울특별시 광진구 구의동 3-17,37.55537,127.09911,주변지역_추가본
생활방범-305,비상벨,서울특별시 광진구 긴고랑로46가길 36 (중곡동),37.55864,127.09525,주변지역_추가본
생활방범-373,비상벨,서울특별시 광진구 자양로43길 18 (구의동),37.55159,127.0907,주변지역_추가본
다목적-003,비상벨,서울특별시 광진구 뚝섬로 41길 33,37.53493,127.07531,주변지역_추가본
생활방범-309,비상벨,서울특별시 광진구 자양로43길 86 (중곡동),37.55444,127.0895,주변지역_추가본
생활방범-573,비상벨,서울특별시 광진구 영화사로 11길 39,37.55604,127.09512,주변지역_추가본
생활방범-646,비상벨,서울특별시 광진구 아차산로27길 20,37.54261,127.06802,주변지역_추가본
어린이-198,비상벨,서울특별시 광진구 군자로 27 (화양동),37.54567,127.07065,주변지역_추가본
생활방범-076,비상벨,서울특별시 광진구 광나루로44길 9 (구의동),37.54383,127.09155,주변지역_추가본
생활방범-658,비상벨,서울특별시 광진구 용마산로 183,37.57009,127.08609,주변지역_추가본
공원-025,비상벨,서울특별시 광진구 영화사로7길 25 (중곡동),37.55694,127.09214,주변지역_추가본
생활방범-437,비상벨,서울특별시 광진구 용마산로7길 59 (중곡동),37.55997,127.08464,주변지역_추가본
어린이-065,비상벨,"서울특별시 광진구 영화사로 87-1 (구의동, 동성주택)",37.55491,127.09584,주변지역_추가본
생활방범-145,비상벨,서울특별시 광진구 자양로13길 73 (자양동),37.53351,127.08096,주변지역_추가본
공원-031,비상벨,서울특별시 광진구 아차산로31길 14 (화양동),37.54153,127.06978,주변지역_추가본
생활방범-481,비상벨,서울특별시 광진구 능동로46길 28 (중곡동),37.56075,127.08404,주변지역_추가본
생활방범-098,비상벨,서울특별시 광진구 면목로6길 18 (군자동),37.55611,127.07658,주변지역_추가본
생활방범-453,비상벨,서울특별시 광진구 뚝섬로27길 19 (자양동),37.53693,127.06583,주변지역_추가본
생활방범-157,비상벨,서울특별시 광진구 뚝섬로48길 52 (자양동),37.52967,127.07684,주변지역_추가본
생활방범-476,비상벨,서울특별시 광진구 용마산로22길 82 (중곡동),37.5672,127.08895,주변지역_추가본
생활방범-143,비상벨,서울특별시 광진구 자양로13나길 14 (자양동),37.53388,127.08039,주변지역_추가본
생활방범-560,비상벨,서울특별시 광진구 동일로26길 47,37.54463,127.06861,주변지역_추가본
생활방범-339,비상벨,서울특별시 광진구 광나루로52길 66 (구의동),37.5399,127.0923,주변지역_추가본
생활방범-386,비상벨,서울특별시 광진구 광나루로38길 67 (구의동),37.54207,127.08733,주변지역_추가본
생활방범-140,비상벨,서울특별시 광진구 자양로13길 100 (자양동),37.5326,127.07981,주변지역_추가본
그린파킹-035,비상벨,서울특별시 광진구 용마산로36길 22,37.57082,127.0875,주변지역_추가본
어린이-161,비상벨,서울특별시 광진구 동일로80길 13 (중곡동),37.5704,127.08059,주변지역_추가본
생활방범-290,비상벨,서울특별시 광진구 자양로45길 89 (중곡동),37.55516,127.0898,주변지역_추가본
생활방범-504,비상벨,서울특별시 광진구 긴고랑로 185-2 (중곡동),37.56021,127.09478,주변지역_추가본
공원-013,비상벨,서울특별시 광진구 아차산로40길 46 (자양동),37.53582,127.07771,주변지역_추가본
생활방범-568,비상벨,서울특별시 광진구 용마산로 33길 9-7,37.56975,127.08539,주변지역_추가본
생활방범-295,비상벨,서울특별시 광진구 영화사로9길 10 (중곡동),37.55554,127.09329,주변지역_추가본
생활방범-419,비상벨,서울특별시 광진구 뚝섬로64길 70 (자양동),37.53054,127.08914,주변지역_추가본
어린이-128,비상벨,서울특별시 광진구 뚝섬로 561 (자양동),37.53451,127.07179,주변지역_추가본
그린파킹-027,비상벨,서울특별시 광진구 동일로74길 31,37.56674,127.07984,주변지역_추가본
생활방범-425,비상벨,서울특별시 광진구 능동로5길 7 (자양동),37.53708,127.06807,주변지역_추가본
어린이-103,비상벨,"서울특별시 광진구 자양로6길 40 (자양동, 대양샤인빌)",37.53241,127.08897,주변지역_추가본
생활방범-424,비상벨,서울특별시 광진구 뚝섬로25길 23 (자양동),37.53706,127.06469,주변지역_추가본
시설방범-002,비상벨,서울특별시 광진구 천호대로 661,37.55215,127.0899,주변지역_추가본
생활방범-482,비상벨,서울특별시 광진구 동일로78길 46-33 (중곡동),37.56842,127.08109,주변지역_추가본
공원-006,비상벨,서울특별시 광진구 광나루로56길 86 (구의동),37.53675,127.09481,주변지역_추가본
공원-050,비상벨,서울특별시 광진구 도로명주소 없음,37.54926,127.10142,주변지역_추가본
생활방범-141,비상벨,서울특별시 광진구 뚝섬로51길 24 (자양동),37.53368,127.08009,주변지역_추가본
생활방범-358,비상벨,서울특별시 광진구 자양번영로8길 7 (자양동),37.53443,127.07662,주변지역_추가본
어린이-212,비상벨,서울특별시 광진구 자양로23길 79,37.53037,127.0905,주변지역_추가본
공원-024,비상벨,서울특별시 광진구 용마산로33길 25 (중곡동),37.56999,127.08449,주변지역_추가본
생활방범-019,비상벨,서울특별시 광진구 구의로 65 (구의동),37.54398,127.09043,주변지역_추가본
생활방범-432,비상벨,서울특별시 광진구 능동로15길 11 (화양동),37.54518,127.07213,주변지역_추가본
생활방범-249,비상벨,서울특별시 광진구 능동로48가길 36 (중곡동),37.56342,127.08581,주변지역_추가본
어린이-084,비상벨,서울특별시 광진구 천호대로 664 (능동),37.54943,127.08758,주변지역_추가본
생활방범-559,비상벨,서울특별시 광진구 자양강변길 119,37.53216,127.06511,주변지역_추가본
생활방범-682,비상벨,서울특별시 광진구 구의로 19,37.53969,127.08939,주변지역_추가본
생활방범-200,비상벨,서울특별시 광진구 아차산로22길 27 (자양동),37.54066,127.06405,주변지역_추가본
생활방범-566,비상벨,서울특별시 광진구 긴고랑로7길 101,37.56751,127.08137,주변지역_추가본
생활방범-598,비상벨,서울특별시 광진구 용마산로22길9,37.56358,127.08772,주변지역_추가본
생활방범-507,비상벨,서울특별시 광진구 동일로56가길 19-16,37.55437,127.07305,주변지역_추가본
공원-122,비상벨,서울특별시 광진구 군자동 340-10,37.55272,127.07022,주변지역_추가본
생활방범-047,비상벨,서울특별시 광진구 광나루로 517-10 (구의동),37.54564,127.08721,주변지역_추가본
생활방범-083,비상벨,서울특별시 광진구 아차산로63길 37 (구의동),37.54131,127.09216,주변지역_추가본
생활방범-577,비상벨,서울특별시 광진구 동일로 212,37.55053,127.06923,주변지역_추가본
생활방범-288,비상벨,서울특별시 광진구 동일로76길 49 (중곡동),37.56803,127.08123,주변지역_추가본
생활방범-036,비상벨,서울특별시 광진구 아차산로49길 32 (구의동),37.53848,127.08438,주변지역_추가본
공원-081,비상벨,서울특별시 광진구 아차산생태공원-공영주차,37.55168,127.10022,주변지역_추가본
생활방범-365,비상벨,서울특별시 광진구 광장로 64 (광장동),37.54742,127.10427,주변지역_추가본
생활방범-074,비상벨,서울특별시 광진구 천호대로132길 27-7 (구의동),37.54939,127.08908,주변지역_추가본
어린이-158,비상벨,서울특별시 광진구 용마산로3길 57 (중곡동),37.55777,127.08332,주변지역_추가본
공원-066,비상벨,서울특별시 광진구 용마도시자연공원-산불장비,37.56339,127.09635,주변지역_추가본
생활방범-346,비상벨,서울특별시 광진구 능동로31길 12-15 (군자동),37.55639,127.0782,주변지역_추가본
어린이-068,비상벨,서울특별시 광진구 면목로 20 (군자동),37.55585,127.07581,주변지역_추가본
생활방범-707,비상벨,서울특별시 광진구 자양로3길 65-9,37.52926,127.08315,주변지역_추가본
그린파킹-039,비상벨,서울특별시 광진구 긴고랑로42길 3-15,37.55879,127.0941,주변지역_추가본
어린이-133,비상벨,서울특별시 광진구 동일로4길 51 (자양동),37.53596,127.06357,주변지역_추가본
생활방범-296,비상벨,서울특별시 광진구 영화사로9길 70-12 (중곡동),37.55674,127.09465,주변지역_추가본
공원-072,비상벨,서울특별시 광진구 아차산생태공원-공원입구,37.55258,127.09969,주변지역_추가본
생활방범-031,비상벨,서울특별시 광진구 자양로26길 45-7,37.54162,127.08668,주변지역_추가본
생활방범-446,비상벨,서울특별시 광진구 능동로32길 29 (능동),37.55489,127.08007,주변지역_추가본
생활방범-595,비상벨,서울특별시 광진구 면목로9길31,37.56079,127.07662,주변지역_추가본
공원-136,비상벨,서울특별시 광진구 광장동 5-112,37.55435,127.10407,주변지역_추가본
생활방범-332,비상벨,서울특별시 광진구 긴고랑로 19 (중곡동),37.56385,127.07872,주변지역_추가본
생활방범-048,비상벨,서울특별시 광진구 자양로37가길 10 (구의동),37.54771,127.08726,주변지역_추가본
다목적-018,비상벨,서울특별시 광진구 능동로51길 37-1 (중곡동),37.56647,127.08204,주변지역_추가본
공원-064,비상벨,서울특별시 광진구 용마도시자연공원-체험장,37.56305,127.09617,주변지역_추가본
생활방범-381,비상벨,서울특별시 광진구 능동로 49 (자양동),37.53444,127.06806,주변지역_추가본
생활방범-529,비상벨,서울특별시 광진구 천호대로 798,37.54562,127.10196,주변지역_추가본
생활방범-060,비상벨,서울특별시 광진구 천호대로137길 38 (구의동),37.55076,127.09368,주변지역_추가본
생활방범-617,비상벨,서울특별시 광진구 아차산로39길 38-7,37.53923,127.0752,주변지역_추가본
생활방범-020,비상벨,서울특별시 광진구 자양로30길 87-10 (구의동),37.54348,127.08962,주변지역_추가본
생활방범-180,비상벨,서울특별시 광진구 뚝섬로36길 49-8 (자양동),37.53204,127.07084,주변지역_추가본
어린이-205,비상벨,서울특별시 광진구 자양로40길 53 (구의동),37.54685,127.09174,주변지역_추가본
어린이-083,비상벨,서울특별시 광진구 천호대로102길 36 (군자동),37.55754,127.07347,주변지역_추가본
어린이-023,비상벨,서울특별시 광진구 광나루로38길 73 (구의동),37.54174,127.08724,주변지역_추가본
다목적-030,비상벨,"서울특별시 광진구 용마산로22길 19-34 (중곡동, 삼보드림빌)",37.56533,127.08794,주변지역_추가본
생활방범-585,비상벨,서울특별시 광진구 군자로 5길 29,37.5448,127.06951,주변지역_추가본
생활방범-187,비상벨,서울특별시 광진구 자양번영로3나길 40 (자양동),37.53016,127.07337,주변지역_추가본
공원-161,비상벨,서울특별시 광진구 중곡동 143-146,37.56276,127.0964,주변지역_추가본
생활방범-580,비상벨,서울특별시 광진구 광나루로 19길51,37.54976,127.07265,주변지역_추가본
생활방범-064,비상벨,서울특별시 광진구 영화사로15길 25,37.55511,127.09508,주변지역_추가본
시설방범-004,비상벨,서울특별시 광진구 능동로 10,37.53214,127.06722,주변지역_추가본
생활방범-389,비상벨,서울특별시 광진구 광장로7길 24 (광장동),37.54876,127.10537,주변지역_추가본
생활방범-334,비상벨,서울특별시 광진구 답십리로78길 9-16 (중곡동),37.57104,127.08227,주변지역_추가본
생활방범-024,비상벨,서울특별시 광진구 자양로32길 31 (구의동),37.54432,127.0866,주변지역_추가본
생활방범-247,비상벨,서울특별시 광진구 능동로47길 35 (중곡동),37.56338,127.08134,주변지역_추가본
생활방범-396,비상벨,서울특별시 광진구 자양로23길 65 (구의동),37.54326,127.08366,주변지역_추가본
다목적-043,비상벨,서울특별시 광진구 구의로 7,37.53876,127.08923,주변지역_추가본
생활방범-190,비상벨,서울특별시 광진구 능동로3나길 10,37.53411,127.06569,주변지역_추가본
생활방범-341,비상벨,서울특별시 광진구 자양로15길 108 (자양동),37.5344,127.07795,주변지역_추가본
생활방범-538,비상벨,서울특별시 광진구 아차산로53길 62-14,37.54027,127.08615,주변지역_추가본
생활방범-167,비상벨,서울특별시 광진구 뚝섬로60길 6 (자양동),37.53257,127.08654,주변지역_추가본
시설방범-034,비상벨,서울특별시 광진구 능동로 172,37.54603,127.0737,주변지역_추가본
어린이-214,비상벨,서울특별시 광진구 자양로43길 115,37.55547,127.08903,주변지역_추가본
생활방범-409,비상벨,서울특별시 광진구 아차산로40길 28 (자양동),37.53641,127.07814,주변지역_추가본
생활방범-231,비상벨,서울특별시 광진구 긴고랑로6길 9 (중곡동),37.56315,127.07822,주변지역_추가본
생활방범-405,비상벨,서울특별시 광진구 면목로5길 49 (군자동),37.55645,127.07346,주변지역_추가본
생활방범-233,비상벨,서울특별시 광진구 동일로 374 (중곡동),37.56432,127.07628,주변지역_추가본
생활방범-475,비상벨,서울특별시 광진구 광장로1가길 49 (광장동),37.54854,127.09989,주변지역_추가본
어린이-176,비상벨,서울특별시 광진구 동일로 452-1 (중곡동),37.57057,127.07999,주변지역_추가본
어린이-031,비상벨,서울특별시 광진구 워커힐로 93 (구의동),37.55029,127.09654,주변지역_추가본
생활방범-407,비상벨,서울특별시 광진구 광나루로13길 30 (군자동),37.54952,127.06883,주변지역_추가본
생활방범-279,비상벨,서울특별시 광진구 용마산로31길 16 (중곡동),37.56934,127.08527,주변지역_추가본
그린파킹-019,비상벨,서울특별시 광진구 능동로24길 23,37.55199,127.07818,주변지역_추가본
생활방범-487,비상벨,서울특별시 광진구 자양로 13길 31-8 (자양동),37.53442,127.08288,주변지역_추가본
어린이-197,비상벨,서울특별시 광진구 능동로13길 15 (화양동),37.54284,127.07099,주변지역_추가본
어린이-032,비상벨,서울특별시 광진구 천호대로130길 26 (구의동),37.55067,127.08879,주변지역_추가본
생활방범-113,비상벨,서울특별시 광진구 천호대로116길 88 (능동),37.55231,127.08184,주변지역_추가본
생활방범-418,비상벨,서울특별시 광진구 뚝섬로64길 14 (자양동),37.53309,127.08886,주변지역_추가본
어린이-027,비상벨,서울특별시 광진구 광나루로30다길 3 (구의동),37.5434,127.0815,주변지역_추가본
공원-148,비상벨,서울특별시 광진구 중곡동 143-119,37.56185,127.09081,주변지역_추가본
그린파킹-002,비상벨,서울특별시 광진구 구의로9길 15,37.54236,127.08815,주변지역_추가본
시설방범-032,비상벨,서울특별시 광진구 자양로 59-2,37.53298,127.08483,주변지역_추가본
생활방범-428,비상벨,서울특별시 광진구 긴고랑로7길 69 (중곡동),37.56638,127.08068,주변지역_추가본
공원-160,비상벨,서울특별시 광진구 중곡동 176-133,37.56843,127.09003,주변지역_추가본
공원-107,비상벨,서울특별시 광진구 구의동 624-1,37.5324,127.09218,주변지역_추가본
공원-176,비상벨,서울특별시 광진구 구의동 3-8,37.55601,127.10272,주변지역_추가본
공원-037,비상벨,서울특별시 광진구 천호대로 717-18 (구의동),37.54751,127.09834,주변지역_추가본
다목적-016,비상벨,서울특별시 광진구 면목로 53 (중곡동),37.55889,127.0773,주변지역_추가본
공원-071,비상벨,서울특별시 광진구 아차산생태공원-사무실,37.55303,127.09978,주변지역_추가본
생활방범-452,비상벨,서울특별시 광진구 뚝섬로40길 65 (자양동),37.53137,127.07153,주변지역_추가본
생활방범-712,비상벨,서울특별시 광진구 영화사로9나길 32,37.55759,127.09572,주변지역_추가본
생활방범-028,비상벨,서울특별시 광진구 구의로1길 12 (구의동),37.53916,127.08758,주변지역_추가본
공원-129,비상벨,서울특별시 광진구 자양1동 859-1,37.53845,127.08144,주변지역_추가본
어린이-051,비상벨,서울특별시 광진구 구의3동 215-10 교통섬,37.53722,127.0934,주변지역_추가본
생활방범-195,비상벨,서울특별시 광진구 아차산로30길 18,37.53987,127.06744,주변지역_추가본
생활방범-704,비상벨,서울특별시 광진구 아차산로78가길 3,37.54951,127.10931,주변지역_추가본
생활방범-376,비상벨,서울특별시 광진구 뚝섬로49길 59 (자양동),37.53454,127.08043,주변지역_추가본
생활방범-627,비상벨,서울특별시 광진구 워커힐로 32,37.54473,127.09759,주변지역_추가본
생활방범-235,비상벨,서울특별시 광진구 자양로43길 47 (중곡동),37.55261,127.09027,주변지역_추가본
어린이-201,비상벨,서울특별시 광진구 능동로 145 (화양동),37.54362,127.07222,주변지역_추가본
생활방범-340,비상벨,서울특별시 광진구 광장로7길 7 (광장동),37.54825,127.10567,주변지역_추가본
생활방범-289,비상벨,서울특별시 광진구 영화사로5길 25 (중곡동),37.55726,127.09219,주변지역_추가본
생활방범-490,비상벨,서울특별시 광진구 동일로10가길23 (자양동),37.53868,127.06383,주변지역_추가본
생활방범-208,비상벨,서울특별시 광진구 뚝섬로32길 17 (자양동),37.53471,127.06713,주변지역_추가본
생활방범-456,비상벨,서울특별시 광진구 자양로37길 22-10 (구의동),37.54868,127.08741,주변지역_추가본
어린이-009,비상벨,서울특별시 광진구 아차산로73길 48 (광장동),37.54683,127.10224,주변지역_추가본
공원-009,비상벨,서울특별시 광진구 천호대로116길 66 (능동),37.55242,127.08298,주변지역_추가본
공원-003,비상벨,서울특별시 광진구 아차산로60길 13-8,37.53804,127.09237,주변지역_추가본
생활방범-203,비상벨,서울특별시 광진구 동일로4가길 9-2 (자양동),37.53593,127.06282,주변지역_추가본
공원-074,비상벨,서울특별시 광진구 아차산생태공원-다목적,37.55247,127.10064,주변지역_추가본
생활방범-166,비상벨,서울특별시 광진구 자양로3가길 37 (자양동),37.53642,127.08465,주변지역_추가본
생활방범-105,비상벨,서울특별시 광진구 능동로29가길 24 (군자동),37.55572,127.07791,주변지역_추가본
생활방범-588,비상벨,서울특별시 광진구 아차산로39길 36,37.53894,127.07569,주변지역_추가본
생활방범-548,비상벨,서울특별시 광진구 자양로13길 20,37.53526,127.08295,주변지역_추가본
생활방범-563,비상벨,서울특별시 광진구 아차산로 21길 109,37.54655,127.06739,주변지역_추가본
공원-124,비상벨,서울특별시 광진구 구의3동 624-5,37.53103,127.09197,주변지역_추가본
생활방범-178,비상벨,서울특별시 광진구 아차산로38길 5-16 (자양동),37.53818,127.07537,주변지역_추가본
생활방범-236,비상벨,서울특별시 광진구 천호대로101길 11 (중곡동),37.55981,127.07477,주변지역_추가본
공원-082,비상벨,서울특별시 광진구 아차산생태공원-해맞이공원,37.55996,127.10157,주변지역_추가본
생활방범-306,비상벨,서울특별시 광진구 긴고랑로46길 11,37.56024,127.09561,주변지역_추가본
생활방범-362,비상벨,서울특별시 광진구 자양로22길 61 (구의동),37.54323,127.08783,주변지역_추가본
생활방범-096,비상벨,서울특별시 광진구 천호대로104나길 8 (군자동),37.55718,127.07503,주변지역_추가본
생활방범-215,비상벨,서울특별시 광진구 동일로10나길 18 (자양동),37.53828,127.06431,주변지역_추가본
생활방범-604,비상벨,서울특별시 광진구 광장로89,37.548,127.10692,주변지역_추가본
공원-119,비상벨,서울특별시 광진구 중곡4동 72-122,37.56103,127.09553,주변지역_추가본
어린이-211,비상벨,서울특별시 광진구 자양로23길 79,37.54379,127.08379,주변지역_추가본
공원-174,비상벨,서울특별시 광진구 동일로76나길 20,37.56844,127.08026,주변지역_추가본
생활방범-583,비상벨,서울특별시 광진구 군자로 43,37.54706,127.07027,주변지역_추가본
생활방범-035,비상벨,서울특별시 광진구 아차산로51길 23 (구의동),37.53822,127.08502,주변지역_추가본
공원-035,비상벨,서울특별시 광진구 천호대로 717-18 (구의동),37.54793,127.09702,주변지역_추가본
생활방범-625,비상벨,서울특별시 광진구 자양로37길 38-6,37.54884,127.08663,주변지역_추가본
생활방범-144,비상벨,서울특별시 광진구 자양로9길 24-3 (자양동),37.53385,127.08294,주변지역_추가본
생활방범-687,비상벨,서울특별시 광진구 영화사로3길 53,37.55824,127.09265,주변지역_추가본
시설방범-015,비상벨,서울특별시 광진구 아차산로 236,37.54018,127.06944,주변지역_추가본
어린이-119,비상벨,서울특별시 광진구 자양로4길 63,37.53352,127.09021,주변지역_추가본
공원-030,비상벨,서울특별시 광진구 군자로3길 15 (화양동),37.54455,127.07065,주변지역_추가본
생활방범-254,비상벨,서울특별시 광진구 용마산로1길 22 (중곡동),37.55503,127.08739,주변지역_추가본
생활방범-068,비상벨,서울특별시 광진구 자양로35길 35,37.54811,127.08595,주변지역_추가본
그린파킹-052,비상벨,서울특별시 광진구 용마산로5길 40,37.55752,127.08559,주변지역_추가본
생활방범-641,비상벨,서울특별시 광진구 뚝섬로58길 68,37.52926,127.08454,주변지역_추가본
생활방범-181,비상벨,서울특별시 광진구 능동로8길 28 (자양동),37.53603,127.07073,주변지역_추가본
어린이-150,비상벨,서울특별시 광진구 긴고랑로22길 29,37.55984,127.08381,주변지역_추가본
생활방범-509,비상벨,서울특별시 광진구 긴고랑로38,37.56283,127.08032,주변지역_추가본
어린이-163,비상벨,서울특별시 광진구 동일로80길 24 (중곡동),37.5702,127.08117,주변지역_추가본
공원-152,비상벨,서울특별시 광진구 중곡동 176-122,37.56787,127.09047,주변지역_추가본
생활방범-179,비상벨,서울특별시 광진구 뚝섬로36가길 43 (자양동),37.53117,127.07272,주변지역_추가본
생활방범-449,비상벨,서울특별시 광진구 뚝섬로52다길 45 (자양동),37.52976,127.08148,주변지역_추가본
생활방범-699,비상벨,서울특별시 광진구 자양로23나길 7,37.54222,127.08263,주변지역_추가본
생활방범-359,비상벨,서울특별시 광진구 뚝섬로50길 6 (자양동),37.53221,127.07832,주변지역_추가본
생활방범-402,비상벨,서울특별시 광진구 동일로52길 24 (군자동),37.55445,127.07243,주변지역_추가본
생활방범-165,비상벨,서울특별시 광진구 자양로3가길 36 (자양동),37.52866,127.08511,주변지역_추가본
시설방범-014,비상벨,서울특별시 광진구 아차산로 397,37.53745,127.08674,주변지역_추가본
공원-018,비상벨,서울특별시 광진구 자양1동 859-1,37.53859,127.08173,주변지역_추가본
공원-008,비상벨,서울특별시 광진구 동일로56길 29 (군자동),37.55601,127.07374,주변지역_추가본
생활방범-146,비상벨,서울특별시 광진구 자양로11길 45-8 (자양동),37.53343,127.08219,주변지역_추가본
공원-047,비상벨,서울특별시 광진구 천호대로 760,37.54624,127.09873,주변지역_추가본
생활방범-571,비상벨,서울특별시 광진구 천호대로 114길 58,37.55323,127.08162,주변지역_추가본
생활방범-384,비상벨,서울특별시 광진구 광나루로24길 53 (화양동),37.54506,127.07811,주변지역_추가본
생활방범-149,비상벨,서울특별시 광진구 뚝섬로55길 19 (자양동),37.53238,127.08236,주변지역_추가본
생활방범-322,비상벨,서울특별시 광진구 능동로13길 88 (화양동),37.54545,127.06866,주변지역_추가본
다목적-039,비상벨,서울특별시 광진구 아차산로 200 (자양동),37.54094,127.06606,주변지역_추가본
어린이-175,비상벨,서울특별시 광진구 동일로 462 (중곡동),37.57162,127.08024,주변지역_추가본
어린이-178,비상벨,서울특별시 광진구 긴고랑로 136 (중곡동),37.55909,127.09011,주변지역_추가본
어린이-064,비상벨,서울특별시 광진구 아차산로 435 강변SK뷰 교통섬,37.53822,127.09068,주변지역_추가본
생활방범-592,비상벨,서울특별시 광진구 능동로 21길 14-10,37.55175,127.07582,주변지역_추가본
어린이-167,비상벨,"서울특별시 광진구 동일로72길 17 (중곡동, 중곡아파트)",37.56606,127.07838,주변지역_추가본
생활방범-644,비상벨,서울특별시 광진구 아차산로27길 60,37.54406,127.06899,주변지역_추가본
생활방범-272,비상벨,서울특별시 광진구 용마산로31길 31 (중곡동),37.56911,127.08425,주변지역_추가본
시설방범-001,비상벨,서울특별시 광진구 천호대로 548,37.55704,127.07914,주변지역_추가본
생활방범-630,비상벨,서울특별시 광진구 뚝섬로44길 56,37.53031,127.0756,주변지역_추가본
생활방범-156,비상벨,서울특별시 광진구 자양로6길 40 (자양동),37.53278,127.08788,주변지역_추가본
공원-158,비상벨,서울특별시 광진구 아차산로25길 27,37.54274,127.06706,주변지역_추가본
생활방범-152,비상벨,서울특별시 광진구 자양로19길 54 (자양동),37.53818,127.08046,주변지역_추가본
어린이-090,비상벨,서울특별시 광진구 아차산로44길 36 (자양동),37.53645,127.07894,주변지역_추가본
생활방범-608,비상벨,서울특별시 광진구 광장로1나길 8,37.54818,127.10197,주변지역_추가본
공원-130,비상벨,서울특별시 광진구 영화사로 139,37.55215,127.10267,주변지역_추가본
생활방범-348,비상벨,서울특별시 광진구 천호대로121길 6 (중곡동),37.55551,127.08656,주변지역_추가본
생활방범-626,비상벨,서울특별시 광진구 구의동 4-20,37.55317,127.09835,주변지역_추가본
어린이-185,비상벨,서울특별시 광진구 용마산로22길 24 (중곡동),37.56372,127.08848,주변지역_추가본
어린이-187,비상벨,서울특별시 광진구 긴고랑로 152 (중곡동),37.55865,127.09167,주변지역_추가본
생활방범-530,비상벨,서울특별시 광진구 아차산로 78길 90,37.55118,127.11069,주변지역_추가본
어린이-039,비상벨,서울특별시 광진구 자양로52길 3-9 (구의동),37.5537,127.09394,주변지역_추가본
어린이-053,비상벨,서울특별시 광진구 아차산로 426 (구의동),37.53792,127.08953,주변지역_추가본
그린파킹-013,비상벨,서울특별시 광진구 능동로32길 106-13,37.55274,127.08369,주변지역_추가본
어린이-037,비상벨,"서울특별시 광진구 자양로50길 79 (구의동, 유진아트빌라)",37.55291,127.09677,주변지역_추가본
어린이-180,비상벨,서울특별시 광진구 용마산로28길 62 (중곡동),37.5671,127.08966,주변지역_추가본
생활방범-488,비상벨,서울특별시 광진구 뚝섬로56길47 (자양동),37.52936,127.08277,주변지역_추가본
공원-141,비상벨,서울특별시 광진구 구의동 3-3,37.55611,127.09823,주변지역_추가본
생활방범-464,비상벨,서울특별시 광진구 영화사로9가길 39-15 (중곡동),37.55656,127.09367,주변지역_추가본
어린이-054,비상벨,서울특별시 광진구 강변역로2길 18 (구의동),37.5373,127.09119,주변지역_추가본
생활방범-587,비상벨,서울특별시 광진구 광나루로 14길 31,37.54634,127.06813,주변지역_추가본
생활방범-281,비상벨,서울특별시 광진구 용마산로27길 10 (중곡동),37.56732,127.08582,주변지역_추가본
생활방범-027,비상벨,서울특별시 광진구 자양로26길 95,37.54019,127.08915,주변지역_추가본
생활방범-710,비상벨,서울특별시 광진구 천호대로129길 49,37.55369,127.09187,주변지역_추가본
어린이-206,비상벨,서울특별시 광진구 뚝섬로 52길,37.53181,127.08409,주변지역_추가본
생활방범-372,비상벨,서울특별시 광진구 아차산로59길 56,37.54085,127.09086,주변지역_추가본
어린이-010,비상벨,서울특별시 광진구 광장로3길 19 (광장동),37.54788,127.10277,주변지역_추가본
생활방범-535,비상벨,서울특별시 광진구 자양로18길6,37.53735,127.08387,주변지역_추가본
공원-151,비상벨,서울특별시 광진구 중곡동 176-122,37.56811,127.09044,주변지역_추가본
공원-165,비상벨,서울특별시 광진구 광장동 5-115,37.55196,127.10315,주변지역_추가본
생활방범-278,비상벨,서울특별시 광진구 답십리로88길 19 (중곡동),37.57027,127.08498,주변지역_추가본
생활방범-021,비상벨,서울특별시 광진구 광나루로38길 27 (구의동),37.54371,127.08807,주변지역_추가본
생활방범-558,비상벨,서울특별시 광진구 아차산로192,37.54129,127.0645,주변지역_추가본
그린파킹-051,비상벨,서울특별시 광진구 아차산로42길 16,37.53693,127.07894,주변지역_추가본
생활방범-265,비상벨,서울특별시 광진구 긴고랑로19길 34-4 (중곡동),37.56293,127.085,주변지역_추가본
그린파킹-016,비상벨,서울특별시 광진구 능동로32길 139,37.55272,127.08575,주변지역_추가본
생활방범-364,비상벨,서울특별시 광진구 아차산로62길 14-2 (구의동),37.53903,127.09365,주변지역_추가본
생활방범-484,비상벨,서울특별시 광진구 용마산로8가길 20-15 (중곡동),37.56027,127.08969,주변지역_추가본
생활방범-385,비상벨,서울특별시 광진구 군자로13길 35 (군자동),37.5519,127.07049,주변지역_추가본
생활방범-692,비상벨,서울특별시 광진구 뚝섬로 515,37.53564,127.06755,주변지역_추가본
생활방범-244,비상벨,서울특별시 광진구 천호대로107길 8 (중곡동),37.55841,127.07854,주변지역_추가본
생활방범-274,비상벨,서울특별시 광진구 능동로53길 30-12 (중곡동),37.56724,127.08244,주변지역_추가본
어린이-160,비상벨,서울특별시 광진구 천호대로111길 41 (중곡동),37.5581,127.08281,주변지역_추가본
생활방범-656,비상벨,서울특별시 광진구 동일로 360,37.56299,127.07579,주변지역_추가본
생활방범-393,비상벨,서울특별시 광진구 아차산로66길 8 (광장동),37.54133,127.09736,주변지역_추가본
생활방범-709,비상벨,서울특별시 광진구 동일로60길 14,37.55848,127.07405,주변지역_추가본
어린이-140,비상벨,서울특별시 광진구 능동로5길 17 (자양동),37.53681,127.06675,주변지역_추가본
시설방범-033,비상벨,서울특별시 광진구 뚝섬로46길 64,37.5304,127.07492,주변지역_추가본
공원-113,비상벨,서울특별시 광진구 구의강변로 69,37.53804,127.09237,주변지역_추가본
어린이-157,비상벨,서울특별시 광진구 용마산로3길 57 (중곡동),37.55867,127.08383,주변지역_추가본
생활방범-649,비상벨,서울특별시 광진구 군자로6길 20,37.54593,127.07174,주변지역_추가본
생활방범-018,비상벨,서울특별시 광진구 자양로30길 79 (구의동),37.54298,127.08942,주변지역_추가본
공원-206,비상벨,서울특별시 광진구 아차산로 400,37.53748,127.08901,주변지역_추가본
생활방범-508,비상벨,서울특별시 광진구 동일로56가길 19-16,37.53395,127.09015,주변지역_추가본
공원-004,비상벨,서울특별시 광진구 아차산로59길 49 (구의동),37.5406,127.09066,주변지역_추가본
생활방범-329,비상벨,서울특별시 광진구 광나루로26길 24 (화양동),37.54541,127.07729,주변지역_추가본
생활방범-259,비상벨,서울특별시 광진구 용마산로1길 91 (중곡동),37.55647,127.08356,주변지역_추가본
생활방범-688,비상벨,서울특별시 광진구 뚝섬로50길 39,37.53063,127.07782,주변지역_추가본
생활방범-351,비상벨,서울특별시 광진구 동일로66길 28 (중곡동),37.56151,127.07652,주변지역_추가본
생활방범-155,비상벨,서울특별시 광진구 자양로5길 13 (자양동),37.53164,127.08507,주변지역_추가본
생활방범-377,비상벨,서울특별시 광진구 자양번영로2길 55 (자양동),37.53006,127.07796,주변지역_추가본
생활방범-192,비상벨,서울특별시 광진구 자양강변길 73 (자양동),37.53274,127.0637,주변지역_추가본
생활방범-637,비상벨,서울특별시 광진구 자양동 783-2,37.53575,127.07439,주변지역_추가본
생활방범-127,비상벨,서울특별시 광진구 천호대로122길 33 (능동),37.55211,127.08732,주변지역_추가본
생활방범-679,비상벨,서울특별시 광진구 강변역로 53,37.53559,127.09384,주변지역_추가본
생활방범-118,비상벨,서울특별시 광진구 천호대로112길 25 (능동),37.55509,127.08119,주변지역_추가본
생활방범-521,비상벨,서울특별시 광진구 용마산로20길9-1,37.56268,127.08772,주변지역_추가본
어린이-164,비상벨,서울특별시 광진구 동일로72길 23-5 (중곡동),37.56604,127.07916,주변지역_추가본
어린이-162,비상벨,"서울특별시 광진구 능동로53길 13 (중곡동, 정인주택)",37.56658,127.08385,주변지역_추가본
생활방범-325,비상벨,서울특별시 광진구 동일로22길 71 (화양동),37.54147,127.06831,주변지역_추가본
생활방범-534,비상벨,서울특별시 광진구 능동로 267-14,37.55418,127.07678,주변지역_추가본
생활방범-107,비상벨,서울특별시 광진구 능동로27길 9 (군자동),37.55243,127.07496,주변지역_추가본
생활방범-285,비상벨,서울특별시 광진구 답십리로82길 18 (중곡동),37.57055,127.08269,주변지역_추가본
생활방범-406,비상벨,서울특별시 광진구 동일로34길 19 (군자동),37.54988,127.0697,주변지역_추가본
생활방범-151,비상벨,서울특별시 광진구 자양로19길 48-4 (자양동),37.53846,127.08097,주변지역_추가본
생활방범-112,비상벨,서울특별시 광진구 면목로5길 30-6 (군자동),37.55685,127.07461,주변지역_추가본
어린이-216,비상벨,서울특별시 광진구 자양로41길 20,37.54998,127.08957,주변지역_추가본
공원-038,비상벨,서울특별시 광진구 천호대로 760,37.54635,127.09823,주변지역_추가본
생활방범-542,비상벨,서울특별시 광진구 아차산로58가길15,37.5359,127.09036,주변지역_추가본
어린이-095,비상벨,서울특별시 광진구 자양로 61,37.53325,127.08471,주변지역_추가본
공원-049,비상벨,서울특별시 광진구 도로명주소 없음,37.56863,127.07793,주변지역_추가본
생활방범-616,비상벨,서울특별시 광진구 군자로 114,37.54914,127.07518,주변지역_추가본
공원-015,비상벨,서울특별시 광진구 뚝섬로34길 25-19 (자양동),37.53366,127.06985,주변지역_추가본
생활방범-665,비상벨,서울특별시 광진구 자양로41길 26-9,37.55039,127.08989,주변지역_추가본
그린파킹-003,비상벨,서울특별시 광진구 자양로38길 17-7,37.54731,127.08919,주변지역_추가본
생활방범-177,비상벨,서울특별시 광진구 자양번영로3다길 11-5,37.53136,127.07352,주변지역_추가본
생활방범-055,비상벨,서울특별시 광진구 영화사로16나길 21 (구의동),37.55324,127.09606,주변지역_추가본
생활방범-537,비상벨,서울특별시 광진구 광나루로 38길 8,37.54437,127.08802,주변지역_추가본
다목적-024,비상벨,서울특별시 광진구 뚝섬로52길 74 (자양동),37.52986,127.07848,주변지역_추가본
공원-155,비상벨,서울특별시 광진구 구의동 3-17,37.55511,127.0997,주변지역_추가본
생활방범-053,비상벨,서울특별시 광진구 자양로51길 10-9 (구의동),37.55386,127.09343,주변지역_추가본
다목적-025,비상벨,서울특별시 광진구 뚝섬로56길 7 (자양동),37.53089,127.08265,주변지역_추가본
공원-117,비상벨,서울특별시 광진구 구의2동 612-35,37.54817,127.08566,주변지역_추가본
어린이-033,비상벨,서울특별시 광진구 자양로 247 (구의동),37.54865,127.089,주변지역_추가본
어린이-112,비상벨,서울특별시 광진구 자양로5길 33 (자양동,37.53112,127.08394,주변지역_추가본
생활방범-513,비상벨,서울특별시 광진구 동일로78길47,37.56876,127.08212,주변지역_추가본
생활방범-257,비상벨,서울특별시 광진구 천호대로119길 89 (중곡동),37.55903,127.08561,주변지역_추가본
생활방범-578,비상벨,서울특별시 광진구 군자로10길22,37.54887,127.07189,주변지역_추가본
생활방범-173,비상벨,서울특별시 광진구 아차산로 288 (자양동),37.53852,127.07501,주변지역_추가본
생활방범-436,비상벨,서울특별시 광진구 긴고랑로3길 19-2 (중곡동),37.56538,127.0783,주변지역_추가본
어린이-207,비상벨,서울특별시 광진구 아차산로58길 47 (구의동),37.53569,127.08928,주변지역_추가본
시설방범-021,비상벨,서울특별시 광진구 천호대로 556,37.55688,127.07959,주변지역_추가본
어린이-074,비상벨,서울특별시 광진구 군자로 127 세종대 기숙사 코너,37.55368,127.07347,주변지역_추가본
시설방범-028,비상벨,서울특별시 광진구 자양로 117,37.53834,127.08327,주변지역_추가본
생활방범-544,비상벨,서울특별시 광진구 자양로13다길10,37.53271,127.07928,주변지역_추가본
생활방범-494,비상벨,서울특별시 광진구 아차산로25길 20-9 (화양동),37.54213,127.06739,주변지역_추가본
어린이-132,비상벨,서울특별시 광진구 능동로 42 신양초교 후문입구,37.53481,127.07009,주변지역_추가본
공원-137,비상벨,서울특별시 광진구 구의동 3,37.55312,127.10055,주변지역_추가본
공원-106,비상벨,서울특별시 광진구 광나루로 389,37.5475,127.07347,주변지역_추가본
생활방범-102,비상벨,서울특별시 광진구 동일로52길 15-14 (군자동),37.55536,127.07253,주변지역_추가본
생활방범-335,비상벨,서울특별시 광진구 용마산로4길 26 (중곡동),37.55656,127.08957,주변지역_추가본
공원-146,비상벨,서울특별시 광진구 구의동 3-3,37.55673,127.09676,주변지역_추가본
생활방범-667,비상벨,서울특별시 광진구 자양로37길 38,37.54872,127.08639,주변지역_추가본
생활방범-654,비상벨,서울특별시 광진구 긴고랑로20길 28,37.56003,127.08321,주변지역_추가본
생활방범-694,비상벨,서울특별시 광진구 능동로 160,37.54487,127.07313,주변지역_추가본
어린이-085,비상벨,서울특별시 광진구 천호대로114길 25 (능동),37.55458,127.0824,주변지역_추가본
생활방범-261,비상벨,서울특별시 광진구 긴고랑로31길 28 (중곡동),37.5612,127.087,주변지역_추가본
다목적-029,비상벨,서울특별시 광진구 동일로72길 43 (중곡동),37.56544,127.08013,주변지역_추가본
생활방범-492,비상벨,서울특별시 광진구 자양로48길 20 (구의동),37.55133,127.09317,주변지역_추가본
생활방범-004,비상벨,서울특별시 광진구 아차산로78길 53 (광장동),37.55144,127.10983,주변지역_추가본
어린이-177,비상벨,서울특별시 광진구 용마산로 191 (중곡동),37.57086,127.08603,주변지역_추가본
생활방범-380,비상벨,서울특별시 광진구 뚝섬로24길 48 (자양동),37.5346,127.06286,주변지역_추가본
생활방범-106,비상벨,서울특별시 광진구 능동로27길 9 (군자동),37.55384,127.07682,주변지역_추가본
생활방범-115,비상벨,서울특별시 광진구 천호대로110길 34 (능동),37.55581,127.07947,주변지역_추가본
생활방범-370,비상벨,서울특별시 광진구 능동로32길 82-53 (능동),37.5527,127.0818,주변지역_추가본
생활방범-006,비상벨,서울특별시 광진구 천호대로 809 (광장동),37.54587,127.10359,주변지역_추가본
생활방범-686,비상벨,서울특별시 광진구 아차산로 241,37.54029,127.07021,주변지역_추가본
생활방범-201,비상벨,서울특별시 광진구 자양강변길 19 (자양동),37.53426,127.0611,주변지역_추가본
공원-044,비상벨,서울특별시 광진구 자양번영로3길 16 (자양동),37.53207,127.0744,주변지역_추가본
공원-073,비상벨,서울특별시 광진구 아차산생태공원-소각장,37.55221,127.10066,주변지역_추가본
생활방범-022,비상벨,서울특별시 광진구 구의로11길 28 (구의동),37.54369,127.08876,주변지역_추가본
생활방범-615,비상벨,서울특별시 광진구 능동로 237,37.55104,127.07614,주변지역_추가본
생활방범-148,비상벨,서울특별시 광진구 뚝섬로57가길 55 (자양동),37.53239,127.08055,주변지역_추가본
생활방범-319,비상벨,서울특별시 광진구 군자로3길 25-16 (화양동),37.54373,127.07061,주변지역_추가본
생활방범-400,비상벨,서울특별시 광진구 구의강변로3가길 3 (구의동),37.53582,127.0916,주변지역_추가본
생활방범-411,비상벨,서울특별시 광진구 아차산로39길 11 (자양동),37.53857,127.07718,주변지역_추가본
생활방범-489,비상벨,서울특별시 광진구 자양번영로3길38-10 (자양동),37.53249,127.07342,주변지역_추가본
어린이-173,비상벨,서울특별시 광진구 동일로 399 (중곡동),37.56635,127.07749,주변지역_추가본
생활방범-576,비상벨,서울특별시 광진구 동일로38길 17,37.55124,127.07041,주변지역_추가본
생활방범-621,비상벨,서울특별시 광진구 광장동 5-116,37.55175,127.1035,주변지역_추가본
생활방범-043,비상벨,서울특별시 광진구 광나루로30가길 9 (구의동),37.54423,127.08247,주변지역_추가본
공원-054,비상벨,서울특별시 광진구 천호대로140길 60,37.54464,127.09932,주변지역_추가본
생활방범-119,비상벨,서울특별시 광진구 천호대로116길 26 (능동),37.55412,127.08363,주변지역_추가본
생활방범-357,비상벨,서울특별시 광진구 천호대로124길 62 (능동),37.55157,127.0861,주변지역_추가본
생활방범-252,비상벨,서울특별시 광진구 용마산로3길 13 (중곡동),37.55631,127.08728,주변지역_추가본
시설방범-026,비상벨,서울특별시 광진구 능동로 90,37.5392,127.07035,주변지역_추가본
어린이-148,비상벨,서울특별시 광진구 능동로49길 9 (중곡동),37.56445,127.08273,주변지역_추가본
생활방범-655,비상벨,서울특별시 광진구 동일로 338,37.56084,127.07502,주변지역_추가본
다목적-027,비상벨,서울특별시 광진구 용마산로3길 104 (중곡동),37.5575,127.08256,주변지역_추가본
생활방범-502,비상벨,서울특별시 광진구 동일로22길 89 (화양동),37.54116,127.06918,주변지역_추가본
그린파킹-030,비상벨,서울특별시 광진구 능동로51길 25-12,37.56569,127.08242,주변지역_추가본
생활방범-205,비상벨,서울특별시 광진구 군자로15길36,37.555,127.07333,주변지역_추가본
생활방범-601,비상벨,서울특별시 광진구 군자로15길21,37.55442,127.07351,주변지역_추가본
생활방범-242,비상벨,서울특별시 광진구 긴고랑로14길 63 (중곡동),37.55993,127.08025,주변지역_추가본
어린이-184,비상벨,서울특별시 광진구 용마산로 128 (중곡동) 원방빌딩,37.56523,127.087,주변지역_추가본
생활방범-455,비상벨,서울특별시 광진구 천호대로134길 31 (구의동),37.54821,127.08972,주변지역_추가본
어린이-110,비상벨,서울특별시 광진구 뚝섬로 656 성자초교앞 사거리,37.53144,127.08257,주변지역_추가본
공원-153,비상벨,서울특별시 광진구 중곡동 176-112,37.56759,127.08988,주변지역_추가본
생활방범-238,비상벨,서울특별시 광진구 긴고랑로8길 90 (중곡동),37.55966,127.077,주변지역_추가본
생활방범-241,비상벨,서울특별시 광진구 면목로 74 (중곡동),37.5602,127.07954,주변지역_추가본
생활방범-647,비상벨,서울특별시 광진구 광나루로22가길 12,37.54597,127.07553,주변지역_추가본
공원-159,비상벨,서울특별시 광진구 아차산로59길 49,37.54056,127.09067,주변지역_추가본
생활방범-522,비상벨,서울특별시 광진구 용마산로8나길 36,37.56015,127.09053,주변지역_추가본
다목적-006,비상벨,서울특별시 광진구 자양로38길 55 (구의동),37.54674,127.09055,주변지역_추가본
어린이-100,비상벨,서울특별시 광진구 자양번영로6길 20 (자양동),37.53226,127.07681,주변지역_추가본
생활방범-128,비상벨,서울특별시 광진구 천호대로110길 87 (능동),37.55361,127.07842,주변지역_추가본
공원-205,비상벨,서울특별시 광진구 아차산로 400,37.53746,127.08826,주변지역_추가본
어린이-071,비상벨,"서울특별시 광진구 동일로52길 10 (군자동, 파인하우스)",37.55474,127.07157,주변지역_추가본
생활방범-472,비상벨,서울특별시 광진구 자양로28길 14 (구의동),37.54236,127.08507,주변지역_추가본
공원-067,비상벨,서울특별시 광진구 용마도시자연공원-쌍용골,37.56416,127.09639,주변지역_추가본
다목적-015,비상벨,서울특별시 광진구 긴고랑로4길 30 (중곡동) 도로명 주소 X,37.5625,127.07705,주변지역_추가본
생활방범-517,비상벨,서울특별시 광진구 면목로13길 17,37.56922,127.0824,주변지역_추가본
공원-056,비상벨,서울특별시 광진구 자양4동 199-4,37.5363,127.06177,주변지역_추가본
생활방범-374,비상벨,서울특별시 광진구 아차산로58길 77 (구의동),37.53513,127.08979,주변지역_추가본
어린이-004,비상벨,서울특별시 광진구 광장로1길 27 (광장동),37.54795,127.10102,주변지역_추가본
시설방범-007,비상벨,서울특별시 광진구 아차산로 383,37.53714,127.08541,주변지역_추가본
생활방범-326,비상벨,서울특별시 광진구 광나루로24길 12 (화양동),37.54577,127.07609,주변지역_추가본
그린파킹-049,비상벨,서울특별시 광진구 천호대로136길 13,37.54879,127.09141,주변지역_추가본
생활방범-591,비상벨,서울특별시 광진구 능동로 25길 48,37.5531,127.07471,주변지역_추가본
생활방범-260,비상벨,서울특별시 광진구 긴고랑로27길 26 (중곡동),37.56144,127.08613,주변지역_추가본
생활방범-638,비상벨,서울특별시 광진구 능동로3길 61-8,37.53382,127.06383,주변지역_추가본
생활방범-088,비상벨,서울특별시 광진구 광나루로52길 83 (구의동),37.53933,127.0915,주변지역_추가본
생활방범-642,비상벨,서울특별시 광진구 아차산로70 17-16,37.54058,127.10274,주변지역_추가본
생활방범-399,비상벨,서울특별시 광진구 아차산로65길 57 (구의동),37.54239,127.09235,주변지역_추가본
생활방범-581,비상벨,서울특별시 광진구 광나루로19길 31,37.54897,127.0733,주변지역_추가본
생활방범-204,비상벨,서울특별시 광진구 동일로 34-11 (자양동),37.53574,127.06125,주변지역_추가본
생활방범-701,비상벨,서울특별시 광진구 뚝섬로64길 50,37.5313,127.08904,주변지역_추가본
생활방범-158,비상벨,서울특별시 광진구 뚝섬로50길 28 (자양동),37.53119,127.07791,주변지역_추가본
생활방범-034,비상벨,서울특별시 광진구 아차산로49길 70 (구의동),37.54003,127.08419,주변지역_추가본
생활방범-216,비상벨,서울특별시 광진구 동일로18나길 24 (자양동),37.53866,127.06529,주변지역_추가본
공원-125,비상벨,서울특별시 광진구 강변역로 40-2,37.53613,127.09466,주변지역_추가본
생활방범-344,비상벨,서울특별시 광진구 뚝섬로22길 89 (자양동),37.53411,127.06269,주변지역_추가본
생활방범-612,비상벨,서울특별시 광진구 뚝섬로33길 34,37.53634,127.06992,주변지역_추가본
생활방범-536,비상벨,서울특별시 광진구 자양로25길 14-1,37.54167,127.08301,주변지역_추가본
생활방범-222,비상벨,서울특별시 광진구 긴고랑로14길 33 (중곡동),37.56123,127.08096,주변지역_추가본
생활방범-090,비상벨,서울특별시 광진구 구의로4길 7-16 (구의동),37.54083,127.09014,주변지역_추가본
생활방범-371,비상벨,서울특별시 광진구 아차산로57길 41 (구의동),37.54051,127.0886,주변지역_추가본
공원-091,비상벨,서울특별시 광진구 자양로13다길 34,37.53297,127.07834,주변지역_추가본
그린파킹-031,비상벨,서울특별시 광진구 용마산로27길 28,37.56662,127.08543,주변지역_추가본
생활방범-280,비상벨,서울특별시 광진구 면목로16길 10 (중곡동),37.56953,127.08376,주변지역_추가본
생활방범-510,비상벨,서울특별시 광진구 긴고랑로30길34,37.55825,127.08699,주변지역_추가본
생활방범-593,비상벨,서울특별시 광진구 군자로 160-1,37.55511,127.07674,주변지역_추가본
어린이-146,비상벨,서울특별시 광진구 긴고랑로13길 10 (중곡동),37.56313,127.08197,주변지역_추가본
생활방범-061,비상벨,서울특별시 광진구 자양로49길 15-2 (구의동),37.55289,127.09189,주변지역_추가본
생활방범-676,비상벨,서울특별시 광진구 용마산로8마길 26,37.56131,127.09084,주변지역_추가본
공원-063,비상벨,서울특별시 광진구 용마도시자연공원-화장실 뒤,37.5622,127.09556,주변지역_추가본
공원-085,비상벨,서울특별시 광진구 공원방범(아차산어울림광장1),37.55225,127.09979,주변지역_추가본
생활방범-512,비상벨,서울특별시 광진구 긴고랑로26길23,37.55933,127.08501,주변지역_추가본
생활방범-410,비상벨,서울특별시 광진구 아차산로44길 26 (자양동),37.53654,127.07973,주변지역_추가본
어린이-142,비상벨,서울특별시 광진구 뚝섬로64길 71 (자양동),37.53025,127.08919,주변지역_추가본
어린이-043,비상벨,서울특별시 광진구 구의2동 613-38,37.54902,127.08716,주변지역_추가본
생활방범-473,비상벨,서울특별시 광진구 자양로44가길 18 (구의동),37.55089,127.09434,주변지역_추가본
생활방범-575,비상벨,서울특별시 광진구 동일로56길 48,37.55536,127.07461,주변지역_추가본
생활방범-448,비상벨,서울특별시 광진구 아차산로45길 31 (자양동),37.53824,127.07999,주변지역_추가본
생활방범-435,비상벨,서울특별시 광진구 면목로 127 (중곡동),37.56515,127.08075,주변지역_추가본
생활방범-287,비상벨,서울특별시 광진구 동일로76길 51-22 (중곡동),37.56817,127.08055,주변지역_추가본
생활방범-645,비상벨,서울특별시 광진구 능동로103,37.54017,127.07055,주변지역_추가본
다목적-038,비상벨,서울특별시 광진구 아차산로69길,37.54275,127.09831,주변지역_추가본
어린이-016,비상벨,서울특별시 광진구 아차산로69길 29 (광장동),37.54399,127.09728,주변지역_추가본
생활방범-635,비상벨,서울특별시 광진구 자양로3길 16,37.53061,127.08561,주변지역_추가본
생활방범-469,비상벨,서울특별시 광진구 뚝섬로 700 (자양동),37.53302,127.08694,주변지역_추가본
생활방범-660,비상벨,서울특별시 광진구 용마산로22길 19-19,37.5646,127.088,주변지역_추가본
생활방범-120,비상벨,서울특별시 광진구 능동로32길 82-34 (능동),37.55304,127.08239,주변지역_추가본
생활방범-479,비상벨,서울특별시 광진구 용마산로22길 82 (중곡동),37.56686,127.08787,주변지역_추가본
생활방범-620,비상벨,서울특별시 광진구 광장동 5-119,37.55141,127.10197,주변지역_추가본
생활방범-439,비상벨,서울특별시 광진구 답십리로74길 15 (중곡동),37.57101,127.08051,주변지역_추가본
어린이-080,비상벨,서울특별시 광진구 군자로 70 화양슈퍼 코너,37.54971,127.07093,주변지역_추가본
생활방범-016,비상벨,서울특별시 광진구 자양로26길 91-14 (구의동),37.54099,127.089,주변지역_추가본
생활방범-431,비상벨,서울특별시 광진구 용마산로28길 24 (중곡동),37.56791,127.08702,주변지역_추가본
시설방범-027,비상벨,서울특별시 광진구 아차산로 361,37.53672,127.08335,주변지역_추가본
그린파킹-021,비상벨,서울특별시 광진구 능동로30길 38,37.55321,127.07942,주변지역_추가본
생활방범-210,비상벨,서울특별시 광진구 뚝섬로30길 15 (자양동),37.53522,127.06655,주변지역_추가본
공원-116,비상벨,서울특별시 광진구 능동 237-3,37.55531,127.08359,주변지역_추가본
공원-175,비상벨,서울특별시 광진구 동일로76나길 20,37.56843,127.08038,주변지역_추가본
생활방범-007,비상벨,서울특별시 광진구 천호대로 143길 23,37.54656,127.10345,주변지역_추가본
생활방범-003,비상벨,서울특별시 광진구 아차산로 540 (광장동),37.54244,127.10147,주변지역_추가본
생활방범-499,비상벨,서울특별시 광진구 천호대로102길 58 (군자동),37.55673,127.07315,주변지역_추가본
공원-090,비상벨,서울특별시 광진구 광장동 5-113,37.55223,127.10375,주변지역_추가본
생활방범-561,비상벨,서울특별시 광진구 동일로28길54,37.54592,127.06948,주변지역_추가본
생활방범-501,비상벨,서울특별시 광진구 면목로 172 (중곡동),37.56864,127.08282,주변지역_추가본
생활방범-613,비상벨,서울특별시 광진구 아차산로21길 62,37.54446,127.06622,주변지역_추가본
시설방범-031,비상벨,서울특별시 광진구 아차산로 355,37.53702,127.08216,주변지역_추가본
생활방범-706,비상벨,서울특별시 광진구 뚝섬로57길 50,37.53394,127.08245,주변지역_추가본
공원-179,비상벨,서울특별시 광진구 구의동 3-3,37.55908,127.10237,주변지역_추가본
생활방범-116,비상벨,서울특별시 광진구 능동로36길 12 (능동),37.55623,127.0798,주변지역_추가본
생활방범-354,비상벨,서울특별시 광진구 용마산로30길 6 (중곡동),37.5683,127.08629,주변지역_추가본
공원-070,비상벨,서울특별시 광진구 용마도시자연공원-마지막골,37.56649,127.09872,주변지역_추가본
생활방범-087,비상벨,서울특별시 광진구 아차산로60길 13-13 (구의동),37.5383,127.09237,주변지역_추가본
생활방범-013,비상벨,서울특별시 광진구 아차산로70길 62,37.54127,127.09891,주변지역_추가본
공원-168,비상벨,서울특별시 광진구 광장동 5-124,37.55278,127.10169,주변지역_추가본
공원-062,비상벨,서울특별시 광진구 용마도시자연공원-입구,37.56224,127.09614,주변지역_추가본
어린이-069,비상벨,서울특별시 광진구 군자로12길 45 (군자동),37.55221,127.07252,주변지역_추가본
공원-204,비상벨,서울특별시 광진구 아차산로 400,37.53695,127.08706,주변지역_추가본
공원-002,비상벨,서울특별시 광진구 광나루로52길 12 (구의동),37.54125,127.09432,주변지역_추가본
생활방범-097,비상벨,서울특별시 광진구 면목로 27 (군자동),37.55671,127.07609,주변지역_추가본
다목적-032,비상벨,서울특별시 광진구 뚝섬로 561,37.5361,127.07356,주변지역_추가본
생활방범-714,비상벨,서울특별시 광진구 자양로50길 22-8,37.55182,127.09369,주변지역_추가본
생활방범-360,비상벨,서울특별시 광진구 자양번영로 81 (자양동),37.53697,127.07667,주변지역_추가본
생활방범-271,비상벨,서울특별시 광진구 능동로 411 (중곡동),37.56582,127.0839,주변지역_추가본
생활방범-014,비상벨,서울특별시 광진구 구의로 13-6 (구의동),37.53938,127.08895,주변지역_추가본
생활방범-349,비상벨,서울특별시 광진구 자양번영로13길 32 (자양동),37.53789,127.07513,주변지역_추가본
어린이-154,비상벨,서울특별시 광진구 용마산로 47 (중곡동),37.55783,127.08777,주변지역_추가본
생활방범-117,비상벨,서울특별시 광진구 천호대로112길 10 (능동),37.55572,127.08112,주변지역_추가본
생활방범-245,비상벨,서울특별시 광진구 능동로47길 35 (중곡동),37.56427,127.0811,주변지역_추가본
그린파킹-038,비상벨,서울특별시 광진구 긴고랑로42길 3-8,37.55871,127.0934,주변지역_추가본
생활방범-614,비상벨,서울특별시 광진구 면목로114,37.56366,127.08013,주변지역_추가본
생활방범-286,비상벨,서울특별시 광진구 동일로78길 20 (중곡동),37.56924,127.08062,주변지역_추가본
생활방범-657,비상벨,서울특별시 광진구 동일로68길 49,37.5612,127.07835,주변지역_추가본
생활방범-282,비상벨,서울특별시 광진구 용마산로29길 25 (중곡동),37.56719,127.08544,주변지역_추가본
공원-142,비상벨,서울특별시 광진구 구의동 3-3,37.55614,127.09762,주변지역_추가본
공원-127,비상벨,서울특별시 광진구 천호대로 717-18,37.54913,127.09393,주변지역_추가본
다목적-019,비상벨,서울특별시 광진구 광나루로 18길 21 (화양동),37.54675,127.07203,주변지역_추가본
생활방범-423,비상벨,서울특별시 광진구 뚝섬로22길 8 (자양동),37.53653,127.06163,주변지역_추가본
생활방범-480,비상벨,서울특별시 광진구 동일로 64길 20 (중곡동),37.56058,127.0759,주변지역_추가본
생활방범-684,비상벨,서울특별시 광진구 동일로32길 14-6,37.54908,127.0689,주변지역_추가본
공원-169,비상벨,서울특별시 광진구 구의동 3-10,37.55336,127.10222,주변지역_추가본
생활방범-085,비상벨,서울특별시 광진구 구의로4길 60 (구의동),37.54109,127.09275,주변지역_추가본
생활방범-092,비상벨,서울특별시 광진구 아차산로59길 13 (구의동),37.53948,127.0907,주변지역_추가본
생활방범-069,비상벨,서울특별시 광진구 자양로37길 21 (구의동),37.54836,127.08697,주변지역_추가본
어린이-107,비상벨,서울특별시 광진구 자양번영로4길 42-22 (자양동),37.53011,127.07731,주변지역_추가본
생활방범-367,비상벨,서울특별시 광진구 긴고랑로26길 7-1 (중곡동),37.56019,127.0854,주변지역_추가본
생활방범-040,비상벨,서울특별시 광진구 아차산로53길 53 (구의동),37.53972,127.08565,주변지역_추가본
생활방범-174,비상벨,서울특별시 광진구 자양번영로11길 37-14 (자양동),37.53695,127.07443,주변지역_추가본
공원-173,비상벨,서울특별시 광진구 구의동 3-8,37.55713,127.10433,주변지역_추가본
생활방범-057,비상벨,서울특별시 광진구 자양로44길 125 (구의동),37.55131,127.09655,주변지역_추가본
생활방범-330,비상벨,서울특별시 광진구 아차산로31길 14 (화양동),37.54167,127.06953,주변지역_추가본
생활방범-164,비상벨,서울특별시 광진구 자양로3길 39-3 (자양동),37.52987,127.08455,주변지역_추가본
생활방범-228,비상벨,서울특별시 광진구 긴고랑로12길 12 (중곡동),37.56225,127.08068,주변지역_추가본
생활방범-600,비상벨,서울특별시 광진구 군자로11길11,37.55078,127.07019,주변지역_추가본
생활방범-421,비상벨,서울특별시 광진구 능동로4길 13 (자양동),37.53338,127.06855,주변지역_추가본
공원-143,비상벨,서울특별시 광진구 구의동 3-3,37.55633,127.09678,주변지역_추가본
생활방범-462,비상벨,서울특별시 광진구 긴고랑로 12길 40 (중곡동),37.5612,127.07987,주변지역_추가본
생활방범-670,비상벨,서울특별시 광진구 뚝섬로24길 74,37.53301,127.06225,주변지역_추가본
생활방범-191,비상벨,서울특별시 광진구 뚝섬로24길 27 (자양동),37.5353,127.0633,주변지역_추가본
어린이-052,비상벨,서울특별시 광진구 광나루로44길 32 (구의동),37.54273,127.09124,주변지역_추가본
어린이-153,비상벨,서울특별시 광진구 용마산로5길 27 (중곡동),37.55759,127.08654,주변지역_추가본
생활방범-153,비상벨,서울특별시 광진구 뚝섬로52마길 60 (자양동),37.52873,127.08111,주변지역_추가본
생활방범-084,비상벨,서울특별시 광진구 구의로4길 40 (구의동),37.54045,127.09164,주변지역_추가본
공원-134,비상벨,서울특별시 광진구 광장동 5-112,37.55316,127.10352,주변지역_추가본
생활방범-422,비상벨,서울특별시 광진구 뚝섬로37길 28 (자양동),37.53545,127.07557,주변지역_추가본
생활방범-052,비상벨,서울특별시 광진구 자양로54길 11 (구의동),37.55387,127.09458,주변지역_추가본
생활방범-111,비상벨,서울특별시 광진구 군자로17길 34 (군자동),37.55676,127.07722,주변지역_추가본
공원-115,비상벨,서울특별시 광진구 중곡1동 248-29,37.56272,127.07687,주변지역_추가본
어린이-030,비상벨,서울특별시 광진구 영화사로 105 (구의동),37.55396,127.09782,주변지역_추가본
공원-032,비상벨,서울특별시 광진구 뚝섬로56길 28 (자양동),37.53016,127.08234,주변지역_추가본
공원-036,비상벨,서울특별시 광진구 천호대로 717-18 (구의동),37.54787,127.0982,주변지역_추가본
그린파킹-025,비상벨,서울특별시 광진구 능동로 386-16,37.56299,127.08316,주변지역_추가본
그린파킹-034,비상벨,서울특별시 광진구 용마산로36길 28-10,37.57042,127.08788,주변지역_추가본
생활방범-302,비상벨,서울특별시 광진구 용마산로8길 10 (중곡동),37.55968,127.08837,주변지역_추가본
그린파킹-022,비상벨,서울특별시 광진구 능동로43길 37-16,37.56143,127.07937,주변지역_추가본
어린이-005,비상벨,서울특별시 광진구 아차산로70길 62 (광장동),37.5416,127.10094,주변지역_추가본
어린이-144,비상벨,서울특별시 광진구 아차산로 326 (자양동),37.53748,127.0792,주변지역_추가본
공원-120,비상벨,서울특별시 광진구 광장동 236-1,37.54308,127.10213,주변지역_추가본
생활방범-505,비상벨,서울특별시 광진구 자양로44길 30-1 (구의동),37.55043,127.09311,주변지역_추가본
공원-029,비상벨,서울특별시 광진구 화양동 110-34,37.54656,127.07183,주변지역_추가본
공원-087,비상벨,서울특별시 광진구 영화사로107,37.55535,127.09849,주변지역_추가본
생활방범-071,비상벨,서울특별시 광진구 천호대로134길 55 (구의동),37.54723,127.08858,주변지역_추가본
생활방범-671,비상벨,서울특별시 광진구 용마산로 160,37.56804,127.08617,주변지역_추가본
생활방범-125,비상벨,서울특별시 광진구 천호대로120길 21 (능동),37.55313,127.08636,주변지역_추가본
공원-135,비상벨,서울특별시 광진구 광장동 5-112,37.55383,127.10405,주변지역_추가본
생활방범-011,비상벨,서울특별시 광진구 광장로1나길 16 (광장동),37.54876,127.10183,주변지역_추가본
어린이-116,비상벨,서울특별시 광진구 자양로6길 8 (자양동),37.53198,127.08639,주변지역_추가본
공원-110,비상벨,서울특별시 광진구 중곡동 68-19,37.55903,127.091,주변지역_추가본
생활방범-680,비상벨,서울특별시 광진구 자양로 96,37.53621,127.0839,주변지역_추가본
생활방범-458,비상벨,서울특별시 광진구 자양로51길 46,37.55477,127.09138,주변지역_추가본
생활방범-597,비상벨,서울특별시 광진구 면목로15길30,37.56907,127.0813,주변지역_추가본
어린이-070,비상벨,서울특별시 광진구 동일로52길 27 (군자동),37.55433,127.07298,주변지역_추가본
생활방범-168,비상벨,서울특별시 광진구 자양로4길 12-1 (자양동),37.53147,127.08679,주변지역_추가본
생활방범-121,비상벨,서울특별시 광진구 천호대로116길 57 (능동),37.55259,127.08284,주변지역_추가본
공원-131,비상벨,서울특별시 광진구 광장동 5-112,37.55226,127.10307,주변지역_추가본
생활방범-258,비상벨,서울특별시 광진구 용마산로3길 38 (중곡동),37.55615,127.08611,주변지역_추가본
생활방범-206,비상벨,서울특별시 광진구 동일로10길 5 (자양동),37.53891,127.0626,주변지역_추가본
생활방범-648,비상벨,서울특별시 광진구 아차산로23길 23-5,37.54327,127.06614,주변지역_추가본
생활방범-100,비상벨,서울특별시 광진구 능동로27나길 17 (군자동),37.55418,127.07581,주변지역_추가본
생활방범-401,비상벨,서울특별시 광진구 구의강변로3길 39 (구의동),37.53659,127.0903,주변지역_추가본
시설방범-008,비상벨,서울특별시 광진구 광나루로 377-2,37.54784,127.07433,주변지역_추가본
어린이-106,비상벨,"서울특별시 광진구 자양강변길 297 (자양동, 신호빌라트)",37.5298,127.07477,주변지역_추가본
생활방범-506,비상벨,서울특별시 광진구 자양로2길 6 (자양동),37.5307,127.0872,주변지역_추가본
생활방범-653,비상벨,서울특별시 광진구 천호대로 115길 29,37.5571,127.08394,주변지역_추가본
생활방범-277,비상벨,서울특별시 광진구 면목로11길 20 (중곡동),37.56705,127.08054,주변지역_추가본
생활방범-528,비상벨,서울특별시 광진구 광나루로595,37.54253,127.09458,주변지역_추가본
어린이-111,비상벨,서울특별시 광진구 뚝섬로58길 13 노인보호센터 앞,37.53134,127.08443,주변지역_추가본
공원-026,비상벨,서울특별시 광진구 영화사로7길 25 (중곡동),37.55905,127.09091,주변지역_추가본
생활방범-079,비상벨,서울특별시 광진구 광나루로52길 12 (구의동),37.54127,127.09471,주변지역_추가본
생활방범-589,비상벨,서울특별시 광진구 아차산로 78길 18,37.5504,127.10976,주변지역_추가본
생활방범-138,비상벨,서울특별시 광진구 뚝섬로47길 49 (자양동),37.53455,127.07948,주변지역_추가본
공원-020,비상벨,서울특별시 광진구 자양4동 74-21,37.53294,127.06637,주변지역_추가본
다목적-035,비상벨,서울특별시 광진구 자양번영로 12 (자양동),37.53057,127.07501,주변지역_추가본
공원-001,비상벨,서울특별시 광진구 자양로42길 44 (구의동),37.54832,127.09216,주변지역_추가본
생활방범-194,비상벨,서울특별시 광진구 능동로3가길 12 (자양동),37.5333,127.06563,주변지역_추가본
생활방범-438,비상벨,서울특별시 광진구 긴고랑로17길11 (중곡동),37.56299,127.08409,주변지역_추가본
생활방범-445,비상벨,서울특별시 광진구 면목로5길 15 (군자동),37.55657,127.07507,주변지역_추가본
생활방범-327,비상벨,서울특별시 광진구 광나루로22길 7,37.5463,127.07523,주변지역_추가본
공원-060,비상벨,서울특별시 광진구 광장동 381-44,37.5495,127.0991,주변지역_추가본
생활방범-444,비상벨,서울특별시 광진구 아차산로25길 76 (화양동),37.54454,127.06815,주변지역_추가본
어린이-199,비상벨,서울특별시 광진구 광나루로 448 (화양동),37.54539,127.07905,주변지역_추가본
공원-145,비상벨,서울특별시 광진구 중곡동 143-141,37.55663,127.09605,주변지역_추가본
공원-163,비상벨,서울특별시 광진구 광장동 5-117,37.55186,127.10188,주변지역_추가본
생활방범-137,비상벨,서울특별시 광진구 자양로15길 6 (자양동),37.53604,127.08312,주변지역_추가본
생활방범-315,비상벨,서울특별시 광진구 동일로22길 28 (화양동),37.54224,127.0659,주변지역_추가본
생활방범-193,비상벨,서울특별시 광진구 능동로3라길 16 (자양동),37.53477,127.06491,주변지역_추가본
생활방범-045,비상벨,서울특별시 광진구 자양로44길 69 (구의동),37.54979,127.09498,주변지역_추가본
생활방범-503,비상벨,서울특별시 광진구 자양로15길 56 (자양동),37.53531,127.08059,주변지역_추가본
다목적-004,비상벨,서울특별시 광진구 긴고랑로13길 69 (중곡동),37.56547,127.08318,주변지역_추가본
어린이-059,비상벨,서울특별시 광진구 구의강변로 35 (구의동),37.53398,127.09151,주변지역_추가본
생활방범-387,비상벨,서울특별시 광진구 광장로3길 18-21 (광장동),37.54751,127.10309,주변지역_추가본
생활방범-700,비상벨,서울특별시 광진구 아차산로 401,37.53759,127.08735,주변지역_추가본
생활방범-486,비상벨,서울특별시 광진구 광장로1다길31 (광장동),37.55009,127.10233,주변지역_추가본
그린파킹-033,비상벨,서울특별시 광진구 긴고랑로42길 3-28,37.55893,127.09438,주변지역_추가본
생활방범-046,비상벨,서울특별시 광진구 자양로45길 13 (구의동),37.55178,127.09139,주변지역_추가본
생활방범-077,비상벨,서울특별시 광진구 구의로16길 36 (구의동),37.54344,127.0926,주변지역_추가본
다목적-041,비상벨,서울특별시 광진구 구의강변로 11,37.53241,127.0902,주변지역_추가본
그린파킹-028,비상벨,서울특별시 광진구 능동로51길 37-10,37.56609,127.08193,주변지역_추가본
생활방범-269,비상벨,서울특별시 광진구 긴고랑로 103,37.56011,127.08674,주변지역_추가본
생활방범-669,비상벨,서울특별시 광진구 뚝섬로52가길 10,37.53125,127.07997,주변지역_추가본
생활방범-553,비상벨,서울특별시 광진구 자양번영로1길15,37.53058,127.07412,주변지역_추가본
어린이-186,비상벨,서울특별시 광진구 용마산로30길 17 (중곡동),37.56876,127.08682,주변지역_추가본
생활방범-029,비상벨,서울특별시 광진구 구의로1길 26 (구의동),37.53907,127.0868,주변지역_추가본
공원-084,비상벨,서울특별시 광진구 자양4동 547-16,37.53682,127.069,주변지역_추가본
생활방범-702,비상벨,서울특별시 광진구 자양로44길 113,37.55089,127.09696,주변지역_추가본
생활방범-715,비상벨,서울특별시 광진구 용마산로14길 9-5,37.56152,127.08797,주변지역_추가본
생활방범-352,비상벨,서울특별시 광진구 능동로48길 59 (중곡동),37.56199,127.08584,주변지역_추가본
생활방범-001,비상벨,서울특별시 광진구 광장로3길 22 (광장동),37.5485,127.103,주변지역_추가본
생활방범-463,비상벨,서울특별시 광진구 긴고랑로 26길 23 (중곡동),37.55858,127.08244,주변지역_추가본
공원-112,비상벨,서울특별시 광진구 자양로42길 44,37.54832,127.09216,주변지역_추가본
생활방범-023,비상벨,서울특별시 광진구 자양로30길 43 (구의동),37.5434,127.08723,주변지역_추가본
다목적-011,비상벨,서울특별시 광진구 능동로32길 67 (능동),37.55414,127.08212,주변지역_추가본
공원-089,비상벨,서울특별시 광진구 천호대로 717-18,37.54934,127.09481,주변지역_추가본
생활방범-161,비상벨,서울특별시 광진구 뚝섬로54길 46 (자양동),37.52968,127.07999,주변지역_추가본
공원-147,비상벨,서울특별시 광진구 중곡동 143-141,37.55669,127.0957,주변지역_추가본
생활방범-307,비상벨,서울특별시 광진구 용마산로2길 45 (중곡동),37.55596,127.09076,주변지역_추가본
생활방범-690,비상벨,서울특별시 광진구 자양로 130,37.5395,127.08337,주변지역_추가본
생활방범-328,비상벨,서울특별시 광진구 광나루로20가길 21 (화양동),37.5452,127.07528,주변지역_추가본
생활방범-171,비상벨,서울특별시 광진구 자양번영로11길 4-9 (자양동),37.53753,127.07667,주변지역_추가본
생활방범-009,비상벨,서울특별시 광진구 아차산로78길 176 (광장동),37.54802,127.10806,주변지역_추가본
공원-170,비상벨,서울특별시 광진구 구의동 3-12,37.55387,127.10315,주변지역_추가본
생활방범-065,비상벨,서울특별시 광진구 천호대로135길 16 (구의동),37.55012,127.09224,주변지역_추가본
어린이-038,비상벨,서울특별시 광진구 자양로52길 21-19 (구의동),37.55354,127.09498,주변지역_추가본
생활방범-524,비상벨,서울특별시 광진구 천호대로112길 60,37.55351,127.08017,주변지역_추가본
공원-058,비상벨,서울특별시 광진구 광장동 344-10,37.54904,127.1074,주변지역_추가본
공원-138,비상벨,서울특별시 광진구 광장동 5-127,37.55287,127.10095,주변지역_추가본
생활방범-188,비상벨,서울특별시 광진구 동일로10길 42 (자양동),37.53763,127.06399,주변지역_추가본
생활방범-136,비상벨,서울특별시 광진구 아차산로46가길 19 (자양동),37.53637,127.08196,주변지역_추가본
생활방범-395,비상벨,서울특별시 광진구 아차산로55길 81 (구의동),37.54111,127.08698,주변지역_추가본
생활방범-451,비상벨,서울특별시 광진구 자양번영로9길 16-4 (자양동),37.53645,127.0756,주변지역_추가본
어린이-188,비상벨,서울특별시 광진구 용마산로6길 13 (중곡동),37.55744,127.08874,주변지역_추가본
그린파킹-023,비상벨,서울특별시 광진구 천호대로125길 58,37.55706,127.08731,주변지역_추가본
생활방범-072,비상벨,서울특별시 광진구 자양로36길 17-12 (구의동),37.54649,127.08829,주변지역_추가본
어린이-120,비상벨,서울특별시 광진구 뚝섬로40길 12 (자양동),37.53355,127.07302,주변지역_추가본
공원-065,비상벨,서울특별시 광진구 용마도시자연공원-사방댐,37.56302,127.09658,주변지역_추가본
어린이-152,비상벨,서울특별시 광진구 용마산로 111 (중곡동),37.56347,127.08679,주변지역_추가본
생활방범-066,비상벨,서울특별시 광진구 천호대로137길 10 (구의동),37.54978,127.09315,주변지역_추가본
생활방범-049,비상벨,서울특별시 광진구 자양로51길 11 (구의동),37.55364,127.09286,주변지역_추가본
생활방범-114,비상벨,서울특별시 광진구 능동로24길 76 (능동),37.55322,127.08056,주변지역_추가본
공원-178,비상벨,서울특별시 광진구 구의동 3-3,37.55783,127.1039,주변지역_추가본
생활방범-705,비상벨,서울특별시 광진구 아차산로55길 61,37.54012,127.08655,주변지역_추가본
생활방범-511,비상벨,서울특별시 광진구 능동로40길13,37.55802,127.08086,주변지역_추가본
공원-150,비상벨,서울특별시 광진구 중곡동 176-122,37.56814,127.09012,주변지역_추가본
생활방범-160,비상벨,서울특별시 광진구 뚝섬로54길 24 (자양동),37.53064,127.08049,주변지역_추가본
생활방범-297,비상벨,서울특별시 광진구 영화사로7길 24 (중곡동),37.55678,127.09212,주변지역_추가본
생활방범-283,비상벨,서울특별시 광진구 답십리로84길 6 (중곡동),37.57098,127.08394,주변지역_추가본
생활방범-628,비상벨,서울특별시 광진구 강변역로 18,37.53772,127.09166,주변지역_추가본
다목적-034,비상벨,서울특별시 광진구 능동로6길 16 학교 정문 앞,37.53434,127.06896,주변지역_추가본
생활방범-697,비상벨,서울특별시 광진구 능동로23길 12,37.55212,127.07613,주변지역_추가본
어린이-017,비상벨,서울특별시 광진구 아차산로 511 (광장동),37.54215,127.09821,주변지역_추가본
생활방범-416,비상벨,서울특별시 광진구 자양번영로4길 17 (자양동),37.53145,127.07655,주변지역_추가본
생활방범-276,비상벨,서울특별시 광진구 동일로76길 12 (중곡동),37.56771,127.07934,주변지역_추가본
생활방범-017,비상벨,서울특별시 광진구 광나루로40길 17 (구의동),37.54403,127.08944,주변지역_추가본
생활방범-213,비상벨,서울특별시 광진구 동일로10길 25 (자양동),37.53829,127.06341,주변지역_추가본
그린파킹-048,비상벨,서울특별시 광진구 천호대로136길 43,37.5478,127.09027,주변지역_추가본
그린파킹-017,비상벨,서울특별시 광진구 천호대로122길 33,37.55209,127.08765,주변지역_추가본
생활방범-059,비상벨,서울특별시 광진구 자양로44나길 39 (구의동),37.55157,127.09456,주변지역_추가본
생활방범-520,비상벨,서울특별시 광진구 천호대로127길19,37.55366,127.08983,주변지역_추가본
생활방범-263,비상벨,서울특별시 광진구 천호대로109길 53 (중곡동),37.55932,127.08201,주변지역_추가본
어린이-156,비상벨,서울특별시 광진구 용마산로3길 57 (중곡동),37.55645,127.08508,주변지역_추가본
어린이-089,비상벨,서울특별시 광진구 아차산로 344 (자양동),37.53709,127.08071,주변지역_추가본
생활방범-388,비상벨,서울특별시 광진구 광장로5길 12 (광장동),37.54822,127.10506,주변지역_추가본
생활방범-251,비상벨,서울특별시 광진구 용마산로21길 77 (중곡동),37.56152,127.08475,주변지역_추가본
생활방범-404,비상벨,서울특별시 광진구 면목로5길 59 (군자동),37.55601,127.07321,주변지역_추가본
생활방범-175,비상벨,서울특별시 광진구 자양번영로9길 6-7 (자양동),37.53656,127.07618,주변지역_추가본
공원-016,비상벨,서울특별시 광진구 아차산로32길 17 (자양동),37.53926,127.06823,주변지역_추가본
생활방범-162,비상벨,서울특별시 광진구 뚝섬로52마길 42-15 (자양동),37.52797,127.08024,주변지역_추가본
공원-005,비상벨,서울특별시 광진구 광나루로44길 32 (구의동),37.54288,127.09113,주변지역_추가본
생활방범-689,비상벨,서울특별시 광진구 구의강변로 77,37.53769,127.0933,주변지역_추가본
생활방범-314,비상벨,서울특별시 광진구 동일로24길 56 (화양동),37.54312,127.06823,주변지역_추가본
공원-051,비상벨,서울특별시 광진구 도로명주소 없음,37.54976,127.10132,주변지역_추가본
생활방범-005,비상벨,서울특별시 광진구 아차산로 636 (광장동),37.54891,127.10899,주변지역_추가본
생활방범-183,비상벨,서울특별시 광진구 뚝섬로36길 15 (자양동),37.53368,127.0714,주변지역_추가본
생활방범-268,비상벨,서울특별시 광진구 긴고랑로16길 9-9 (중곡동),37.56141,127.0832,주변지역_추가본
생활방범-525,비상벨,서울특별시 광진구 영화사로13길21,37.55514,127.09445,주변지역_추가본
공원-157,비상벨,서울특별시 광진구 구의동 3-17,37.55492,127.10072,주변지역_추가본
다목적-017,비상벨,서울특별시 광진구 천호대로109길 13 (중곡동),37.5575,127.08104,주변지역_추가본
생활방범-033,비상벨,서울특별시 광진구 자양로26길 14 (구의동),37.54181,127.08488,주변지역_추가본
생활방범-063,비상벨,서울특별시 광진구 영화사로11길 22 (구의동),37.55551,127.09424,주변지역_추가본
그린파킹-006,비상벨,서울특별시 광진구 천호대로110길 8,37.55636,127.08009,주변지역_추가본
생활방범-338,비상벨,서울특별시 광진구 자양로47길 11 (구의동),37.55223,127.09191,주변지역_추가본
생활방범-026,비상벨,서울특별시 광진구 자양로28길 73 (구의동),37.54173,127.08823,주변지역_추가본
생활방범-623,비상벨,서울특별시 광진구 군자동 111-2,37.55324,127.07325,주변지역_추가본
생활방범-355,비상벨,서울특별시 광진구 아차산로21길 97(화양동),37.54615,127.06707,주변지역_추가본
생활방범-324,비상벨,서울특별시 광진구 아차산로25길 48 (화양동),37.54343,127.06753,주변지역_추가본
어린이-057,비상벨,서울특별시 광진구 구의강변로 69 구남초교 정문 앞,37.53711,127.09293,주변지역_추가본
생활방범-250,비상벨,서울특별시 광진구 긴고랑로29길 47 (중곡동),37.56204,127.0864,주변지역_추가본
생활방범-081,비상벨,서울특별시 광진구 구의로4길 51 (구의동),37.54071,127.09224,주변지역_추가본
어린이-008,비상벨,"서울특별시 광진구 아차산로 503-23 (광장동 ), 워커힐로 13 건너편",37.5433,127.09551,주변지역_추가본
생활방범-321,비상벨,서울특별시 광진구 긴고랑로46길 11 (화양동),37.54556,127.0742,주변지역_추가본
생활방범-275,비상벨,서울특별시 광진구 답십리로 78길 (중곡동),37.56985,127.0813,주변지역_추가본
생활방범-533,비상벨,서울특별시 광진구 면목로38,37.55741,127.07664,주변지역_추가본
생활방범-198,비상벨,서울특별시 광진구 동일로18길 44 (자양동),37.53938,127.06526,주변지역_추가본
생활방범-447,비상벨,서울특별시 광진구 능동로32길 82-26,37.55332,127.08552,주변지역_추가본
그린파킹-037,비상벨,서울특별시 광진구 긴고랑로49길 27,37.56104,127.09502,주변지역_추가본
다목적-008,비상벨,서울특별시 광진구 광나루로40길 80-4 (구의동),37.54129,127.08875,주변지역_추가본
생활방범-015,비상벨,서울특별시 광진구 아차산로57길 14 (구의동),37.53914,127.08831,주변지역_추가본
생활방범-531,비상벨,서울특별시 광진구 군자로 183,37.55677,127.07821,주변지역_추가본
생활방범-664,비상벨,서울특별시 광진구 능동로36길 186,37.55238,127.08842,주변지역_추가본
생활방범-333,비상벨,서울특별시 광진구 긴고랑로16길 50 (중곡동),37.55986,127.08172,주변지역_추가본
공원-059,비상벨,서울특별시 광진구 자양3동 784-2,37.53584,127.0677,주변지역_추가본
어린이-019,비상벨,"서울특별시 광진구 아차산로70길 61 (광장동), 아차산로70길 17-62 광남중",37.54018,127.10219,주변지역_추가본
시설방범-003,비상벨,서울특별시 광진구 자양로3길 7,37.53086,127.08643,주변지역_추가본
생활방범-131,비상벨,서울특별시 광진구 능동로32길 16-16 (능동),37.5546,127.07917,주변지역_추가본
생활방범-698,비상벨,서울특별시 광진구 아차산로 306,37.538,127.07703,주변지역_추가본
생활방범-610,비상벨,서울특별시 광진구 아차산로44가길 16,37.53565,127.07975,주변지역_추가본
생활방범-124,비상벨,서울특별시 광진구 천호대로124길 86 (능동),37.55214,127.08481,주변지역_추가본
생활방범-103,비상벨,서울특별시 광진구 동일로48길 14-10 (군자동),37.55391,127.07102,주변지역_추가본
공원-012,비상벨,서울특별시 광진구 자양로13길 41 (자양동),37.53435,127.08221,주변지역_추가본
생활방범-546,비상벨,서울특별시 광진구 자양로 117,37.5389,127.08241,주변지역_추가본
생활방범-211,비상벨,서울특별시 광진구 능동로3길 61-8 (자양동),37.5341,127.06386,주변지역_추가본
어린이-219,비상벨,서울특별시 광진구 구의강변로 96,37.5391,127.09406,주변지역_추가본
어린이-126,비상벨,서울특별시 광진구 뚝섬로35길 16-20 (자양동),37.53531,127.07138,주변지역_추가본
공원-017,비상벨,서울특별시 광진구 아차산로32길 17 (자양동),37.53913,127.06856,주변지역_추가본
어린이-191,비상벨,서울특별시 광진구 용마산로28길 43 (중곡동),37.56741,127.0886,주변지역_추가본
생활방범-224,비상벨,서울특별시 광진구 긴고랑로1길 11 (중곡동),37.5647,127.0775,주변지역_추가본
생활방범-185,비상벨,서울특별시 광진구 자양번영로3길 16 (자양동),37.53185,127.07445,주변지역_추가본
생활방범-037,비상벨,서울특별시 광진구 아차산로49길 50 (구의동),37.53916,127.08429,주변지역_추가본
생활방범-681,비상벨,서울특별시 광진구 구의로3길 11,37.54025,127.08794,주변지역_추가본
생활방범-323,비상벨,서울특별시 광진구 동일로28길 38 (화양동),37.54628,127.06883,주변지역_추가본
어린이-145,비상벨,서울특별시 광진구 자양로 43 (자양동),37.53191,127.08563,주변지역_추가본
생활방범-643,비상벨,서울특별시 광진구 동일로22길 117-20,37.54128,127.07084,주변지역_추가본
공원-144,비상벨,서울특별시 광진구 구의동 3-3,37.55646,127.09633,주변지역_추가본
생활방범-467,비상벨,서울특별시 광진구 능동로 32길 35 (능동),37.55474,127.08081,주변지역_추가본
생활방범-266,비상벨,서울특별시 광진구 용마산로21길 65 (중곡동),37.56207,127.08508,주변지역_추가본
생활방범-606,비상벨,서울특별시 광진구 용마사로30길 37,37.56865,127.08808,주변지역_추가본
생활방범-442,비상벨,서울특별시 광진구 용마산로30길 49 (중곡동),37.56863,127.08898,주변지역_추가본
공원-177,비상벨,서울특별시 광진구 구의동 3-8,37.55694,127.10302,주변지역_추가본
시설방범-035,비상벨,서울특별시 광진구 능동로 295-2,37.55631,127.0788,주변지역_추가본
생활방범-202,비상벨,서울특별시 광진구 뚝섬로22가길 22 (자양동),37.53551,127.06238,주변지역_추가본
생활방범-579,비상벨,서울특별시 광진구 천호대로 104길22,37.55755,127.07535,주변지역_추가본
생활방범-474,비상벨,서울특별시 광진구 구의로10길 12 (구의동),37.54215,127.09092,주변지역_추가본
다목적-009,비상벨,서울특별시 광진구 광나루로30나길 17 (구의동),37.54358,127.08268,주변지역_추가본
어린이-099,비상벨,서울특별시 광진구 자양번영로 32,37.53259,127.07558,주변지역_추가본
생활방범-253,비상벨,서울특별시 광진구 천호대로125길 35-17 (중곡동),37.55537,127.08723,주변지역_추가본
그린파킹-026,비상벨,서울특별시 광진구 용마산로21길 23,37.5637,127.08589,주변지역_추가본
생활방범-609,비상벨,서울특별시 광진구 자양로15길 27,37.53556,127.08238,주변지역_추가본
시설방범-022,비상벨,서울특별시 광진구 강변역로 53,37.53586,127.09434,주변지역_추가본
생활방범-457,비상벨,서울특별시 광진구 아차산로 63길 17 (구의동),37.54042,127.09241,주변지역_추가본
어린이-190,비상벨,서울특별시 광진구 동일로80길 34 (중곡동),37.57008,127.08177,주변지역_추가본
다목적-005,비상벨,서울특별시 광진구 긴고랑로9길 40 (중곡동),37.56531,127.08172,주변지역_추가본
생활방범-237,비상벨,서울특별시 광진구 긴고랑로8길 60 (중곡동),37.56104,127.07772,주변지역_추가본
그린파킹-020,비상벨,서울특별시 광진구 능동로32길 12,37.55523,127.07916,주변지역_추가본
생활방범-176,비상벨,서울특별시 광진구 자양번영로7길 12-7 (자양동),37.5362,127.07578,주변지역_추가본
생활방범-500,비상벨,서울특별시 광진구 자양로18길 72 (구의동),37.53833,127.08744,주변지역_추가본
생활방범-590,비상벨,서울특별시 광진구 아차산로 75길 9,37.54628,127.10468,주변지역_추가본
공원-171,비상벨,서울특별시 광진구 구의동 3-10,37.55496,127.10399,주변지역_추가본
어린이-195,비상벨,서울특별시 광진구 광나루로30길 49 (화양동),37.54311,127.08135,주변지역_추가본
생활방범-025,비상벨,서울특별시 광진구 자양로30길 14,37.54363,127.08565,주변지역_추가본
생활방범-549,비상벨,서울특별시 광진구 자양로4가길6-10,37.53204,127.08727,주변지역_추가본
생활방범-550,비상벨,서울특별시 광진구 뚝섬로52길 71,37.52922,127.07837,주변지역_추가본
어린이-034,비상벨,서울특별시 광진구 영화사로 77-1 (구의동),37.55471,127.0947,주변지역_추가본
어린이-062,비상벨,서울특별시 광진구 구의로4길 15 (구의동),37.5401,127.09062,주변지역_추가본
시설방범-010,비상벨,서울특별시 광진구 능동로 419,37.56643,127.08435,주변지역_추가본
생활방범-186,비상벨,서울특별시 광진구 자양번영로1길 27 (자양동),37.53084,127.07341,주변지역_추가본
생활방범-342,비상벨,서울특별시 광진구 자양로3길 7 (자양동),37.53045,127.08506,주변지역_추가본
생활방범-555,비상벨,서울특별시 광진구 자양동 84-27,37.53305,127.06438,주변지역_추가본
생활방범-214,비상벨,서울특별시 광진구 동일로18가길 13 (자양동),37.53906,127.06454,주변지역_추가본
생활방범-109,비상벨,서울특별시 광진구 광나루로17길 14 (군자동),37.54838,127.07269,주변지역_추가본
생활방범-584,비상벨,서울특별시 광진구 능동로 17길 6,37.54611,127.07297,주변지역_추가본
생활방범-392,비상벨,서울특별시 광진구 아차산로69길 36 (광장동),37.54388,127.0987,주변지역_추가본
생활방범-668,비상벨,서울특별시 광진구 뚝섬로52가길 42,37.53081,127.08158,주변지역_추가본
생활방범-123,비상벨,서울특별시 광진구 천호대로118길 16 (능동),37.55412,127.08523,주변지역_추가본
생활방범-460,비상벨,서울특별시 광진구 광장로9길 6 (광장동),37.54822,127.10613,주변지역_추가본
시설방범-018,비상벨,서울특별시 광진구 능동로 120-1,37.53974,127.07188,주변지역_추가본
생활방범-163,비상벨,서울특별시 광진구 자양로3길 49 (자양동),37.52914,127.08391,주변지역_추가본
생활방범-347,비상벨,서울특별시 광진구 자양로30길 29 (구의동),37.54359,127.08645,주변지역_추가본
공원-140,비상벨,서울특별시 광진구 영화사로 107,37.55481,127.09803,주변지역_추가본
생활방범-427,비상벨,서울특별시 광진구 용마산로3길 98 (중곡동),37.55732,127.0831,주변지역_추가본
다목적-036,비상벨,서울특별시 광진구 군자로 70 두산위브 앞,37.54883,127.07078,주변지역_추가본
생활방범-478,비상벨,서울특별시 광진구 용마산로22길 82 (중곡동),37.56725,127.08795,주변지역_추가본
시설방범-013,비상벨,서울특별시 광진구 중곡3동 485-7,37.56727,127.07705,주변지역_추가본
어린이-061,비상벨,서울특별시 광진구 영화사로 111 (구의동),37.55349,127.09944,주변지역_추가본
그린파킹-007,비상벨,서울특별시 광진구 능동로34길 11-19,37.55545,127.08079,주변지역_추가본
생활방범-703,비상벨,서울특별시 광진구 아차산로76길 34,37.54665,127.10738,주변지역_추가본
생활방범-142,비상벨,서울특별시 광진구 자양로13다길 34 (자양동),37.53321,127.07812,주변지역_추가본
생활방범-493,비상벨,서울특별시 광진구 자양로53길21,37.55441,127.09272,주변지역_추가본
생활방범-139,비상벨,서울특별시 광진구 자양로15길84,37.53479,127.0789,주변지역_추가본
생활방범-586,비상벨,서울특별시 광진구 능동로 13길 39,37.54333,127.0704,주변지역_추가본
생활방범-552,비상벨,서울특별시 광진구 뚝섬로 54길 61,37.52895,127.07978,주변지역_추가본
생활방범-044,비상벨,서울특별시 광진구 자양로44길 141-7 (구의동),37.55164,127.09554,주변지역_추가본
다목적-023,비상벨,서울특별시 광진구 능동로 32길 145,37.5525,127.086,주변지역_추가본
생활방범-134,비상벨,서울특별시 광진구 자양로21길 35 (자양동),37.53952,127.08133,주변지역_추가본
공원-123,비상벨,서울특별시 광진구 자양1동 231-63,37.53635,127.07986,주변지역_추가본
생활방범-562,비상벨,서울특별시 광진구 아차산로 23길 45,37.54392,127.06687,주변지역_추가본
생활방범-356,비상벨,서울특별시 광진구 광나루로17길 14-14 (군자동),37.54885,127.07273,주변지역_추가본
생활방범-541,비상벨,서울특별시 광진구 광나루로44길55,37.54186,127.09121,주변지역_추가본
생활방범-318,비상벨,서울특별시 광진구 답십리로84길 56 (중곡동),37.56868,127.08366,주변지역_추가본
공원-133,비상벨,서울특별시 광진구 광장동 5-112,37.55261,127.10373,주변지역_추가본
어린이-137,비상벨,서울특별시 광진구 뚝섬로 476 (자양동),37.53666,127.06322,주변지역_추가본
공원-109,비상벨,서울특별시 광진구 광나루로56길 86,37.53692,127.09502,주변지역_추가본
생활방범-516,비상벨,서울특별시 광진구 면목로182,37.56941,127.08317,주변지역_추가본
생활방범-058,비상벨,서울특별시 광진구 자양로44나길 26-14 (구의동),37.55089,127.09595,주변지역_추가본
시설방범-020,비상벨,서울특별시 광진구 자양4동 72-1,37.53192,127.06629,주변지역_추가본
시설방범-029,비상벨,서울특별시 광진구 광장동 401-33,37.54642,127.10139,주변지역_추가본
공원-156,비상벨,서울특별시 광진구 구의동 3-17,37.5549,127.10037,주변지역_추가본
어린이-210,비상벨,서울특별시 광진구 자양로 219,37.54691,127.08703,주변지역_추가본
공원-007,비상벨,서울특별시 광진구 광나루로56길 86 (구의동),37.53735,127.09452,주변지역_추가본
어린이-151,비상벨,서울특별시 광진구 천호대로113길 50-4 (중곡동),37.55926,127.08417,주변지역_추가본
생활방범-572,비상벨,서울특별시 광진구 자양로 237-1,37.54782,127.08806,주변지역_추가본
생활방범-498,비상벨,서울특별시 광진구 아차산 순환도로 (광장동),37.55117,127.1005,주변지역_추가본
생활방범-420,비상벨,서울특별시 광진구 뚝섬로34길 13 (자양동),37.53413,127.06976,주변지역_추가본
다목적-022,비상벨,서울특별시 광진구 광나루로56길 34 (구의동),37.53921,127.09525,주변지역_추가본
생활방범-607,비상벨,서울특별시 광진구 자양로37길 85,37.54747,127.0858,주변지역_추가본
공원-121,비상벨,서울특별시 광진구 자양2동 813-1,37.52995,127.08908,주변지역_추가본
어린이-045,비상벨,서울특별시 광진구 구의강변로3길 19 (구의동),37.53604,127.09105,주변지역_추가본
생활방범-639,비상벨,서울특별시 광진구 자양동 57-2,37.53273,127.06291,주변지역_추가본
다목적-021,비상벨,서울특별시 광진구 자양로39길 19 (구의동),37.54917,127.08833,주변지역_추가본
생활방범-570,비상벨,서울특별시 광진구 긴고랑로 44길 26-12,37.55857,127.0945,주변지역_추가본
시설방범-025,비상벨,서울특별시 광진구 아차산로 563,37.54378,127.10308,주변지역_추가본
생활방범-227,비상벨,서울특별시 광진구 긴고랑로14길 8 (중곡동),37.56224,127.08146,주변지역_추가본
생활방범-264,비상벨,서울특별시 광진구 긴고랑로15길 15 (중곡동),37.56276,127.08329,주변지역_추가본
생활방범-564,비상벨,서울특별시 광진구 광나루로 14길 26,37.54683,127.06836,주변지역_추가본
생활방범-337,비상벨,서울특별시 광진구 자양로22길 58(구의동),37.53982,127.08641,주변지역_추가본
시설방범-005,비상벨,서울특별시 광진구 능동로 110,37.54006,127.07096,주변지역_추가본
공원-080,비상벨,서울특별시 광진구 아차산생태공원-고구려정2,37.55798,127.10261,주변지역_추가본
공원-053,비상벨,서울특별시 광진구 천호대로140길 60,37.54433,127.09974,주변지역_추가본
생활방범-713,비상벨,서울특별시 광진구 광나루로40길 56,37.54229,127.08899,주변지역_추가본
공원-021,비상벨,서울특별시 광진구 긴고랑로5길 10 (중곡동),37.56471,127.07935,주변지역_추가본
생활방범-569,비상벨,서울특별시 광진구 영화사로 16,37.55773,127.08931,주변지역_추가본
생활방범-443,비상벨,서울특별시 광진구 아차산로33길 16-8 (화양동),37.54106,127.07033,주변지역_추가본
다목적-026,비상벨,서울특별시 광진구 능동로 42 (자양동),37.53522,127.06863,주변지역_추가본
어린이-149,비상벨,서울특별시 광진구 동일로72길 34 (중곡동),37.56564,127.07955,주변지역_추가본
시설방범-036,비상벨,서울특별시 광진구 면목로 98,37.56243,127.07947,주변지역_추가본
공원-092,비상벨,서울특별시 광진구 자양동 553-22,37.53512,127.06822,주변지역_추가본
생활방범-695,비상벨,서울특별시 광진구 능동로19길 10,37.54705,127.07328,주변지역_추가본
어린이-113,비상벨,서울특별시 광진구 자양로5길 33 (자양동,37.53061,127.08385,주변지역_추가본
생활방범-304,비상벨,서울특별시 광진구 용마산로34길 15 (중곡동),37.57019,127.08716,주변지역_추가본
생활방범-685,비상벨,서울특별시 광진구 면목로 5길 36,37.55658,127.07408,주변지역_추가본
생활방범-169,비상벨,서울특별시 광진구 자양로2길 29 (자양동),37.53153,127.08817,주변지역_추가본
생활방범-267,비상벨,서울특별시 광진구 능동로44길 13 (중곡동),37.56085,127.08229,주변지역_추가본
생활방범-209,비상벨,서울특별시 광진구 능동로5길 7,37.53643,127.06745,주변지역_추가본
생활방범-634,비상벨,서울특별시 광진구 자양로 35,37.53091,127.08628,주변지역_추가본
그린파킹-001,비상벨,서울특별시 광진구 광나루로36길 9-9,37.5444,127.08733,주변지역_추가본
다목적-012,비상벨,서울특별시 광진구 자양로9길 32 (자양동),37.5336,127.08278,주변지역_추가본
생활방범-547,비상벨,서울특별시 광진구 자양로11길 11-1,37.53456,127.08328,주변지역_추가본
공원-088,비상벨,서울특별시 광진구 구의동3-11,37.55318,127.10115,주변지역_추가본
생활방범-677,비상벨,서울특별시 광진구 면목로 136-1,37.56551,127.08112,주변지역_추가본
그린파킹-004,비상벨,서울특별시 광진구 동일로52길 11-13,37.55528,127.07219,주변지역_추가본
어린이-082,비상벨,서울특별시 광진구 군자로 74 (군자동),37.55105,127.07162,주변지역_추가본
생활방범-378,비상벨,서울특별시 광진구 뚝섬로36길 38 (자양동),37.53294,127.07051,주변지역_추가본
생활방범-468,비상벨,서울특별시 광진구 뚝섬로 631 (자양동),37.53211,127.07974,주변지역_추가본
생활방범-184,비상벨,서울특별시 광진구 자양번영로5길 16 (자양동),37.53273,127.07448,주변지역_추가본
어린이-174,비상벨,서울특별시 광진구 답십리로78길 11 (중곡동),37.57107,127.08138,주변지역_추가본
생활방범-554,비상벨,서울특별시 광진구 자양번영로 7길 3,37.53551,127.07636,주변지역_추가본
어린이-117,비상벨,"서울특별시 광진구 뚝섬로62길 33-8 (자양동, 목화맨션)",37.53183,127.0884,주변지역_추가본
공원-061,비상벨,서울특별시 광진구 용마도시자연공원-사무실,37.56227,127.09624,주변지역_추가본
생활방범-618,비상벨,서울특별시 광진구 아차산로39가길 8,37.53915,127.07675,주변지역_추가본
공원-077,비상벨,서울특별시 광진구 아차산생태공원-토요,37.55414,127.10133,주변지역_추가본
생활방범-466,비상벨,서울특별시 광진구 동일로 44길 17 (군자동),37.5531,127.07133,주변지역_추가본
공원-083,비상벨,서울특별시 광진구 중곡 4동 30-75,37.56602,127.08498,주변지역_추가본
그린파킹-047,비상벨,서울특별시 광진구 광나루로30다길 30,37.54285,127.08303,주변지역_추가본
어린이-066,비상벨,서울특별시 광진구 천호대로134길 2 (구의동),37.54921,127.09081,주변지역_추가본
생활방범-565,비상벨,서울특별시 광진구 능동로 16길 14,37.54483,127.07387,주변지역_추가본
생활방범-567,비상벨,서울특별시 광진구 천호대로119길 16,37.55537,127.08617,주변지역_추가본
공원-162,비상벨,서울특별시 광진구 중곡동 143-146,37.56373,127.09699,주변지역_추가본
생활방범-543,비상벨,서울특별시 광진구 뚝섬로47길29,37.53369,127.07867,주변지역_추가본
생활방범-301,비상벨,서울특별시 광진구 용마산로36길 66 (중곡동),37.56947,127.08872,주변지역_추가본
생활방범-368,비상벨,서울특별시 광진구 능동로55길 43 (중곡동),37.56801,127.08314,주변지역_추가본
생활방범-523,비상벨,서울특별시 광진구 긴고랑로 39길 54,37.55932,127.09282,주변지역_추가본
시설방범-012,비상벨,서울특별시 광진구 동일로 403,37.56659,127.07726,주변지역_추가본
생활방범-246,비상벨,서울특별시 광진구 능동로47길 35 (중곡동),37.56364,127.08074,주변지역_추가본
생활방범-540,비상벨,서울특별시 광진구 아차산로 401-9,37.53779,127.08701,주변지역_추가본
생활방범-030,비상벨,서울특별시 광진구 아차산로53길 77 (구의동),37.54073,127.08608,주변지역_추가본
생활방범-659,비상벨,서울특별시 광진구 용마산로22길 5-8,37.56121,127.08725,주변지역_추가본
생활방범-518,비상벨,서울특별시 광진구 용마산로33길 41,37.57023,127.08382,주변지역_추가본
생활방범-545,비상벨,서울특별시 광진구 뚝섬로681,37.53227,127.08502,주변지역_추가본
그린파킹-015,비상벨,서울특별시 광진구 천호대로118길 33-17,37.55296,127.08555,주변지역_추가본
공원-010,비상벨,서울특별시 광진구 능동로30길 23 (능동),37.55356,127.07928,주변지역_추가본
시설방범-009,비상벨,서울특별시 광진구 천호대로 549,37.55741,127.07946,주변지역_추가본
생활방범-122,비상벨,서울특별시 광진구 천호대로118길 36 (능동),37.55318,127.08466,주변지역_추가본
생활방범-599,비상벨,서울특별시 광진구 능동로24길60-84길,37.55254,127.08014,주변지역_추가본
다목적-002,비상벨,서울특별시 광진구 천호대로140길 40 (광장동),37.54428,127.10024,주변지역_추가본
공원-118,비상벨,서울특별시 광진구 화양동 523-2,37.54508,127.07627,주변지역_추가본
생활방범-491,비상벨,서울특별시 광진구 자양로28길 98 (구의동),37.54154,127.0895,주변지역_추가본
생활방범-673,비상벨,서울특별시 광진구 자양로15길 72,37.53502,127.07974,주변지역_추가본
생활방범-135,비상벨,서울특별시 광진구 아차산로46길 23 (자양동),37.53609,127.08083,주변지역_추가본
공원-111,비상벨,서울특별시 광진구 광장동 378-76,37.55025,127.10119,주변지역_추가본
그린파킹-032,비상벨,서울특별시 광진구 용마산로8길 66,37.55946,127.09137,주변지역_추가본
공원-068,비상벨,서울특별시 광진구 용마도시자연공원-유화교,37.56512,127.0974,주변지역_추가본
생활방범-292,비상벨,서울특별시 광진구 영화사로3가길 9 (중곡동),37.55791,127.09304,주변지역_추가본
생활방범-375,비상벨,서울특별시 광진구 아차산로70길 17-16 (과장동),37.54151,127.10242,주변지역_추가본
그린파킹-029,비상벨,서울특별시 광진구 능동로51길 19-8,37.56597,127.08305,주변지역_추가본
어린이-020,비상벨,"서울특별시 광진구 아차산로70길 61 (광장동, 광장현대아파트)",37.54063,127.1,주변지역_추가본
공원-046,비상벨,서울특별시 광진구 광장로1가길 31 (광장동),37.54813,127.10059,주변지역_추가본
공원-014,비상벨,서울특별시 광진구 뚝섬로62길 24 (자양동),37.53213,127.08783,주변지역_추가본
생활방범-256,비상벨,서울특별시 광진구 긴고랑로 110 (중곡동),37.55925,127.08691,주변지역_추가본
어린이-203,비상벨,서울특별시 광진구 아차산로 191 (화양동),37.54248,127.06512,주변지역_추가본
그린파킹-040,비상벨,서울특별시 광진구 동일로24길 80-5,37.54254,127.06935,주변지역_추가본
생활방범-369,비상벨,서울특별시 광진구 긴고랑로44길 42 (중곡동),37.55836,127.09444,주변지역_추가본
생활방범-582,비상벨,서울특별시 광진구 광나루로 16길 18,37.5468,127.06919,주변지역_추가본
생활방범-619,비상벨,서울특별시 광진구 광장로1다길 23,37.54511,127.09887,주변지역_추가본
생활방범-308,비상벨,서울특별시 광진구 자양로45길 65 (중곡동),37.55399,127.09031,주변지역_추가본
생활방범-284,비상벨,서울특별시 광진구 답십리로 370 (중곡동),37.57156,127.08151,주변지역_추가본
생활방범-526,비상벨,서울특별시 광진구 자양로209,37.5459,127.0859,주변지역_추가본
생활방범-070,비상벨,서울특별시 광진구 자양로33길 44 (구의동),37.54784,127.08634,주변지역_추가본
생활방범-273,비상벨,서울특별시 광진구 능동로53길 24-9 (중곡동),37.56723,127.0835,주변지역_추가본
생활방범-652,비상벨,서울특별시 광진구 천호대로 585,37.55594,127.08322,주변지역_추가본
그린파킹-018,비상벨,서울특별시 광진구 능동로30길 8,37.5541,127.07856,주변지역_추가본
생활방범-519,비상벨,서울특별시 광진구 용마산로28나길15,37.56825,127.08798,주변지역_추가본
생활방범-631,비상벨,서울특별시 광진구 뚝섬로 561,37.53397,127.07253,주변지역_추가본
생활방범-515,비상벨,서울특별시 광진구 능동로50길 31-9,37.56393,127.08525,주변지역_추가본
생활방범-150,비상벨,서울특별시 광진구 자양로21길 14 (자양동),37.53992,127.08225,주변지역_추가본
어린이-055,비상벨,"서울특별시 광진구 구의강변로3가길 24 (구의동, 동서울빌라)",37.53666,127.09179,주변지역_추가본
생활방범-012,비상벨,서울특별시 광진구 광장로 1 (광장동),37.54543,127.09779,주변지역_추가본
생활방범-101,비상벨,서울특별시 광진구 능동로25길 22 (군자동),37.55299,127.07587,주변지역_추가본
다목적-010,비상벨,서울특별시 광진구 구의로16길 68 (구의동),37.54235,127.09358,주변지역_추가본
생활방범-691,비상벨,서울특별시 광진구 뚝섬로23가길 35,37.53867,127.0659,주변지역_추가본
생활방범-239,비상벨,서울특별시 광진구 동일로62길 37 (중곡동),37.55937,127.0761,주변지역_추가본
공원-027,비상벨,서울특별시 광진구 동일로28길 16 (화양동),37.54655,127.06769,주변지역_추가본
생활방범-197,비상벨,서울특별시 광진구 아차산로30길 39 (자양동),37.53895,127.06687,주변지역_추가본
생활방범-629,비상벨,서울특별시 광진구 자양강변길 301,37.52944,127.07532,주변지역_추가본
생활방범-345,비상벨,서울특별시 광진구 군자로 38 (화양동),37.5465,127.0703,주변지역_추가본
생활방범-086,비상벨,서울특별시 광진구 광나루로52길 43 (구의동),37.54043,127.09325,주변지역_추가본
시설방범-023,비상벨,서울특별시 광진구 화양동 4-14,37.54098,127.07155,주변지역_추가본
다목적-020,비상벨,서울특별시 광진구 아차산로 384-1,37.5377,127.0879,주변지역_추가본
생활방범-383,비상벨,서울특별시 광진구 아차산로27길 45-6 (화양동),37.54364,127.06826,주변지역_추가본
다목적-042,비상벨,서울특별시 광진구 자양로40길 41 (구의동),37.54751,127.09079,주변지역_추가본
어린이-063,비상벨,서울특별시 광진구 광나루로 532 (구의동),37.54483,127.08837,주변지역_추가본
생활방범-080,비상벨,서울특별시 광진구 아차산로65길 14 (구의동),37.54097,127.09414,주변지역_추가본
공원-011,비상벨,서울특별시 광진구 능동로30길 23 (능동),37.55374,127.07943,주변지역_추가본
시설방범-017,비상벨,서울특별시 광진구 아차산로 370,37.53645,127.08385,주변지역_추가본
생활방범-212,비상벨,서울특별시 광진구 동일로12길 20 (자양동),37.53953,127.06335,주변지역_추가본
생활방범-711,비상벨,서울특별시 광진구 뚝섬로26길 5,37.53615,127.06454,주변지역_추가본
생활방범-299,비상벨,서울특별시 광진구 용마산로8가길 26 (중곡동),37.56092,127.0888,주변지역_추가본
생활방범-366,비상벨,서울특별시 광진구 동일로4길 60 (자양동),37.53571,127.06409,주변지역_추가본
시설방범-030,비상벨,서울특별시 광진구 중곡동 30-51,37.56596,127.08454,주변지역_추가본
어린이-060,비상벨,서울특별시 광진구 광나루로56길 5 (구의동),37.53881,127.09805,주변지역_추가본
생활방범-293,비상벨,서울특별시 광진구 영화사로3가길 25 (중곡동),37.55749,127.09347,주변지역_추가본
어린이-006,비상벨,서울특별시 광진구 아차산로70길 35 (광장동),37.54205,127.10177,주변지역_추가본
생활방범-133,비상벨,서울특별시 광진구 자양로13길 41 (자양동),37.53437,127.08195,주변지역_추가본
생활방범-434,비상벨,서울특별시 광진구 군자로2길 4 (화양동),37.54433,127.07163,주변지역_추가본
어린이-036,비상벨,"서울특별시 광진구 자양로50길 53 (구의동, 남광하이츠빌라)",37.55267,127.09534,주변지역_추가본
생활방범-605,비상벨,서울특별시 광진구 영화사로3나길 28,37.55709,127.09369,주변지역_추가본
공원-034,비상벨,서울특별시 광진구 천호대로 717-18 (구의동),37.54811,127.09644,주변지역_추가본
생활방범-317,비상벨,서울특별시 광진구 아차산로 241 (화양동),37.54062,127.07054,주변지역_추가본
생활방범-207,비상벨,서울특별시 광진구 능동로9길 23,37.53767,127.06797,주변지역_추가본
생활방범-594,비상벨,서울특별시 광진구 동일로 26길 9,37.54531,127.06668,주변지역_추가본
생활방범-099,비상벨,서울특별시 광진구 능동로27길 33 (군자동),37.55472,127.07657,주변지역_추가본
생활방범-532,비상벨,서울특별시 광진구 천호대로102길60,37.55652,127.07283,주변지역_추가본
생활방범-603,비상벨,서울특별시 광진구 광장로77,37.54771,127.10573,주변지역_추가본
어린이-131,비상벨,서울특별시 광진구 능동로4길 88 (자양동),37.53085,127.07147,주변지역_추가본
생활방범-221,비상벨,서울특별시 광진구 뚝섬로57길 13 (자양동),37.53231,127.08359,주변지역_추가본
그린파킹-024,비상벨,서울특별시 광진구 용마산로5길 40-22,37.55849,127.08544,주변지역_추가본
그린파킹-050,비상벨,서울특별시 광진구 천호대로136길 64,37.54719,127.08952,주변지역_추가본
생활방범-632,비상벨,서울특별시 광진구 천호대로138길 40,37.54739,127.0921,주변지역_추가본
그린파킹-012,비상벨,서울특별시 광진구 천호대로116길 36,37.55368,127.08338,주변지역_추가본
생활방범-110,비상벨,서울특별시 광진구 동일로60길 25 (군자동),37.55829,127.07474,주변지역_추가본
생활방범-674,비상벨,서울특별시 광진구 군자로 96-14,37.55133,127.07181,주변지역_추가본
공원-132,비상벨,서울특별시 광진구 광장동 5-143,37.55193,127.10432,주변지역_추가본
생활방범-129,비상벨,서울특별시 광진구 능동로24길 41 (능동),37.55239,127.07913,주변지역_추가본
생활방범-527,비상벨,서울특별시 광진구 광장로5길 25-1,37.54865,127.10495,주변지역_추가본
다목적-007,비상벨,서울특별시 광진구 아차산로70길 17-21,37.54106,127.1033,주변지역_추가본
생활방범-403,비상벨,서울특별시 광진구 동일로46길 26 (군자동),37.55355,127.07185,주변지역_추가본
생활방범-051,비상벨,서울특별시 광진구 자양로53길 10 (구의동),37.55417,127.09335,주변지역_추가본
생활방범-042,비상벨,서울특별시 광진구 아차산로53길 38-12 (구의동),37.53915,127.08609,주변지역_추가본
공원-104,비상벨,서울특별시 광진구 영화사로 139,37.55218,127.10131,주변지역_추가본
생활방범-666,비상벨,서울특별시 광진구 자양로 282,37.55092,127.09155,주변지역_추가본
생활방범-320,비상벨,서울특별시 광진구 군자로5길 18-12 (화양동),37.54558,127.06954,주변지역_추가본
어린이-202,비상벨,서울특별시 광진구 아차산로21길 15 (화양동),37.54356,127.06563,주변지역_추가본
공원-022,비상벨,서울특별시 광진구 긴고랑로5길 10 (중곡동),37.55964,127.0841,주변지역_추가본
어린이-040,비상벨,서울특별시 광진구 자양로50길 13 (구의동),37.55215,127.09313,주변지역_추가본
생활방범-089,비상벨,서울특별시 광진구 아차산로59길 21-13 (구의동),37.53973,127.09007,주변지역_추가본
공원-108,비상벨,서울특별시 광진구 광나루로52길 12,37.54135,127.09448,주변지역_추가본
생활방범-010,비상벨,서울특별시 광진구 광장로1다길 60 (광장동),37.55079,127.10133,주변지역_추가본
생활방범-255,비상벨,서울특별시 광진구 천호대로121길 39 (중곡동),37.55682,127.08643,주변지역_추가본
생활방범-433,비상벨,서울특별시 광진구 능동로13길 39 (화양동),37.54411,127.06975,주변지역_추가본
다목적-014,비상벨,서울특별시 광진구 능동로4길 51 (자양동),37.53218,127.0701,주변지역_추가본
다목적-033,비상벨,"서울특별시 광진구 자양로42길 53 (구의동, 광진로얄빌라)",37.5482,127.09302,주변지역_추가본
생활방범-353,비상벨,서울특별시 광진구 능동로55길 20 (중곡동),37.568,127.08444,주변지역_추가본
생활방범-551,비상벨,서울특별시 광진구 뚝섬로703-1,37.53318,127.08757,주변지역_추가본
어린이-193,비상벨,서울특별시 광진구 군자로 18 (화양동),37.54501,127.07124,주변지역_추가본
생활방범-038,비상벨,서울특별시 광진구 자양로23길 86 (구의동),37.54425,127.084,주변지역_추가본
생활방범-633,비상벨,서울특별시 광진구 광장로1가길 13,37.54749,127.10122,주변지역_추가본
어린이-047,비상벨,"서울특별시 광진구 구의강변로 84 (구의동, 세양아파트)",37.53708,127.0938,주변지역_추가본
생활방범-300,비상벨,서울특별시 광진구 용마산로8다길 23 (중곡동),37.56176,127.08946,주변지역_추가본
어린이-218,비상벨,서울특별시 광진구 군자로 142,37.55421,127.07517,주변지역_추가본
생활방범-556,비상벨,서울특별시 광진구 뚝섬로27길3,37.5361,127.06594,주변지역_추가본
생활방범-234,비상벨,서울특별시 광진구 동일로66길 9 (중곡동),37.56167,127.07581,주변지역_추가본
어린이-028,비상벨,서울특별시 광진구 자양로23가길 16 (구의동),37.54212,127.08166,주변지역_추가본
생활방범-497,비상벨,서울특별시 광진구 능동로 48길 36 (중곡동),37.56224,127.08446,주변지역_추가본
공원-052,비상벨,서울특별시 광진구 천호대로140길 60,37.54413,127.09922,주변지역_추가본
생활방범-104,비상벨,서울특별시 광진구 군자로15길 10-6 (군자동),37.55406,127.07362,주변지역_추가본
JA1_C076,비상벨,서울특별시 동대문구 천호대로81길 32,37.5637,127.064,주변지역_추가본
JA1_C077,비상벨,서울특별시 동대문구 장한로6길 69,37.5621,127.069,주변지역_추가본
JA1_C078,비상벨,서울특별시 동대문구 장한로21길 11-12,37.569,127.068,주변지역_추가본
JA2_C082,비상벨,서울특별시 동대문구 장한로27길 46,37.5732,127.068,주변지역_추가본
JA2_C092,비상벨,서울특별시 동대문구 면먹동 727-65,37.5735,127.077,주변지역_추가본
JA2_C093,비상벨,서울특별시 동대문구 장안동 7-16,37.5718,127.077,주변지역_추가본
DS1_C055,비상벨,서울특별시 동대문구 전농로 81,37.5723,127.057,주변지역_추가본
JA2_C096,비상벨,서울특별시 동대문구 장한로 144,37.573,127.072,주변지역_추가본
JA2_C105,비상벨,서울특별시 동대문구 답십리로 297,37.5723,127.073,주변지역_추가본
DS2_C108,비상벨,서울특별시 동대문구 답십리동 산2-1,37.571,127.06,주변지역_추가본
DS2_C110,비상벨,서울특별시 동대문구 답십리동 산2-1,37.5717,127.062,주변지역_추가본
DS2_C109,비상벨,서울특별시 동대문구 답십리동 산2-1,37.5706,127.061,주변지역_추가본
DS2_C111,비상벨,서울특별시 동대문구 답십리동 산2-1,37.5724,127.063,주변지역_추가본
DS2_W001,비상벨,서울특별시 동대문구 답십리로56길 60,37.5702,127.059,주변지역_추가본
DS2_C106,비상벨,서울특별시 동대문구 답십리동 산2-1,37.5709,127.061,주변지역_추가본
DS2_C107,비상벨,서울특별시 동대문구 답십리동 산2-1,37.571,127.06,주변지역_추가본
DS2_C096,비상벨,서울특별시 동대문구 답십리동 산2-1,37.5726,127.061,주변지역_추가본
DS2_C103,비상벨,서울특별시 동대문구 답십리동 산2-1,37.5717,127.061,주변지역_추가본
DS2_C104,비상벨,서울특별시 동대문구 답십리동 산2-1,37.5712,127.06,주변지역_추가본
DS2_C105,비상벨,서울특별시 동대문구 답십리동 산2-1,37.5711,127.061,주변지역_추가본
JA1_C088,비상벨,서울특별시 동대문구 천호대로79길 49,37.5648,127.063,주변지역_추가본
JA1_C089,비상벨,서울특별시 동대문구 장한로9길 22,37.5659,127.065,주변지역_추가본
JA1_C090,비상벨,서울특별시 동대문구 천호대로95길 16,37.5625,127.07,주변지역_추가본
JA1_C091,비상벨,서울특별시 동대문구 장안동 354-2,37.5646,127.073,주변지역_추가본
DS1_C057,비상벨,서울특별시 동대문구 전농로 97-1,37.5736,127.057,주변지역_추가본
JA1_C092,비상벨,서울특별시 동대문구 장안동 336,37.5691,127.075,주변지역_추가본
JA1_C079,비상벨,서울특별시 동대문구 장한로9길 8,37.5657,127.066,주변지역_추가본
JA1_C080,비상벨,서울특별시 동대문구 답십리로66길 75,37.5693,127.066,주변지역_추가본
JA1_C081,비상벨,서울특별시 동대문구 한천로8길 15,37.5648,127.061,주변지역_추가본
JA1_C082,비상벨,서울특별시 동대문구 천호대로83길 72,37.5651,127.066,주변지역_추가본
JA1_C083,비상벨,서울특별시 동대문구 답십리로72길 46,37.5699,127.073,주변지역_추가본
JA1_C087,비상벨,서울특별시 동대문구 한천로6길 47,37.5632,127.061,주변지역_추가본
JA1_C084,비상벨,서울특별시 동대문구 천호대로77길 104,37.5661,127.063,주변지역_추가본
JA1_C085,비상벨,서울특별시 동대문구 장한로2길 8,37.562,127.065,주변지역_추가본
JA1_C086,비상벨,서울특별시 동대문구 답십리로66길 57-10,37.5704,127.067,주변지역_추가본
DS2_C013,비상벨,서울특별시 동대문구 황물로17길 24,37.5646,127.059,주변지역_추가본
DS2_C014,비상벨,서울특별시 동대문구 답십리동 998-1,37.567,127.057,주변지역_추가본
DS2_C016,비상벨,서울특별시 동대문구 답십리동 산41-4,37.5702,127.06,주변지역_추가본
JA1_C098,비상벨,서울특별시 동대문구 장한로6길 37(카페시월 앞 사거리),37.5629,127.068,주변지역_추가본
JA1_C099,비상벨,서울특별시 동대문구 한천로18길 32,37.5684,127.065,주변지역_추가본
JA1_C100,비상벨,서울특별시 동대문구 한천로14길 17-10,37.5676,127.064,주변지역_추가본
JA1_C101,비상벨,서울특별시 동대문구 한천로14길 29-21,37.5678,127.065,주변지역_추가본
JA1_C102,비상벨,서울특별시 동대문구 답십리로 64길 111,37.5683,127.064,주변지역_추가본
JA1_P009,비상벨,서울특별시 동대문구 서울 동대문구 장한로18길 82-9,37.5673,127.073,주변지역_추가본
JA1_C093,비상벨,서울특별시 동대문구 장안동 481-3,37.5715,127.077,주변지역_추가본
JA1_C094,비상벨,서울특별시 동대문구 장안동 24-2,37.5663,127.074,주변지역_추가본
JA1_C095,비상벨,서울특별시 동대문구 장안동 24-1,37.5674,127.075,주변지역_추가본
JA1_C096,비상벨,서울특별시 동대문구 장안동 164-1,37.5699,127.065,주변지역_추가본
JA1_C097,비상벨,서울특별시 동대문구 장한로 91,37.569,127.069,주변지역_추가본
DS2_C019,비상벨,서울특별시 동대문구 답십리로58길 52,37.5722,127.058,주변지역_추가본
DS2_C018,비상벨,서울특별시 동대문구 답십리동 41-1,37.5724,127.061,주변지역_추가본
DS2_C017,비상벨,서울특별시 동대문구 황물로17길 24,37.5649,127.059,주변지역_추가본
DS2_C074,비상벨,서울특별시 동대문구 답십리동 2-299,37.5717,127.062,주변지역_추가본
DS2_C081,비상벨,서울특별시 동대문구 답십리동 14-11,37.5665,127.059,주변지역_추가본
JA1_C003,비상벨,서울특별시 동대문구 천호대로87길 43,37.5636,127.068,주변지역_추가본
JA1_C062,비상벨,서울특별시 동대문구 천호대로93길 56,37.5631,127.07,주변지역_추가본
JA1_C068,비상벨,서울특별시 동대문구 답십리로64길 135,37.5672,127.064,주변지역_추가본
JA1_C064,비상벨,서울특별시 동대문구 한천로14길 53,37.5668,127.065,주변지역_추가본
JA1_C065,비상벨,서울특별시 동대문구 한천로26길 23,37.5716,127.067,주변지역_추가본
JA1_C066,비상벨,서울특별시 동대문구 천호대로77다길 11-18,37.5663,127.064,주변지역_추가본
JA1_C067,비상벨,서울특별시 동대문구 천호대로87길 14,37.5625,127.067,주변지역_추가본
JA2_P009,비상벨,서울특별시 동대문구 장한로26가길 53,37.5694,127.07,주변지역_추가본
JA2_P008,비상벨,서울특별시 동대문구 장한로 110,37.5702,127.07,주변지역_추가본
JA2_P012,비상벨,서울특별시 동대문구 장한로26다길 77,37.5683,127.071,주변지역_추가본
JA2_P013,비상벨,서울특별시 동대문구 장한로28가길 17,37.5737,127.072,주변지역_추가본
공원-11호,비상벨,서울특별시 동대문구 장안벚꽃로 67,37.5671783,127.0739549,주변지역_추가본
JA2_C035,비상벨,서울특별시 동대문구 장한로24길 40,37.5701,127.072,주변지역_추가본
JA2_C041,비상벨,서울특별시 동대문구 장한로27길 11,37.573,127.07,주변지역_추가본
JA2_C071,비상벨,서울특별시 동대문구 한천로28길27,37.5731,127.068,주변지역_추가본
JA1_C073,비상벨,서울특별시 동대문구 장한로 3,37.5622,127.064,주변지역_추가본
JA1_C074,비상벨,서울특별시 동대문구 답십리로66길 44-5,37.5707,127.067,주변지역_추가본
JA1_C075,비상벨,서울특별시 동대문구 한천로4길 12,37.5634,127.059,주변지역_추가본
JA1_C070,비상벨,서울특별시 동대문구 한천로20길8-12,37.569,127.064,주변지역_추가본
JA1_C069,비상벨,서울특별시 동대문구 천호대로79길26,37.5637,127.063,주변지역_추가본
JA1_C071,비상벨,서울특별시 동대문구 한천로 10,37.5635,127.058,주변지역_추가본
JA1_C072,비상벨,서울특별시 동대문구 천호대로77길 10,37.5627,127.061,주변지역_추가본
JA1_P011,비상벨,서울특별시 동대문구 장한로 119,37.5717,127.069,주변지역_추가본
JA1_C035,비상벨,서울특별시 동대문구 천호대로87길 48,37.5637,127.068,주변지역_추가본
JA1_C036,비상벨,서울특별시 동대문구 답십리로66길 30,37.5714,127.067,주변지역_추가본
JA1_C037,비상벨,서울특별시 동대문구 한천로6길 36,37.5634,127.061,주변지역_추가본
DS2_C032,비상벨,서울특별시 동대문구 전농로 70,37.571,127.057,주변지역_추가본
DS2_C025,비상벨,서울특별시 동대문구 답십리로56길21,37.5701,127.06,주변지역_추가본
DS2_C027,비상벨,서울특별시 동대문구 답십리로56길 124,37.5678,127.057,주변지역_추가본
DS2_C028,비상벨,서울특별시 동대문구 답십리로52길 34,37.5713,127.058,주변지역_추가본
DS2_C029,비상벨,서울특별시 동대문구 답십리로60길 6,37.5723,127.065,주변지역_추가본
DS2_C030,비상벨,서울특별시 동대문구 한천로 55,37.567,127.061,주변지역_추가본
DS2_C031,비상벨,서울특별시 동대문구 한천로15길 20-7,37.5685,127.062,주변지역_추가본
JA1_C038,비상벨,서울특별시 동대문구 장한로14길 62,37.5653,127.071,주변지역_추가본
JA1_C039,비상벨,서울특별시 동대문구 장한평26다길 115-5,37.5664,127.071,주변지역_추가본
JA1_C040,비상벨,서울특별시 동대문구 한천로18길 14-9,37.5685,127.064,주변지역_추가본
JA1_C041,비상벨,서울특별시 동대문구 한천로24길 47-2,37.5697,127.067,주변지역_추가본
JA1_C042,비상벨,서울특별시 동대문구 한천로2길 78,37.5624,127.063,주변지역_추가본
JA1_C043,비상벨,서울특별시 동대문구 장한로8길 84,37.5627,127.071,주변지역_추가본
JA1_C044,비상벨,서울특별시 동대문구 천호대로97길 61,37.5637,127.071,주변지역_추가본
JA1_C045,비상벨,서울특별시 동대문구 한천로26길 12-13,37.5713,127.066,주변지역_추가본
DS2_C075,비상벨,서울특별시 동대문구 답십리동 2-299,37.5722,127.063,주변지역_추가본
JA1_C053,비상벨,서울특별시 동대문구 한천로24길 21,37.5704,127.066,주변지역_추가본
DS2_C076,비상벨,서울특별시 동대문구 답십리동 2-299,37.5716,127.061,주변지역_추가본
DS2_C077,비상벨,서울특별시 동대문구 답십리동 산2-1,37.5733,127.061,주변지역_추가본
JA1_C046,비상벨,서울특별시 동대문구 장한로5가길 31,37.5668,127.064,주변지역_추가본
JA1_C052,비상벨,서울특별시 동대문구 장한로18길 82-14,37.5678,127.073,주변지역_추가본
JA1_C047,비상벨,서울특별시 동대문구 장한로14길 61,37.5655,127.07,주변지역_추가본
JA1_C048,비상벨,서울특별시 동대문구 답십리로66길 3,37.5724,127.068,주변지역_추가본
JA1_C049,비상벨,서울특별시 동대문구 답십리로 320-1,37.5719,127.075,주변지역_추가본
JA1_C050,비상벨,서울특별시 동대문구 천호대로89길 58,37.564,127.069,주변지역_추가본
JA1_C051,비상벨,서울특별시 동대문구 답십리로66길 75-4,37.5691,127.067,주변지역_추가본
DS2_C020,비상벨,서울특별시 동대문구 답십리로48나길 21,37.5698,127.058,주변지역_추가본
DS2_C021,비상벨,서울특별시 동대문구 한천로17길 10,37.5697,127.063,주변지역_추가본
DS2_C022,비상벨,서울특별시 동대문구 답십리로48라길 1,37.5691,127.057,주변지역_추가본
JA2_C058,비상벨,서울특별시 동대문구 장한로27길 36,37.5732,127.069,주변지역_추가본
JA2_C067,비상벨,서울특별시 동대문구 한천로30길 27,37.5736,127.068,주변지역_추가본
JA1_C060,비상벨,서울특별시 동대문구 답십리로66길 105,37.5683,127.065,주변지역_추가본
JA1_C061,비상벨,서울특별시 동대문구 장안동 164-1,37.57,127.065,주변지역_추가본
JA1_C063,비상벨,서울특별시 동대문구 답십리로72길 158,37.5671,127.07,주변지역_추가본
JA1_C054,비상벨,서울특별시 동대문구 한천로10길 55,37.5668,127.063,주변지역_추가본
JA1_C055,비상벨,서울특별시 동대문구 한천로 72-22,37.5684,127.064,주변지역_추가본
JA1_C056,비상벨,서울특별시 동대문구 장한로5길 45,37.5651,127.064,주변지역_추가본
JA1_C057,비상벨,서울특별시 동대문구 장한로6길 10,37.5635,127.066,주변지역_추가본
JA1_C058,비상벨,서울특별시 동대문구 장한로10길 9,37.5653,127.068,주변지역_추가본
JA1_C059,비상벨,서울특별시 동대문구 한천로26길 43,37.5711,127.068,주변지역_추가본
DS2_C035,비상벨,서울특별시 동대문구 한천로11길 51,37.5669,127.059,주변지역_추가본
JA1_C023,비상벨,서울특별시 동대문구 천호대로83길 46,37.5642,127.065,주변지역_추가본
JA1_C024,비상벨,서울특별시 동대문구 장한로 60,37.5664,127.068,주변지역_추가본
DS2_C033,비상벨,서울특별시 동대문구 황물로17길 27,37.565,127.059,주변지역_추가본
DS2_C080,비상벨,서울특별시 동대문구 전농로 38,37.5683,127.057,주변지역_추가본
JA1_W001,비상벨,서울특별시 동대문구 장한로14길 28,37.566,127.069,주변지역_추가본
JA1_W002,비상벨,서울특별시 동대문구 장한로25길 45,37.5718,127.068,주변지역_추가본
DS2_C082,비상벨,서울특별시 동대문구 답십리동 19-7,37.5667,127.059,주변지역_추가본
DS2_C084,비상벨,서울특별시 동대문구 답십리로210-9 맞은 편,37.5718,127.063,주변지역_추가본
DS2_C085,비상벨,서울특별시 동대문구 답십리로60길 122,37.568,127.062,주변지역_추가본
DS2_C046,비상벨,서울특별시 동대문구 답십리로60길 40,37.5711,127.064,주변지역_추가본
JA2_C086,비상벨,서울특별시 동대문구 장한로28길 56,37.5728,127.075,주변지역_추가본
JA2_C069,비상벨,서울특별시 동대문구 장한로26나길 51,37.5693,127.071,주변지역_추가본
DS2_C099,비상벨,서울특별시 동대문구 답십리동 산2-1,37.5717,127.062,주변지역_추가본
DS2_C101,비상벨,서울특별시 동대문구 답십리동 산2-1,37.5717,127.06,주변지역_추가본
DS2_C102,비상벨,서울특별시 동대문구 답십리동 산2-1,37.5714,127.061,주변지역_추가본
DS2_C097,비상벨,서울특별시 동대문구 답십리동 산2-1,37.5725,127.062,주변지역_추가본
DS2_C098,비상벨,서울특별시 동대문구 답십리동 산2-1,37.5719,127.061,주변지역_추가본
DS2_C053,비상벨,서울특별시 동대문구 전농로2가길 12,37.5672,127.057,주변지역_추가본
DS2_C054,비상벨,서울특별시 동대문구 황물로15길 25,37.5667,127.057,주변지역_추가본
DS2_C055,비상벨,서울특별시 동대문구 답십리로48라길 12,37.5691,127.058,주변지역_추가본
DS2_C056,비상벨,서울특별시 동대문구 답십리로 219-4,37.5729,127.064,주변지역_추가본
DS2_C057,비상벨,서울특별시 동대문구 황물로15다길 11,37.5659,127.059,주변지역_추가본
DS2_C058,비상벨,서울특별시 동대문구 전농로4가길8,37.5668,127.058,주변지역_추가본
DS2_C059,비상벨,서울특별시 동대문구 답십리로58길8,37.5723,127.06,주변지역_추가본
공원-17호,비상벨,,37.5716795,127.0691816,주변지역_추가본
JA2_C087,비상벨,서울특별시 동대문구 장안동 7-16,37.5717,127.077,주변지역_추가본
JA1_C011,비상벨,서울특별시 동대문구 답십리로68길24,37.5714,127.069,주변지역_추가본
JA1_C012,비상벨,서울특별시 동대문구 답십리로68길 97,37.5682,127.067,주변지역_추가본
JA1_C013,비상벨,서울특별시 동대문구 장한로2길 85,37.5615,127.07,주변지역_추가본
JA1_C015,비상벨,서울특별시 동대문구 천호대로85길 56,37.5641,127.067,주변지역_추가본
DS2_C036,비상벨,서울특별시 동대문구 답십리로48나길 17-11,37.5704,127.058,주변지역_추가본
DS2_C037,비상벨,서울특별시 동대문구 황물로15다길 17,37.5656,127.059,주변지역_추가본
DS2_C038,비상벨,서울특별시 동대문구 답십리로56길 21,37.5719,127.059,주변지역_추가본
DS2_C040,비상벨,서울특별시 동대문구 답십리로52길 9,37.5723,127.058,주변지역_추가본
DS2_C039,비상벨,서울특별시 동대문구 한천로11다길 78,37.5683,127.059,주변지역_추가본
DS2_C041,비상벨,서울특별시 동대문구 답십리로48다길 16,37.5694,127.058,주변지역_추가본
JA1_C017,비상벨,서울특별시 동대문구 장한로 119,37.5709,127.07,주변지역_추가본
JA1_C018,비상벨,서울특별시 동대문구 장한로23길 11-11,37.5701,127.069,주변지역_추가본
JA1_C016,비상벨,서울특별시 동대문구 장한로10길 51,37.5643,127.07,주변지역_추가본
JA1_C019,비상벨,서울특별시 동대문구 장한로17길 8,37.5677,127.067,주변지역_추가본
DS2_C047,비상벨,서울특별시 동대문구 답십리로56길 89,37.5684,127.058,주변지역_추가본
DS2_C048,비상벨,서울특별시 동대문구 답십리로48나길 12,37.5698,127.058,주변지역_추가본
공원-16호,비상벨,,37.5653478,127.0642803,주변지역_추가본
공원-15호,비상벨,서울특별시 동대문구 장한로17길 20,37.5679775,127.0673641,주변지역_추가본
공원-8호,비상벨,,37.5715429,127.0611571,주변지역_추가본
공원-7호,비상벨,서울특별시 동대문구 답십리로 209,37.5737596,127.063558,주변지역_추가본
DS2_C050,비상벨,서울특별시 동대문구 답십리로48길 24,37.5717,127.057,주변지역_추가본
DS2_C051,비상벨,서울특별시 동대문구 답십리로48길 38,37.5711,127.057,주변지역_추가본
DS2_C052,비상벨,서울특별시 동대문구 답십리로48길 68,37.5697,127.057,주변지역_추가본
JA1_P010,비상벨,서울특별시 동대문구 장안로 88,37.5682,127.069,주변지역_추가본
DS2_C043,비상벨,서울특별시 동대문구 답십리로56길 32,37.5713,127.059,주변지역_추가본
DS2_C044,비상벨,서울특별시 동대문구 답십리로52길 50-1,37.5706,127.058,주변지역_추가본
JA1_C004,비상벨,서울특별시 동대문구 장안동 190-62,37.5677,127.063,주변지역_추가본
JA1_C005,비상벨,서울특별시 동대문구 천호대로77다길 20,37.5653,127.064,주변지역_추가본
JA1_C006,비상벨,서울특별시 동대문구 장안동 386,37.5717,127.068,주변지역_추가본
JA1_C007,비상벨,서울특별시 동대문구 장한로17길 20,37.568,127.067,주변지역_추가본
JA2_C007,비상벨,서울특별시 동대문구 장한로26나길 6,37.5715,127.072,주변지역_추가본
JA1_C028,비상벨,서울특별시 동대문구 장한로 34,37.5638,127.066,주변지역_추가본
JA1_C029,비상벨,서울특별시 동대문구 천호대로85길 28,37.5631,127.066,주변지역_추가본
JA1_C030,비상벨,서울특별시 동대문구 장한로2길 41,37.5619,127.067,주변지역_추가본
JA1_C014,비상벨,서울특별시 동대문구 장한로 6,37.5621,127.065,주변지역_추가본
JA1_C031,비상벨,서울특별시 동대문구 장한로 85,37.5687,127.069,주변지역_추가본
JA2_C037,비상벨,서울특별시 동대문구 장한로26길 24,37.5715,127.072,주변지역_추가본
JA2_C038,비상벨,서울특별시 동대문구 장한로20길 26,37.5681,127.07,주변지역_추가본
JA1_C020,비상벨,서울특별시 동대문구 장한로17길 13-10,37.5669,127.067,주변지역_추가본
JA1_C021,비상벨,서울특별시 동대문구 천호대로77길 62,37.5644,127.062,주변지역_추가본
JA1_C022,비상벨,서울특별시 동대문구 장한로 51,37.5655,127.067,주변지역_추가본
JA1_C026,비상벨,서울특별시 동대문구 장한로 76,37.5676,127.068,주변지역_추가본
JA1_C025,비상벨,서울특별시 동대문구 장한로16길 16,37.5667,127.069,주변지역_추가본
JA1_C027,비상벨,서울특별시 동대문구 한천로2길 16,37.563,127.059,주변지역_추가본
화장실-20호,비상벨,서울특별시 동대문구 장안벚꽃로 50,37.5661433,127.0741733,주변지역_추가본
화장실-19호,비상벨,서울특별시 동대문구 장안벚꽃로 134,37.5719215,127.0770025,주변지역_추가본
화장실-18호,비상벨,서울특별시 동대문구 장한로26나길 6,37.5714534,127.0724245,주변지역_추가본
JA2_C039,비상벨,서울특별시 동대문구 장한로 106,37.5697,127.07,주변지역_추가본
JA2_C006,비상벨,서울특별시 동대문구 장안동 348,37.5678,127.071,주변지역_추가본
DS1_C023,비상벨,서울특별시 동대문구 전농로 75,37.5714,127.057,주변지역_추가본
JA2_C047,비상벨,서울특별시 동대문구 답십리로69길 11,37.5729,127.074,주변지역_추가본
DS2_C061,비상벨,서울특별시 동대문구 답십리로57길 3-2,37.5731,127.06,주변지역_추가본
DS2_C062,비상벨,서울특별시 동대문구 답십리로53길 18,37.5735,127.059,주변지역_추가본
DS2_C063,비상벨,서울특별시 동대문구 전농로4길 7,37.5676,127.057,주변지역_추가본
DS2_C064,비상벨,서울특별시 동대문구 답십리로52길 45-7,37.5707,127.058,주변지역_추가본
DS2_C065,비상벨,서울특별시 동대문구 황물로15길 10-6,37.5651,127.057,주변지역_추가본
DS2_C066,비상벨,서울특별시 동대문구 답십리로50길 24,37.5717,127.058,주변지역_추가본
화장실-14호,비상벨,서울특별시 동대문구 천호대로87길 43,37.5637016,127.0680846,주변지역_추가본
화장실-13호,비상벨,서울특별시 동대문구 장안벚꽃로 50,37.5661433,127.0741733,주변지역_추가본
DS2_C068,비상벨,서울특별시 동대문구 답십리로56길 77-6,37.5694,127.059,주변지역_추가본
DS2_C069,비상벨,서울특별시 동대문구 답십리로56길 56,37.5704,127.059,주변지역_추가본
JA1_C032,비상벨,서울특별시 동대문구 장한로 17,37.5631,127.065,주변지역_추가본
JA1_C033,비상벨,서울특별시 동대문구 한천로 72-35,37.5679,127.063,주변지역_추가본
JA1_C034,비상벨,서울특별시 동대문구 한천로6가길 3,37.564,127.06,주변지역_추가본
C-MM04-0031,비상벨,서울특별시 중랑구 답십리로77길 25,37.572611,127.0815775,주변지역_추가본
C-MM04-0012,비상벨,서울특별시 중랑구 답십리로77길 6,37.5720472,127.0815917,주변지역_추가본
012-2089-4799,비상벨,서울특별시 중랑구 용마산로 250-12,37.573352,127.089122,주변지역_추가본
C-MM04-0037,비상벨,서울특별시 중랑구 면목로 223,37.5730629,127.0841827,주변지역_추가본
012-2702-5331,비상벨,서울특별시 중랑구 면목로23길 13,37.573037,127.0834,주변지역_추가본
012-2709-0112,비상벨,서울특별시 중랑구 면목동 산69-1,37.572929,127.091099,주변지역_추가본
C-MM04-0040,비상벨,서울특별시 중랑구 답십리로75길 36,37.5732956,127.0810165,주변지역_추가본
C-MM04-0039,비상벨,서울특별시 중랑구 답십리로 405,37.5710793,127.08535,주변지역_추가본
C-MM04-0035,비상벨,서울특별시 중랑구 답십리로 377,37.5715485,127.0822678,주변지역_추가본
C-MM04-0026,비상벨,서울특별시 중랑구 답십리로77길 28-26,37.5729482,127.0826759,주변지역_추가본
C-MM04-0064,비상벨,서울특별시 중랑구 용마산로250-12,37.5729949,127.0888888,주변지역_추가본
P-MM04-1000,비상벨,서울특별시 중랑구 면목로23길 23,37.5734291,127.0830917,주변지역_추가본
012-2702-5320,비상벨,서울특별시 중랑구 용마산로 250-12,37.573352,127.089122,주변지역_추가본
C-MM04-0046,비상벨,서울특별시 중랑구 용마산로 202,37.571725,127.0862751,주변지역_추가본
C-MM04-0022,비상벨,서울특별시 중랑구 용마산로36길 13,37.5708519,127.0868392,주변지역_추가본
C-MM04-0069,비상벨,,37.5724994,127.0887662,주변지역_추가본
C-MM04-0007,비상벨,서울특별시 중랑구 답십리로81길 35,37.5730437,127.0831953,주변지역_추가본
012-2702-5321,비상벨,서울특별시 중랑구 용마산로 250-12,37.573352,127.089122,주변지역_추가본
C-MM04-0061,비상벨,,37.5717942,127.0864134,주변지역_추가본
C-MM04-0056,비상벨,,37.572867,127.0857223,주변지역_추가본
C-MM04-0049,비상벨,서울특별시 중랑구 답십리로 365,37.5717178,127.0809043,주변지역_추가본
C-MM04-0054,비상벨,서울특별시 중랑구 용마산로 217,37.5734084,127.0863714,주변지역_추가본
C-MM04-0067,비상벨,,37.5727946,127.0904031,주변지역_추가본
P-MM04-0991,비상벨,서울특별시 중랑구 용마산로 209,37.5716372,127.0862617,주변지역_추가본
C-MM04-0058,비상벨,서울특별시 중랑구 답십리로83길 22,37.5722381,127.084504,주변지역_추가본
C-MM04-0043,비상벨,서울특별시 중랑구 답십리로87길 6,37.571209,127.085228,주변지역_추가본
C-MM04-0011,비상벨,서울특별시 중랑구 답십리로77길 38,37.5732994,127.0816727,주변지역_추가본
C-MM04-0036,비상벨,서울특별시 중랑구 용마산로 250-12,37.573021,127.0913011,주변지역_추가본
C-MM04-0052,비상벨,서울특별시 중랑구 용마산로 250-12,37.5732733,127.0889262,주변지역_추가본
012-2704-6832,비상벨,"서울특별시 중랑구 용마산로 250-12, 용마배수지, 용마산돌산공원 (면목동)",37.57341920158,127.0892699442,주변지역_추가본
C-MM04-0041,비상벨,서울특별시 중랑구 면목로23길 23,37.5734291,127.0830917,주변지역_추가본
C-MM04-0002,비상벨,서울특별시 중랑구 답십리로81길 35,37.5725367,127.0832462,주변지역_추가본
C-MM04-0006,비상벨,서울특별시 중랑구 용마산로40길 28,37.5717901,127.0878337,주변지역_추가본
C-MM04-0021,비상벨,서울특별시 중랑구 면목로24길 10,37.572844,127.0847776,주변지역_추가본
C-MM04-0023,비상벨,서울특별시 중랑구 면목로21길 47,37.5725563,127.0810648,주변지역_추가본
C-MM04-0070,비상벨,,37.5726812,127.0880536,주변지역_추가본
C-MM04-0016,비상벨,서울특별시 중랑구 용마산로 250-12,37.572998,127.0915451,주변지역_추가본
C-MM04-0065,비상벨,서울특별시 중랑구 용마산로250-12,37.57285,127.0898664,주변지역_추가본
C-MM04-0045,비상벨,서울특별시 중랑구 답십리로 381,37.571513,127.0827117,주변지역_추가본
C-MM04-0063,비상벨,서울특별시 중랑구 면목4동 산 1-4,37.5732824,127.0903296,주변지역_추가본
C-MM04-0068,비상벨,,37.5724115,127.0893629,주변지역_추가본
C-MM04-0051,비상벨,서울특별시 중랑구 용마산로40길 20,37.5717648,127.0871824,주변지역_추가본
C-MM04-0057,비상벨,서울특별시 중랑구 용마산로 209,37.5719542,127.0855096,주변지역_추가본
청담-281,비상벨,,37.5231,127.0583,주변지역_추가본
공원-218,비상벨,서울특별시 강남구 학동로 607,37.5231,127.0594,주변지역_추가본
공원-224,비상벨,서울특별시 강남구 자곡로 16,37.5236,127.0585,주변지역_추가본
3020017,비상벨,,37.534435,127.112133,주변지역_추가본
50100-역사-08,비상벨,,37.535728,127.113937,주변지역_추가본
1020023,비상벨,,37.529113,127.109213,주변지역_추가본
2020014,비상벨,,37.531307,127.114647,주변지역_추가본
1020574,비상벨,,37.531501,127.113884,주변지역_추가본
50100-역사-07,비상벨,,37.535389,127.113709,주변지역_추가본
1020927,비상벨,,37.531535,127.112142,주변지역_추가본
20200359,비상벨,,37.529601,127.110682,주변지역_추가본
50100-역사-11,비상벨,,37.535717,127.115082,주변지역_추가본
50100-역사-05,비상벨,,37.535725,127.113464,주변지역_추가본
1020575,비상벨,,37.530128,127.112529,주변지역_추가본
50100-역사-02,비상벨,,37.5364,127.114075,주변지역_추가본
50100-역사-09,비상벨,,37.535709,127.11451,주변지역_추가본
1020692,비상벨,,37.53379966,127.114326,주변지역_추가본
2250503,비상벨,,37.523038,127.105178,주변지역_추가본
1020015,비상벨,,37.532864,127.11364,주변지역_추가본
20200533,비상벨,,37.532372,127.1143,주변지역_추가본
1020389,비상벨,,37.528214,127.110725,주변지역_추가본
50100-역사-10,비상벨,,37.535213,127.114342,주변지역_추가본
50100-역사-03,비상벨,,37.536068,127.113709,주변지역_추가본
1020452,비상벨,,37.532948,127.115044,주변지역_추가본
1020302,비상벨,,37.526293,127.113487,주변지역_추가본
1020022,비상벨,,37.527979,127.114624,주변지역_추가본
50100-역사-01,비상벨,,37.536049,127.114197,주변지역_추가본
1020018,비상벨,,37.534883,127.112154,주변지역_추가본
50100-역사-12,비상벨,,37.535248,127.114983,주변지역_추가본
2250277,비상벨,,37.522586,127.104721,주변지역_추가본
1020532,비상벨,,37.530026,127.114716,주변지역_추가본
1250279,비상벨,,37.523644,127.109614,주변지역_추가본
1020674,비상벨,,37.531685,127.110603,주변지역_추가본
1020926,비상벨,,37.531106,127.113301,주변지역_추가본
1020016,비상벨,,37.533814,127.1128,주변지역_추가본
50100-역사-04,비상벨,,37.535873,127.113213,주변지역_추가본
50100-역사-06,비상벨,,37.535553,127.113167,주변지역_추가본
3020019,비상벨,,37.532333,127.112129,주변지역_추가본
구리-A-토-163,비상벨,,37.561021,127.11022,주변지역_추가본
구리-A-토-012,비상벨,,37.562481,127.11365,주변지역_추가본
구리-A-토-082,비상벨,,37.561918,127.11267,주변지역_추가본
구리-A-토-111,비상벨,,37.563356,127.11486,주변지역_추가본
광진교남단-24,가로등,,37.544257,127.115047,주변지역_추가본
광진교남단경관-25,가로등,,37.544096,127.11499,주변지역_추가본
광진교남단경관-26,가로등,,37.54411,127.11495,주변지역_추가본
광진교남단경관-27,가로등,,37.544131,127.114888,주변지역_추가본
광진교남단경관-28,가로등,,37.544206,127.11464,주변지역_추가본
광진교남단경관-29,가로등,,37.544217,127.114609,주변지역_추가본
광진교남단경관-30,가로등,,37.544234,127.114551,주변지역_추가본
광진교남단경관-31,가로등,,37.544365,127.114635,주변지역_추가본
광진교남단경관-32,가로등,,37.544358,127.114658,주변지역_추가본
광진교남단경관-33,가로등,,37.544351,127.114684,주변지역_추가본
광진교남단경관-34,가로등,,37.544269,127.114893,주변지역_추가본
광진교남단경관-35,가로등,,37.544262,127.114919,주변지역_추가본
광진교남단경관-36,가로등,,37.544259,127.114951,주변지역_추가본
광진교북단-01,가로등,,37.544372,127.11457,주변지역_추가본
광진교북단-02,가로등,,37.544478,127.114289,주변지역_추가본
광진교북단-03,가로등,,37.544536,127.114025,주변지역_추가본
광진교북단-04,가로등,,37.544644,127.113765,주변지역_추가본
광진교북단-05,가로등,,37.544713,127.113466,주변지역_추가본
광진교북단-06,가로등,,37.544803,127.113236,주변지역_추가본
광진교북단-07,가로등,,37.544869,127.112963,주변지역_추가본
광진교북단-08,가로등,,37.544959,127.112744,주변지역_추가본
광진교북단-09,가로등,,37.545021,127.112484,주변지역_추가본
광진교북단-10,가로등,,37.545125,127.112207,주변지역_추가본
광진교북단-11,가로등,,37.545193,127.111936,주변지역_추가본
광진교북단-12,가로등,,37.545289,127.111701,주변지역_추가본
광진교북단-13,가로등,,37.545371,127.111429,주변지역_추가본
광진교북단-14,가로등,,37.545474,127.111205,주변지역_추가본
광진교북단-15,가로등,,37.545548,127.110956,주변지역_추가본
광진교북단-16,가로등,,37.545644,127.110735,주변지역_추가본
광진교북단-17,가로등,,37.545721,127.110501,주변지역_추가본
광진교북단-18,가로등,,37.545804,127.110317,주변지역_추가본
광진교북단-19,가로등,,37.546008,127.110152,주변지역_추가본
광진교북단-20,가로등,,37.546232,127.110152,주변지역_추가본
광진교북단-21,가로등,,37.546453,127.1102,주변지역_추가본
광진교북단-22,가로등,,37.546648,127.110286,주변지역_추가본
광진교북단-23,가로등,,37.546866,127.110343,주변지역_추가본
광진교북단-24,가로등,,37.547078,127.110438,주변지역_추가본
광진교북단-25,가로등,,37.547316,127.110492,주변지역_추가본
광진교북단-26,가로등,,37.545776,127.110178,주변지역_추가본
광진교북단-27,가로등,,37.545818,127.109957,주변지역_추가본
광진교북단-28,가로등,,37.545939,127.109662,주변지역_추가본
광진교북단-29,가로등,,37.54606,127.109181,주변지역_추가본
광진교북단-31,가로등,,37.546496,127.108158,주변지역_추가본
광진교북단-32,가로등,,37.546612,127.107741,주변지역_추가본
광진교북단-33,가로등,,37.54627,127.107854,주변지역_추가본
광진교북단-34,가로등,,37.54611,127.108306,주변지역_추가본
광진교북단-35,가로등,,37.546011,127.108457,주변지역_추가본
광진교북단-36,가로등,,37.545917,127.108534,주변지역_추가본
광진교북단-37,가로등,,37.545806,127.108584,주변지역_추가본
광진교북단-38,가로등,,37.545683,127.108588,주변지역_추가본
광진교북단-39,가로등,,37.545571,127.108552,주변지역_추가본
광진교북단-40,가로등,,37.545478,127.108482,주변지역_추가본
광진교북단-41,가로등,,37.545399,127.108401,주변지역_추가본
광진교북단-42,가로등,,37.545312,127.108324,주변지역_추가본
광진교북단-43,가로등,,37.545217,127.108239,주변지역_추가본
광진교북단경관-01,가로등,,37.545797,127.109558,주변지역_추가본
광진교북단경관-02,가로등,,37.545773,127.109632,주변지역_추가본
광진교북단경관-03,가로등,,37.545764,127.10967,주변지역_추가본
광진교북단경관-04,가로등,,37.545521,127.110452,주변지역_추가본
광진교북단경관-05,가로등,,37.545505,127.110494,주변지역_추가본
광진교북단경관-06,가로등,,37.54549,127.110538,주변지역_추가본
광진교북단경관-07,가로등,,37.545229,127.111379,주변지역_추가본
광진교북단경관-08,가로등,,37.545219,127.11142,주변지역_추가본
광진교북단경관-09,가로등,,37.545207,127.111462,주변지역_추가본
광진교북단경관-10,가로등,,37.544992,127.112155,주변지역_추가본
광진교북단경관-11,가로등,,37.544982,127.112182,주변지역_추가본
광진교북단경관-12,가로등,,37.544971,127.112204,주변지역_추가본
광진교북단경관-13,가로등,,37.544762,127.112875,주변지역_추가본
광진교북단경관-14,가로등,,37.544744,127.112919,주변지역_추가본
광진교북단경관-15,가로등,,37.544734,127.112946,주변지역_추가본
광진교북단경관-16,가로등,,37.544528,127.113629,주변지역_추가본
광진교북단경관-17,가로등,,37.544514,127.113665,주변지역_추가본
광진교북단경관-18,가로등,,37.544507,127.113696,주변지역_추가본
광진교북단경관-19,가로등,,37.544329,127.114282,주변지역_추가본
광진교북단경관-20,가로등,,37.544319,127.114313,주변지역_추가본
광진교북단경관-21,가로등,,37.544311,127.114348,주변지역_추가본
광진교북단경관-22,가로등,,37.544449,127.114335,주변지역_추가본
광진교북단경관-23,가로등,,37.544449,127.114362,주변지역_추가본
광진교북단경관-24,가로등,,37.544428,127.114379,주변지역_추가본
광진교북단경관-25,가로등,,37.544644,127.113696,주변지역_추가본
광진교북단경관-26,가로등,,37.544666,127.113656,주변지역_추가본
광진교북단경관-27,가로등,,37.54468,127.113603,주변지역_추가본
광진교북단경관-28,가로등,,37.54488,127.113011,주변지역_추가본
광진교북단경관-29,가로등,,37.544889,127.112978,주변지역_추가본
광진교북단경관-30,가로등,,37.544903,127.112937,주변지역_추가본
광진교북단경관-31,가로등,,37.545109,127.112277,주변지역_추가본
광진교북단경관-32,가로등,,37.545121,127.112244,주변지역_추가본
광진교북단경관-33,가로등,,37.545134,127.112198,주변지역_추가본
광진교북단경관-34,가로등,,37.545342,127.111529,주변지역_추가본
광진교북단경관-35,가로등,,37.545352,127.111505,주변지역_추가본
광진교북단경관-36,가로등,,37.545367,127.111471,주변지역_추가본
광진교북단경관-37,가로등,,37.545687,127.110612,주변지역_추가본
광진교북단경관-38,가로등,,37.545698,127.110586,주변지역_추가본
광진교북단경관-39,가로등,,37.545708,127.11055,주변지역_추가본
광진교북단경관-40,가로등,,37.545804,127.110388,주변지역_추가본
광진교북단경관-41,가로등,,37.545936,127.110265,주변지역_추가본
광진교북단경관-42,가로등,,37.546073,127.110209,주변지역_추가본
광진교북단경관-43,가로등,,37.546232,127.110214,주변지역_추가본
광진교북단경관-44,가로등,,37.546416,127.110267,주변지역_추가본
광진교북단경관-45,가로등,,37.546588,127.110326,주변지역_추가본
광진교북단경관-46,가로등,,37.546786,127.110391,주변지역_추가본
광진교북단경관-47,가로등,,37.546728,127.1103,주변지역_추가본
광진교북단경관-48,가로등,,37.546206,127.110132,주변지역_추가본
광진교북단경관-49,가로등,,37.54594,127.110194,주변지역_추가본
광진교북단경관-50,가로등,,37.545915,127.109695,주변지역_추가본
광진교북단경관-51,가로등,,37.545903,127.109741,주변지역_추가본
광진교북단경관-52,가로등,,37.545897,127.109778,주변지역_추가본
군자교-01,가로등,,37.559785,127.073178,주변지역_추가본
군자교-02,가로등,,37.559864,127.072987,주변지역_추가본
군자교-03,가로등,,37.559946,127.072778,주변지역_추가본
군자교-04,가로등,,37.560024,127.072567,주변지역_추가본
군자교-05,가로등,,37.560112,127.072352,주변지역_추가본
군자교-06,가로등,,37.560196,127.072135,주변지역_추가본
군자교-07,가로등,,37.560284,127.071906,주변지역_추가본
군자교-08,가로등,,37.560385,127.071655,주변지역_추가본
군자교-09,가로등,,37.560476,127.071414,주변지역_추가본
군자교-10,가로등,,37.560566,127.071183,주변지역_추가본
군자교-11,가로등,,37.56029,127.071002,주변지역_추가본
군자교-12,가로등,,37.560207,127.071216,주변지역_추가본
군자교-13,가로등,,37.560117,127.071439,주변지역_추가본
군자교-14,가로등,,37.560029,127.071663,주변지역_추가본
군자교-15,가로등,,37.559941,127.071886,주변지역_추가본
군자교-16,가로등,,37.55985,127.072122,주변지역_추가본
군자교-17,가로등,,37.559757,127.072344,주변지역_추가본
군자교-18,가로등,,37.559669,127.072573,주변지역_추가본
군자교-19,가로등,,37.559585,127.072792,주변지역_추가본
군자교-20,가로등,,37.559508,127.072994,주변지역_추가본
군자지하차도-01,가로등,,37.560419,127.074159,주변지역_추가본
군자지하차도-02,가로등,,37.560172,127.074031,주변지역_추가본
군자지하차도-03,가로등,,37.559915,127.073883,주변지역_추가본
군자지하차도-04,가로등,,37.559639,127.073732,주변지역_추가본
군자지하차도-05,가로등,,37.559585,127.073906,주변지역_추가본
군자지하차도-06,가로등,,37.559877,127.074072,주변지역_추가본
군자지하차도-07,가로등,,37.560125,127.074212,주변지역_추가본
군자지하차도-08,가로등,,37.560358,127.074342,주변지역_추가본
군자지하차도-09,가로등,,37.559221,127.073497,주변지역_추가본
군자지하차도-10,가로등,,37.55897,127.073357,주변지역_추가본
군자지하차도-11,가로등,,37.558698,127.073211,주변지역_추가본
군자지하차도-12,가로등,,37.558425,127.07305,주변지역_추가본
군자지하차도-13,가로등,,37.558364,127.073224,주변지역_추가본
군자지하차도-14,가로등,,37.558672,127.073396,주변지역_추가본
군자지하차도-15,가로등,,37.558946,127.073546,주변지역_추가본
군자지하차도-16,가로등,,37.559163,127.073671,주변지역_추가본
아차산지하차도-01,가로등,,37.548062,127.09579,주변지역_추가본
아차산지하차도-02,가로등,,37.548186,127.095439,주변지역_추가본
아차산지하차도-03,가로등,,37.548315,127.095059,주변지역_추가본
아차산지하차도-04,가로등,,37.54843,127.094723,주변지역_추가본
아차산지하차도-05,가로등,,37.548553,127.094381,주변지역_추가본
아차산지하차도-06,가로등,,37.548685,127.09401,주변지역_추가본
아차산지하차도-07,가로등,,37.548352,127.094244,주변지역_추가본
아차산지하차도-08,가로등,,37.548226,127.094607,주변지역_추가본
아차산지하차도-09,가로등,,37.548108,127.094953,주변지역_추가본
아차산지하차도-10,가로등,,37.547981,127.095318,주변지역_추가본
아차산지하차도-11,가로등,,37.547856,127.095685,주변지역_추가본
아차산지하차도-12,가로등,,37.546923,127.098306,주변지역_추가본
아차산지하차도-13,가로등,,37.546863,127.098493,주변지역_추가본
아차산지하차도-14,가로등,,37.546809,127.09866,주변지역_추가본
아차산지하차도-15,가로등,,37.546751,127.098832,주변지역_추가본
아차산지하차도-16,가로등,,37.54669,127.099002,주변지역_추가본
아차산지하차도-17,가로등,,37.546637,127.099185,주변지역_추가본
아차산지하차도-18,가로등,,37.546863,127.099249,주변지역_추가본
아차산지하차도-19,가로등,,37.546928,127.099063,주변지역_추가본
아차산지하차도-20,가로등,,37.547,127.098874,주변지역_추가본
아차산지하차도-21,가로등,,37.547067,127.098666,주변지역_추가본
아차산지하차도-22,가로등,,37.54713,127.098488,주변지역_추가본
아차산지하차도-23,가로등,,37.5472,127.098309,주변지역_추가본
영동대교경관남단-09,가로등,,37.528705,127.056333,주변지역_추가본
영동대교경관남단-10,가로등,,37.529184,127.056606,주변지역_추가본
영동대교경관남단-11,가로등,,37.529707,127.056901,주변지역_추가본
영동대교경관북단-01,가로등,,37.532868,127.058673,주변지역_추가본
영동대교경관북단-02,가로등,,37.532555,127.0585,주변지역_추가본
영동대교경관북단-03,가로등,,37.532193,127.058296,주변지역_추가본
영동대교경관북단-04,가로등,,37.531817,127.058093,주변지역_추가본
영동대교경관북단-09,가로등,,37.531348,127.057827,주변지역_추가본
영동대교경관북단-10,가로등,,37.530904,127.057577,주변지역_추가본
영동대교경관북단-11,가로등,,37.530467,127.057331,주변지역_추가본
영동대교경관북단-12,가로등,,37.529953,127.057038,주변지역_추가본
영동대교남단-23,가로등,,37.529689,127.057053,주변지역_추가본
영동대교남단-24,가로등,,37.529547,127.056943,주변지역_추가본
영동대교남단-25,가로등,,37.52924,127.056798,주변지역_추가본
영동대교남단-26,가로등,,37.528945,127.056603,주변지역_추가본
영동대교남단-27,가로등,,37.529329,127.056532,주변지역_추가본
영동대교남단-28,가로등,,37.528367,127.056274,주변지역_추가본
영동대교남단-39,가로등,,37.525453,127.05691,주변지역_추가본
영동대교남단-500,가로등,,37.528648,127.056469,주변지역_추가본
영동대교남단-501,가로등,,37.525593,127.056685,주변지역_추가본
영동대교남단-502,가로등,,37.525763,127.056495,주변지역_추가본
영동대교남단-503,가로등,,37.525924,127.056223,주변지역_추가본
영동대교남단-506,가로등,,37.525051,127.056359,주변지역_추가본
영동대교남단-507,가로등,,37.524861,127.056739,주변지역_추가본
영동대교남단-508,가로등,,37.524786,127.057113,주변지역_추가본
영동대교남단-509,가로등,,37.524963,127.057271,주변지역_추가본
영동대교남단-510,가로등,,37.525118,127.057287,주변지역_추가본
영동대교남단-511,가로등,,37.525261,127.05713,주변지역_추가본
영동대교남단-516,가로등,,37.528977,127.056365,주변지역_추가본
영동대교남단-517,가로등,,37.529616,127.056726,주변지역_추가본
영동대교남단-518,가로등,,37.52976,127.056775,주변지역_추가본
영동대교북단-01,가로등,,37.529846,127.057142,주변지역_추가본
영동대교북단-02,가로등,,37.530211,127.057072,주변지역_추가본
영동대교북단-03,가로등,,37.530385,127.057446,주변지역_추가본
영동대교북단-04,가로등,,37.530755,127.057379,주변지역_추가본
영동대교북단-05,가로등,,37.530898,127.057736,주변지역_추가본
영동대교북단-06,가로등,,37.531267,127.057668,주변지역_추가본
영동대교북단-07,가로등,,37.531536,127.057788,주변지역_추가본
영동대교북단-08,가로등,,37.53172,127.058164,주변지역_추가본
영동대교북단-09,가로등,,37.53202,127.058015,주변지역_추가본
영동대교북단-10,가로등,,37.532089,127.058415,주변지역_추가본
영동대교북단-11,가로등,,37.532361,127.05821,주변지역_추가본
영동대교북단-12,가로등,,37.532535,127.05832,주변지역_추가본
영동대교북단-13,가로등,,37.532703,127.058357,주변지역_추가본
영동대교북단-14,가로등,,37.532813,127.058929,주변지역_추가본
영동대교북단-15,가로등,,37.53298,127.05913,주변지역_추가본
영동대교북단-16,가로등,,37.533012,127.05938,주변지역_추가본
영동대교북단-17,가로등,,37.532991,127.059658,주변지역_추가본
영동대교북단-18,가로등,,37.532902,127.059891,주변지역_추가본
영동대교북단-19,가로등,,37.53377,127.057172,주변지역_추가본
영동대교북단-20,가로등,,37.533902,127.056833,주변지역_추가본
영동대교북단-21,가로등,,37.533976,127.056488,주변지역_추가본
영동대교북단-500,가로등,,37.531475,127.058061,주변지역_추가본
영동대교북단-501,가로등,,37.531905,127.058346,주변지역_추가본
영동대교북단-502,가로등,,37.532248,127.05854,주변지역_추가본
영동대교북단-503,가로등,,37.532602,127.0588,주변지역_추가본
영동대교북단-504,가로등,,37.530173,127.057294,주변지역_추가본
영동대교북단-505,가로등,,37.530666,127.057571,주변지역_추가본
영동대교북단-506,가로등,,37.531219,127.057882,주변지역_추가본
영동대교북단-507,가로등,,37.530985,127.057478,주변지역_추가본
영동대교북단-508,가로등,,37.530465,127.057183,주변지역_추가본
영동대교북단-509,가로등,,37.529935,127.056883,주변지역_추가본
영동대교북단-510,가로등,,37.532453,127.058649,주변지역_추가본
영동대교북단-511,가로등,,37.532172,127.058138,주변지역_추가본
영동대교북단-512,가로등,,37.531767,127.05795,주변지역_추가본
영동대교북단-513,가로등,,37.53291,127.058492,주변지역_추가본
영동대교북단-514,가로등,,37.533446,127.058232,주변지역_추가본
영동대교북단-515,가로등,,37.533691,127.057512,주변지역_추가본
영동대교북단-516,가로등,,37.533198,127.058447,주변지역_추가본
영동대교북단-517,가로등,,37.533554,127.057862,주변지역_추가본
영동대교북단고가차도-01,가로등,,37.535317,127.05996,주변지역_추가본
영동대교북단고가차도-02,가로등,,37.535575,127.060107,주변지역_추가본
영동대교북단고가차도-03,가로등,,37.535924,127.060306,주변지역_추가본
영동대교북단고가차도-04,가로등,,37.536268,127.060492,주변지역_추가본
영동대교북단고가차도-05,가로등,,37.536623,127.060695,주변지역_추가본
영동대교북단고가차도-06,가로등,,37.536911,127.060865,주변지역_추가본
영동대교북단고가차도-07,가로등,,37.537297,127.061072,주변지역_추가본
영동대교북단고가차도-08,가로등,,37.537554,127.061219,주변지역_추가본
영동대교북단고가차도-09,가로등,,37.537897,127.061421,주변지역_추가본
영동대교북단고가차도-10,가로등,,37.538234,127.0616,주변지역_추가본
영동대교북단고가차도-11,가로등,,37.538509,127.061754,주변지역_추가본
영동대교북단고가차도-12,가로등,,37.538829,127.061934,주변지역_추가본
영동대교북단고가차도-13,가로등,,37.539079,127.062075,주변지역_추가본
영동대교북단고가차도-14,가로등,,37.539024,127.062231,주변지역_추가본
영동대교북단고가차도-15,가로등,,37.538806,127.062099,주변지역_추가본
영동대교북단고가차도-16,가로등,,37.538504,127.061933,주변지역_추가본
영동대교북단고가차도-17,가로등,,37.538215,127.061769,주변지역_추가본
영동대교북단고가차도-18,가로등,,37.537901,127.061597,주변지역_추가본
영동대교북단고가차도-19,가로등,,37.537565,127.061403,주변지역_추가본
영동대교북단고가차도-20,가로등,,37.53726,127.061235,주변지역_추가본
영동대교북단고가차도-21,가로등,,37.536904,127.061034,주변지역_추가본
영동대교북단고가차도-22,가로등,,37.536577,127.060856,주변지역_추가본
영동대교북단고가차도-23,가로등,,37.53622,127.060652,주변지역_추가본
영동대교북단고가차도-24,가로등,,37.535898,127.060471,주변지역_추가본
영동대교북단고가차도-25,가로등,,37.535565,127.060291,주변지역_추가본
영동대교북단고가차도-26,가로등,,37.535274,127.060127,주변지역_추가본
영동대교북단고가차도-27,가로등,,37.537687,127.061373,주변지역_추가본
영동대교북단고가차도-28,가로등,,37.536763,127.06086,주변지역_추가본
올림픽대교_경관-01,가로등,,37.534,127.103726,주변지역_추가본
올림픽대교_중-01,가로등,,37.531856,127.106244,주변지역_추가본
올림픽대교_중-02,가로등,,37.53177,127.106346,주변지역_추가본
올림픽대교_중-03,가로등,,37.536242,127.101544,주변지역_추가본
올림픽대교_중-04,가로등,,37.531609,127.106593,주변지역_추가본
올림픽대교_중-05,가로등,,37.531548,127.106706,주변지역_추가본
올림픽대교_중-06,가로등,,37.531485,127.106855,주변지역_추가본
올림픽대교_중-07,가로등,,37.531435,127.107002,주변지역_추가본
올림픽대교_중-08,가로등,,37.531399,127.107163,주변지역_추가본
올림픽대교_중-09,가로등,,37.53137,127.10737,주변지역_추가본
올림픽대교_중-10,가로등,,37.531363,127.107588,주변지역_추가본
올림픽대교_중-11,가로등,,37.531374,127.10778,주변지역_추가본
올림픽대교_중-12,가로등,,37.531392,127.107956,주변지역_추가본
올림픽대교_중-13,가로등,,37.531428,127.108127,주변지역_추가본
올림픽대교_중-14,가로등,,37.531503,127.108348,주변지역_추가본
올림픽대교_중-15,가로등,,37.531601,127.108563,주변지역_추가본
올림픽대교_중-16,가로등,,37.53173,127.108771,주변지역_추가본
올림픽대교_중-17,가로등,,37.531862,127.108913,주변지역_추가본
올림픽대교_중-18,가로등,,37.532015,127.109063,주변지역_추가본
올림픽대교_중-19,가로등,,37.532165,127.109158,주변지역_추가본
올림픽대교_중-20,가로등,,37.532314,127.109237,주변지역_추가본
올림픽대교_중-21,가로등,,37.532462,127.109308,주변지역_추가본
올림픽대교_중-22,가로등,,37.532632,127.109384,주변지역_추가본
올림픽대교_중-500,가로등,,37.53168,127.106472,주변지역_추가본
올림픽대교_중-501,가로등,,37.533577,127.104053,주변지역_추가본
올림픽대교_중-502,가로등,,37.535063,127.102716,주변지역_추가본
올림픽대교_중-506,가로등,,37.534154,127.103888,주변지역_추가본
올림픽대교_중-507,가로등,,37.533947,127.1041,주변지역_추가본
올림픽대교_중-508,가로등,,37.533744,127.104308,주변지역_추가본
올림픽대교_중-509,가로등,,37.535036,127.102983,주변지역_추가본
올림픽대교_중-511,가로등,,37.533553,127.104504,주변지역_추가본
올림픽대교_중-512,가로등,,37.534839,127.103179,주변지역_추가본
올림픽대교_중-514,가로등,,37.532261,127.105628,주변지역_추가본
올림픽대교_중-515,가로등,,37.53463,127.1034,주변지역_추가본
올림픽대교_중-517,가로등,,37.532553,127.105337,주변지역_추가본
올림픽대교_중-518,가로등,,37.534418,127.103612,주변지역_추가본
올림픽대교_중-520,가로등,,37.532824,127.105055,주변지역_추가본
올림픽대교_중-521,가로등,,37.534261,127.103341,주변지역_추가본
올림픽대교_중-523,가로등,,37.533088,127.104783,주변지역_추가본
올림픽대교_중-524,가로등,,37.534457,127.103133,주변지역_추가본
올림픽대교_중-525,가로등,,37.535654,127.102128,주변지역_추가본
올림픽대교_중-529,가로등,,37.533357,127.104494,주변지역_추가본
올림픽대교_중-530,가로등,,37.534653,127.102924,주변지역_추가본
올림픽대교_중-531,가로등,,37.535828,127.10194,주변지역_추가본
올림픽대교_중-535,가로등,,37.533382,127.104247,주변지역_추가본
올림픽대교_중-536,가로등,,37.53489,127.102686,주변지역_추가본
올림픽대교_중-537,가로등,,37.536019,127.10176,주변지역_추가본
올림픽대교_중-541,가로등,,37.533776,127.103837,주변지역_추가본
올림픽대교_중-542,가로등,,37.535251,127.102527,주변지역_추가본
올림픽대교_중-543,가로등,,37.536415,127.101351,주변지역_추가본
올림픽대교_중-547,가로등,,37.534,127.103612,주변지역_추가본
올림픽대교_중-548,가로등,,37.535484,127.102306,주변지역_추가본
올림픽대교_중-549,가로등,,37.536635,127.101134,주변지역_추가본
올림픽대교남단-01,가로등,,37.530466,127.107672,주변지역_추가본
올림픽대교남단-02,가로등,,37.530614,127.107581,주변지역_추가본
올림픽대교남단-03,가로등,,37.530779,127.107546,주변지역_추가본
올림픽대교남단-04,가로등,,37.530952,127.107586,주변지역_추가본
올림픽대교남단-05,가로등,,37.531103,127.10769,주변지역_추가본
올림픽대교남단-06,가로등,,37.531228,127.107862,주변지역_추가본
올림픽대교남단-07,가로등,,37.531291,127.108073,주변지역_추가본
올림픽대교남단-08,가로등,,37.531303,127.108274,주변지역_추가본
올림픽대교남단-09,가로등,,37.531274,127.108485,주변지역_추가본
올림픽대교남단-10,가로등,,37.531197,127.108645,주변지역_추가본
올림픽대교남단-11,가로등,,37.53111,127.108755,주변지역_추가본
올림픽대교남단-12,가로등,,37.531006,127.108828,주변지역_추가본
올림픽대교남단-13,가로등,,37.530874,127.108876,주변지역_추가본
올림픽대교남단-14,가로등,,37.530716,127.108884,주변지역_추가본
올림픽대교남단-15,가로등,,37.530552,127.108827,주변지역_추가본
올림픽대교남단-16,가로등,,37.530378,127.108773,주변지역_추가본
올림픽대교남단-500,가로등,,37.528019,127.110708,주변지역_추가본
올림픽대교남단-501,가로등,,37.531953,127.10596,주변지역_추가본
올림픽대교남단-503,가로등,,37.527877,127.111016,주변지역_추가본
올림픽대교남단-504,가로등,,37.531695,127.106219,주변지역_추가본
올림픽대교남단-506,가로등,,37.527729,127.111399,주변지역_추가본
올림픽대교남단-507,가로등,,37.528401,127.107423,주변지역_추가본
올림픽대교남단-508,가로등,,37.531463,127.106455,주변지역_추가본
올림픽대교남단-512,가로등,,37.527594,127.111807,주변지역_추가본
올림픽대교남단-513,가로등,,37.531246,127.106669,주변지역_추가본
올림픽대교남단-514,가로등,,37.528599,127.107561,주변지역_추가본
올림픽대교남단-518,가로등,,37.527347,127.111691,주변지역_추가본
올림픽대교남단-519,가로등,,37.531002,127.106919,주변지역_추가본
올림픽대교남단-520,가로등,,37.528838,127.107678,주변지역_추가본
올림픽대교남단-524,가로등,,37.527638,127.110858,주변지역_추가본
올림픽대교남단-525,가로등,,37.530499,127.107426,주변지역_추가본
올림픽대교남단-526,가로등,,37.529277,127.107777,주변지역_추가본
올림픽대교남단-530,가로등,,37.527786,127.110513,주변지역_추가본
올림픽대교남단-531,가로등,,37.530259,127.107673,주변지역_추가본
올림픽대교남단-532,가로등,,37.529498,127.107769,주변지역_추가본
올림픽대교남단-536,가로등,,37.528053,127.11031,주변지역_추가본
올림픽대교남단-537,가로등,,37.529997,127.107936,주변지역_추가본
올림픽대교남단-538,가로등,,37.529697,127.107727,주변지역_추가본
올림픽대교남단-542,가로등,,37.528328,127.109863,주변지역_추가본
올림픽대교남단-543,가로등,,37.529723,127.108214,주변지역_추가본
올림픽대교남단-544,가로등,,37.529904,127.107649,주변지역_추가본
올림픽대교남단-548,가로등,,37.528591,127.109476,주변지역_추가본
올림픽대교남단-549,가로등,,37.529451,127.108494,주변지역_추가본
올림픽대교남단-550,가로등,,37.530122,127.107534,주변지역_추가본
올림픽대교남단-554,가로등,,37.528895,127.109106,주변지역_추가본
올림픽대교남단-555,가로등,,37.529182,127.108762,주변지역_추가본
올림픽대교남단-556,가로등,,37.530277,127.107426,주변지역_추가본
올림픽대교남단-560,가로등,,37.530762,127.107164,주변지역_추가본
올림픽대교남단-561,가로등,,37.529085,127.107744,주변지역_추가본
올림픽대교남단-562,가로등,,37.527482,127.111239,주변지역_추가본
올림픽대교북단_01-01,가로등,,37.53888,127.09877,주변지역_추가본
올림픽대교북단_01-02,가로등,,37.538615,127.099043,주변지역_추가본
올림픽대교북단_01-03,가로등,,37.538377,127.09929,주변지역_추가본
올림픽대교북단_01-04,가로등,,37.538101,127.099586,주변지역_추가본
올림픽대교북단_01-05,가로등,,37.53781,127.099877,주변지역_추가본
올림픽대교북단_01-06,가로등,,37.537494,127.100194,주변지역_추가본
올림픽대교북단_01-07,가로등,,37.537157,127.100544,주변지역_추가본
올림픽대교북단_01-08,가로등,,37.536849,127.10089,주변지역_추가본
올림픽대교북단_02-01,가로등,,37.537137,127.10092,주변지역_추가본
올림픽대교북단_02-02,가로등,,37.539538,127.098046,주변지역_추가본
올림픽대교북단_02-03,가로등,,37.539868,127.097605,주변지역_추가본
올림픽대교북단_02-04,가로등,,37.540164,127.097219,주변지역_추가본
올림픽대교북단_02-05,가로등,,37.540399,127.096909,주변지역_추가본
올림픽대교북단_02-06,가로등,,37.540639,127.09659,주변지역_추가본
올림픽대교북단_02-07,가로등,,37.536864,127.099101,주변지역_추가본
올림픽대교북단_02-08,가로등,,37.536679,127.0989,주변지역_추가본
올림픽대교북단_02-09,가로등,,37.536503,127.098705,주변지역_추가본
올림픽대교북단_02-10,가로등,,37.536352,127.09852,주변지역_추가본
올림픽대교북단_02-11,가로등,,37.539442,127.09787,주변지역_추가본
올림픽대교북단_02-12,가로등,,37.538991,127.098416,주변지역_추가본
올림픽대교북단_02-13,가로등,,37.53918,127.100365,주변지역_추가본
올림픽대교북단_02-14,가로등,,37.539049,127.100476,주변지역_추가본
올림픽대교북단_02-15,가로등,,37.538887,127.100519,주변지역_추가본
올림픽대교북단_02-16,가로등,,37.538727,127.100473,주변지역_추가본
올림픽대교북단_02-500,가로등,,37.540068,127.097061,주변지역_추가본
올림픽대교북단_02-501,가로등,,37.539284,127.099676,주변지역_추가본
올림픽대교북단_02-502,가로등,,37.538707,127.101225,주변지역_추가본
올림픽대교북단_02-506,가로등,,37.540535,127.096449,주변지역_추가본
올림픽대교북단_02-507,가로등,,37.539075,127.099426,주변지역_추가본
올림픽대교북단_02-508,가로등,,37.538363,127.100838,주변지역_추가본
올림픽대교북단_02-512,가로등,,37.540292,127.096759,주변지역_추가본
올림픽대교북단_02-513,가로등,,37.539196,127.09952,주변지역_추가본
올림픽대교북단_02-514,가로등,,37.538532,127.101033,주변지역_추가본
올림픽대교북단_02-518,가로등,,37.53976,127.097447,주변지역_추가본
올림픽대교북단_02-519,가로등,,37.539332,127.099852,주변지역_추가본
올림픽대교북단_02-521,가로등,,37.53915,127.098615,주변지역_추가본
올림픽대교북단_02-522,가로등,,37.538281,127.099775,주변지역_추가본
올림픽대교북단_02-523,가로등,,37.536882,127.100534,주변지역_추가본
올림픽대교북단_02-527,가로등,,37.539281,127.10022,주변지역_추가본
올림픽대교북단_02-528,가로등,,37.538406,127.09965,주변지역_추가본
올림픽대교북단_02-529,가로등,,37.537307,127.100791,주변지역_추가본
올림픽대교북단_02-530,가로등,,37.537004,127.100352,주변지역_추가본
올림픽대교북단_02-534,가로등,,37.53933,127.10005,주변지역_추가본
올림픽대교북단_02-535,가로등,,37.538936,127.099367,주변지역_추가본
올림픽대교북단_02-536,가로등,,37.538193,127.100705,주변지역_추가본
올림픽대교북단_02-537,가로등,,37.537018,127.09933,주변지역_추가본
올림픽대교북단_02-541,가로등,,37.538804,127.099378,주변지역_추가본
올림픽대교북단_02-542,가로등,,37.537977,127.100628,주변지역_추가본
올림픽대교북단_02-543,가로등,,37.53711,127.099615,주변지역_추가본
올림픽대교북단_02-547,가로등,,37.538659,127.099435,주변지역_추가본
올림픽대교북단_02-548,가로등,,37.53775,127.100603,주변지역_추가본
올림픽대교북단_02-549,가로등,,37.537127,127.099877,주변지역_추가본
올림픽대교북단_02-553,가로등,,37.538535,127.099543,주변지역_추가본
올림픽대교북단_02-554,가로등,,37.537526,127.100655,주변지역_추가본
올림픽대교북단_02-555,가로등,,37.537094,127.100121,주변지역_추가본
워커힐고가-01,가로등,,37.55188,127.110463,주변지역_추가본
워커힐고가-02,가로등,,37.551988,127.110868,주변지역_추가본
워커힐고가-03,가로등,,37.552153,127.111182,주변지역_추가본
워커힐고가-04,가로등,,37.552433,127.111416,주변지역_추가본
워커힐고가-05,가로등,,37.552708,127.111563,주변지역_추가본
워커힐고가-06,가로등,,37.553057,127.111673,주변지역_추가본
워커힐고가-07,가로등,,37.553464,127.111749,주변지역_추가본
워커힐고가-08,가로등,,37.553757,127.111804,주변지역_추가본
워커힐고가-09,가로등,,37.554055,127.111938,주변지역_추가본
워커힐고가-10,가로등,,37.554384,127.112101,주변지역_추가본
워커힐고가-11,가로등,,37.554679,127.112272,주변지역_추가본
워커힐고가-12,가로등,,37.555053,127.112421,주변지역_추가본
워커힐고가-13,가로등,,37.55535,127.11243,주변지역_추가본
워커힐고가-14,가로등,,37.555615,127.112271,주변지역_추가본
워커힐고가-15,가로등,,37.555918,127.112042,주변지역_추가본
워커힐고가-16,가로등,,37.556195,127.111924,주변지역_추가본
워커힐고가-17,가로등,,37.556508,127.112001,주변지역_추가본
워커힐고가-18,가로등,,37.55679,127.112241,주변지역_추가본
워커힐고가-19,가로등,,37.556977,127.112512,주변지역_추가본
워커힐고가-20,가로등,,37.557197,127.112788,주변지역_추가본
워커힐고가-21,가로등,,37.557416,127.113086,주변지역_추가본
워커힐고가-22,가로등,,37.55768,127.113343,주변지역_추가본
워커힐고가-23,가로등,,37.557939,127.113522,주변지역_추가본
워커힐고가-24,가로등,,37.558265,127.113708,주변지역_추가본
워커힐고가-25,가로등,,37.558537,127.113881,주변지역_추가본
워커힐고가-26,가로등,,37.558793,127.114011,주변지역_추가본
워커힐고가-27,가로등,,37.559036,127.114152,주변지역_추가본
워커힐고가-28,가로등,,37.559346,127.114296,주변지역_추가본
잠실대교남단-35,가로등,,37.522742,127.092971,주변지역_추가본
잠실대교남단-36,가로등,,37.522621,127.092748,주변지역_추가본
잠실대교남단-37,가로등,,37.523066,127.092763,주변지역_추가본
잠실대교남단-38,가로등,,37.52295,127.092457,주변지역_추가본
잠실대교남단-39,가로등,,37.523325,127.092495,주변지역_추가본
잠실대교남단-40,가로등,,37.52325,127.092265,주변지역_추가본
잠실대교남단-41,가로등,,37.523729,127.09219,주변지역_추가본
잠실대교남단-42,가로등,,37.523644,127.091925,주변지역_추가본
잠실대교남단경관-16,가로등,,37.522686,127.092841,주변지역_추가본
잠실대교남단경관-17,가로등,,37.522988,127.092597,주변지역_추가본
잠실대교남단경관-18,가로등,,37.523284,127.092367,주변지역_추가본
잠실대교남단경관-19,가로등,,37.523676,127.092068,주변지역_추가본
잠실대교남단경관-20,가로등,,37.523498,127.092206,주변지역_추가본
잠실대교남단경관-21,가로등,,37.523136,127.092485,주변지역_추가본
잠실대교남단경관-22,가로등,,37.522846,127.092716,주변지역_추가본
잠실대교북단_01-01,가로등,,37.528116,127.088956,주변지역_추가본
잠실대교북단_01-02,가로등,,37.52846,127.088986,주변지역_추가본
잠실대교북단_01-03,가로등,,37.528812,127.089135,주변지역_추가본
잠실대교북단_01-04,가로등,,37.529048,127.089442,주변지역_추가본
잠실대교북단_01-05,가로등,,37.529155,127.089529,주변지역_추가본
잠실대교북단_01-06,가로등,,37.529494,127.087421,주변지역_추가본
잠실대교북단_01-07,가로등,,37.529287,127.087894,주변지역_추가본
잠실대교북단_01-08,가로등,,37.529234,127.087653,주변지역_추가본
잠실대교북단_01-09,가로등,,37.529474,127.088049,주변지역_추가본
잠실대교북단_01-10,가로등,,37.529605,127.088229,주변지역_추가본
잠실대교북단_01-11,가로등,,37.528878,127.087714,주변지역_추가본
잠실대교북단_01-12,가로등,,37.528829,127.087498,주변지역_추가본
잠실대교북단_01-13,가로등,,37.528877,127.087312,주변지역_추가본
잠실대교북단_01-14,가로등,,37.528952,127.087164,주변지역_추가본
잠실대교북단_01-15,가로등,,37.529061,127.087123,주변지역_추가본
잠실대교북단_01-16,가로등,,37.529218,127.087118,주변지역_추가본
잠실대교북단_01-17,가로등,,37.529302,127.087215,주변지역_추가본
잠실대교북단_01-19,가로등,,37.527609,127.089212,주변지역_추가본
잠실대교북단_01-21,가로등,,37.527407,127.089329,주변지역_추가본
잠실대교북단_01-23,가로등,,37.52725,127.089492,주변지역_추가본
잠실대교북단_01-25,가로등,,37.527033,127.08962,주변지역_추가본
잠실대교북단_01-27,가로등,,37.526831,127.089808,주변지역_추가본
잠실대교북단_01-29,가로등,,37.526648,127.089914,주변지역_추가본
잠실대교북단_01-31,가로등,,37.526322,127.090169,주변지역_추가본
잠실대교북단_01-33,가로등,,37.52616,127.090327,주변지역_추가본
잠실대교북단_01-35,가로등,,37.52597,127.090438,주변지역_추가본
잠실대교북단_01-37,가로등,,37.525783,127.090615,주변지역_추가본
잠실대교북단_01-39,가로등,,37.525584,127.090732,주변지역_추가본
잠실대교북단_01-41,가로등,,37.525362,127.090942,주변지역_추가본
잠실대교북단_01-43,가로등,,37.525102,127.091098,주변지역_추가본
잠실대교북단_01-45,가로등,,37.524804,127.091369,주변지역_추가본
잠실대교북단_01-47,가로등,,37.524539,127.091527,주변지역_추가본
잠실대교북단_01-49,가로등,,37.524298,127.091757,주변지역_추가본
잠실대교북단_01-500,가로등,,37.529696,127.088422,주변지역_추가본
잠실대교북단_01-501,가로등,,37.528644,127.088424,주변지역_추가본
잠실대교북단_01-503,가로등,,37.529674,127.088651,주변지역_추가본
잠실대교북단_01-504,가로등,,37.529622,127.088842,주변지역_추가본
잠실대교북단_01-505,가로등,,37.528357,127.08861,주변지역_추가본
잠실대교북단_01-507,가로등,,37.529487,127.088948,주변지역_추가본
잠실대교북단_01-508,가로등,,37.529287,127.089059,주변지역_추가본
잠실대교북단_01-509,가로등,,37.528064,127.088867,주변지역_추가본
잠실대교북단_01-51,가로등,,37.524015,127.091927,주변지역_추가본
잠실대교북단_01-511,가로등,,37.529104,127.088974,주변지역_추가본
잠실대교북단_01-512,가로등,,37.527733,127.089084,주변지역_추가본
잠실대교북단_01-513,가로등,,37.529018,127.08894,주변지역_추가본
잠실대교북단_01-515,가로등,,37.528866,127.088223,주변지역_추가본
잠실대교북단_01-516,가로등,,37.530021,127.087368,주변지역_추가본
잠실대교북단_01-517,가로등,,37.529872,127.08713,주변지역_추가본
잠실대교북단_01-518,가로등,,37.529892,127.087427,주변지역_추가본
잠실대교북단_01-519,가로등,,37.529781,127.087235,주변지역_추가본
잠실대교북단_01-520,가로등,,37.529571,127.087716,주변지역_추가본
잠실대교북단_01-521,가로등,,37.529231,127.088021,주변지역_추가본
잠실대교북단_01-53,가로등,,37.523883,127.092074,주변지역_추가본
잠실대교북단_02-02,가로등,,37.528204,127.088168,주변지역_추가본
잠실대교북단_02-03,가로등,,37.528232,127.087887,주변지역_추가본
잠실대교북단_02-04,가로등,,37.528112,127.087635,주변지역_추가본
잠실대교북단_02-05,가로등,,37.528042,127.087387,주변지역_추가본
잠실대교북단_02-06,가로등,,37.528001,127.087118,주변지역_추가본
잠실대교북단_02-07,가로등,,37.528055,127.086977,주변지역_추가본
잠실대교북단_02-1,가로등,,37.528154,127.088397,주변지역_추가본
잠실대교북단_02-12,가로등,,37.52876,127.088033,주변지역_추가본
잠실대교북단_02-14,가로등,,37.528491,127.088208,주변지역_추가본
잠실대교북단_02-16,가로등,,37.52821,127.088459,주변지역_추가본
잠실대교북단_02-18,가로등,,37.528005,127.088577,주변지역_추가본
잠실대교북단_02-20,가로등,,37.527728,127.088827,주변지역_추가본
잠실대교북단_02-22,가로등,,37.527449,127.089005,주변지역_추가본
잠실대교북단_02-24,가로등,,37.527142,127.089277,주변지역_추가본
잠실대교북단_02-26,가로등,,37.526867,127.089454,주변지역_추가본
잠실대교북단_02-28,가로등,,37.526553,127.089728,주변지역_추가본
잠실대교북단_02-30,가로등,,37.52632,127.08987,주변지역_추가본
잠실대교북단_02-32,가로등,,37.526231,127.089976,주변지역_추가본
잠실대교북단_02-34,가로등,,37.526062,127.090068,주변지역_추가본
잠실대교북단_02-36,가로등,,37.52589,127.09024,주변지역_추가본
잠실대교북단_02-38,가로등,,37.525703,127.090345,주변지역_추가본
잠실대교북단_02-40,가로등,,37.525492,127.090546,주변지역_추가본
잠실대교북단_02-42,가로등,,37.525288,127.090664,주변지역_추가본
잠실대교북단_02-44,가로등,,37.525017,127.09091,주변지역_추가본
잠실대교북단_02-46,가로등,,37.524699,127.091115,주변지역_추가본
잠실대교북단_02-48,가로등,,37.524453,127.091346,주변지역_추가본
잠실대교북단_02-50,가로등,,37.524193,127.091506,주변지역_추가본
잠실대교북단_02-52,가로등,,37.523959,127.091729,주변지역_추가본
잠실대교북단_02-54,가로등,,37.523773,127.091828,주변지역_추가본
잠실대교북단경관-01,가로등,,37.528797,127.088134,주변지역_추가본
잠실대교북단경관-02,가로등,,37.528552,127.088326,주변지역_추가본
잠실대교북단경관-03,가로등,,37.528265,127.088537,주변지역_추가본
잠실대교북단경관-04,가로등,,37.527997,127.088743,주변지역_추가본
잠실대교북단경관-05,가로등,,37.527771,127.088921,주변지역_추가본
잠실대교북단경관-06,가로등,,37.52752,127.089116,주변지역_추가본
잠실대교북단경관-07,가로등,,37.527221,127.089345,주변지역_추가본
잠실대교북단경관-08,가로등,,37.526926,127.089574,주변지역_추가본
잠실대교북단경관-09,가로등,,37.526599,127.089819,주변지역_추가본
잠실대교북단경관-10,가로등,,37.52629,127.090062,주변지역_추가본
잠실대교북단경관-11,가로등,,37.526105,127.090199,주변지역_추가본
잠실대교북단경관-12,가로등,,37.525929,127.090339,주변지역_추가본
잠실대교북단경관-13,가로등,,37.525741,127.090481,주변지역_추가본
잠실대교북단경관-14,가로등,,37.525522,127.090652,주변지역_추가본
잠실대교북단경관-15,가로등,,37.52531,127.090817,주변지역_추가본
잠실대교북단경관-16,가로등,,37.52506,127.091009,주변지역_추가본
잠실대교북단경관-17,가로등,,37.524762,127.091238,주변지역_추가본
잠실대교북단경관-18,가로등,,37.524493,127.091442,주변지역_추가본
잠실대교북단경관-19,가로등,,37.52424,127.091635,주변지역_추가본
잠실대교북단경관-20,가로등,,37.523988,127.091829,주변지역_추가본
잠실대교북단경관-21,가로등,,37.528728,127.088186,주변지역_추가본
잠실대교북단경관-22,가로등,,37.52864,127.088252,주변지역_추가본
잠실대교북단경관-23,가로등,,37.528484,127.088377,주변지역_추가본
잠실대교북단경관-24,가로등,,37.528388,127.088449,주변지역_추가본
잠실대교북단경관-25,가로등,,37.52819,127.088597,주변지역_추가본
잠실대교북단경관-26,가로등,,37.528112,127.088659,주변지역_추가본
잠실대교북단경관-27,가로등,,37.527921,127.088802,주변지역_추가본
잠실대교북단경관-28,가로등,,37.527668,127.088999,주변지역_추가본
잠실대교북단경관-29,가로등,,37.527374,127.089229,주변지역_추가본
잠실대교북단경관-30,가로등,,37.527083,127.089447,주변지역_추가본
잠실대교북단경관-31,가로등,,37.526776,127.089685,주변지역_추가본
잠실대교북단경관-32,가로등,,37.526467,127.089925,주변지역_추가본
잠실대교북단경관-33,가로등,,37.526197,127.090133,주변지역_추가본
잠실대교북단경관-34,가로등,,37.526032,127.090263,주변지역_추가본
잠실대교북단경관-35,가로등,,37.525846,127.090406,주변지역_추가본
잠실대교북단경관-36,가로등,,37.52565,127.090551,주변지역_추가본
잠실대교북단경관-37,가로등,,37.525424,127.090725,주변지역_추가본
잠실대교북단경관-38,가로등,,37.5252,127.0909,주변지역_추가본
잠실대교북단경관-39,가로등,,37.524921,127.091117,주변지역_추가본
잠실대교북단경관-40,가로등,,37.524637,127.091335,주변지역_추가본
잠실대교북단경관-41,가로등,,37.524377,127.091533,주변지역_추가본
잠실대교북단경관-42,가로등,,37.524131,127.091723,주변지역_추가본
잠실철교남단-01,가로등,,37.523179,127.102929,주변지역_추가본
잠실철교남단-02,가로등,,37.523267,127.103207,주변지역_추가본
잠실철교남단-03,가로등,,37.523216,127.102542,주변지역_추가본
잠실철교남단-04,가로등,,37.523357,127.102249,주변지역_추가본
잠실철교남단-05,가로등,,37.523745,127.102032,주변지역_추가본
잠실철교남단-06,가로등,,37.524155,127.101732,주변지역_추가본
잠실철교남단-07,가로등,,37.524545,127.101522,주변지역_추가본
잠실철교남단-08,가로등,,37.524972,127.101208,주변지역_추가본
잠실철교남단-09,가로등,,37.525456,127.100942,주변지역_추가본
잠실철교남단-10,가로등,,37.525856,127.10064,주변지역_추가본
잠실철교남단-11,가로등,,37.526342,127.100376,주변지역_추가본
잠실철교남단-12,가로등,,37.526803,127.100033,주변지역_추가본
잠실철교남단-13,가로등,,37.527271,127.099782,주변지역_추가본
잠실철교남단-14,가로등,,37.527714,127.099449,주변지역_추가본
잠실철교남단-15,가로등,,37.528149,127.099212,주변지역_추가본
잠실철교남단-16,가로등,,37.528573,127.098898,주변지역_추가본
잠실철교남단-17,가로등,,37.528556,127.098734,주변지역_추가본
잠실철교남단-18,가로등,,37.528135,127.099002,주변지역_추가본
잠실철교남단-19,가로등,,37.527703,127.099277,주변지역_추가본
잠실철교남단-20,가로등,,37.527254,127.099563,주변지역_추가본
잠실철교남단-21,가로등,,37.526795,127.099855,주변지역_추가본
잠실철교남단-22,가로등,,37.526327,127.100153,주변지역_추가본
잠실철교남단-23,가로등,,37.525836,127.100466,주변지역_추가본
잠실철교남단-24,가로등,,37.525434,127.100723,주변지역_추가본
잠실철교남단-25,가로등,,37.524943,127.101036,주변지역_추가본
잠실철교남단-26,가로등,,37.524507,127.101316,주변지역_추가본
잠실철교남단-27,가로등,,37.52412,127.101561,주변지역_추가본
잠실철교남단-28,가로등,,37.523697,127.101833,주변지역_추가본
잠실철교남단-29,가로등,,37.523384,127.102033,주변지역_추가본
잠실철교남단-30,가로등,,37.523134,127.101727,주변지역_추가본
잠실철교남단-31,가로등,,37.522915,127.101379,주변지역_추가본
잠실철교남단-32,가로등,,37.5227,127.101039,주변지역_추가본
잠실철교남단-500,가로등,,37.528932,127.098495,주변지역_추가본
잠실철교남단-501,가로등,,37.52898,127.098679,주변지역_추가본
잠실철교남단경관-01,가로등,,37.524989,127.101293,주변지역_추가본
잠실철교남단경관-02,가로등,,37.525064,127.101228,주변지역_추가본
잠실철교남단경관-03,가로등,,37.525144,127.101177,주변지역_추가본
잠실철교남단경관-04,가로등,,37.525223,127.101127,주변지역_추가본
잠실철교남단경관-05,가로등,,37.525307,127.101073,주변지역_추가본
잠실철교남단경관-06,가로등,,37.525385,127.101025,주변지역_추가본
잠실철교남단경관-07,가로등,,37.525463,127.100978,주변지역_추가본
잠실철교남단경관-08,가로등,,37.525549,127.100921,주변지역_추가본
잠실철교남단경관-09,가로등,,37.525632,127.100867,주변지역_추가본
잠실철교남단경관-10,가로등,,37.525709,127.100818,주변지역_추가본
잠실철교남단경관-11,가로등,,37.525787,127.100771,주변지역_추가본
잠실철교남단경관-12,가로등,,37.525873,127.100715,주변지역_추가본
잠실철교남단경관-13,가로등,,37.525957,127.10066,주변지역_추가본
잠실철교남단경관-14,가로등,,37.526046,127.1006,주변지역_추가본
잠실철교남단경관-15,가로등,,37.526131,127.100547,주변지역_추가본
잠실철교남단경관-16,가로등,,37.526214,127.100495,주변지역_추가본
잠실철교남단경관-17,가로등,,37.526303,127.100436,주변지역_추가본
잠실철교남단경관-18,가로등,,37.526399,127.100374,주변지역_추가본
잠실철교남단경관-19,가로등,,37.526483,127.100323,주변지역_추가본
잠실철교남단경관-20,가로등,,37.52657,127.100269,주변지역_추가본
잠실철교남단경관-21,가로등,,37.526655,127.100213,주변지역_추가본
잠실철교남단경관-22,가로등,,37.52674,127.100162,주변지역_추가본
잠실철교남단경관-23,가로등,,37.526835,127.100103,주변지역_추가본
잠실철교남단경관-24,가로등,,37.526924,127.100041,주변지역_추가본
잠실철교남단경관-25,가로등,,37.527014,127.099986,주변지역_추가본
잠실철교남단경관-26,가로등,,37.527105,127.099923,주변지역_추가본
잠실철교남단경관-27,가로등,,37.527197,127.099868,주변지역_추가본
잠실철교남단경관-28,가로등,,37.527287,127.099811,주변지역_추가본
잠실철교남단경관-29,가로등,,37.527383,127.09975,주변지역_추가본
잠실철교남단경관-30,가로등,,37.527482,127.099684,주변지역_추가본
잠실철교남단경관-31,가로등,,37.527574,127.099628,주변지역_추가본
잠실철교남단경관-32,가로등,,37.527666,127.09957,주변지역_추가본
잠실철교남단경관-33,가로등,,37.527753,127.099515,주변지역_추가본
잠실철교남단경관-34,가로등,,37.527836,127.09946,주변지역_추가본
잠실철교남단경관-35,가로등,,37.527921,127.099408,주변지역_추가본
잠실철교남단경관-36,가로등,,37.528009,127.099352,주변지역_추가본
잠실철교남단경관-37,가로등,,37.528101,127.099294,주변지역_추가본
잠실철교남단경관-38,가로등,,37.528183,127.099236,주변지역_추가본
잠실철교남단경관-39,가로등,,37.528264,127.099186,주변지역_추가본
잠실철교남단경관-40,가로등,,37.528343,127.099135,주변지역_추가본
잠실철교남단경관-41,가로등,,37.52844,127.099078,주변지역_추가본
잠실철교남단경관-42,가로등,,37.528527,127.09902,주변지역_추가본
잠실철교남단경관-43,가로등,,37.528608,127.098966,주변지역_추가본
잠실철교남단경관-44,가로등,,37.528697,127.098911,주변지역_추가본
잠실철교남단경관-45,가로등,,37.528773,127.098859,주변지역_추가본
잠실철교남단경관-46,가로등,,37.528864,127.098805,주변지역_추가본
잠실철교남단경관-47,가로등,,37.528949,127.098748,주변지역_추가본
잠실철교남단경관-48,가로등,,37.529039,127.098691,주변지역_추가본
잠실철교남단경관-49,가로등,,37.529135,127.098631,주변지역_추가본
잠실철교남단경관-50,가로등,,37.529221,127.098577,주변지역_추가본
잠실철교남단경관-51,가로등,,37.529309,127.098522,주변지역_추가본
잠실철교남단경관-52,가로등,,37.529391,127.098461,주변지역_추가본
잠실철교남단경관-53,가로등,,37.529485,127.098406,주변지역_추가본
잠실철교남단경관-54,가로등,,37.529574,127.098349,주변지역_추가본
잠실철교남단경관-55,가로등,,37.529666,127.098292,주변지역_추가본
잠실철교남단경관-56,가로등,,37.529758,127.098235,주변지역_추가본
잠실철교남단경관-57,가로등,,37.529847,127.098174,주변지역_추가본
잠실철교남단경관-58,가로등,,37.529932,127.098124,주변지역_추가본
잠실철교남단경관-59,가로등,,37.530019,127.098066,주변지역_추가본
잠실철교남단경관-60,가로등,,37.530095,127.098019,주변지역_추가본
잠실철교남단경관-61,가로등,,37.530175,127.097965,주변지역_추가본
잠실철교남단경관-62,가로등,,37.530259,127.09791,주변지역_추가본
잠실철교남단경관-63,가로등,,37.53035,127.097854,주변지역_추가본
잠실철교남단경관-64,가로등,,37.530437,127.097802,주변지역_추가본
잠실철교남단경관-65,가로등,,37.530525,127.097743,주변지역_추가본
잠실철교남단경관-66,가로등,,37.530615,127.097686,주변지역_추가본
잠실철교남단경관-67,가로등,,37.530703,127.09763,주변지역_추가본
잠실철교남단경관-68,가로등,,37.530782,127.097575,주변지역_추가본
잠실철교남단경관-69,가로등,,37.530873,127.097523,주변지역_추가본
잠실철교남단경관-70,가로등,,37.530953,127.097471,주변지역_추가본
잠실철교남단경관-71,가로등,,37.531035,127.097417,주변지역_추가본
잠실철교남단경관-72,가로등,,37.531121,127.097362,주변지역_추가본
잠실철교남단경관-73,가로등,,37.531208,127.097307,주변지역_추가본
잠실철교남단경관-74,가로등,,37.531295,127.097251,주변지역_추가본
잠실철교남단경관-75,가로등,,37.531374,127.097201,주변지역_추가본
잠실철교남단경관-76,가로등,,37.531466,127.097143,주변지역_추가본
잠실철교남단경관-77,가로등,,37.531559,127.097079,주변지역_추가본
잠실철교남단경관-78,가로등,,37.53165,127.097028,주변지역_추가본
잠실철교남단경관-79,가로등,,37.531743,127.096965,주변지역_추가본
잠실철교남단경관-80,가로등,,37.531829,127.096912,주변지역_추가본
잠실철교남단경관-81,가로등,,37.53191,127.096857,주변지역_추가본
잠실철교남단경관-82,가로등,,37.531996,127.096806,주변지역_추가본
잠실철교남단경관-83,가로등,,37.532084,127.096749,주변지역_추가본
잠실철교남단경관-84,가로등,,37.532165,127.0967,주변지역_추가본
잠실철교남단경관-85,가로등,,37.532234,127.096651,주변지역_추가본
잠실철교남단경관-86,가로등,,37.532306,127.096606,주변지역_추가본
잠실철교남단경관-87,가로등,,37.532378,127.096559,주변지역_추가본
잠실철교북단-01,가로등,,37.533132,127.095058,주변지역_추가본
잠실철교북단-02,가로등,,37.53336,127.095289,주변지역_추가본
잠실철교북단-03,가로등,,37.533367,127.095652,주변지역_추가본
잠실철교북단-04,가로등,,37.533133,127.095804,주변지역_추가본
잠실철교북단-05,가로등,,37.53284,127.095997,주변지역_추가본
잠실철교북단-06,가로등,,37.532525,127.096201,주변지역_추가본
잠실철교북단-07,가로등,,37.532228,127.096392,주변지역_추가본
잠실철교북단-08,가로등,,37.531902,127.096599,주변지역_추가본
잠실철교북단-09,가로등,,37.531522,127.096842,주변지역_추가본
잠실철교북단-10,가로등,,37.531143,127.097084,주변지역_추가본
잠실철교북단-11,가로등,,37.530786,127.097312,주변지역_추가본
잠실철교북단-12,가로등,,37.530431,127.097539,주변지역_추가본
잠실철교북단-13,가로등,,37.53011,127.097743,주변지역_추가본
잠실철교북단-14,가로등,,37.529739,127.09798,주변지역_추가본
잠실철교북단-15,가로등,,37.529362,127.098219,주변지역_추가본
잠실철교북단-18,가로등,,37.52942,127.098398,주변지역_추가본
잠실철교북단-19,가로등,,37.529765,127.098178,주변지역_추가본
잠실철교북단-20,가로등,,37.530109,127.097959,주변지역_추가본
잠실철교북단-21,가로등,,37.530448,127.097741,주변지역_추가본
잠실철교북단-22,가로등,,37.530795,127.09752,주변지역_추가본
잠실철교북단-23,가로등,,37.531221,127.09725,주변지역_추가본
잠실철교북단-24,가로등,,37.531635,127.096984,주변지역_추가본
잠실철교북단-25,가로등,,37.532022,127.096737,주변지역_추가본
잠실철교북단-26,가로등,,37.532376,127.096514,주변지역_추가본
잠실철교북단-27,가로등,,37.532704,127.096308,주변지역_추가본
잠실철교북단-28,가로등,,37.532996,127.096127,주변지역_추가본
잠실철교북단-29,가로등,,37.533272,127.095954,주변지역_추가본
잠실철교북단-30,가로등,,37.53354,127.095785,주변지역_추가본
잠실철교북단-31,가로등,,37.533871,127.09584,주변지역_추가본
잠실철교북단-32,가로등,,37.534132,127.096125,주변지역_추가본
잠실철교북단-33,가로등,,37.534424,127.095096,주변지역_추가본
잠실철교북단경관-01,가로등,,37.532288,127.096314,주변지역_추가본
잠실철교북단경관-02,가로등,,37.531896,127.096557,주변지역_추가본
잠실철교북단경관-03,가로등,,37.531472,127.096812,주변지역_추가본
잠실철교북단경관-04,가로등,,37.531095,127.097064,주변지역_추가본
잠실철교북단경관-05,가로등,,37.530739,127.097289,주변지역_추가본
잠실철교북단경관-06,가로등,,37.530393,127.097503,주변지역_추가본
잠실철교북단경관-07,가로등,,37.530027,127.097738,주변지역_추가본
잠실철교북단경관-08,가로등,,37.529672,127.097955,주변지역_추가본
잠실철교북단경관-09,가로등,,37.529311,127.098195,주변지역_추가본
잠실철교북단경관-10,가로등,,37.52889,127.09847,주변지역_추가본
잠실철교북단경관-100,가로등,,37.526995,127.099668,주변지역_추가본
잠실철교북단경관-101,가로등,,37.526593,127.09992,주변지역_추가본
잠실철교북단경관-102,가로등,,37.526519,127.099967,주변지역_추가본
잠실철교북단경관-103,가로등,,37.526096,127.100236,주변지역_추가본
잠실철교북단경관-104,가로등,,37.526026,127.100282,주변지역_추가본
잠실철교북단경관-105,가로등,,37.525635,127.100539,주변지역_추가본
잠실철교북단경관-106,가로등,,37.525559,127.100586,주변지역_추가본
잠실철교북단경관-107,가로등,,37.525202,127.100806,주변지역_추가본
잠실철교북단경관-108,가로등,,37.525125,127.100857,주변지역_추가본
잠실철교북단경관-11,가로등,,37.528535,127.098683,주변지역_추가본
잠실철교북단경관-12,가로등,,37.528097,127.098969,주변지역_추가본
잠실철교북단경관-13,가로등,,37.527671,127.099237,주변지역_추가본
잠실철교북단경관-14,가로등,,37.527236,127.099518,주변지역_추가본
잠실철교북단경관-15,가로등,,37.526746,127.099822,주변지역_추가본
잠실철교북단경관-16,가로등,,37.526265,127.100128,주변지역_추가본
잠실철교북단경관-17,가로등,,37.525778,127.100448,주변지역_추가본
잠실철교북단경관-18,가로등,,37.525342,127.100714,주변지역_추가본
잠실철교북단경관-19,가로등,,37.524881,127.101008,주변지역_추가본
잠실철교북단경관-20,가로등,,37.524956,127.100954,주변지역_추가본
잠실철교북단경관-21,가로등,,37.525406,127.100676,주변지역_추가본
잠실철교북단경관-22,가로등,,37.525846,127.100394,주변지역_추가본
잠실철교북단경관-23,가로등,,37.526355,127.100076,주변지역_추가본
잠실철교북단경관-24,가로등,,37.526826,127.099776,주변지역_추가본
잠실철교북단경관-25,가로등,,37.527307,127.099468,주변지역_추가본
잠실철교북단경관-26,가로등,,37.527748,127.099188,주변지역_추가본
잠실철교북단경관-27,가로등,,37.528184,127.098909,주변지역_추가본
잠실철교북단경관-28,가로등,,37.528609,127.098638,주변지역_추가본
잠실철교북단경관-29,가로등,,37.52898,127.098406,주변지역_추가본
잠실철교북단경관-30,가로등,,37.529375,127.098152,주변지역_추가본
잠실철교북단경관-31,가로등,,37.529747,127.09792,주변지역_추가본
잠실철교북단경관-32,가로등,,37.530092,127.097693,주변지역_추가본
잠실철교북단경관-33,가로등,,37.530454,127.097465,주변지역_추가본
잠실철교북단경관-34,가로등,,37.530807,127.097244,주변지역_추가본
잠실철교북단경관-35,가로등,,37.531166,127.09702,주변지역_추가본
잠실철교북단경관-36,가로등,,37.531546,127.096768,주변지역_추가본
잠실철교북단경관-37,가로등,,37.531964,127.096518,주변지역_추가본
잠실철교북단경관-38,가로등,,37.532226,127.096347,주변지역_추가본
잠실철교북단경관-39,가로등,,37.531827,127.096593,주변지역_추가본
잠실철교북단경관-40,가로등,,37.531407,127.096857,주변지역_추가본
잠실철교북단경관-41,가로등,,37.531038,127.097098,주변지역_추가본
잠실철교북단경관-42,가로등,,37.530674,127.097328,주변지역_추가본
잠실철교북단경관-43,가로등,,37.53033,127.097547,주변지역_추가본
잠실철교북단경관-44,가로등,,37.529971,127.097777,주변지역_추가본
잠실철교북단경관-45,가로등,,37.52962,127.097996,주변지역_추가본
잠실철교북단경관-46,가로등,,37.529251,127.098236,주변지역_추가본
잠실철교북단경관-47,가로등,,37.528822,127.098512,주변지역_추가본
잠실철교북단경관-48,가로등,,37.528474,127.098724,주변지역_추가본
잠실철교북단경관-49,가로등,,37.528023,127.099016,주변지역_추가본
잠실철교북단경관-50,가로등,,37.5276,127.099285,주변지역_추가본
잠실철교북단경관-51,가로등,,37.527149,127.099572,주변지역_추가본
잠실철교북단경관-52,가로등,,37.526668,127.099871,주변지역_추가본
잠실철교북단경관-53,가로등,,37.526182,127.100188,주변지역_추가본
잠실철교북단경관-54,가로등,,37.525704,127.100494,주변지역_추가본
잠실철교북단경관-55,가로등,,37.525278,127.100757,주변지역_추가본
잠실철교북단경관-56,가로등,,37.525046,127.100913,주변지역_추가본
잠실철교북단경관-57,가로등,,37.525492,127.100629,주변지역_추가본
잠실철교북단경관-58,가로등,,37.525938,127.100336,주변지역_추가본
잠실철교북단경관-59,가로등,,37.526442,127.100016,주변지역_추가본
잠실철교북단경관-60,가로등,,37.526908,127.099724,주변지역_추가본
잠실철교북단경관-61,가로등,,37.527387,127.099422,주변지역_추가본
잠실철교북단경관-62,가로등,,37.527821,127.09914,주변지역_추가본
잠실철교북단경관-63,가로등,,37.528263,127.09886,주변지역_추가본
잠실철교북단경관-64,가로등,,37.529056,127.098358,주변지역_추가본
잠실철교북단경관-65,가로등,,37.529441,127.098108,주변지역_추가본
잠실철교북단경관-66,가로등,,37.529809,127.097873,주변지역_추가본
잠실철교북단경관-67,가로등,,37.530155,127.097647,주변지역_추가본
잠실철교북단경관-68,가로등,,37.530611,127.097366,주변지역_추가본
잠실철교북단경관-69,가로등,,37.530867,127.097198,주변지역_추가본
잠실철교북단경관-70,가로등,,37.531239,127.096969,주변지역_추가본
잠실철교북단경관-71,가로등,,37.531622,127.096731,주변지역_추가본
잠실철교북단경관-72,가로등,,37.532034,127.096476,주변지역_추가본
잠실철교북단경관-73,가로등,,37.532163,127.096399,주변지역_추가본
잠실철교북단경관-74,가로등,,37.532098,127.096433,주변지역_추가본
잠실철교북단경관-75,가로등,,37.53177,127.096637,주변지역_추가본
잠실철교북단경관-76,가로등,,37.531703,127.096677,주변지역_추가본
잠실철교북단경관-77,가로등,,37.531361,127.0969,주변지역_추가본
잠실철교북단경관-78,가로등,,37.531302,127.096929,주변지역_추가본
잠실철교북단경관-79,가로등,,37.530988,127.097132,주변지역_추가본
잠실철교북단경관-80,가로등,,37.530931,127.097167,주변지역_추가본
잠실철교북단경관-81,가로등,,37.530564,127.097397,주변지역_추가본
잠실철교북단경관-82,가로등,,37.530515,127.097428,주변지역_추가본
잠실철교북단경관-83,가로등,,37.530283,127.09758,주변지역_추가본
잠실철교북단경관-84,가로등,,37.530225,127.097615,주변지역_추가본
잠실철교북단경관-85,가로등,,37.529919,127.09781,주변지역_추가본
잠실철교북단경관-86,가로등,,37.52987,127.097838,주변지역_추가본
잠실철교북단경관-87,가로등,,37.529555,127.098033,주변지역_추가본
잠실철교북단경관-88,가로등,,37.529503,127.098072,주변지역_추가본
잠실철교북단경관-89,가로등,,37.529187,127.098274,주변지역_추가본
잠실철교북단경관-90,가로등,,37.529124,127.09831,주변지역_추가본
잠실철교북단경관-91,가로등,,37.528758,127.098553,주변지역_추가본
잠실철교북단경관-92,가로등,,37.528687,127.0986,주변지역_추가본
잠실철교북단경관-93,가로등,,37.528407,127.098767,주변지역_추가본
잠실철교북단경관-94,가로등,,37.528343,127.098817,주변지역_추가본
잠실철교북단경관-95,가로등,,37.527955,127.099057,주변지역_추가본
잠실철교북단경관-96,가로등,,37.527889,127.099106,주변지역_추가본
잠실철교북단경관-97,가로등,,37.527532,127.099329,주변지역_추가본
잠실철교북단경관-98,가로등,,37.527462,127.099371,주변지역_추가본
잠실철교북단경관-99,가로등,,37.527077,127.099619,주변지역_추가본
장평교-01,가로등,,37.571841,127.079093,주변지역_추가본
장평교-02,가로등,,37.571892,127.078542,주변지역_추가본
장평교-03,가로등,,37.57194,127.077952,주변지역_추가본
장평교-04,가로등,,37.571993,127.077345,주변지역_추가본
장평교-05,가로등,,37.572038,127.076739,주변지역_추가본
장평교-06,가로등,,37.572077,127.076204,주변지역_추가본
장평교-07,가로등,,37.572114,127.075702,주변지역_추가본
장평교-08,가로등,,37.571967,127.075799,주변지역_추가본
장평교-09,가로등,,37.571927,127.076365,주변지역_추가본
장평교-10,가로등,,37.57188,127.076976,주변지역_추가본
장평교-11,가로등,,37.571823,127.077615,주변지역_추가본
장평교-12,가로등,,37.571779,127.078156,주변지역_추가본
장평교-13,가로등,,37.571731,127.078717,주변지역_추가본
장평교-14,가로등,,37.571681,127.079284,주변지역_추가본
천호대교 북단경관-01,가로등,,37.543418,127.109418,주변지역_추가본
천호대교 북단경관-02,가로등,,37.542965,127.110987,주변지역_추가본
천호대교 북단경관-03,가로등,,37.542076,127.114114,주변지역_추가본
천호대교 북단경관-04,가로등,,37.542418,127.114316,주변지역_추가본
천호대교 북단경관-05,가로등,,37.543315,127.111211,주변지역_추가본
천호대교 북단경관-06,가로등,,37.543783,127.109576,주변지역_추가본
천호대교남단_01-034,가로등,,37.542155,127.114965,주변지역_추가본
천호대교남단_01-036,가로등,,37.542259,127.114697,주변지역_추가본
천호대교남단_01-038,가로등,,37.542315,127.114402,주변지역_추가본
천호대교남단_01-040,가로등,,37.54242,127.114139,주변지역_추가본
천호대교남단_01-042,가로등,,37.542487,127.113796,주변지역_추가본
천호대교남단_01-044,가로등,,37.542601,127.113489,주변지역_추가본
천호대교남단_01-046,가로등,,37.542704,127.113128,주변지역_추가본
천호대교남단_02-033,가로등,,37.541944,127.114944,주변지역_추가본
천호대교남단_02-035,가로등,,37.542053,127.114565,주변지역_추가본
천호대교남단_02-037,가로등,,37.542132,127.114281,주변지역_추가본
천호대교남단_02-039,가로등,,37.542217,127.113985,주변지역_추가본
천호대교남단_02-041,가로등,,37.542291,127.113728,주변지역_추가본
천호대교남단_02-043,가로등,,37.542405,127.113417,주변지역_추가본
천호대교남단_02-045,가로등,,37.542482,127.113047,주변지역_추가본
천호대교북단-01,가로등,,37.54354,127.109304,주변지역_추가본
천호대교북단-02,가로등,,37.543666,127.108748,주변지역_추가본
천호대교북단-03,가로등,,37.543782,127.108212,주변지역_추가본
천호대교북단-04,가로등,,37.543699,127.107709,주변지역_추가본
천호대교북단-05,가로등,,37.543416,127.107325,주변지역_추가본
천호대교북단-06,가로등,,37.543109,127.106962,주변지역_추가본
천호대교북단-47,가로등,,37.542534,127.112862,주변지역_추가본
천호대교북단-48,가로등,,37.542763,127.112914,주변지역_추가본
천호대교북단-49,가로등,,37.542631,127.112634,주변지역_추가본
천호대교북단-50,가로등,,37.5428,127.112695,주변지역_추가본
천호대교북단-500,가로등,,37.544743,127.108497,주변지역_추가본
천호대교북단-501,가로등,,37.544831,127.109045,주변지역_추가본
천호대교북단-502,가로등,,37.54458,127.10934,주변지역_추가본
천호대교북단-503,가로등,,37.544246,127.109291,주변지역_추가본
천호대교북단-504,가로등,,37.544049,127.10884,주변지역_추가본
천호대교북단-51,가로등,,37.542706,127.112254,주변지역_추가본
천호대교북단-52,가로등,,37.542925,127.112355,주변지역_추가본
천호대교북단-53,가로등,,37.542832,127.111929,주변지역_추가본
천호대교북단-54,가로등,,37.542995,127.112016,주변지역_추가본
천호대교북단-55,가로등,,37.5429,127.111577,주변지역_추가본
천호대교북단-56,가로등,,37.543119,127.111682,주변지역_추가본
천호대교북단-57,가로등,,37.54303,127.111234,주변지역_추가본
천호대교북단-58,가로등,,37.543186,127.111342,주변지역_추가본
천호대교북단-59,가로등,,37.543119,127.110816,주변지역_추가본
천호대교북단-60,가로등,,37.543311,127.111018,주변지역_추가본
천호대교북단-61,가로등,,37.543242,127.110474,주변지역_추가본
천호대교북단-62,가로등,,37.543375,127.110688,주변지역_추가본
천호대교북단-63,가로등,,37.543379,127.110013,주변지역_추가본
천호대교북단-64,가로등,,37.543467,127.110364,주변지역_추가본
천호대교북단-65,가로등,,37.543494,127.109612,주변지역_추가본
천호대교북단-66,가로등,,37.543559,127.110041,주변지역_추가본
천호대교북단-67,가로등,,37.54358,127.109198,주변지역_추가본
천호대교북단-68,가로등,,37.543672,127.109753,주변지역_추가본
천호대교북단-69,가로등,,37.543687,127.108837,주변지역_추가본
천호대교북단-70,가로등,,37.543742,127.109405,주변지역_추가본
천호대교북단-71,가로등,,37.543784,127.108488,주변지역_추가본
천호대교북단-72,가로등,,37.54386,127.109091,주변지역_추가본
천호대교북단-73,가로등,,37.543905,127.10817,주변지역_추가본
천호대교북단-74,가로등,,37.543957,127.108753,주변지역_추가본
천호대교북단-75,가로등,,37.543983,127.107801,주변지역_추가본
천호대교북단-76,가로등,,37.544051,127.108427,주변지역_추가본
천호대교북단-77,가로등,,37.544103,127.107478,주변지역_추가본
천호대교북단-78,가로등,,37.544117,127.108093,주변지역_추가본
천호대교북단-79,가로등,,37.544166,127.107152,주변지역_추가본
천호대교북단-80,가로등,,37.544224,127.107806,주변지역_추가본
천호대교북단-81,가로등,,37.5443,127.10745,주변지역_추가본
천호대교북단-82,가로등,,37.544415,127.107131,주변지역_추가본
강_43-01,가로등,,37.533957,127.059032,주변지역_추가본
강_43-02,가로등,,37.534015,127.058662,주변지역_추가본
강_43-03,가로등,,37.534102,127.05822,주변지역_추가본
강_43-04,가로등,,37.534204,127.057736,주변지역_추가본
강_43-05,가로등,,37.534306,127.057279,주변지역_추가본
강_43-07,가로등,,37.534446,127.056713,주변지역_추가본
강_43-08,가로등,,37.53454,127.056267,주변지역_추가본
강_43-29,가로등,,37.534083,127.056407,주변지역_추가본
강_43-30,가로등,,37.533978,127.056913,주변지역_추가본
강_43-31,가로등,,37.533849,127.057407,주변지역_추가본
강_43-32,가로등,,37.533717,127.057891,주변지역_추가본
강_43-33,가로등,,37.533573,127.058374,주변지역_추가본
강_43-34,가로등,,37.533441,127.058784,주변지역_추가본
강_43-35,가로등,,37.533735,127.058708,주변지역_추가본
강_43-36,가로등,,37.533859,127.058211,주변지역_추가본
강_43-37,가로등,,37.533986,127.057698,주변지역_추가본
강_43-38,가로등,,37.534093,127.057213,주변지역_추가본
강_43-39,가로등,,37.53419,127.056735,주변지역_추가본
강_43-40,가로등,,37.5343,127.056254,주변지역_추가본
강_43-52,가로등,,37.534205,127.058467,주변지역_추가본
강_43-53,가로등,,37.534428,127.058427,주변지역_추가본
강_43-54,가로등,,37.534627,127.058542,주변지역_추가본
강_43-55,가로등,,37.534747,127.058812,주변지역_추가본
강_43-56,가로등,,37.534731,127.059116,주변지역_추가본
강_43-57,가로등,,37.534583,127.059341,주변지역_추가본
강_43-58,가로등,,37.534376,127.059412,주변지역_추가본
강_43_1-06,가로등,,37.53442,127.057224,주변지역_추가본
강_44-01,가로등,,37.532603,127.063305,주변지역_추가본
강_44-02,가로등,,37.532726,127.062903,주변지역_추가본
강_44-03,가로등,,37.532854,127.062498,주변지역_추가본
강_44-04,가로등,,37.532985,127.062098,주변지역_추가본
강_44-05,가로등,,37.533022,127.061778,주변지역_추가본
강_44-06,가로등,,37.533166,127.061318,주변지역_추가본
강_44-07,가로등,,37.533332,127.06084,주변지역_추가본
강_44-08,가로등,,37.533483,127.060372,주변지역_추가본
강_44-09,가로등,,37.533655,127.059958,주변지역_추가본
강_44-10,가로등,,37.533785,127.059556,주변지역_추가본
강_44-11,가로등,,37.533424,127.059018,주변지역_추가본
강_44-13,가로등,,37.53327,127.05947,주변지역_추가본
강_44-15,가로등,,37.533104,127.059995,주변지역_추가본
강_44-17,가로등,,37.532769,127.060956,주변지역_추가본
강_44-18,가로등,,37.532725,127.061168,주변지역_추가본
강_44-19,가로등,,37.532663,127.061374,주변지역_추가본
강_44-20,가로등,,37.532587,127.061634,주변지역_추가본
강_44-21,가로등,,37.532508,127.061889,주변지역_추가본
강_44-22,가로등,,37.532441,127.062143,주변지역_추가본
강_44-23,가로등,,37.532369,127.06238,주변지역_추가본
강_44-24,가로등,,37.532255,127.062534,주변지역_추가본
강_44-25,가로등,,37.532187,127.062771,주변지역_추가본
강_44-26,가로등,,37.532119,127.06301,주변지역_추가본
강_44-27,가로등,,37.532404,127.063152,주변지역_추가본
강_44-28,가로등,,37.532513,127.062763,주변지역_추가본
강_44-29,가로등,,37.532621,127.062371,주변지역_추가본
강_44-30,가로등,,37.532731,127.061966,주변지역_추가본
강_44-31,가로등,,37.532851,127.061576,주변지역_추가본
강_44-32,가로등,,37.532963,127.061203,주변지역_추가본
강_44-33,가로등,,37.533062,127.06087,주변지역_추가본
강_44-34,가로등,,37.533246,127.060315,주변지역_추가본
강_44-35,가로등,,37.533361,127.059945,주변지역_추가본
강_44-36,가로등,,37.533499,127.059521,주변지역_추가본
강_44-37,가로등,,37.533497,127.059393,주변지역_추가본
강_44-38,가로등,,37.533393,127.059732,주변지역_추가본
강_44-39,가로등,,37.533276,127.060099,주변지역_추가본
강_44-40,가로등,,37.533168,127.060434,주변지역_추가본
강_44-41,가로등,,37.533069,127.060754,주변지역_추가본
강_44-42,가로등,,37.535224,127.059559,주변지역_추가본
강_44-44,가로등,,37.534993,127.059047,주변지역_추가본
강_44-46,가로등,,37.534767,127.058511,주변지역_추가본
강_44-48,가로등,,37.534488,127.058059,주변지역_추가본
강_44-50,가로등,,37.534061,127.057944,주변지역_추가본
강_44-52,가로등,,37.533678,127.058196,주변지역_추가본
강_44-54,가로등,,37.533419,127.058737,주변지역_추가본
강_44-56,가로등,,37.533187,127.059489,주변지역_추가본
강_44-58,가로등,,37.533043,127.059946,주변지역_추가본
강_44-60,가로등,,37.532906,127.060384,주변지역_추가본
강_44-62,가로등,,37.532949,127.060046,주변지역_추가본
강_44-63,가로등,,37.532894,127.060236,주변지역_추가본
강_44-64,가로등,,37.532829,127.060429,주변지역_추가본
강_44-65,가로등,,37.532759,127.060723,주변지역_추가본
강_44-66,가로등,,37.532969,127.060488,주변지역_추가본
강_44-68,가로등,,37.533174,127.0609,주변지역_추가본
강_44-70,가로등,,37.533586,127.061036,주변지역_추가본
강_44-72,가로등,,37.533993,127.060815,주변지역_추가본
강_44-74,가로등,,37.534399,127.060468,주변지역_추가본
강_44-76,가로등,,37.534855,127.060229,주변지역_추가본
강_44-77,가로등,,37.53364,127.060337,주변지역_추가본
강_44-78,가로등,,37.533753,127.060497,주변지역_추가본
강_44-79,가로등,,37.533914,127.060564,주변지역_추가본
강_44-80,가로등,,37.53409,127.060549,주변지역_추가본
강_44-81,가로등,,37.534242,127.060458,주변지역_추가본
강_44-82,가로등,,37.534365,127.060292,주변지역_추가본
강_44-83,가로등,,37.534403,127.060038,주변지역_추가본
강_44_1-12,가로등,,37.533351,127.059223,주변지역_추가본
강_44_1-14,가로등,,37.533188,127.059731,주변지역_추가본
강_44_1-16,가로등,,37.53303,127.060247,주변지역_추가본
강_44_1-43,가로등,,37.535108,127.059301,주변지역_추가본
강_44_1-45,가로등,,37.534878,127.058776,주변지역_추가본
강_44_1-47,가로등,,37.534644,127.058266,주변지역_추가본
강_44_1-49,가로등,,37.534289,127.057942,주변지역_추가본
강_44_1-51,가로등,,37.53385,127.058024,주변지역_추가본
강_44_1-53,가로등,,37.533519,127.058445,주변지역_추가본
강_44_1-55,가로등,,37.533264,127.059243,주변지역_추가본
강_44_1-57,가로등,,37.533115,127.059712,주변지역_추가본
강_44_1-59,가로등,,37.532971,127.060167,주변지역_추가본
강_44_1-61,가로등,,37.532854,127.060595,주변지역_추가본
강_44_1-67,가로등,,37.533033,127.060734,주변지역_추가본
강_44_1-69,가로등,,37.533356,127.061034,주변지역_추가본
강_44_1-71,가로등,,37.533804,127.060951,주변지역_추가본
강_44_1-73,가로등,,37.534191,127.060645,주변지역_추가본
강_44_1-75,가로등,,37.534609,127.060319,주변지역_추가본
강_45-01,가로등,,37.529747,127.073939,주변지역_추가본
강_45-02,가로등,,37.529882,127.073476,주변지역_추가본
강_45-03,가로등,,37.530014,127.072999,주변지역_추가본
강_45-04,가로등,,37.530152,127.072518,주변지역_추가본
강_45-05,가로등,,37.530288,127.072024,주변지역_추가본
강_45-06,가로등,,37.530424,127.071545,주변지역_추가본
강_45-07,가로등,,37.530551,127.071062,주변지역_추가본
강_45-08,가로등,,37.530689,127.070581,주변지역_추가본
강_45-09,가로등,,37.530817,127.070071,주변지역_추가본
강_45-10,가로등,,37.530952,127.069581,주변지역_추가본
강_45-11,가로등,,37.531079,127.069087,주변지역_추가본
강_45-12,가로등,,37.531213,127.068563,주변지역_추가본
강_45-13,가로등,,37.531367,127.068004,주변지역_추가본
강_45-14,가로등,,37.531509,127.067448,주변지역_추가본
강_45-15,가로등,,37.531657,127.066888,주변지역_추가본
강_45-16,가로등,,37.531743,127.066563,주변지역_추가본
강_45-17,가로등,,37.531852,127.066165,주변지역_추가본
강_45-18,가로등,,37.531958,127.065754,주변지역_추가본
강_45-19,가로등,,37.532068,127.065328,주변지역_추가본
강_45-20,가로등,,37.532265,127.064598,주변지역_추가본
강_45-21,가로등,,37.532388,127.064155,주변지역_추가본
강_45-22,가로등,,37.532492,127.063738,주변지역_추가본
강_45-23,가로등,,37.531634,127.065392,주변지역_추가본
강_45-24,가로등,,37.531589,127.065848,주변지역_추가본
강_45-25,가로등,,37.531469,127.06642,주변지역_추가본
강_45-26,가로등,,37.531372,127.066766,주변지역_추가본
강_45-27,가로등,,37.531228,127.067307,주변지역_추가본
강_45-28,가로등,,37.531075,127.067872,주변지역_추가본
강_45-29,가로등,,37.530906,127.068496,주변지역_추가본
강_45-33,가로등,,37.530983,127.067733,주변지역_추가본
강_45-34,가로등,,37.530892,127.068131,주변지역_추가본
강_45-35,가로등,,37.530797,127.068571,주변지역_추가본
강_45-36,가로등,,37.530755,127.068992,주변지역_추가본
강_45-37,가로등,,37.530616,127.069465,주변지역_추가본
강_45-38,가로등,,37.530498,127.069977,주변지역_추가본
강_45-39,가로등,,37.530356,127.07048,주변지역_추가본
강_45-40,가로등,,37.53015,127.071014,주변지역_추가본
강_45-41,가로등,,37.530048,127.071481,주변지역_추가본
강_45-42,가로등,,37.529933,127.071952,주변지역_추가본
강_45-43,가로등,,37.529821,127.072431,주변지역_추가본
강_45-44,가로등,,37.529707,127.072913,주변지역_추가본
강_45-45,가로등,,37.529567,127.073391,주변지역_추가본
강_45-46,가로등,,37.529446,127.073833,주변지역_추가본
강_45-47,가로등,,37.529313,127.074275,주변지역_추가본
강_45-48,가로등,,37.529527,127.074164,주변지역_추가본
강_45-49,가로등,,37.529669,127.073677,주변지역_추가본
강_45-50,가로등,,37.529816,127.073158,주변지역_추가본
강_45-51,가로등,,37.529946,127.072665,주변지역_추가본
강_45-52,가로등,,37.530084,127.072194,주변지역_추가본
강_45-53,가로등,,37.530229,127.071648,주변지역_추가본
강_45-54,가로등,,37.530383,127.071089,주변지역_추가본
강_45-55,가로등,,37.530549,127.070471,주변지역_추가본
강_45-56,가로등,,37.530724,127.069845,주변지역_추가본
강_45-57,가로등,,37.530877,127.069254,주변지역_추가본
강_45-58,가로등,,37.531015,127.068744,주변지역_추가본
강_45-59,가로등,,37.531166,127.06817,주변지역_추가본
강_45-60,가로등,,37.531312,127.067625,주변지역_추가본
강_45-61,가로등,,37.531452,127.067082,주변지역_추가본
강_45-62,가로등,,37.531652,127.066333,주변지역_추가본
강_45-63,가로등,,37.531784,127.065842,주변지역_추가본
강_45-64,가로등,,37.531924,127.065315,주변지역_추가본
강_45-65,가로등,,37.532057,127.064816,주변지역_추가본
강_45-66,가로등,,37.532172,127.064374,주변지역_추가본
강_45-70,가로등,,37.529005,127.076197,주변지역_추가본
강_45-71,가로등,,37.529164,127.075766,주변지역_추가본
강_45-72,가로등,,37.529303,127.075359,주변지역_추가본
강_45-73,가로등,,37.529445,127.074927,주변지역_추가본
강_45-74,가로등,,37.528797,127.076333,주변지역_추가본
강_45-75,가로등,,37.528957,127.075896,주변지역_추가본
강_45-76,가로등,,37.529105,127.075461,주변지역_추가본
강_45-77,가로등,,37.529255,127.075031,주변지역_추가본
강_45-78,가로등,,37.529393,127.074597,주변지역_추가본
강_45-79,가로등,,37.528678,127.076082,주변지역_추가본
강_45-80,가로등,,37.528842,127.075643,주변지역_추가본
강_45-81,가로등,,37.528996,127.075216,주변지역_추가본
강_45-82,가로등,,37.529164,127.074739,주변지역_추가본
강_46-01,가로등,,37.527852,127.085505,주변지역_추가본
강_46-02,가로등,,37.527792,127.085021,주변지역_추가본
강_46-03,가로등,,37.527748,127.084548,주변지역_추가본
강_46-04,가로등,,37.527701,127.084036,주변지역_추가본
강_46-05,가로등,,37.527667,127.083519,주변지역_추가본
강_46-06,가로등,,37.527643,127.083007,주변지역_추가본
강_46-07,가로등,,37.527643,127.082487,주변지역_추가본
강_46-08,가로등,,37.52765,127.081955,주변지역_추가본
강_46-09,가로등,,37.527691,127.081342,주변지역_추가본
강_46-10,가로등,,37.527755,127.080732,주변지역_추가본
강_46-11,가로등,,37.527849,127.080093,주변지역_추가본
강_46-12,가로등,,37.527954,127.079527,주변지역_추가본
강_46-13,가로등,,37.528093,127.07893,주변지역_추가본
강_46-14,가로등,,37.528273,127.078317,주변지역_추가본
강_46-15,가로등,,37.528447,127.077746,주변지역_추가본
강_46-16,가로등,,37.528636,127.077208,주변지역_추가본
강_46-17,가로등,,37.528832,127.076675,주변지역_추가본
강_46-18,가로등,,37.528107,127.087884,주변지역_추가본
강_46-19,가로등,,37.527938,127.087452,주변지역_추가본
강_46-20,가로등,,37.527795,127.086987,주변지역_추가본
강_46-21,가로등,,37.527693,127.086459,주변지역_추가본
강_46-22,가로등,,37.527618,127.085807,주변지역_추가본
강_46-23,가로등,,37.527574,127.085191,주변지역_추가본
강_46-24,가로등,,37.527536,127.084598,주변지역_추가본
강_46-25,가로등,,37.527483,127.083912,주변지역_추가본
강_46-26,가로등,,37.527615,127.085454,주변지역_추가본
강_46-27,가로등,,37.527569,127.084993,주변지역_추가본
강_46-28,가로등,,37.527541,127.084533,주변지역_추가본
강_46-29,가로등,,37.527512,127.084096,주변지역_추가본
강_46-30,가로등,,37.527482,127.083535,주변지역_추가본
강_46-31,가로등,,37.527469,127.083017,주변지역_추가본
강_46-32,가로등,,37.52747,127.082775,주변지역_추가본
강_46-33,가로등,,37.527468,127.082473,주변지역_추가본
강_46-34,가로등,,37.527478,127.082208,주변지역_추가본
강_46-35,가로등,,37.527488,127.081965,주변지역_추가본
강_46-36,가로등,,37.527518,127.081458,주변지역_추가본
강_46-37,가로등,,37.52758,127.08091,주변지역_추가본
강_46-38,가로등,,37.527659,127.080322,주변지역_추가본
강_46-39,가로등,,37.527756,127.079739,주변지역_추가본
강_46-40,가로등,,37.52788,127.079142,주변지역_추가본
강_46-41,가로등,,37.528047,127.078524,주변지역_추가본
강_46-42,가로등,,37.528235,127.077913,주변지역_추가본
강_46-43,가로등,,37.528416,127.077378,주변지역_추가본
강_46-44,가로등,,37.5286,127.076857,주변지역_추가본
강_46-61,가로등,,37.528511,127.076538,주변지역_추가본
강_46-62,가로등,,37.528321,127.07705,주변지역_추가본
강_46-63,가로등,,37.528158,127.077609,주변지역_추가본
강_46-64,가로등,,37.52797,127.078222,주변지역_추가본
강_46-65,가로등,,37.527811,127.078812,주변지역_추가본
강_46-66,가로등,,37.527667,127.079426,주변지역_추가본
강_46-67,가로등,,37.527584,127.079877,주변지역_추가본
강_46-68,가로등,,37.527468,127.080346,주변지역_추가본
강_46-69,가로등,,37.52741,127.080744,주변지역_추가본
강_46-70,가로등,,37.527348,127.081165,주변지역_추가본
강_46-71,가로등,,37.52731,127.08147,주변지역_추가본
강_46-72,가로등,,37.52727,127.081774,주변지역_추가본
강_46-73,가로등,,37.527249,127.082056,주변지역_추가본
강_46-74,가로등,,37.527243,127.082335,주변지역_추가본
강_46-75,가로등,,37.527297,127.08304,주변지역_추가본
강_46-76,가로등,,37.527306,127.083646,주변지역_추가본
강_46-77,가로등,,37.52735,127.084282,주변지역_추가본
강_46-78,가로등,,37.527397,127.084928,주변지역_추가본
강_46-79,가로등,,37.527436,127.085544,주변지역_추가본
강_46-80,가로등,,37.527473,127.086131,주변지역_추가본
강_46-81,가로등,,37.527522,127.086545,주변지역_추가본
강_46-82,가로등,,37.527605,127.086907,주변지역_추가본
강_46-83,가로등,,37.527696,127.087277,주변지역_추가본
강_46-84,가로등,,37.5278,127.087609,주변지역_추가본
강_46-85,가로등,,37.527922,127.08791,주변지역_추가본
강_46-86,가로등,,37.528053,127.088199,주변지역_추가본
강_46_1-45,가로등,,37.527293,127.080705,주변지역_추가본
강_46_1-46,가로등,,37.527254,127.080993,주변지역_추가본
강_46_1-47,가로등,,37.527227,127.081273,주변지역_추가본
강_46_1-48,가로등,,37.527203,127.081577,주변지역_추가본
강_46_1-49,가로등,,37.52719,127.081869,주변지역_추가본
강_46_1-50,가로등,,37.527186,127.082164,주변지역_추가본
강_46_1-51,가로등,,37.527188,127.082477,주변지역_추가본
강_46_1-52,가로등,,37.527195,127.082772,주변지역_추가본
강_46_1-53,가로등,,37.527203,127.083062,주변지역_추가본
강_46_1-54,가로등,,37.527208,127.083366,주변지역_추가본
강_46_1-55,가로등,,37.527227,127.083682,주변지역_추가본
강_46_1-56,가로등,,37.527244,127.083994,주변지역_추가본
강_46_1-57,가로등,,37.527277,127.084286,주변지역_추가본
강_46_1-58,가로등,,37.527307,127.084597,주변지역_추가본
강_46_1-59,가로등,,37.527326,127.084903,주변지역_추가본
강_46_1-60,가로등,,37.527342,127.085223,주변지역_추가본
강_46_1-61,가로등,,37.527613,127.082877,주변지역_추가본
강_47-13,가로등,,37.528168,127.087883,주변지역_추가본
강_47-14,가로등,,37.528252,127.088056,주변지역_추가본
강_47-15,가로등,,37.52834,127.088237,주변지역_추가본
강_47-16,가로등,,37.52855,127.088655,주변지역_추가본
강_47-17,가로등,,37.528665,127.088895,주변지역_추가본
강_47-18,가로등,,37.528779,127.08914,주변지역_추가본
강_47-19,가로등,,37.528893,127.089356,주변지역_추가본
강_47-65,가로등,,37.529602,127.089966,주변지역_추가본
강_47-66,가로등,,37.529741,127.090325,주변지역_추가본
강_47-67,가로등,,37.529947,127.090665,주변지역_추가본
강_47-68,가로등,,37.530187,127.091,주변지역_추가본
강_47-69,가로등,,37.530416,127.091289,주변지역_추가본
강_47-70,가로등,,37.530631,127.091568,주변지역_추가본
강_47-71,가로등,,37.530856,127.091828,주변지역_추가본
강_47-72,가로등,,37.52922,127.089651,주변지역_추가본
강_47-73,가로등,,37.529414,127.089683,주변지역_추가본
강_47-74,가로등,,37.529604,127.0896,주변지역_추가본
강_47-75,가로등,,37.52974,127.0894,주변지역_추가본
강_47-76,가로등,,37.529823,127.089131,주변지역_추가본
강_47-77,가로등,,37.529887,127.088872,주변지역_추가본
강_47-78,가로등,,37.529957,127.088601,주변지역_추가본
강_47-79,가로등,,37.530027,127.088342,주변지역_추가본
강_47-80,가로등,,37.530093,127.088084,주변지역_추가본
강_47-81,가로등,,37.530158,127.087813,주변지역_추가본
강_47-83,가로등,,37.529567,127.089456,주변지역_추가본
강_47-84,가로등,,37.529612,127.089237,주변지역_추가본
강_47-85,가로등,,37.529676,127.089046,주변지역_추가본
강_47-86,가로등,,37.529754,127.088846,주변지역_추가본
강_47-87,가로등,,37.529831,127.088651,주변지역_추가본
강_47-88,가로등,,37.529913,127.088434,주변지역_추가본
강_47-89,가로등,,37.529848,127.088287,주변지역_추가본
강_47-90,가로등,,37.529804,127.087981,주변지역_추가본
강_47-91,가로등,,37.52971,127.087718,주변지역_추가본
강_47-92,가로등,,37.529533,127.087375,주변지역_추가본
강_47-93,가로등,,37.52936,127.087074,주변지역_추가본
강_47-94,가로등,,37.529119,127.086841,주변지역_추가본
강_47-95,가로등,,37.529356,127.086859,주변지역_추가본
강_47-96,가로등,,37.529596,127.086896,주변지역_추가본
강_47-97,가로등,,37.529835,127.086951,주변지역_추가본
강_47_1-01,가로등,,37.527411,127.085563,주변지역_추가본
강_47_1-02,가로등,,37.527521,127.085923,주변지역_추가본
강_47_1-03,가로등,,37.527642,127.08624,주변지역_추가본
강_47_1-04,가로등,,37.527756,127.08658,주변지역_추가본
강_47_1-05,가로등,,37.527856,127.086914,주변지역_추가본
강_47_1-06,가로등,,37.527934,127.087379,주변지역_추가본
강_47_1-07,가로등,,37.527964,127.087242,주변지역_추가본
강_47_1-08,가로등,,37.528022,127.087006,주변지역_추가본
강_47_1-09,가로등,,37.52812,127.086798,주변지역_추가본
강_47_1-10,가로등,,37.528291,127.086678,주변지역_추가본
강_47_1-11,가로등,,37.52801,127.087542,주변지역_추가본
강_47_1-12,가로등,,37.528085,127.087703,주변지역_추가본
강_47_1-43,가로등,,37.528439,127.088163,주변지역_추가본
강_47_1-44,가로등,,37.528303,127.087883,주변지역_추가본
강_47_1-45,가로등,,37.528172,127.087587,주변지역_추가본
강_47_1-46,가로등,,37.528056,127.087276,주변지역_추가본
강_47_1-47,가로등,,37.527942,127.086957,주변지역_추가본
강_47_1-48,가로등,,37.527839,127.086612,주변지역_추가본
강_47_1-49,가로등,,37.527753,127.086244,주변지역_추가본
강_47_1-50,가로등,,37.527686,127.085893,주변지역_추가본
강_47_1-51,가로등,,37.52779,127.085552,주변지역_추가본
강_47_1-52,가로등,,37.527846,127.08594,주변지역_추가본
강_47_1-53,가로등,,37.527938,127.086327,주변지역_추가본
강_47_1-54,가로등,,37.528065,127.086699,주변지역_추가본
강_47_1-55,가로등,,37.528192,127.087056,주변지역_추가본
강_47_1-56,가로등,,37.528327,127.0874,주변지역_추가본
강_47_1-57,가로등,,37.528466,127.087722,주변지역_추가본
강_47_1-58,가로등,,37.52861,127.088033,주변지역_추가본
강_47_1-59,가로등,,37.528814,127.088485,주변지역_추가본
강_47_1-60,가로등,,37.528965,127.08879,주변지역_추가본
강_47_1-61,가로등,,37.529083,127.089148,주변지역_추가본
강_47_1-62,가로등,,37.529236,127.089453,주변지역_추가본
강_47_1-63,가로등,,37.529375,127.089747,주변지역_추가본
강_47_1-64,가로등,,37.529511,127.090012,주변지역_추가본
강_47_2-100,가로등,,37.528664,127.086664,주변지역_추가본
강_47_2-101,가로등,,37.528478,127.08663,주변지역_추가본
강_47_2-102,가로등,,37.528292,127.086566,주변지역_추가본
강_47_2-103,가로등,,37.528144,127.08644,주변지역_추가본
강_47_2-104,가로등,,37.528035,127.086273,주변지역_추가본
강_47_2-105,가로등,,37.527951,127.086074,주변지역_추가본
강_47_2-106,가로등,,37.527893,127.085845,주변지역_추가본
강_47_2-20,가로등,,37.529137,127.08969,주변지역_추가본
강_47_2-21,가로등,,37.529201,127.089814,주변지역_추가본
강_47_2-22,가로등,,37.529269,127.089959,주변지역_추가본
강_47_2-23,가로등,,37.529326,127.090083,주변지역_추가본
강_47_2-24,가로등,,37.529394,127.090226,주변지역_추가본
강_47_2-25,가로등,,37.52945,127.090346,주변지역_추가본
강_47_2-26,가로등,,37.529487,127.090489,주변지역_추가본
강_47_2-27,가로등,,37.52956,127.090759,주변지역_추가본
강_47_2-28,가로등,,37.52974,127.091022,주변지역_추가본
강_47_2-29,가로등,,37.529922,127.091278,주변지역_추가본
강_47_2-30,가로등,,37.530113,127.091519,주변지역_추가본
강_47_2-31,가로등,,37.530295,127.091774,주변지역_추가본
강_47_2-32,가로등,,37.53081,127.092064,주변지역_추가본
강_47_2-33,가로등,,37.53058,127.09176,주변지역_추가본
강_47_2-34,가로등,,37.53036,127.091473,주변지역_추가본
강_47_2-35,가로등,,37.53009,127.09112,주변지역_추가본
강_47_2-36,가로등,,37.529843,127.090776,주변지역_추가본
강_47_2-37,가로등,,37.529626,127.090476,주변지역_추가본
강_47_2-38,가로등,,37.529383,127.090113,주변지역_추가본
강_47_2-39,가로등,,37.529186,127.08972,주변지역_추가본
강_47_2-40,가로등,,37.52901,127.089356,주변지역_추가본
강_47_2-41,가로등,,37.528833,127.088983,주변지역_추가본
강_47_2-42,가로등,,37.528651,127.08861,주변지역_추가본
강_47_2-98,가로등,,37.529031,127.086726,주변지역_추가본
강_47_2-99,가로등,,37.528847,127.086696,주변지역_추가본
강_48-01,가로등,,37.530496,127.09203,주변지역_추가본
강_48-02,가로등,,37.530714,127.092292,주변지역_추가본
강_48-03,가로등,,37.530916,127.09256,주변지역_추가본
강_48-04,가로등,,37.531118,127.092798,주변지역_추가본
강_48-05,가로등,,37.5313,127.093046,주변지역_추가본
강_48-06,가로등,,37.531522,127.093265,주변지역_추가본
강_48-07,가로등,,37.531991,127.093837,주변지역_추가본
강_48-08,가로등,,37.532243,127.094081,주변지역_추가본
강_48-09,가로등,,37.532472,127.094345,주변지역_추가본
강_48-10,가로등,,37.5327,127.094614,주변지역_추가본
강_48-100,가로등,,37.53466,127.095792,주변지역_추가본
강_48-101,가로등,,37.534872,127.096036,주변지역_추가본
강_48-102,가로등,,37.535097,127.096298,주변지역_추가본
강_48-103,가로등,,37.535306,127.09646,주변지역_추가본
강_48-104,가로등,,37.535458,127.09663,주변지역_추가본
강_48-105,가로등,,37.535628,127.096818,주변지역_추가본
강_48-106,가로등,,37.535786,127.096996,주변지역_추가본
강_48-29,가로등,,37.532936,127.09468,주변지역_추가본
강_48-30,가로등,,37.53265,127.094373,주변지역_추가본
강_48-31,가로등,,37.53237,127.094084,주변지역_추가본
강_48-32,가로등,,37.532095,127.093778,주변지역_추가본
강_48-33,가로등,,37.531811,127.093475,주변지역_추가본
강_48-34,가로등,,37.531524,127.093144,주변지역_추가본
강_48-35,가로등,,37.531242,127.092816,주변지역_추가본
강_48-36,가로등,,37.530937,127.092503,주변지역_추가본
강_48-37,가로등,,37.530615,127.092122,주변지역_추가본
강_48-38,가로등,,37.530282,127.091689,주변지역_추가본
강_48-39,가로등,,37.529938,127.091234,주변지역_추가본
강_48-40,가로등,,37.529593,127.090742,주변지역_추가본
강_48-41,가로등,,37.529229,127.090265,주변지역_추가본
강_48-42,가로등,,37.528892,127.089796,주변지역_추가본
강_48-43,가로등,,37.528602,127.089313,주변지역_추가본
강_48-44,가로등,,37.528328,127.08877,주변지역_추가본
강_48-52,가로등,,37.53022,127.091374,주변지역_추가본
강_48-53,가로등,,37.530634,127.091889,주변지역_추가본
강_48-54,가로등,,37.53104,127.092412,주변지역_추가본
강_48-55,가로등,,37.531515,127.092906,주변지역_추가본
강_48-56,가로등,,37.531955,127.093412,주변지역_추가본
강_48-57,가로등,,37.532271,127.093729,주변지역_추가본
강_48-58,가로등,,37.53258,127.094061,주변지역_추가본
강_48-59,가로등,,37.532885,127.094396,주변지역_추가본
강_48-60,가로등,,37.533227,127.094744,주변지역_추가본
강_48-61,가로등,,37.533528,127.095043,주변지역_추가본
강_48-62,가로등,,37.533829,127.09536,주변지역_추가본
강_48-63,가로등,,37.534112,127.095681,주변지역_추가본
강_48-64,가로등,,37.534366,127.095947,주변지역_추가본
강_48-65,가로등,,37.534596,127.096203,주변지역_추가본
강_48-66,가로등,,37.535083,127.096741,주변지역_추가본
강_48-67,가로등,,37.535244,127.096923,주변지역_추가본
강_48-68,가로등,,37.535397,127.097096,주변지역_추가본
강_48-69,가로등,,37.535561,127.097278,주변지역_추가본
강_48-70,가로등,,37.534804,127.096389,주변지역_추가본
강_48-71,가로등,,37.534568,127.096111,주변지역_추가본
강_48-72,가로등,,37.53434,127.095854,주변지역_추가본
강_48-73,가로등,,37.534088,127.095564,주변지역_추가본
강_48-74,가로등,,37.533888,127.095346,주변지역_추가본
강_48-75,가로등,,37.5337,127.095122,주변지역_추가본
강_48-76,가로등,,37.533505,127.09491,주변지역_추가본
강_48-77,가로등,,37.533302,127.094693,주변지역_추가본
강_48-78,가로등,,37.533111,127.094496,주변지역_추가본
강_48-79,가로등,,37.532897,127.094289,주변지역_추가본
강_48-80,가로등,,37.532689,127.094083,주변지역_추가본
강_48-81,가로등,,37.532477,127.09387,주변지역_추가본
강_48-82,가로등,,37.532262,127.093639,주변지역_추가본
강_48-83,가로등,,37.532059,127.093441,주변지역_추가본
강_48-84,가로등,,37.531845,127.093234,주변지역_추가본
강_48-89,가로등,,37.532112,127.093151,주변지역_추가본
강_48-90,가로등,,37.532317,127.093356,주변지역_추가본
강_48-91,가로등,,37.532526,127.093555,주변지역_추가본
강_48-92,가로등,,37.532729,127.093754,주변지역_추가본
강_48-93,가로등,,37.53305,127.09408,주변지역_추가본
강_48-94,가로등,,37.533349,127.094379,주변지역_추가본
강_48-95,가로등,,37.53365,127.094695,주변지역_추가본
강_48-96,가로등,,37.533932,127.095092,주변지역_추가본
강_48-97,가로등,,37.534114,127.095294,주변지역_추가본
강_48-98,가로등,,37.5342,127.095386,주변지역_추가본
강_48-99,가로등,,37.534459,127.095667,주변지역_추가본
강_48_1-11,가로등,,37.532975,127.094844,주변지역_추가본
강_48_1-12,가로등,,37.533152,127.095034,주변지역_추가본
강_48_1-13,가로등,,37.533318,127.095199,주변지역_추가본
강_48_1-14,가로등,,37.533468,127.095372,주변지역_추가본
강_48_1-15,가로등,,37.533621,127.095532,주변지역_추가본
강_48_1-16,가로등,,37.533927,127.095848,주변지역_추가본
강_48_1-17,가로등,,37.534114,127.096048,주변지역_추가본
강_48_1-18,가로등,,37.534284,127.096241,주변지역_추가본
강_48_1-19,가로등,,37.534436,127.096398,주변지역_추가본
강_48_1-20,가로등,,37.534586,127.096557,주변지역_추가본
강_48_1-21,가로등,,37.534735,127.096714,주변지역_추가본
강_48_1-22,가로등,,37.534883,127.096924,주변지역_추가본
강_48_1-23,가로등,,37.534978,127.097081,주변지역_추가본
강_48_1-24,가로등,,37.535118,127.09727,주변지역_추가본
강_48_1-25,가로등,,37.535276,127.097458,주변지역_추가본
강_48_1-26,가로등,,37.535433,127.097637,주변지역_추가본
강_48_1-45,가로등,,37.528293,127.088296,주변지역_추가본
강_48_1-46,가로등,,37.528479,127.088672,주변지역_추가본
강_48_1-47,가로등,,37.528659,127.089059,주변지역_추가본
강_48_1-48,가로등,,37.528895,127.089447,주변지역_추가본
강_48_1-49,가로등,,37.529201,127.089925,주변지역_추가본
강_48_1-50,가로등,,37.529541,127.090371,주변지역_추가본
강_48_1-51,가로등,,37.529871,127.090849,주변지역_추가본
강_48_1-85,가로등,,37.531127,127.092083,주변지역_추가본
강_48_1-86,가로등,,37.531358,127.092335,주변지역_추가본
강_48_1-87,가로등,,37.5316,127.092596,주변지역_추가본
강_48_1-88,가로등,,37.531856,127.092883,주변지역_추가본
강_49-01,가로등,,37.535605,127.097819,주변지역_추가본
강_49-02,가로등,,37.535771,127.098003,주변지역_추가본
강_49-03,가로등,,37.535941,127.09819,주변지역_추가본
강_49-04,가로등,,37.536093,127.098381,주변지역_추가본
강_49-05,가로등,,37.536275,127.0986,주변지역_추가본
강_49-06,가로등,,37.536438,127.09883,주변지역_추가본
강_49-07,가로등,,37.536583,127.099033,주변지역_추가본
강_49-08,가로등,,37.536743,127.099227,주변지역_추가본
강_49-09,가로등,,37.536902,127.099443,주변지역_추가본
강_49-10,가로등,,37.53707,127.099655,주변지역_추가본
강_49-11,가로등,,37.537241,127.099852,주변지역_추가본
강_49-12,가로등,,37.537411,127.100053,주변지역_추가본
강_49-21,가로등,,37.539334,127.10214,주변지역_추가본
강_49-22,가로등,,37.539576,127.102443,주변지역_추가본
강_49-23,가로등,,37.539755,127.102718,주변지역_추가본
강_49-24,가로등,,37.539949,127.103005,주변지역_추가본
강_49-25,가로등,,37.540138,127.103277,주변지역_추가본
강_49-26,가로등,,37.540319,127.10354,주변지역_추가본
강_49-27,가로등,,37.539508,127.102206,주변지역_추가본
강_49-28,가로등,,37.539317,127.101903,주변지역_추가본
강_49-29,가로등,,37.539101,127.101619,주변지역_추가본
강_49-30,가로등,,37.538882,127.101355,주변지역_추가본
강_49-31,가로등,,37.53868,127.101102,주변지역_추가본
강_49-32,가로등,,37.538434,127.100819,주변지역_추가본
강_49-33,가로등,,37.538148,127.100491,주변지역_추가본
강_49-34,가로등,,37.5379,127.100219,주변지역_추가본
강_49-35,가로등,,37.537598,127.099856,주변지역_추가본
강_49-36,가로등,,37.537418,127.099649,주변지역_추가본
강_49-37,가로등,,37.536824,127.099107,주변지역_추가본
강_49-38,가로등,,37.536625,127.098868,주변지역_추가본
강_49-39,가로등,,37.53641,127.098615,주변지역_추가본
강_49-40,가로등,,37.535744,127.09747,주변지역_추가본
강_49-41,가로등,,37.535871,127.097621,주변지역_추가본
강_49-42,가로등,,37.535993,127.097766,주변지역_추가본
강_49-43,가로등,,37.536119,127.09791,주변지역_추가본
강_49-44,가로등,,37.536241,127.098051,주변지역_추가본
강_49-45,가로등,,37.536367,127.098187,주변지역_추가본
강_49-46,가로등,,37.5365,127.098331,주변지역_추가본
강_49-47,가로등,,37.536643,127.098502,주변지역_추가본
강_49-48,가로등,,37.536789,127.098668,주변지역_추가본
강_49-49,가로등,,37.536936,127.098822,주변지역_추가본
강_49-50,가로등,,37.537079,127.098982,주변지역_추가본
강_49-51,가로등,,37.537215,127.099137,주변지역_추가본
강_49-52,가로등,,37.537345,127.099289,주변지역_추가본
강_49-53,가로등,,37.537475,127.099442,주변지역_추가본
강_49-54,가로등,,37.537615,127.099599,주변지역_추가본
강_49-55,가로등,,37.53774,127.099756,주변지역_추가본
강_49-56,가로등,,37.538082,127.100125,주변지역_추가본
강_49-57,가로등,,37.538322,127.100411,주변지역_추가본
강_49-58,가로등,,37.538554,127.100683,주변지역_추가본
강_49-59,가로등,,37.538768,127.100937,주변지역_추가본
강_49-60,가로등,,37.538997,127.101197,주변지역_추가본
강_49-61,가로등,,37.539223,127.101465,주변지역_추가본
강_49-62,가로등,,37.539425,127.10174,주변지역_추가본
강_49-63,가로등,,37.539626,127.102047,주변지역_추가본
강_49-64,가로등,,37.539836,127.102397,주변지역_추가본
강_49-65,가로등,,37.540032,127.102716,주변지역_추가본
강_49-66,가로등,,37.540248,127.103079,주변지역_추가본
강_49-67,가로등,,37.540347,127.102819,주변지역_추가본
강_49-68,가로등,,37.540165,127.102528,주변지역_추가본
강_49-69,가로등,,37.539985,127.10223,주변지역_추가본
강_49-70,가로등,,37.539806,127.101916,주변지역_추가본
강_49-71,가로등,,37.539602,127.101614,주변지역_추가본
강_49-72,가로등,,37.53938,127.101329,주변지역_추가본
강_49-73,가로등,,37.539147,127.101053,주변지역_추가본
강_49-74,가로등,,37.538917,127.100784,주변지역_추가본
강_49-75,가로등,,37.538705,127.100507,주변지역_추가본
강_49-76,가로등,,37.538483,127.100262,주변지역_추가본
강_49-77,가로등,,37.538209,127.099972,주변지역_추가본
강_49-78,가로등,,37.538051,127.099794,주변지역_추가본
강_49-79,가로등,,37.537854,127.099569,주변지역_추가본
강_49-80,가로등,,37.537544,127.099204,주변지역_추가본
강_49-81,가로등,,37.537697,127.099097,주변지역_추가본
강_49-82,가로등,,37.53753,127.099036,주변지역_추가본
강_49-83,가로등,,37.537384,127.098903,주변지역_추가본
강_49-84,가로등,,37.537208,127.098698,주변지역_추가본
강_49-85,가로등,,37.537022,127.098492,주변지역_추가본
강_49-86,가로등,,37.536842,127.098292,주변지역_추가본
강_49-87,가로등,,37.536644,127.098073,주변지역_추가본
강_49-88,가로등,,37.536452,127.097846,주변지역_추가본
강_49-89,가로등,,37.536272,127.097637,주변지역_추가본
강_49-90,가로등,,37.536091,127.09744,주변지역_추가본
강_49-91,가로등,,37.535912,127.097231,주변지역_추가본
강_49-92,가로등,,37.538398,127.100153,주변지역_추가본
강_49_1-13,가로등,,37.537672,127.100346,주변지역_추가본
강_49_1-14,가로등,,37.53786,127.100563,주변지역_추가본
강_49_1-15,가로등,,37.538046,127.100776,주변지역_추가본
강_49_1-16,가로등,,37.538245,127.101006,주변지역_추가본
강_49_1-17,가로등,,37.538467,127.101255,주변지역_추가본
강_49_1-18,가로등,,37.538678,127.101497,주변지역_추가본
강_49_1-19,가로등,,37.538905,127.101717,주변지역_추가본
강_49_1-20,가로등,,37.539115,127.101912,주변지역_추가본
강_49_1-92,가로등,,37.537847,127.099179,주변지역_추가본
강_49_1-93,가로등,,37.538029,127.099163,주변지역_추가본
강_49_1-94,가로등,,37.538205,127.09911,주변지역_추가본
강_49_1-95,가로등,,37.538375,127.099017,주변지역_추가본
강_49_1-96,가로등,,37.538526,127.098899,주변지역_추가본
강_49_1-97,가로등,,37.538676,127.098742,주변지역_추가본
강_49_1-98,가로등,,37.53882,127.098591,주변지역_추가본
강_49_1-99,가로등,,37.538964,127.098438,주변지역_추가본
강_50-01,가로등,,37.540503,127.103765,주변지역_추가본
강_50-02,가로등,,37.540692,127.103996,주변지역_추가본
강_50-03,가로등,,37.540882,127.104202,주변지역_추가본
강_50-04,가로등,,37.541063,127.104411,주변지역_추가본
강_50-05,가로등,,37.541241,127.104623,주변지역_추가본
강_50-06,가로등,,37.541413,127.10485,주변지역_추가본
강_50-07,가로등,,37.541555,127.105109,주변지역_추가본
강_50-08,가로등,,37.541716,127.10536,주변지역_추가본
강_50-09,가로등,,37.541897,127.105579,주변지역_추가본
강_50-10,가로등,,37.542091,127.105786,주변지역_추가본
강_50-11,가로등,,37.542278,127.106004,주변지역_추가본
강_50-12,가로등,,37.542468,127.106235,주변지역_추가본
강_50-13,가로등,,37.542657,127.106462,주변지역_추가본
강_50-14,가로등,,37.542851,127.106681,주변지역_추가본
강_50-15,가로등,,37.543366,127.107162,주변지역_추가본
강_50-16,가로등,,37.54357,127.107387,주변지역_추가본
강_50-17,가로등,,37.543768,127.10757,주변지역_추가본
강_50-18,가로등,,37.543972,127.107748,주변지역_추가본
강_50-19,가로등,,37.543285,127.106998,주변지역_추가본
강_50-20,가로등,,37.543186,127.106881,주변지역_추가본
강_50-21,가로등,,37.543066,127.106757,주변지역_추가본
강_50-22,가로등,,37.542946,127.106623,주변지역_추가본
강_50-23,가로등,,37.54281,127.106484,주변지역_추가본
강_50-24,가로등,,37.542664,127.106229,주변지역_추가본
강_50-25,가로등,,37.54249,127.10603,주변지역_추가본
강_50-26,가로등,,37.542297,127.10581,주변지역_추가본
강_50-27,가로등,,37.542105,127.10558,주변지역_추가본
강_50-28,가로등,,37.541899,127.105347,주변지역_추가본
강_50-29,가로등,,37.540483,127.103396,주변지역_추가본
강_50-30,가로등,,37.540736,127.103707,주변지역_추가본
강_50-31,가로등,,37.541013,127.104037,주변지역_추가본
강_50-32,가로등,,37.541303,127.104364,주변지역_추가본
강_50-33,가로등,,37.541588,127.104694,주변지역_추가본
강_50-34,가로등,,37.541834,127.104978,주변지역_추가본
강_50-35,가로등,,37.542103,127.105281,주변지역_추가본
강_50-53,가로등,,37.540558,127.103142,주변지역_추가본
강_50-54,가로등,,37.540769,127.103407,주변지역_추가본
강_50-55,가로등,,37.541139,127.103864,주변지역_추가본
강_50-56,가로등,,37.541372,127.104126,주변지역_추가본
강_50-57,가로등,,37.541585,127.104376,주변지역_추가본
강_50-58,가로등,,37.541809,127.104633,주변지역_추가본
강_50-59,가로등,,37.542034,127.104897,주변지역_추가본
강_50-60,가로등,,37.542249,127.105142,주변지역_추가본
강_50_1-36,가로등,,37.542365,127.10557,주변지역_추가본
강_50_1-37,가로등,,37.542662,127.106006,주변지역_추가본
강_50_1-38,가로등,,37.54294,127.106335,주변지역_추가본
강_50_1-39,가로등,,37.543206,127.106656,주변지역_추가본
강_50_1-40,가로등,,37.543492,127.106977,주변지역_추가본
강_50_1-41,가로등,,37.543764,127.10727,주변지역_추가본
강_50_1-42,가로등,,37.544031,127.107542,주변지역_추가본
강_50_1-43,가로등,,37.542722,127.105988,주변지역_추가본
강_50_1-44,가로등,,37.543,127.106294,주변지역_추가본
강_50_1-45,가로등,,37.543281,127.106596,주변지역_추가본
강_50_1-46,가로등,,37.543559,127.106907,주변지역_추가본
강_50_1-47,가로등,,37.543862,127.107218,주변지역_추가본
강_50_1-48,가로등,,37.542972,127.106012,주변지역_추가본
강_50_1-49,가로등,,37.543266,127.106334,주변지역_추가본
강_50_1-50,가로등,,37.54356,127.106655,주변지역_추가본
강_50_1-51,가로등,,37.543845,127.106952,주변지역_추가본
강_50_1-52,가로등,,37.544117,127.107232,주변지역_추가본
강_50_1-61,가로등,,37.54229,127.105072,주변지역_추가본
강_50_1-62,가로등,,37.542662,127.105512,주변지역_추가본
강_50_1-63,가로등,,37.542821,127.105698,주변지역_추가본
강_50_1-64,가로등,,37.542981,127.105881,주변지역_추가본
강_50_1-65,가로등,,37.543136,127.106063,주변지역_추가본
강_50_1-66,가로등,,37.54328,127.106211,주변지역_추가본
강_50_1-67,가로등,,37.543417,127.10637,주변지역_추가본
강_50_1-68,가로등,,37.543547,127.106506,주변지역_추가본
강_50_1-69,가로등,,37.543677,127.106636,주변지역_추가본
강_50_1-70,가로등,,37.543817,127.106745,주변지역_추가본
강_50_1-71,가로등,,37.543974,127.106769,주변지역_추가본
강_50_1-72,가로등,,37.544126,127.106718,주변지역_추가본
강_50_1-73,가로등,,37.54157,127.104241,주변지역_추가본
강_50_1-74,가로등,,37.541308,127.103948,주변지역_추가본
강_50_1-75,가로등,,37.540983,127.103766,주변지역_추가본
강_50_1-76,가로등,,37.540818,127.104003,주변지역_추가본
강_50_1-77,가로등,,37.540952,127.104388,주변지역_추가본
강_50_1-78,가로등,,37.541213,127.104687,주변지역_추가본
강_51-01,가로등,,37.544267,127.108021,주변지역_추가본
강_51-02,가로등,,37.544447,127.108194,주변지역_추가본
강_51-03,가로등,,37.544617,127.108369,주변지역_추가본
강_51-04,가로등,,37.544823,127.108524,주변지역_추가본
강_51-05,가로등,,37.545027,127.10872,주변지역_추가본
강_51-06,가로등,,37.545222,127.108913,주변지역_추가본
강_51-07,가로등,,37.545393,127.109097,주변지역_추가본
강_51-08,가로등,,37.545571,127.10928,주변지역_추가본
강_51-09,가로등,,37.545743,127.109464,주변지역_추가본
강_51-10,가로등,,37.545972,127.109688,주변지역_추가본
강_51-11,가로등,,37.546176,127.10987,주변지역_추가본
강_51-12,가로등,,37.546372,127.110035,주변지역_추가본
강_51-13,가로등,,37.546587,127.110172,주변지역_추가본
강_51-14,가로등,,37.546819,127.110311,주변지역_추가본
강_51-15,가로등,,37.547054,127.110425,주변지역_추가본
강_51-16,가로등,,37.54728,127.110525,주변지역_추가본
강_51-17,가로등,,37.547495,127.110675,주변지역_추가본
강_51-18,가로등,,37.547724,127.110743,주변지역_추가본
강_51-19,가로등,,37.54797,127.11079,주변지역_추가본
강_51-20,가로등,,37.548197,127.110835,주변지역_추가본
강_51-21,가로등,,37.548431,127.110872,주변지역_추가본
강_51-22,가로등,,37.548672,127.110904,주변지역_추가본
강_51-23,가로등,,37.54892,127.110945,주변지역_추가본
강_51-24,가로등,,37.549171,127.110902,주변지역_추가본
강_51-25,가로등,,37.549434,127.110959,주변지역_추가본
강_51-26,가로등,,37.549703,127.111036,주변지역_추가본
강_51-27,가로등,,37.549967,127.111123,주변지역_추가본
강_51-28,가로등,,37.550226,127.111221,주변지역_추가본
강_51-29,가로등,,37.550478,127.111328,주변지역_추가본
강_51-30,가로등,,37.550718,127.111452,주변지역_추가본
강_51-31,가로등,,37.550959,127.111557,주변지역_추가본
강_51-32,가로등,,37.551201,127.111692,주변지역_추가본
강_51-33,가로등,,37.551458,127.111823,주변지역_추가본
강_51-34,가로등,,37.551692,127.111953,주변지역_추가본
강_51-35,가로등,,37.551947,127.112087,주변지역_추가본
강_51-36,가로등,,37.552218,127.112223,주변지역_추가본
강_51-37,가로등,,37.552472,127.112354,주변지역_추가본
강_51-38,가로등,,37.552733,127.112489,주변지역_추가본
강_51-39,가로등,,37.552975,127.112623,주변지역_추가본
강_51-40,가로등,,37.553241,127.112758,주변지역_추가본
강_51-41,가로등,,37.553496,127.112893,주변지역_추가본
강_51-42,가로등,,37.553754,127.113029,주변지역_추가본
강_51-43,가로등,,37.554002,127.113146,주변지역_추가본
강_51-44,가로등,,37.554255,127.113272,주변지역_추가본
강_51-45,가로등,,37.554502,127.113377,주변지역_추가본
강_51-46,가로등,,37.554761,127.113464,주변지역_추가본
강_51-47,가로등,,37.555016,127.113552,주변지역_추가본
강_51-48,가로등,,37.55528,127.113626,주변지역_추가본
강_51-49,가로등,,37.555534,127.113674,주변지역_추가본
강_51-50,가로등,,37.555809,127.113728,주변지역_추가본
강_51-51,가로등,,37.556066,127.113775,주변지역_추가본
강_51-52,가로등,,37.55632,127.113825,주변지역_추가본
강_51-53,가로등,,37.556568,127.113883,주변지역_추가본
강_51-54,가로등,,37.556821,127.113951,주변지역_추가본
강_51-55,가로등,,37.557071,127.114039,주변지역_추가본
강_51-56,가로등,,37.54567,127.109334,주변지역_추가본
강_51-57,가로등,,37.5455,127.109156,주변지역_추가본
강_52-01,가로등,,37.557117,127.113695,주변지역_추가본
강_52-02,가로등,,37.556875,127.113624,주변지역_추가본
강_52-03,가로등,,37.55663,127.11355,주변지역_추가본
강_52-04,가로등,,37.556378,127.113489,주변지역_추가본
강_52-05,가로등,,37.556111,127.11344,주변지역_추가본
강_52-06,가로등,,37.555832,127.113383,주변지역_추가본
강_52-07,가로등,,37.555556,127.113331,주변지역_추가본
강_52-08,가로등,,37.555294,127.113273,주변지역_추가본
강_52-09,가로등,,37.555036,127.113213,주변지역_추가본
강_52-10,가로등,,37.554788,127.11312,주변지역_추가본
강_52-11,가로등,,37.554535,127.113035,주변지역_추가본
강_52-12,가로등,,37.554293,127.112931,주변지역_추가본
강_52-13,가로등,,37.554057,127.112813,주변지역_추가본
강_52-14,가로등,,37.553819,127.112694,주변지역_추가본
강_52-15,가로등,,37.553568,127.112566,주변지역_추가본
강_52-16,가로등,,37.553328,127.11243,주변지역_추가본
강_52-17,가로등,,37.55308,127.112307,주변지역_추가본
강_52-18,가로등,,37.552828,127.112176,주변지역_추가본
강_52-19,가로등,,37.552597,127.112054,주변지역_추가본
강_52-20,가로등,,37.552344,127.111921,주변지역_추가본
강_52-21,가로등,,37.552087,127.111797,주변지역_추가본
강_52-22,가로등,,37.551833,127.111654,주변지역_추가본
강_52-23,가로등,,37.551573,127.111524,주변지역_추가본
강_52-24,가로등,,37.551315,127.111385,주변지역_추가본
강_52-25,가로등,,37.551067,127.111249,주변지역_추가본
강_52-26,가로등,,37.550818,127.11113,주변지역_추가본
강_52-27,가로등,,37.550569,127.111005,주변지역_추가본
강_52-28,가로등,,37.550311,127.110896,주변지역_추가본
강_52-29,가로등,,37.550045,127.110793,주변지역_추가본
강_52-30,가로등,,37.549765,127.1107,주변지역_추가본
강_52-31,가로등,,37.549499,127.110632,주변지역_추가본
강_52-32,가로등,,37.549221,127.11056,주변지역_추가본
강_52-33,가로등,,37.548946,127.110432,주변지역_추가본
강_52-34,가로등,,37.548707,127.110393,주변지역_추가본
강_52-35,가로등,,37.548474,127.110359,주변지역_추가본
강_52-36,가로등,,37.548244,127.110317,주변지역_추가본
강_52-37,가로등,,37.54803,127.11027,주변지역_추가본
강_52-38,가로등,,37.547787,127.11023,주변지역_추가본
강_52-39,가로등,,37.54756,127.110182,주변지역_추가본
강_52-40,가로등,,37.547331,127.110201,주변지역_추가본
강_52-41,가로등,,37.547109,127.110111,주변지역_추가본
강_52-42,가로등,,37.546897,127.109999,주변지역_추가본
강_52-43,가로등,,37.546689,127.109875,주변지역_추가본
강_52-44,가로등,,37.546657,127.109746,주변지역_추가본
강_52-45,가로등,,37.546431,127.109576,주변지역_추가본
강_52-46,가로등,,37.54625,127.109362,주변지역_추가본
강_52-47,가로등,,37.546483,127.109732,주변지역_추가본
강_52-48,가로등,,37.546282,127.109558,주변지역_추가본
강_52-49,가로등,,37.546083,127.109373,주변지역_추가본
강_52-50,가로등,,37.545898,127.109168,주변지역_추가본
강_52-51,가로등,,37.545695,127.108938,주변지역_추가본
강_52-52,가로등,,37.545494,127.108713,주변지역_추가본
강_52-53,가로등,,37.545266,127.108457,주변지역_추가본
강_52-54,가로등,,37.545446,127.108584,주변지역_추가본
강_52-55,가로등,,37.545705,127.108719,주변지역_추가본
강_52-56,가로등,,37.546,127.108635,주변지역_추가본
강_52-57,가로등,,37.545169,127.108241,주변지역_추가본
강_52-58,가로등,,37.544982,127.108065,주변지역_추가본
강_52-59,가로등,,37.544804,127.107885,주변지역_추가본
강_52-60,가로등,,37.544617,127.107706,주변지역_추가본
강_52-61,가로등,,37.544433,127.10752,주변지역_추가본
강_52-62,가로등,,37.546115,127.108691,주변지역_추가본
강_52-63,가로등,,37.546205,127.108964,주변지역_추가본
강_53-01,가로등,,37.557369,127.114134,주변지역_추가본
강_53-02,가로등,,37.557624,127.114249,주변지역_추가본
강_53-03,가로등,,37.557879,127.114367,주변지역_추가본
강_53-04,가로등,,37.558116,127.114484,주변지역_추가본
강_53-05,가로등,,37.55835,127.114592,주변지역_추가본
강_53-06,가로등,,37.558585,127.114713,주변지역_추가본
강_53-07,가로등,,37.558837,127.114838,주변지역_추가본
강_53-08,가로등,,37.559082,127.11496,주변지역_추가본
강_53-09,가로등,,37.559326,127.115073,주변지역_추가본
강_53-10,가로등,,37.559562,127.115188,주변지역_추가본
강_53-60,가로등,,37.560301,127.115215,주변지역_추가본
강_53-61,가로등,,37.560049,127.115096,주변지역_추가본
강_53-62,가로등,,37.559823,127.114987,주변지역_추가본
강_53-63,가로등,,37.559588,127.11486,주변지역_추가본
강_53-64,가로등,,37.559335,127.114743,주변지역_추가본
강_53-65,가로등,,37.5591,127.114622,주변지역_추가본
강_53-66,가로등,,37.558861,127.11451,주변지역_추가본
강_53-67,가로등,,37.558611,127.114383,주변지역_추가본
강_53-68,가로등,,37.558378,127.114264,주변지역_추가본
강_53-69,가로등,,37.558149,127.114153,주변지역_추가본
강_53-70,가로등,,37.557905,127.114038,주변지역_추가본
강_53-71,가로등,,37.557668,127.113925,주변지역_추가본
강_53-72,가로등,,37.557393,127.113814,주변지역_추가본
동_10-09,가로등,,37.573557,127.077298,주변지역_추가본
동_10-10,가로등,,37.572878,127.077351,주변지역_추가본
동_10-11,가로등,,37.572203,127.077345,주변지역_추가본
동_10-21,가로등,,37.573151,127.077508,주변지역_추가본
동_10-22,가로등,,37.572458,127.077521,주변지역_추가본
동_10-23,가로등,,37.571726,127.077438,주변지역_추가본
동_11-01,가로등,,37.571347,127.077188,주변지역_추가본
동_11-02,가로등,,37.570716,127.076957,주변지역_추가본
동_11-03,가로등,,37.570093,127.07665,주변지역_추가본
동_11-04,가로등,,37.569476,127.076321,주변지역_추가본
동_11-05,가로등,,37.568836,127.075952,주변지역_추가본
동_11-06,가로등,,37.568208,127.075596,주변지역_추가본
동_11-07,가로등,,37.567515,127.075213,주변지역_추가본
동_11-08,가로등,,37.566919,127.074876,주변지역_추가본
동_11-09,가로등,,37.566294,127.07449,주변지역_추가본
동_11-10,가로등,,37.565684,127.074084,주변지역_추가본
동_11-11,가로등,,37.565431,127.073933,주변지역_추가본
동_11-12,가로등,,37.565189,127.073771,주변지역_추가본
동_11-13,가로등,,37.564936,127.073608,주변지역_추가본
동_11-14,가로등,,37.564687,127.073452,주변지역_추가본
동_11-15,가로등,,37.564445,127.073296,주변지역_추가본
동_11-16,가로등,,37.564211,127.073155,주변지역_추가본
동_11-17,가로등,,37.563966,127.073009,주변지역_추가본
동_11-18,가로등,,37.563734,127.072875,주변지역_추가본
동_11-19,가로등,,37.563507,127.072745,주변지역_추가본
동_11-20,가로등,,37.563271,127.072615,주변지역_추가본
동_11-21,가로등,,37.563029,127.072477,주변지역_추가본
동_11-22,가로등,,37.562787,127.072344,주변지역_추가본
동_11-23,가로등,,37.564967,127.073788,주변지역_추가본
동_11-24,가로등,,37.564281,127.073392,주변지역_추가본
동_11-25,가로등,,37.563709,127.073081,주변지역_추가본
동_11-26,가로등,,37.563021,127.072685,주변지역_추가본
동_11-27,가로등,,37.570939,127.077213,주변지역_추가본
동_11-28,가로등,,37.570346,127.076945,주변지역_추가본
동_11-29,가로등,,37.569734,127.076627,주변지역_추가본
동_11-30,가로등,,37.569101,127.076255,주변지역_추가본
동_11-31,가로등,,37.56846,127.075902,주변지역_추가본
동_11-32,가로등,,37.567867,127.075579,주변지역_추가본
동_11-33,가로등,,37.567223,127.075212,주변지역_추가본
동_11-34,가로등,,37.566613,127.074862,주변지역_추가본
동_11-35,가로등,,37.565993,127.074525,주변지역_추가본
동_11-36,가로등,,37.565294,127.07413,주변지역_추가본
동_11-37,가로등,,37.56456,127.073745,주변지역_추가본
동_11-38,가로등,,37.563919,127.073371,주변지역_추가본
동_11-39,가로등,,37.563316,127.073033,주변지역_추가본
동_11-40,가로등,,37.562715,127.072697,주변지역_추가본
동_11-41,가로등,,37.564019,127.073134,주변지역_추가본
동_11-42,가로등,,37.564153,127.073308,주변지역_추가본
동_11-43,가로등,,37.564248,127.073506,주변지역_추가본
동_11-44,가로등,,37.564323,127.073721,주변지역_추가본
동_11-45,가로등,,37.56436,127.073962,주변지역_추가본
동_11-46,가로등,,37.564358,127.074196,주변지역_추가본
동_11-47,가로등,,37.564328,127.074429,주변지역_추가본
동_12-01,가로등,,37.562597,127.072211,주변지역_추가본
동_12-02,가로등,,37.562357,127.072077,주변지역_추가본
동_12-03,가로등,,37.56212,127.071935,주변지역_추가본
동_12-04,가로등,,37.561887,127.071793,주변지역_추가본
동_12-05,가로등,,37.561692,127.071672,주변지역_추가본
동_12-06,가로등,,37.561466,127.071552,주변지역_추가본
동_12-07,가로등,,37.561258,127.071441,주변지역_추가본
동_12-08,가로등,,37.561031,127.071281,주변지역_추가본
동_12-09,가로등,,37.560834,127.071148,주변지역_추가본
동_12-10,가로등,,37.560341,127.070521,주변지역_추가본
동_12-11,가로등,,37.560168,127.070609,주변지역_추가본
동_12-12,가로등,,37.559945,127.070463,주변지역_추가본
동_12-13,가로등,,37.559775,127.070267,주변지역_추가본
동_12-14,가로등,,37.559542,127.070009,주변지역_추가본
동_12-15,가로등,,37.559316,127.069765,주변지역_추가본
동_12-16,가로등,,37.559117,127.069554,주변지역_추가본
동_12-17,가로등,,37.558953,127.069374,주변지역_추가본
동_12-18,가로등,,37.558725,127.06914,주변지역_추가본
동_12-19,가로등,,37.558507,127.068907,주변지역_추가본
동_12-20,가로등,,37.558295,127.0687,주변지역_추가본
동_12-21,가로등,,37.558105,127.06846,주변지역_추가본
동_12-22,가로등,,37.557893,127.06824,주변지역_추가본
동_12-23,가로등,,37.55768,127.068027,주변지역_추가본
동_12-24,가로등,,37.557453,127.067867,주변지역_추가본
동_12-25,가로등,,37.557192,127.067675,주변지역_추가본
동_12-26,가로등,,37.556937,127.067511,주변지역_추가본
동_12-27,가로등,,37.556679,127.067333,주변지역_추가본
동_12-28,가로등,,37.556386,127.067128,주변지역_추가본
동_12-29,가로등,,37.561645,127.071761,주변지역_추가본
동_12-30,가로등,,37.561447,127.071663,주변지역_추가본
동_12-31,가로등,,37.561242,127.071557,주변지역_추가본
동_12-32,가로등,,37.561012,127.071441,주변지역_추가본
동_12-33,가로등,,37.560754,127.071316,주변지역_추가본
동_12-34,가로등,,37.560542,127.071209,주변지역_추가본
동_12-35,가로등,,37.560351,127.071098,주변지역_추가본
동_12-36,가로등,,37.560122,127.070903,주변지역_추가본
동_12-37,가로등,,37.559959,127.070734,주변지역_추가본
동_12-38,가로등,,37.559775,127.070525,주변지역_추가본
동_12-39,가로등,,37.559599,127.070294,주변지역_추가본
동_12-40,가로등,,37.559415,127.070031,주변지역_추가본
동_12-41,가로등,,37.562356,127.072306,주변지역_추가본
동_12-42,가로등,,37.561683,127.071932,주변지역_추가본
동_12-43,가로등,,37.56102,127.071559,주변지역_추가본
동_12-44,가로등,,37.560126,127.070985,주변지역_추가본
동_12-45,가로등,,37.559712,127.070645,주변지역_추가본
동_12-46,가로등,,37.55932,127.070191,주변지역_추가본
동_12-47,가로등,,37.558989,127.069816,주변지역_추가본
동_12-48,가로등,,37.558329,127.069072,주변지역_추가본
동_12-49,가로등,,37.557549,127.068219,주변지역_추가본
동_12-50,가로등,,37.556832,127.067594,주변지역_추가본
동_12-51,가로등,,37.561996,127.072308,주변지역_추가본
동_12-52,가로등,,37.561344,127.071928,주변지역_추가본
동_12-53,가로등,,37.56062,127.071537,주변지역_추가본
동_12-54,가로등,,37.560437,127.071397,주변지역_추가본
동_12-55,가로등,,37.560294,127.071297,주변지역_추가본
동_12-56,가로등,,37.559976,127.071057,주변지역_추가본
동_12-57,가로등,,37.559523,127.070657,주변지역_추가본
동_12-58,가로등,,37.559109,127.070177,주변지역_추가본
동_12-59,가로등,,37.558618,127.0696,주변지역_추가본
동_12-60,가로등,,37.557883,127.068777,주변지역_추가본
동_12-61,가로등,,37.557121,127.068022,주변지역_추가본
동_12-62,가로등,,37.556555,127.067541,주변지역_추가본
동_12-63,가로등,,37.557708,127.068302,주변지역_추가본
동_12-64,가로등,,37.557512,127.068297,주변지역_추가본
동_12-65,가로등,,37.557344,127.068311,주변지역_추가본
동_12-66,가로등,,37.557184,127.068373,주변지역_추가본
동_12-67,가로등,,37.557022,127.068448,주변지역_추가본
동_12-68,가로등,,37.556877,127.068572,주변지역_추가본
동_12-70,가로등,,37.559172,127.07004,주변지역_추가본
동_17-01,가로등,,37.549618,127.063353,주변지역_추가본
동_17-02,가로등,,37.549366,127.062507,주변지역_추가본
동_17-03,가로등,,37.549281,127.061598,주변지역_추가본
동_17-04,가로등,,37.549391,127.060583,주변지역_추가본
동_17-05,가로등,,37.549631,127.059643,주변지역_추가본
동_17-06,가로등,,37.549886,127.058743,주변지역_추가본
동_17-07,가로등,,37.550146,127.057849,주변지역_추가본
동_17-08,가로등,,37.550399,127.056973,주변지역_추가본
동_17-13,가로등,,37.549709,127.063856,주변지역_추가본
동_17-14,가로등,,37.549349,127.062984,주변지역_추가본
동_17-15,가로등,,37.549183,127.062091,주변지역_추가본
동_17-16,가로등,,37.549191,127.061055,주변지역_추가본
동_17-17,가로등,,37.549389,127.060041,주변지역_추가본
동_17-18,가로등,,37.549648,127.059131,주변지역_추가본
동_17-19,가로등,,37.549895,127.058275,주변지역_추가본
동_17-20,가로등,,37.550151,127.057344,주변지역_추가본
동_17-21,가로등,,37.550402,127.056511,주변지역_추가본
동_18-06,가로등,,37.550217,127.056587,주변지역_추가본
동_18-07,가로등,,37.549981,127.057411,주변지역_추가본
동_18-08,가로등,,37.549749,127.058202,주변지역_추가본
동_18-09,가로등,,37.549501,127.059052,주변지역_추가본
동_18-10,가로등,,37.549242,127.059987,주변지역_추가본
동_18-11,가로등,,37.549036,127.060946,주변지역_추가본
동_18-12,가로등,,37.548999,127.062009,주변지역_추가본
동_18-13,가로등,,37.549161,127.062955,주변지역_추가본
동_18-14,가로등,,37.54951,127.063844,주변지역_추가본
동_18-20,가로등,,37.550247,127.056937,주변지역_추가본
동_18-21,가로등,,37.549995,127.057825,주변지역_추가본
동_18-22,가로등,,37.549754,127.058645,주변지역_추가본
동_18-23,가로등,,37.549489,127.059524,주변지역_추가본
동_18-24,가로등,,37.549247,127.06048,주변지역_추가본
동_18-25,가로등,,37.549119,127.061513,주변지역_추가본
동_18-26,가로등,,37.549194,127.062522,주변지역_추가본
동_18-27,가로등,,37.54943,127.063371,주변지역_추가본
동_18-28,가로등,,37.549792,127.064101,주변지역_추가본
동_19-01,가로등,,37.556009,127.066865,주변지역_추가본
동_19-02,가로등,,37.555287,127.066429,주변지역_추가본
동_19-03,가로등,,37.55457,127.066301,주변지역_추가본
동_19-04,가로등,,37.553886,127.066338,주변지역_추가본
동_19-05,가로등,,37.553143,127.066342,주변지역_추가본
동_19-06,가로등,,37.552422,127.066116,주변지역_추가본
동_19-07,가로등,,37.551817,127.065677,주변지역_추가본
동_19-08,가로등,,37.551183,127.065225,주변지역_추가본
동_19-09,가로등,,37.550559,127.064712,주변지역_추가본
동_19-10,가로등,,37.550047,127.064151,주변지역_추가본
동_19-11,가로등,,37.556203,127.067248,주변지역_추가본
동_19-12,가로등,,37.555628,127.0668,주변지역_추가본
동_19-13,가로등,,37.554988,127.066543,주변지역_추가본
동_19-14,가로등,,37.554328,127.066453,주변지역_추가본
동_19-15,가로등,,37.553673,127.066506,주변지역_추가본
동_19-16,가로등,,37.552947,127.066487,주변지역_추가본
동_19-17,가로등,,37.552286,127.066179,주변지역_추가본
동_19-18,가로등,,37.551649,127.06574,주변지역_추가본
동_19-19,가로등,,37.551064,127.065299,주변지역_추가본
동_19-20,가로등,,37.550461,127.064827,주변지역_추가본
동_20-01,가로등,,37.549998,127.064624,주변지역_추가본
동_20-02,가로등,,37.550595,127.065225,주변지역_추가본
동_20-03,가로등,,37.551246,127.065762,주변지역_추가본
동_20-04,가로등,,37.55191,127.066232,주변지역_추가본
동_20-05,가로등,,37.552572,127.066739,주변지역_추가본
동_20-06,가로등,,37.553286,127.067283,주변지역_추가본
동_20-07,가로등,,37.553947,127.067767,주변지역_추가본
동_20-08,가로등,,37.554574,127.068261,주변지역_추가본
동_20-09,가로등,,37.555148,127.068774,주변지역_추가본
동_20-10,가로등,,37.555369,127.069002,주변지역_추가본
동_20-11,가로등,,37.555574,127.069217,주변지역_추가본
동_20-12,가로등,,37.55554,127.069048,주변지역_추가본
동_20-13,가로등,,37.55597,127.069452,주변지역_추가본
동_20-14,가로등,,37.550419,127.064885,주변지역_추가본
동_20-15,가로등,,37.550996,127.065395,주변지역_추가본
동_20-16,가로등,,37.551675,127.065905,주변지역_추가본
동_20-17,가로등,,37.55239,127.066432,주변지역_추가본
동_20-18,가로등,,37.552994,127.066872,주변지역_추가본
동_20-19,가로등,,37.553697,127.067389,주변지역_추가본
동_20-20,가로등,,37.554353,127.067883,주변지역_추가본
동_20-21,가로등,,37.554872,127.068296,주변지역_추가본
동_20-22,가로등,,37.555361,127.068701,주변지역_추가본
동_21-01,가로등,,37.555784,127.069398,주변지역_추가본
동_21-02,가로등,,37.555993,127.069579,주변지역_추가본
동_21-03,가로등,,37.55622,127.069769,주변지역_추가본
동_21-04,가로등,,37.556432,127.069985,주변지역_추가본
동_21-05,가로등,,37.556627,127.070252,주변지역_추가본
동_21-06,가로등,,37.556846,127.070489,주변지역_추가본
동_21-07,가로등,,37.557069,127.070714,주변지역_추가본
동_21-08,가로등,,37.557293,127.070931,주변지역_추가본
동_21-09,가로등,,37.557512,127.071153,주변지역_추가본
동_21-10,가로등,,37.557719,127.071352,주변지역_추가본
동_21-11,가로등,,37.557929,127.071544,주변지역_추가본
동_21-12,가로등,,37.558216,127.071826,주변지역_추가본
동_21-13,가로등,,37.558506,127.072101,주변지역_추가본
동_21-14,가로등,,37.558803,127.072386,주변지역_추가본
동_21-15,가로등,,37.559091,127.072656,주변지역_추가본
동_21-16,가로등,,37.559351,127.072905,주변지역_추가본
동_21-17,가로등,,37.558876,127.07232,주변지역_추가본
동_21-18,가로등,,37.559012,127.072433,주변지역_추가본
동_21-19,가로등,,37.559147,127.07254,주변지역_추가본
동_21-20,가로등,,37.559274,127.072656,주변지역_추가본
동_21-21,가로등,,37.559419,127.072761,주변지역_추가본
동_21-22,가로등,,37.559548,127.07287,주변지역_추가본
동_21-23,가로등,,37.559658,127.072965,주변지역_추가본
동_21-24,가로등,,37.55978,127.073053,주변지역_추가본
동_21-25,가로등,,37.5599,127.073158,주변지역_추가본
동_21-26,가로등,,37.560148,127.073353,주변지역_추가본
동_21-27,가로등,,37.560384,127.073549,주변지역_추가본
동_21-28,가로등,,37.560631,127.073745,주변지역_추가본
동_21-29,가로등,,37.560871,127.073943,주변지역_추가본
동_21-30,가로등,,37.55681,127.070258,주변지역_추가본
동_21-31,가로등,,37.557269,127.070696,주변지역_추가본
동_21-32,가로등,,37.557778,127.071167,주변지역_추가본
동_21-33,가로등,,37.558364,127.071705,주변지역_추가본
동_21-34,가로등,,37.55895,127.072186,주변지역_추가본
동_21-35,가로등,,37.559528,127.072653,주변지역_추가본
동_21-36,가로등,,37.559712,127.072804,주변지역_추가본
동_21-37,가로등,,37.559825,127.072884,주변지역_추가본
동_21-38,가로등,,37.560195,127.073169,주변지역_추가본
동_21-39,가로등,,37.560881,127.073671,주변지역_추가본
동_21-40,가로등,,37.55586,127.069158,주변지역_추가본
동_21-41,가로등,,37.556381,127.06967,주변지역_추가본
동_21-42,가로등,,37.556945,127.070171,주변지역_추가본
동_21-43,가로등,,37.557541,127.070758,주변지역_추가본
동_21-44,가로등,,37.558154,127.071337,주변지역_추가본
동_21-45,가로등,,37.55881,127.071871,주변지역_추가본
동_21-46,가로등,,37.559427,127.072387,주변지역_추가본
동_21-47,가로등,,37.559725,127.072631,주변지역_추가본
동_21-48,가로등,,37.559905,127.072738,주변지역_추가본
동_21-49,가로등,,37.560089,127.072911,주변지역_추가본
동_21-50,가로등,,37.560683,127.073334,주변지역_추가본
동_21-51,가로등,,37.561329,127.073819,주변지역_추가본
동_21-52,가로등,,37.556544,127.069794,주변지역_추가본
동_21-53,가로등,,37.556529,127.069564,주변지역_추가본
동_21-54,가로등,,37.556538,127.069354,주변지역_추가본
동_21-55,가로등,,37.556581,127.069139,주변지역_추가본
동_21-56,가로등,,37.556645,127.068941,주변지역_추가본
동_21-57,가로등,,37.556741,127.068764,주변지역_추가본
동_22-01,가로등,,37.559937,127.073487,주변지역_추가본
동_22-02,가로등,,37.560165,127.07362,주변지역_추가본
동_22-03,가로등,,37.560381,127.073758,주변지역_추가본
동_22-04,가로등,,37.560609,127.073917,주변지역_추가본
동_22-05,가로등,,37.560835,127.074059,주변지역_추가본
동_22-06,가로등,,37.561063,127.074194,주변지역_추가본
동_22-07,가로등,,37.56129,127.074329,주변지역_추가본
동_22-08,가로등,,37.561517,127.074463,주변지역_추가본
동_22-09,가로등,,37.561764,127.074608,주변지역_추가본
동_22-10,가로등,,37.562,127.074733,주변지역_추가본
동_22-11,가로등,,37.562213,127.074855,주변지역_추가본
동_22-12,가로등,,37.562466,127.075,주변지역_추가본
동_22-13,가로등,,37.562697,127.075122,주변지역_추가본
동_22-14,가로등,,37.56292,127.075248,주변지역_추가본
동_22-15,가로등,,37.563151,127.075382,주변지역_추가본
동_22-16,가로등,,37.563381,127.075499,주변지역_추가본
동_22-17,가로등,,37.563617,127.075611,주변지역_추가본
동_22-18,가로등,,37.563851,127.075709,주변지역_추가본
동_22-19,가로등,,37.564093,127.075797,주변지역_추가본
동_22-20,가로등,,37.564325,127.075893,주변지역_추가본
동_22-21,가로등,,37.564573,127.076012,주변지역_추가본
동_22-22,가로등,,37.565216,127.076349,주변지역_추가본
동_22-23,가로등,,37.565839,127.076681,주변지역_추가본
동_22-24,가로등,,37.566407,127.076967,주변지역_추가본
동_22-25,가로등,,37.567079,127.077349,주변지역_추가본
동_22-26,가로등,,37.567736,127.07771,주변지역_추가본
동_22-27,가로등,,37.568376,127.078073,주변지역_추가본
동_22-28,가로등,,37.569052,127.078425,주변지역_추가본
동_22-29,가로등,,37.569777,127.078777,주변지역_추가본
동_22-30,가로등,,37.570484,127.079035,주변지역_추가본
동_22-31,가로등,,37.571219,127.079219,주변지역_추가본
동_22-32,가로등,,37.561604,127.074167,주변지역_추가본
동_22-33,가로등,,37.562328,127.074643,주변지역_추가본
동_22-34,가로등,,37.563008,127.075053,주변지역_추가본
동_22-35,가로등,,37.563714,127.075463,주변지역_추가본
동_22-36,가로등,,37.56448,127.07588,주변지역_추가본
동_22-37,가로등,,37.562104,127.074321,주변지역_추가본
동_22-38,가로등,,37.562757,127.07473,주변지역_추가본
동_22-39,가로등,,37.563376,127.07509,주변지역_추가본
동_22-40,가로등,,37.56397,127.075433,주변지역_추가본
동_22-41,가로등,,37.564525,127.075755,주변지역_추가본
동_22-42,가로등,,37.565152,127.076092,주변지역_추가본
동_22-43,가로등,,37.565727,127.076412,주변지역_추가본
동_22-44,가로등,,37.566288,127.076724,주변지역_추가본
동_22-45,가로등,,37.566878,127.077066,주변지역_추가본
동_22-46,가로등,,37.56752,127.077418,주변지역_추가본
동_22-47,가로등,,37.568184,127.077792,주변지역_추가본
동_22-48,가로등,,37.568813,127.078157,주변지역_추가본
동_22-49,가로등,,37.569505,127.07849,주변지역_추가본
동_22-50,가로등,,37.5702,127.078776,주변지역_추가본
동_22-51,가로등,,37.570885,127.078981,주변지역_추가본
동_22-52,가로등,,37.571565,127.079131,주변지역_추가본
동_22-53,가로등,,37.563668,127.075262,주변지역_추가본
동_22-54,가로등,,37.563821,127.075183,주변지역_추가본
동_22-55,가로등,,37.563951,127.075075,주변지역_추가본
동_22-56,가로등,,37.564078,127.074945,주변지역_추가본
동_22-57,가로등,,37.564191,127.07478,주변지역_추가본
동_22-58,가로등,,37.564269,127.074613,주변지역_추가본
동_22-59,가로등,,37.566672,127.07713,주변지역_추가본
동_23-01,가로등,,37.571969,127.079354,주변지역_추가본
동_23-02,가로등,,37.572643,127.079396,주변지역_추가본
동_23-03,가로등,,37.573303,127.079392,주변지역_추가본
동_23-14,가로등,,37.572328,127.079212,주변지역_추가본
동_23-15,가로등,,37.573022,127.079231,주변지역_추가본
동_23-16,가로등,,37.573706,127.079198,주변지역_추가본
아차산01-01,가로등,,37.549445,127.110724,주변지역_추가본
아차산01-02,가로등,,37.549161,127.110653,주변지역_추가본
올_52-28,가로등,,37.525467,127.056706,주변지역_추가본
올_52-29,가로등,,37.525733,127.056412,주변지역_추가본
올_53-07,가로등,,37.52494,127.056455,주변지역_추가본
올_53-08,가로등,,37.524772,127.056766,주변지역_추가본
올_53-09,가로등,,37.524595,127.057097,주변지역_추가본
올_53-10,가로등,,37.524403,127.05743,주변지역_추가본
올_53-11,가로등,,37.524212,127.05777,주변지역_추가본
올_53-12,가로등,,37.52402,127.058105,주변지역_추가본
올_53-13,가로등,,37.523833,127.058463,주변지역_추가본
올_53-14,가로등,,37.523643,127.058802,주변지역_추가본
올_53-15,가로등,,37.523463,127.059134,주변지역_추가본
올_53-16,가로등,,37.523276,127.059462,주변지역_추가본
올_53-17,가로등,,37.523092,127.059812,주변지역_추가본
올_53-18,가로등,,37.522901,127.060167,주변지역_추가본
올_53-19,가로등,,37.522719,127.060492,주변지역_추가본
올_53-20,가로등,,37.522518,127.060771,주변지역_추가본
올_54A-24,가로등,,37.522716,127.061262,주변지역_추가본
올_54A-25,가로등,,37.522956,127.060848,주변지역_추가본
올_54A-26,가로등,,37.523187,127.060468,주변지역_추가본
올_54A-27,가로등,,37.523396,127.060093,주변지역_추가본
올_54A-28,가로등,,37.523626,127.059711,주변지역_추가본
올_54A-29,가로등,,37.523837,127.059351,주변지역_추가본
올_54A-30,가로등,,37.524044,127.058984,주변지역_추가본
올_54A-31,가로등,,37.52427,127.058617,주변지역_추가본
올_54A-32,가로등,,37.524472,127.058254,주변지역_추가본
올_54A-33,가로등,,37.524673,127.057904,주변지역_추가본
올_54A-34,가로등,,37.524897,127.057575,주변지역_추가본
올_54A-46,가로등,,37.522715,127.060918,주변지역_추가본
올_54A-47,가로등,,37.523807,127.059061,주변지역_추가본
올_54A-48,가로등,,37.524054,127.058632,주변지역_추가본
올_54A-49,가로등,,37.524444,127.057977,주변지역_추가본
올_54A-50,가로등,,37.524734,127.05749,주변지역_추가본
올_54A-51,가로등,,37.524948,127.057118,주변지역_추가본
올_54A-52,가로등,,37.525159,127.056825,주변지역_추가본
올_54A-53,가로등,,37.52539,127.056546,주변지역_추가본
올_54A-54,가로등,,37.525621,127.056301,주변지역_추가본
올_54A-62,가로등,,37.52542,127.056263,주변지역_추가본
올_54A-63,가로등,,37.525211,127.056556,주변지역_추가본
올_54A-64,가로등,,37.525,127.056845,주변지역_추가본
올_54A-65,가로등,,37.524735,127.057257,주변지역_추가본
올_54A-66,가로등,,37.524534,127.057579,주변지역_추가본
올_54A-67,가로등,,37.524362,127.057887,주변지역_추가본
올_54A-68,가로등,,37.52419,127.058194,주변지역_추가본
올_54A-69,가로등,,37.524018,127.058502,주변지역_추가본
올_54A-70,가로등,,37.523845,127.058819,주변지역_추가본
올_54A-71,가로등,,37.523678,127.059121,주변지역_추가본
올_54A-72,가로등,,37.523531,127.059389,주변지역_추가본
올_54A-73,가로등,,37.523401,127.059653,주변지역_추가본
올_54A-74,가로등,,37.523268,127.059891,주변지역_추가본
올_54A-75,가로등,,37.523135,127.060148,주변지역_추가본
올_54A-76,가로등,,37.522992,127.060393,주변지역_추가본
올_54A-77,가로등,,37.52286,127.060625,주변지역_추가본
올_54A-78,가로등,,37.522605,127.060966,주변지역_추가본
올_61-32,가로등,,37.523446,127.101949,주변지역_추가본
올_61-33,가로등,,37.523256,127.101626,주변지역_추가본
올_61-34,가로등,,37.523039,127.10128,주변지역_추가본
올_61-35,가로등,,37.52283,127.100936,주변지역_추가본
올_61-36,가로등,,37.522628,127.100578,주변지역_추가본
올_63-01,가로등,,37.523469,127.101679,주변지역_추가본
올_63-02,가로등,,37.523238,127.101289,주변지역_추가본
올_63-03,가로등,,37.523008,127.10088,주변지역_추가본
올_63-04,가로등,,37.522775,127.100432,주변지역_추가본
올_63-05,가로등,,37.522588,127.100223,주변지역_추가본
올_64-03,가로등,,37.522535,127.101287,주변지역_추가본
올_64-04,가로등,,37.522757,127.101594,주변지역_추가본
올_64-05,가로등,,37.522943,127.101902,주변지역_추가본
올_64-06,가로등,,37.523144,127.102229,주변지역_추가본
올_64-07,가로등,,37.523359,127.102578,주변지역_추가본
올_64-08,가로등,,37.523634,127.102973,주변지역_추가본
올_64-09,가로등,,37.523952,127.103354,주변지역_추가본
올_64-10,가로등,,37.524289,127.103762,주변지역_추가본
올_64-11,가로등,,37.524614,127.104145,주변지역_추가본
올_64-12,가로등,,37.524943,127.104526,주변지역_추가본
올_64-13,가로등,,37.525275,127.104906,주변지역_추가본
올_64-14,가로등,,37.525589,127.105285,주변지역_추가본
올_64-15,가로등,,37.525883,127.105643,주변지역_추가본
올_64-16,가로등,,37.526189,127.105969,주변지역_추가본
올_64-17,가로등,,37.526475,127.106281,주변지역_추가본
올_64-19,가로등,,37.522567,127.100985,주변지역_추가본
올_64-20,가로등,,37.522763,127.10132,주변지역_추가본
올_64-21,가로등,,37.522971,127.101664,주변지역_추가본
올_64-22,가로등,,37.523177,127.101992,주변지역_추가본
올_64-23,가로등,,37.5234,127.102358,주변지역_추가본
올_64-24,가로등,,37.523625,127.102712,주변지역_추가본
올_64-25,가로등,,37.523893,127.103059,주변지역_추가본
올_64-26,가로등,,37.524216,127.103433,주변지역_추가본
올_64-27,가로등,,37.524549,127.103828,주변지역_추가본
올_64-28,가로등,,37.524866,127.104206,주변지역_추가본
올_64-29,가로등,,37.52518,127.104574,주변지역_추가본
올_64-30,가로등,,37.525512,127.104967,주변지역_추가본
올_64-31,가로등,,37.525842,127.105337,주변지역_추가본
올_64-32,가로등,,37.526144,127.105691,주변지역_추가본
올_64-33,가로등,,37.526439,127.106021,주변지역_추가본
올_64-34,가로등,,37.526727,127.106331,주변지역_추가본
올_64-35,가로등,,37.527019,127.106636,주변지역_추가본
올_64-36,가로등,,37.527299,127.106919,주변지역_추가본
올_64-37,가로등,,37.527578,127.107209,주변지역_추가본
올_64-38,가로등,,37.527869,127.107494,주변지역_추가본
올_64-39,가로등,,37.528189,127.107805,주변지역_추가본
올_64-40,가로등,,37.528505,127.1081,주변지역_추가본
올_64-41,가로등,,37.528801,127.108394,주변지역_추가본
올_64-42,가로등,,37.529085,127.108664,주변지역_추가본
올_64-43,가로등,,37.526412,127.105705,주변지역_추가본
올_64-44,가로등,,37.526144,127.105419,주변지역_추가본
올_64-45,가로등,,37.525863,127.105098,주변지역_추가본
올_64-46,가로등,,37.525591,127.10477,주변지역_추가본
올_64-47,가로등,,37.525319,127.104446,주변지역_추가본
올_64-48,가로등,,37.525047,127.10412,주변지역_추가본
올_64-49,가로등,,37.524788,127.103803,주변지역_추가본
올_64-50,가로등,,37.52453,127.103473,주변지역_추가본
올_64-51,가로등,,37.524273,127.103143,주변지역_추가본
올_64-52,가로등,,37.524028,127.102809,주변지역_추가본
올_64-53,가로등,,37.523785,127.102464,주변지역_추가본
올_64-54,가로등,,37.523551,127.102105,주변지역_추가본
올_64-55,가로등,,37.528132,127.107163,주변지역_추가본
올_64-56,가로등,,37.527797,127.106854,주변지역_추가본
올_64-57,가로등,,37.527475,127.106534,주변지역_추가본
올_64-58,가로등,,37.527146,127.10619,주변지역_추가본
올_64-59,가로등,,37.526833,127.105867,주변지역_추가본
올_64-60,가로등,,37.526524,127.105546,주변지역_추가본
올_64-61,가로등,,37.526227,127.105185,주변지역_추가본
올_64-62,가로등,,37.525958,127.104908,주변지역_추가본
올_64-63,가로등,,37.525707,127.104595,주변지역_추가본
올_64-64,가로등,,37.52544,127.104284,주변지역_추가본
올_64-65,가로등,,37.525175,127.103974,주변지역_추가본
올_64-66,가로등,,37.524887,127.103668,주변지역_추가본
올_64-67,가로등,,37.524622,127.103329,주변지역_추가본
올_64-68,가로등,,37.524345,127.102966,주변지역_추가본
올_64-69,가로등,,37.524078,127.102586,주변지역_추가본
올_64-70,가로등,,37.523812,127.102212,주변지역_추가본
올_65A-01,가로등,,37.53664,127.112469,주변지역_추가본
올_65A-02,가로등,,37.536341,127.11211,주변지역_추가본
올_65A-03,가로등,,37.536005,127.11173,주변지역_추가본
올_65A-04,가로등,,37.535677,127.111349,주변지역_추가본
올_65A-05,가로등,,37.535279,127.110975,주변지역_추가본
올_65A-06,가로등,,37.534903,127.11064,주변지역_추가본
올_65A-07,가로등,,37.534519,127.110352,주변지역_추가본
올_65A-08,가로등,,37.534112,127.110091,주변지역_추가본
올_65A-09,가로등,,37.533654,127.109833,주변지역_추가본
올_65A-10,가로등,,37.533218,127.109625,주변지역_추가본
올_65A-11,가로등,,37.532697,127.109482,주변지역_추가본
올_65A-12,가로등,,37.532408,127.109409,주변지역_추가본
올_65A-13,가로등,,37.532139,127.109333,주변지역_추가본
올_65A-14,가로등,,37.531854,127.109253,주변지역_추가본
올_65A-15,가로등,,37.531568,127.109168,주변지역_추가본
올_65A-16,가로등,,37.531298,127.109099,주변지역_추가본
올_65A-17,가로등,,37.531047,127.109043,주변지역_추가본
올_65A-18,가로등,,37.530806,127.108986,주변지역_추가본
올_65A-19,가로등,,37.530421,127.108728,주변지역_추가본
올_65A-20,가로등,,37.53004,127.108574,주변지역_추가본
올_65A-21,가로등,,37.529684,127.108408,주변지역_추가본
올_65A-22,가로등,,37.529331,127.108206,주변지역_추가본
올_65A-23,가로등,,37.529017,127.107995,주변지역_추가본
올_65A-24,가로등,,37.528677,127.107738,주변지역_추가본
올_65A-25,가로등,,37.528364,127.10748,주변지역_추가본
올_65A-26,가로등,,37.531552,127.109501,주변지역_추가본
올_65A-27,가로등,,37.531231,127.109397,주변지역_추가본
올_65A-28,가로등,,37.530885,127.10929,주변지역_추가본
올_65A-29,가로등,,37.53051,127.109171,주변지역_추가본
올_65A-30,가로등,,37.530163,127.109066,주변지역_추가본
올_65A-31,가로등,,37.529823,127.108773,주변지역_추가본
올_65A-32,가로등,,37.529457,127.108557,주변지역_추가본
올_65A-33,가로등,,37.529129,127.108336,주변지역_추가본
올_65A-34,가로등,,37.528857,127.108126,주변지역_추가본
올_65A-35,가로등,,37.528533,127.107865,주변지역_추가본
올_65A-36,가로등,,37.528268,127.107598,주변지역_추가본
올_65A-37,가로등,,37.527954,127.107291,주변지역_추가본
올_65A-38,가로등,,37.527671,127.106991,주변지역_추가본
올_65A-39,가로등,,37.527359,127.106682,주변지역_추가본
올_65A-40,가로등,,37.52712,127.106434,주변지역_추가본
올_65A-41,가로등,,37.526843,127.106155,주변지역_추가본
올_65A-42,가로등,,37.529515,127.109114,주변지역_추가본
올_65A-43,가로등,,37.529846,127.109435,주변지역_추가본
올_65A-44,가로등,,37.529719,127.108896,주변지역_추가본
올_65A-45,가로등,,37.529675,127.10912,주변지역_추가본
올_65A-46,가로등,,37.530201,127.109668,주변지역_추가본
올_65A-47,가로등,,37.530521,127.109798,주변지역_추가본
올_65A-48,가로등,,37.530977,127.109797,주변지역_추가본
올_65A-49,가로등,,37.531321,127.109885,주변지역_추가본
올_65A-50,가로등,,37.531628,127.109957,주변지역_추가본
올_65A-51,가로등,,37.531947,127.109987,주변지역_추가본
올_66-01,가로등,,37.526757,127.106587,주변지역_추가본
올_66-02,가로등,,37.526959,127.106883,주변지역_추가본
올_66-03,가로등,,37.527173,127.107142,주변지역_추가본
올_66-04,가로등,,37.527398,127.107377,주변지역_추가본
올_66-05,가로등,,37.527646,127.107581,주변지역_추가본
올_66-06,가로등,,37.527893,127.107729,주변지역_추가본
올_66-07,가로등,,37.528097,127.107933,주변지역_추가본
올_66-08,가로등,,37.528319,127.108142,주변지역_추가본
올_66-09,가로등,,37.52815,127.108116,주변지역_추가본
올_66-10,가로등,,37.528189,127.108258,주변지역_추가본
올_66-11,가로등,,37.52822,127.108396,주변지역_추가본
올_66-12,가로등,,37.528253,127.108536,주변지역_추가본
올_66-13,가로등,,37.528278,127.108688,주변지역_추가본
올_66-14,가로등,,37.528298,127.108842,주변지역_추가본
올_66-15,가로등,,37.528299,127.109004,주변지역_추가본
올_66-16,가로등,,37.528298,127.109153,주변지역_추가본
올_66-17,가로등,,37.528278,127.109301,주변지역_추가본
올_66-18,가로등,,37.528248,127.109459,주변지역_추가본
올_66-19,가로등,,37.528217,127.1096,주변지역_추가본
올_66-20,가로등,,37.528819,127.109676,주변지역_추가본
올_66-21,가로등,,37.529084,127.109569,주변지역_추가본
올_66-22,가로등,,37.529354,127.109545,주변지역_추가본
올_66-23,가로등,,37.529645,127.109585,주변지역_추가본
올_66-24,가로등,,37.529882,127.109671,주변지역_추가본
올_66-25,가로등,,37.528547,127.108377,주변지역_추가본
올_66-26,가로등,,37.528756,127.108569,주변지역_추가본
올_66-27,가로등,,37.528936,127.108752,주변지역_추가본
올_66-28,가로등,,37.529133,127.108941,주변지역_추가본
올_66-29,가로등,,37.529312,127.109122,주변지역_추가본
올_66-30,가로등,,37.529529,127.109331,주변지역_추가본
올_67-01,가로등,,37.530055,127.109915,주변지역_추가본
올_67-02,가로등,,37.530427,127.110065,주변지역_추가본
올_67-03,가로등,,37.530815,127.110154,주변지역_추가본
올_67-04,가로등,,37.531186,127.110217,주변지역_추가본
올_67-05,가로등,,37.531588,127.11025,주변지역_추가본
올_67-06,가로등,,37.53201,127.110277,주변지역_추가본
올_67-07,가로등,,37.532456,127.110325,주변지역_추가본
올_67-08,가로등,,37.532897,127.110388,주변지역_추가본
올_67-09,가로등,,37.533351,127.110465,주변지역_추가본
올_67-10,가로등,,37.533778,127.110645,주변지역_추가본
올_67-11,가로등,,37.534197,127.11086,주변지역_추가본
올_67-12,가로등,,37.534594,127.111124,주변지역_추가본
올_67-13,가로등,,37.534969,127.111394,주변지역_추가본
올_67-14,가로등,,37.535301,127.111703,주변지역_추가본
올_67-15,가로등,,37.535616,127.112064,주변지역_추가본
올_67-16,가로등,,37.53592,127.112413,주변지역_추가본
올_67-17,가로등,,37.536223,127.112757,주변지역_추가본
올_67-18,가로등,,37.536507,127.113106,주변지역_추가본
올_67-19,가로등,,37.536798,127.113455,주변지역_추가본
올_67-20,가로등,,37.537075,127.113799,주변지역_추가본
올_67-21,가로등,,37.53732,127.114154,주변지역_추가본
올_67A-01,가로등,,37.532337,127.109874,주변지역_추가본
올_67A-02,가로등,,37.5323,127.110094,주변지역_추가본
올_67A-03,가로등,,37.532692,127.110151,주변지역_추가본
올_67A-04,가로등,,37.533139,127.110249,주변지역_추가본
올_67A-05,가로등,,37.533617,127.110404,주변지역_추가본
올_67A-06,가로등,,37.534057,127.110609,주변지역_추가본
올_67A-07,가로등,,37.534476,127.110855,주변지역_추가본
올_67A-08,가로등,,37.534867,127.111139,주변지역_추가본
올_67A-09,가로등,,37.535247,127.111456,주변지역_추가본
올_67A-10,가로등,,37.535565,127.111783,주변지역_추가본
올_67A-11,가로등,,37.535866,127.112127,주변지역_추가본
올_67A-12,가로등,,37.536164,127.112481,주변지역_추가본
올_67A-13,가로등,,37.536451,127.112822,주변지역_추가본
올_67A-14,가로등,,37.536738,127.113166,주변지역_추가본
올_67A-15,가로등,,37.537022,127.113497,주변지역_추가본
올_67A-16,가로등,,37.537293,127.113824,주변지역_추가본
올_67A-17,가로등,,37.536395,127.112449,주변지역_추가본
올_67A-18,가로등,,37.536121,127.112096,주변지역_추가본
올_67A-19,가로등,,37.535814,127.111743,주변지역_추가본
올_67A-20,가로등,,37.535505,127.111397,주변지역_추가본
올_67A-21,가로등,,37.535175,127.111083,주변지역_추가본
올_67A-22,가로등,,37.534833,127.110788,주변지역_추가본
올_67A-23,가로등,,37.53447,127.110516,주변지역_추가본
올_67A-24,가로등,,37.534103,127.110288,주변지역_추가본
올_67A-25,가로등,,37.533754,127.110101,주변지역_추가본
올_67A-26,가로등,,37.533402,127.109943,주변지역_추가본
올_67A-27,가로등,,37.533035,127.109814,주변지역_추가본
올_67A-28,가로등,,37.532662,127.109695,주변지역_추가본
올_67A-29,가로등,,37.532295,127.109595,주변지역_추가본
올_67A-30,가로등,,37.531915,127.109482,주변지역_추가본
올_68-01,가로등,,37.537605,127.114185,주변지역_추가본
올_68-02,가로등,,37.537883,127.114529,주변지역_추가본
올_68-03,가로등,,37.538158,127.114856,주변지역_추가본
올_68-04,가로등,,37.538445,127.115205,주변지역_추가본
올_68-28,가로등,,37.538638,127.115171,주변지역_추가본
올_68-29,가로등,,37.538341,127.114814,주변지역_추가본
올_68-30,가로등,,37.538072,127.114473,주변지역_추가본
올_68-31,가로등,,37.537812,127.114158,주변지역_추가본
올_68-32,가로등,,37.537558,127.113843,주변지역_추가본
올_68-33,가로등,,37.5373,127.113536,주변지역_추가본
올_68-34,가로등,,37.537073,127.113272,주변지역_추가본
올_68-35,가로등,,37.536876,127.113019,주변지역_추가본
올_68-36,가로등,,37.536674,127.112774,주변지역_추가본
올_68-51,가로등,,37.538841,127.115193,주변지역_추가본
올_68-52,가로등,,37.538539,127.114808,주변지역_추가본
올_68-53,가로등,,37.53825,127.114461,주변지역_추가본
올_68A-16,가로등,,37.539072,127.115115,주변지역_추가본
올_68A-17,가로등,,37.538826,127.114838,주변지역_추가본
올_68A-18,가로등,,37.538556,127.11457,주변지역_추가본
올_68A-19,가로등,,37.538274,127.1143,주변지역_추가본
올_68A-20,가로등,,37.537986,127.114006,주변지역_추가본
올_68A-21,가로등,,37.537684,127.113698,주변지역_추가본
올_68A-22,가로등,,37.537427,127.113392,주변지역_추가본
올_68A-23,가로등,,37.537179,127.113091,주변지역_추가본
올_68A-24,가로등,,37.536926,127.112786,주변지역_추가본
올_69-01,가로등,,37.537575,127.114554,주변지역_추가본
올_69-02,가로등,,37.537938,127.115073,주변지역_추가본
올_69-13,가로등,,37.537655,127.114481,주변지역_추가본
올_69-14,가로등,,37.538175,127.115107,주변지역_추가본
장_09-01,가로등,,37.529992,127.06578,주변지역_추가본
장_09-02,가로등,,37.529693,127.065687,주변지역_추가본
장_09-03,가로등,,37.529382,127.065568,주변지역_추가본
장_09-04,가로등,,37.529096,127.065438,주변지역_추가본
장_09-05,가로등,,37.528806,127.065301,주변지역_추가본
장_09-06,가로등,,37.528526,127.065175,주변지역_추가본
장_09-07,가로등,,37.528234,127.06504,주변지역_추가본
장_09-08,가로등,,37.527943,127.0649,주변지역_추가본
장_09-09,가로등,,37.527645,127.064762,주변지역_추가본
장_09-10,가로등,,37.527337,127.064625,주변지역_추가본
장_09-11,가로등,,37.527049,127.064489,주변지역_추가본
장_09-12,가로등,,37.526754,127.064354,주변지역_추가본
장_09-13,가로등,,37.526466,127.064224,주변지역_추가본
장_09-14,가로등,,37.526188,127.064095,주변지역_추가본
장_09-15,가로등,,37.525908,127.063973,주변지역_추가본
장_09-16,가로등,,37.525637,127.06384,주변지역_추가본
장_09-17,가로등,,37.52534,127.063704,주변지역_추가본
장_09-18,가로등,,37.525062,127.063575,주변지역_추가본
장_09-19,가로등,,37.524788,127.063451,주변지역_추가본
장_09-20,가로등,,37.524502,127.063326,주변지역_추가본
장_09-21,가로등,,37.524215,127.063188,주변지역_추가본
장_09-22,가로등,,37.523938,127.063063,주변지역_추가본
장_09-23,가로등,,37.523641,127.062923,주변지역_추가본
장_09-24,가로등,,37.523313,127.062761,주변지역_추가본
장_09-25,가로등,,37.522932,127.062799,주변지역_추가본
장_09-26,가로등,,37.522676,127.062798,주변지역_추가본
장_09-41,가로등,,37.52269,127.063068,주변지역_추가본
장_09-42,가로등,,37.52295,127.063061,주변지역_추가본
장_09-43,가로등,,37.523294,127.06312,주변지역_추가본
장_09-44,가로등,,37.523586,127.063214,주변지역_추가본
장_09-45,가로등,,37.523854,127.063337,주변지역_추가본
장_09-46,가로등,,37.524134,127.063465,주변지역_추가본
장_09-47,가로등,,37.524408,127.063587,주변지역_추가본
장_09-48,가로등,,37.524683,127.06371,주변지역_추가본
장_09-49,가로등,,37.524954,127.063843,주변지역_추가본
장_09-50,가로등,,37.525247,127.06397,주변지역_추가본
장_09-51,가로등,,37.525515,127.064088,주변지역_추가본
장_09-52,가로등,,37.525811,127.064228,주변지역_추가본
장_09-53,가로등,,37.526104,127.064364,주변지역_추가본
장_09-54,가로등,,37.526387,127.064494,주변지역_추가본
장_09-55,가로등,,37.526676,127.064622,주변지역_추가본
장_09-56,가로등,,37.526938,127.064742,주변지역_추가본
장_09-57,가로등,,37.527236,127.06488,주변지역_추가본
장_09-58,가로등,,37.527564,127.06502,주변지역_추가본
장_09-59,가로등,,37.527852,127.065161,주변지역_추가본
장_09-60,가로등,,37.528145,127.065296,주변지역_추가본
장_09-61,가로등,,37.528412,127.065419,주변지역_추가본
장_09-62,가로등,,37.52871,127.065549,주변지역_추가본
장_09-63,가로등,,37.529004,127.065685,주변지역_추가본
장_09-64,가로등,,37.5293,127.065825,주변지역_추가본
장_09-65,가로등,,37.529576,127.065958,주변지역_추가본
장_09-66,가로등,,37.529865,127.066086,주변지역_추가본
장_09-67,가로등,,37.53011,127.066216,주변지역_추가본
장_09-68,가로등,,37.523194,127.062739,주변지역_추가본
장_09-69,가로등,,37.523483,127.062835,주변지역_추가본
장_10-01,가로등,,37.538663,127.069997,주변지역_추가본
장_10-02,가로등,,37.538284,127.069815,주변지역_추가본
장_10-03,가로등,,37.537876,127.069635,주변지역_추가본
장_10-04,가로등,,37.537469,127.069436,주변지역_추가본
장_10-05,가로등,,37.537067,127.069238,주변지역_추가본
장_10-06,가로등,,37.536654,127.069058,주변지역_추가본
장_10-07,가로등,,37.53639,127.068935,주변지역_추가본
장_10-08,가로등,,37.536103,127.06881,주변지역_추가본
장_10-09,가로등,,37.535801,127.068666,주변지역_추가본
장_10-10,가로등,,37.535386,127.068465,주변지역_추가본
장_10-11,가로등,,37.534992,127.06829,주변지역_추가본
장_10-12,가로등,,37.534627,127.068116,주변지역_추가본
장_10-13,가로등,,37.534273,127.067954,주변지역_추가본
장_10-14,가로등,,37.53391,127.067793,주변지역_추가본
장_10-15,가로등,,37.53357,127.067625,주변지역_추가본
장_10-16,가로등,,37.533228,127.067463,주변지역_추가본
장_10-17,가로등,,37.532936,127.067321,주변지역_추가본
장_10-18,가로등,,37.532658,127.067187,주변지역_추가본
장_10-19,가로등,,37.532383,127.067054,주변지역_추가본
장_10-20,가로등,,37.532231,127.067104,주변지역_추가본
장_10-21,가로등,,37.532478,127.067217,주변지역_추가본
장_10-22,가로등,,37.532743,127.067338,주변지역_추가본
장_10-23,가로등,,37.53304,127.067491,주변지역_추가본
장_10-24,가로등,,37.533356,127.067649,주변지역_추가본
장_10-25,가로등,,37.533702,127.067793,주변지역_추가본
장_10-26,가로등,,37.534051,127.067963,주변지역_추가본
장_10-27,가로등,,37.5344,127.068128,주변지역_추가본
장_10-28,가로등,,37.53476,127.068294,주변지역_추가본
장_10-29,가로등,,37.535154,127.068483,주변지역_추가본
장_10-30,가로등,,37.535569,127.06866,주변지역_추가본
장_10-31,가로등,,37.535932,127.068829,주변지역_추가본
장_10-32,가로등,,37.536217,127.068963,주변지역_추가본
장_10-33,가로등,,37.536494,127.069088,주변지역_추가본
장_10-34,가로등,,37.536827,127.069248,주변지역_추가본
장_10-35,가로등,,37.537227,127.069431,주변지역_추가본
장_10-36,가로등,,37.537631,127.069614,주변지역_추가본
장_10-37,가로등,,37.538024,127.069797,주변지역_추가본
장_10-38,가로등,,37.538409,127.069979,주변지역_추가본
장_11-01,가로등,,37.531788,127.065079,주변지역_추가본
장_11-02,가로등,,37.531702,127.065243,주변지역_추가본
장_11-03,가로등,,37.531608,127.065443,주변지역_추가본
장_11-04,가로등,,37.531501,127.065587,주변지역_추가본
장_11-05,가로등,,37.531372,127.06574,주변지역_추가본
장_11-06,가로등,,37.531225,127.065847,주변지역_추가본
장_11-07,가로등,,37.531072,127.06595,주변지역_추가본
장_11-08,가로등,,37.530903,127.066014,주변지역_추가본
장_11-09,가로등,,37.530712,127.066055,주변지역_추가본
장_11-10,가로등,,37.530524,127.066057,주변지역_추가본
장_11-12,가로등,,37.532093,127.066891,주변지역_추가본
장_11-13,가로등,,37.531828,127.066754,주변지역_추가본
장_11-14,가로등,,37.531559,127.066627,주변지역_추가본
장_11-15,가로등,,37.531298,127.066507,주변지역_추가본
장_11-16,가로등,,37.531039,127.066387,주변지역_추가본
장_11-17,가로등,,37.530775,127.066262,주변지역_추가본
장_11-18,가로등,,37.53057,127.066125,주변지역_추가본
장_11-19,가로등,,37.530395,127.065955,주변지역_추가본
장_11-20,가로등,,37.530296,127.065801,주변지역_추가본
장_11-21,가로등,,37.53023,127.065621,주변지역_추가본
장_11-22,가로등,,37.53018,127.065436,주변지역_추가본
장_11-23,가로등,,37.530149,127.065246,주변지역_추가본
장_11-24,가로등,,37.530141,127.065044,주변지역_추가본
장_11-25,가로등,,37.530169,127.064838,주변지역_추가본
장_11-26,가로등,,37.530229,127.06466,주변지역_추가본
장_11-27,가로등,,37.530326,127.064513,주변지역_추가본
장_11-28,가로등,,37.530447,127.064399,주변지역_추가본
장_11-29,가로등,,37.530584,127.064313,주변지역_추가본
장_11-30,가로등,,37.530727,127.064279,주변지역_추가본
장_11-31,가로등,,37.530871,127.064287,주변지역_추가본
장_11-32,가로등,,37.531012,127.064357,주변지역_추가본
장_11-33,가로등,,37.531118,127.064483,주변지역_추가본
장_11-34,가로등,,37.531193,127.064655,주변지역_추가본
장_11-35,가로등,,37.531221,127.06485,주변지역_추가본
장_11-36,가로등,,37.531271,127.065062,주변지역_추가본
장_11-37,가로등,,37.531216,127.065241,주변지역_추가본
장_11-38,가로등,,37.531142,127.065396,주변지역_추가본
장_11-39,가로등,,37.531047,127.065552,주변지역_추가본
장_11-40,가로등,,37.530951,127.065662,주변지역_추가본
장_11-41,가로등,,37.530835,127.065774,주변지역_추가본
장_11-42,가로등,,37.530329,127.066259,주변지역_추가본
장_11-43,가로등,,37.53061,127.06638,주변지역_추가본
장_11-44,가로등,,37.530865,127.066484,주변지역_추가본
장_11-45,가로등,,37.531112,127.066599,주변지역_추가본
장_11-46,가로등,,37.531363,127.066714,주변지역_추가본
장_11-47,가로등,,37.531636,127.066838,주변지역_추가본
장_11-48,가로등,,37.531916,127.066963,주변지역_추가본
장_11-49,가로등,,37.530407,127.066489,주변지역_추가본
장_11-50,가로등,,37.530531,127.066667,주변지역_추가본
장_11-51,가로등,,37.530625,127.066856,주변지역_추가본
장_11-52,가로등,,37.530692,127.067076,주변지역_추가본
장_11-53,가로등,,37.530726,127.067299,주변지역_추가본
장_11-54,가로등,,37.530736,127.067526,주변지역_추가본
장_11-55,가로등,,37.530717,127.067762,주변지역_추가본
장_11-56,가로등,,37.530687,127.068,주변지역_추가본
장_11-57,가로등,,37.530647,127.068229,주변지역_추가본
장_11-58,가로등,,37.530603,127.068485,주변지역_추가본
장_11-59,가로등,,37.530558,127.068746,주변지역_추가본
장_11-60,가로등,,37.530515,127.069001,주변지역_추가본
장_11-61,가로등,,37.530473,127.06924,주변지역_추가본
장_11-62,가로등,,37.530428,127.069493,주변지역_추가본
장_11-63,가로등,,37.530384,127.069748,주변지역_추가본
장_11-64,가로등,,37.530336,127.070035,주변지역_추가본
장_11-65,가로등,,37.530287,127.070308,주변지역_추가본
장_11-66,가로등,,37.530245,127.070593,주변지역_추가본
장_11-67,가로등,,37.531086,127.066168,주변지역_추가본
장_11-68,가로등,,37.531369,127.065993,주변지역_추가본
장_11-69,가로등,,37.531638,127.065723,주변지역_추가본
장_11-70,가로등,,37.531848,127.065341,주변지역_추가본
장_11-71,가로등,,37.531996,127.064921,주변지역_추가본
장_11-72,가로등,,37.53211,127.064484,주변지역_추가본
장_11-73,가로등,,37.532225,127.064081,주변지역_추가본
장_11-74,가로등,,37.532345,127.063619,주변지역_추가본
장_11-75,가로등,,37.53218,127.063617,주변지역_추가본
장_11-76,가로등,,37.532055,127.064025,주변지역_추가본
장_11-77,가로등,,37.531948,127.064451,주변지역_추가본
장_11-78,가로등,,37.531837,127.064898,주변지역_추가본
장_11_1-80,가로등,,37.531666,127.064798,주변지역_추가본
장_11_1-81,가로등,,37.53154,127.065373,주변지역_추가본
장_11_1-82,가로등,,37.531388,127.066049,주변지역_추가본
장_11_1-83,가로등,,37.531804,127.064039,주변지역_추가본
장_11_1-84,가로등,,37.53166,127.064546,주변지역_추가본
장_12-01,가로등,,37.532026,127.063294,주변지역_추가본
장_12-02,가로등,,37.531945,127.063543,주변지역_추가본
장_12-03,가로등,,37.531908,127.063838,주변지역_추가본
장_12-04,가로등,,37.531829,127.064138,주변지역_추가본
장_12-05,가로등,,37.531739,127.06444,주변지역_추가본
장_12-06,가로등,,37.531654,127.064726,주변지역_추가본
장_12-07,가로등,,37.531575,127.065014,주변지역_추가본
장_12-08,가로등,,37.531475,127.065317,주변지역_추가본
장_12-09,가로등,,37.531321,127.065557,주변지역_추가본
장_12-10,가로등,,37.531149,127.065712,주변지역_추가본
장_12-11,가로등,,37.530941,127.065817,주변지역_추가본
장_12-12,가로등,,37.530748,127.065896,주변지역_추가본
장_12-13,가로등,,37.530557,127.06596,주변지역_추가본
청담대교경관-01,가로등,,37.530282,127.06593,주변지역_추가본
청담대교경관-02,가로등,,37.530103,127.065814,주변지역_추가본
청담대교경관-03,가로등,,37.530197,127.065748,주변지역_추가본
청담대교경관-04,가로등,,37.530192,127.065982,주변지역_추가본
장안1파출소,파출소,서울특별시 동대문구 한천로20길 9,37.5696051,127.065036,주변지역_추가본
구리경찰서 (본서),경찰서,경기도 구리시 아차산로 359,37.5876,127.1284,주변지역_추가본
교문지구대,지구대,경기도 구리시 안골로 40,37.5971,127.1354,주변지역_추가본
토평지구대 (아천동 관할),지구대,경기도 구리시 체육관로74번길 55,37.5913,127.1412,주변지역_추가본
