시설명,시설유형,주소,위도,경도
202230300000800965,CCTV,,37.5488,127.063085
202230300000800856,CCTV,서울특별시 광나루로 296,37.547987,127.062488
202230300000800593,CCTV,서울특별시 광나루로9길 4,37.5486259,127.0637817
202230300000801265,CCTV,서울특별시 둘레길149-1,37.5355072,127.0599136
202230300000800732,CCTV,서울특별시 광나루로 11길 6,37.548726,127.065703
202230300000800195,CCTV,서울특별시 광나루로9가길 14,37.5486106,127.064682
202230300000800996,CCTV,서울특별시 동일로55길 8 (송정동),37.5565528,127.0711898
202230300000800134,CCTV,서울특별시 동일로43길 6,37.5538215,127.0700378
202230300000801050,CCTV,서울특별시 성수이로 118 (성수동2가),37.5448837,127.0571594
202230300000800279,CCTV,서울특별시 송정18가길 39,37.5562019,127.0698242
202230300000800998,CCTV,서울특별시 동일로55가길 24 (송정동),37.5574989,127.0720062
202230300000800742,CCTV,서울특별시 송정18가길 16,37.553631,127.068866
202230300000800128,CCTV,서울특별시 둘레15길 20-21,37.5364685,127.0564193
202230300000801161,CCTV,,37.55517,127.071188
202230300000800729,CCTV,서울특별시 송정18길 7,37.552806,127.068162
202230300000800275,CCTV,서울특별시 뚝섬로15길 25,37.539112,127.0614929
202230300000800572,CCTV,서울특별시 성수이로 144-39,37.547211,127.059402
202230300000801051,CCTV,서울특별시 성수이로 134 (성수동2가),37.5465011,127.0578384
202230300000800850,CCTV,서울특별시 자동차시장길 22,37.561183,127.056953
202230300000800176,CCTV,서울특별시 자동차시장1길 14,37.5610656,127.0590515
202230300000800074,CCTV,서울특별시 뚝섬로11길 8,37.539051,127.0570068
202230300000800196,CCTV,서울특별시 광나루로11길 40,37.5512542,127.0677337
202230300000801224,CCTV,서울특별시 송정18가길 15,37.5537719,127.0688323
202230300000800616,CCTV,서울특별시 자동차시장1길 18,37.5614509,127.0592727
202230300000801107,CCTV,서울특별시 아차산로17길 7,37.542951,127.063571
202230300000800563,CCTV,서울특별시 뚝섬로 416-15,37.5379791,127.0569534
202230300000800344,CCTV,서울특별시 광나루로6길 13,37.5473518,127.0608062
202230300000800280,CCTV,서울특별시 자동차시장1길 56,37.5602569,127.0643463
202230300000800763,CCTV,서울특별시 천호대로 454,37.5605812,127.0697097
202230300000800084,CCTV,서울특별시 성수이로20길 57,37.5418319,127.0629043
202230300000800085,CCTV,서울특별시 아차산로11길 18,37.5449523,127.0596389
202230300000800131,CCTV,서울특별시 연무장9길 16,37.5438537,127.0562973
202230300000801299,CCTV,서울특별시 성덕정길 140,37.53659,127.0587
202230300000801032,CCTV,서울특별시 자동차시장1길 82,37.5603904,127.0662078
202230300000800577,CCTV,서울특별시 송정12길 1,37.5501708,127.0652313
202230300000800071,CCTV,서울특별시 둘레23길 12-6,37.5358695,127.0590362
202230300000800954,CCTV,서울특별시 성수2가3동273-11,37.542028,127.060151
202230300000800070,CCTV,서울특별시 둘레19길 10-1,37.535366,127.0578002
202230300000800857,CCTV,서울특별시 광나루로 291,37.54824,127.062476
202230300000801250,CCTV,서울특별시 송정동 73-1058,37.552448,127.063686
202230300000800551,CCTV,서울특별시 뚝섬로17가길 20,37.539561,127.058914
202230300000800571,CCTV,서울특별시 연무장17길 14,37.5423088,127.0616989
202230300000800358,CCTV,서울특별시 아차산로7나길 5,37.5482368,127.0565872
202230300000800823,CCTV,서울특별시 송정10길 3-1,37.549828,127.065423
202230300000800589,CCTV,서울특별시 동일로57길 5,37.5571022,127.0717315
202230300000800171,CCTV,서울특별시 아차산로17길 13,37.5437011,127.0639953
202230300000800586,CCTV,서울특별시 광나루로11길 12,37.5490531,127.0659332
202230300000800716,CCTV,서울특별시 광나루로 248-30,37.54834,127.05685
202230300000801210,CCTV,서울특별시 송정12길 22,37.5491102,127.0672847
202230300000800585,CCTV,서울특별시 동일로 241,37.553112,127.0699768
202230300000800592,CCTV,서울특별시 송정2길 1,37.549118,127.0647048
202230300000800225,CCTV,서울특별시 성수이로16길 50,37.5395965,127.0618591
202230300000801007,CCTV,서울특별시 둘레19길 1-33 (성수동2가),37.5347328,127.0568008
202230300000800132,CCTV,서울특별시 연무장11길 8,37.5427246,127.0572662
202230300000801314,CCTV,,37.555125,127.07041
202230300000800580,CCTV,서울특별시 동일로 215-25,37.5517845,127.0687713
202230300000800553,CCTV,서울특별시 뚝섬로 11길 2,37.5383033,127.0575027
202230300000801313,CCTV,서울특별시 동일로43가길 3,37.553914,127.070222
202230300000800802,CCTV,서울특별시 광나루로 324,37.548109,127.065781
202230300000800875,CCTV,서울특별시 연무장19길 10,37.541108,127.062561
202230300000800715,CCTV,서울특별시 뚝섬로15길 27-19,37.539345,127.061262
202230300000800811,CCTV,서울특별시 성수이로 108,37.54433,127.057432
202230300000800031,CCTV,서울특별시 뚝섬로 447,37.5380897,127.0598144
202230300000800833,CCTV,서울특별시 송정12마길 13,37.549892,127.067471
202230300000800697,CCTV,서울특별시 성수이로8길,37.539024,127.056731
202230300000800091,CCTV,서울특별시 송정18길 1,37.5531845,127.0676727
202230300000800090,CCTV,서울특별시 송정길 42,37.5493621,127.0642013
202230300000801036,CCTV,서울특별시 자동차시장1길 63 (용답동),37.5609359,127.0642547
202230300000800346,CCTV,서울특별시 동일로43길 3-5,37.5535278,127.0697174
202230300000800386,CCTV,서울특별시 연무장길100-18,37.5406036,127.0600814
202230300000800173,CCTV,서울특별시 송정18가길 6-1,37.5530929,127.068695
202230300000800991,CCTV,서울특별시 송정14길 1-1 (송정동),37.5516128,127.0667495
202230300000801194,CCTV,서울특별시 뚝섬로436,37.5367813,127.0594558
202230300000800378,CCTV,서울특별시 송정12다길 57,37.5518684,127.0680541
202230300000801311,CCTV,서울특별시 아차산로11길 33,37.546966,127.060521
202230300000800595,CCTV,서울특별시 송정길 10-29,37.5484504,127.0615539
202230300000800169,CCTV,서울특별시 성수이로 72,37.5412788,127.056549
202230300000801169,CCTV,,37.552248,127.068594
202230300000800755,CCTV,서울특별시 연무장길 107,37.5408134,127.0609588
202230300000800032,CCTV,서울특별시 뚝섬로17길 29,37.5400581,127.0605316
202230300000801183,CCTV,,37.557447,127.0724555
202230300000801207,CCTV,서울특별시 송정 제방길,37.5519905,127.066513
202230300000800994,CCTV,서울특별시 송정18가길 19 (송정동),37.554058,127.0688858
202230300000800556,CCTV,서울특별시 성수동2가 217-4,37.534535,127.059559
202230300000800218,CCTV,서울특별시 아차산로11길 3,37.543888,127.0590209
202230300000801055,CCTV,서울특별시 연무장길 72,37.5418319,127.0573883
202230300000801047,CCTV,서울특별시 뚝섬로17길 3 (성수동2가),37.5377464,127.059616
202230300000800030,CCTV,서울특별시 뚝섬로13길 22,37.5395584,127.0578613
202230300000800600,CCTV,서울특별시 송정12다길 5,37.5499725,127.0664749
202230300000801122,CCTV,서울특별시 아차산로13길 11,37.5445332,127.0609972
202230300000800762,CCTV,서울특별시 자동차시장1길 32,37.5611572,127.0609741
202230300000800170,CCTV,서울특별시 성수이로16길 21,37.5404777,127.0591049
202230300000800343,CCTV,서울특별시 둘레21가길 19 골목,37.5358581,127.0582733
202230300000801084,CCTV,서울특별시 아차산로17길 26,37.5444984,127.0643692
202230300000801223,CCTV,서울특별시 송정길 50,37.5497856,127.0649642
202230300000800791,CCTV,서울특별시 뚝섬로 424,37.538007,127.057755
202230300000800315,CCTV,서울특별시 아차산로17길 21,37.5448341,127.0628433
202230300000801068,CCTV,서울특별시 자동차시장1길 96 (용답동),37.5601158,127.0681228
202230300000801204,CCTV,서울특별시 성덕정길 151,37.5364723,127.0600814
202230300000800993,CCTV,서울특별시 송정16길 5 (송정동),37.5523147,127.0676116
202230300000800796,CCTV,서울특별시 성수이로 137,37.546381,127.057541
202230300000800380,CCTV,서울특별시 송정12라길59,37.5517044,127.0685272
202230300000800761,CCTV,서울특별시 자동차시장3길 1,37.5614929,127.057434
202230300000800005,CCTV,서울특별시 아차산로 110,37.5442314,127.0567855
202230300000800831,CCTV,서울특별시 뚝섬로 427-8,37.53841,127.057903
202230300000800036,CCTV,,37.5523033,127.0685958
202230300000800731,CCTV,서울특별시 송정18가길 13,37.55353,127.068745
202230300000800647,CCTV,서울특별시 송정길 60,37.550579,127.0655975
202230300000800597,CCTV,서울특별시 송정12다길 19,37.5504837,127.0668945
202230300000800588,CCTV,서울특별시 송정4가길 39,37.5507354,127.0660629
202230300000800345,CCTV,서울특별시 송정18가길32,37.5552444,127.0694732
202230300000801298,CCTV,서울특별시 성수이로12길 14,37.53978,127.0566
202230300000800133,CCTV,서울특별시 아차산로13길 21,37.5452842,127.0613098
202230300000801063,CCTV,서울특별시 천호대로 394 (용답동),37.5616226,127.062622
202230300000801310,CCTV,서울특별시 자동차시장1길 103,37.56007,127.069535
202230300000801146,CCTV,,37.5482662,127.064072
202230300000800220,CCTV,서울특별시 송정12마길 24,37.5501708,127.0676345
202230300000800834,CCTV,서울특별시 송정6길 15-1,37.548889,127.066112
202230300000800587,CCTV,서울특별시 동일로43가길 13,37.5543632,127.0701599
202230300000800992,CCTV,서울특별시 송정14길 17 (송정동),37.5510177,127.0682983
202230300000800599,CCTV,서울특별시 동일로 263-39,37.5553131,127.0707931
202230300000800646,CCTV,서울특별시 송정12길 1,37.5500831,127.0655593
202230300000800590,CCTV,서울특별시 송정12라길 20,37.5502319,127.067398
202230300000800679,CCTV,서울특별시 성덕정길 144,37.5364341,127.0592727
202230300000800582,CCTV,서울특별시 동일로57길 11,37.5574035,127.0710525
202230300000800087,CCTV,서울특별시 아차산로13길 42,37.5467033,127.0621109
202230300000801222,CCTV,서울특별시 연무장길 81,37.541685,127.058115
202230300000800219,CCTV,서울특별시 광나루로 297,37.5487174,127.0622482
202230300000800303,CCTV,서울특별시 자동차시장길 22,37.5619812,127.0572967
202230300000800289,CCTV,서울특별시 송정길 8,37.5486907,127.0610198
202230300000800801,CCTV,서울특별시 광나루로 323,37.548344,127.065557
202230300000800966,CCTV,,37.5488005,127.0630857
202230300000800780,CCTV,서울특별시 송정동 73-448,37.55335,127.06673
202230300000800866,CCTV,서울특별시 송정18가길 27,37.554748,127.069388
202230300000800037,CCTV,서울특별시 광나루로11길 18,37.5495491,127.0664825
202230300000800277,CCTV,서울특별시 송정12가길 50,37.5518531,127.0673904
202230300000800596,CCTV,서울특별시 송정길 8,37.5488319,127.0603179
202230300000800835,CCTV,서울특별시 동일로 309,37.559322,127.073439
202230300000800083,CCTV,서울특별시 연무장15길 11,37.5419692,127.0597229
202230300000801186,CCTV,,37.5493511,127.0567687
202230300000800997,CCTV,서울특별시 동일로57길 7 (송정동),37.5571975,127.0714797
202230300000800769,CCTV,서울특별시 아차산로17길 49,37.54668,127.0649
202230300000800615,CCTV,서울특별시 자동차시장3길 47,37.5605316,127.0626678
202230300000800278,CCTV,서울특별시 송정12가길 20,37.5506907,127.066473
202230300000800785,CCTV,서울특별시 송정동 75-20,37.549918,127.057219
202230300000801268,CCTV,서울특별시 가람길 267,37.5580482,127.0680847
202230300000800347,CCTV,서울특별시 동일로59가길 10-1,37.5583839,127.0723342
202230300000800958,CCTV,서울특별시 천호대로 336,37.563273,127.056926
202230300000800228,CCTV,서울특별시 뚝섬로17길 16,37.5388298,127.059761
202230300000800953,CCTV,서울특별시 성수2가3동280-12,37.546861,127.064729
202230300000800584,CCTV,서울특별시 송정12바길 8,37.5494613,127.0674819
202230300000800307,CCTV,서울특별시 동일로 263-49,37.5553588,127.0705566
202230300000800568,CCTV,서울특별시 연무장13길 15,37.5431137,127.0586624
202230300000800211,CCTV,서울특별시 아차산로9길 12,37.545475,127.0583801
202230300000800734,CCTV,서울특별시 자동차시장길 48,37.558662,127.056295
202230300000800285,CCTV,서울특별시 성덕정길 127,37.5368003,127.0571975
202230300000801217,CCTV,서울특별시 송정6길 22,37.5486068,127.066574
202230300000800999,CCTV,서울특별시 송정10길 15 (송정동),37.5492744,127.0665512
202230300000800995,CCTV,서울특별시 동일로43길 22 (송정동),37.5553092,127.0700302
202230300000801248,CCTV,서울특별시 송정18길 8,37.5527038,127.0681686
202230300000800578,CCTV,서울특별시 송정길 50,37.5498542,127.064888
202230300000800372,CCTV,서울특별시 성수이로 16길 13,37.5409011,127.0577392
202230300000800276,CCTV,서울특별시 광나루로 242-21,37.5487785,127.0564956
202230300000800174,CCTV,서울특별시 동일로55길 14-1,37.5564994,127.0703735
202230300000800594,CCTV,서울특별시 광나루로11길 49-9,37.5521545,127.0682296
202230300000801309,CCTV,서울특별시 천호대로 406,37.5612,127.064078
202230300000800574,CCTV,서울특별시 성수이로22길 37,37.5438919,127.0608139
202230300000800825,CCTV,서울특별시 송정10길 19,37.549046,127.06693
202230300000800636,CCTV,서울특별시 둘레21길 17부근,37.5360336,127.0570526
202230300000801187,CCTV,,37.5428476,127.0622631
202230300000800306,CCTV,서울특별시 자동차시장1길 39,37.5609397,127.0627822
202230300000800175,CCTV,서울특별시 송정길 74,37.5516853,127.0664901
202230300000800880,CCTV,서울특별시 아차산로 116,37.544021,127.057256
202230300000801271,CCTV,서울특별시 동일로 73-1,37.539627,127.06221
202230300000801158,CCTV,,37.547343,127.066756
202230300000800579,CCTV,서울특별시 송정6길 21-7,37.5488433,127.0667953
202230300000801058,CCTV,서울특별시 동일로 143 (성수동2가),37.5457542,127.0652653
202230300000801220,CCTV,서울특별시 동일로59가길 18,37.5586433,127.0725708
202230300000800092,CCTV,서울특별시 동일로59길 7,37.5580291,127.0718688
202230300000801203,CCTV,서울특별시 송정12라길 50,37.551316,127.068265
202230300000801056,CCTV,서울특별시 연무장길 89 (성수동2가),37.5412826,127.0594406
202230300000801062,CCTV,서울특별시 천호대로 366 (용답동),37.562088,127.0594482
202230300000800393,CCTV,서울특별시 가람길 113,37.5541,127.0566787
202230300000800236,CCTV,서울특별시 자동차시장1길 94-67,37.558773,127.0667495
202230300000800783,CCTV,서울특별시 송정길 36,37.549374,127.063598
202230300000800824,CCTV,서울특별시 송정10길 3-1,37.549422,127.066096
202230300000800583,CCTV,서울특별시 송정길 36,37.5490531,127.0637435
202230300000800782,CCTV,서울특별시 송정길 70,37.551319,127.065826
202230300000800591,CCTV,서울특별시 송정8길 4,37.549652,127.0652847
202230300000800086,CCTV,서울특별시 아차산로15길 3,37.543457,127.0621109
202230300000800810,CCTV,서울특별시 아차산로 120,37.544041,127.057404
202230300000800362,CCTV,서울특별시 송정6길 8,37.5494194,127.0650939
202230300000800598,CCTV,서울특별시 송정18가길 15-17,37.5539207,127.0684356
202230300000801037,CCTV,서울특별시 가람길 283 (용답동),37.5595245,127.0695648
202230300000801124,CCTV,서울특별시 아차산로11가길 3,37.5464098,127.0603565
202230300000800781,CCTV,서울특별시 송정18가길 15-20,37.554053,127.067857
202230300000800129,CCTV,서울특별시 성덕정21길 9,37.5375633,127.0569
202230300000800573,CCTV,서울특별시 광나루로8길 22,37.5474357,127.0649719
202230300000800768,CCTV,서울특별시 아차산로17길 57,37.54704,127.0659
202230300000800717,CCTV,서울특별시 송정18가길 21-1,37.55427,127.06901
202230300000801093,CCTV,서울특별시 성수이로 147 (성수동2가),37.5478057,127.0578689
202230300000801120,CCTV,서울특별시 자동차시장3길 99,37.558333,127.067397
202230300000800784,CCTV,서울특별시 송정길 8,37.548761,127.060386
202230300000801035,CCTV,서울특별시 자동차시장1길 63 (용답동),37.5609283,127.0645141
202230300000800832,CCTV,서울특별시 송정12라길 15-1,37.549994,127.067214
202230300000800373,CCTV,서울특별시 동일로43길 9,37.5546607,127.0698623
202230300000800581,CCTV,서울특별시 동일로59가길 22,37.558834,127.072731
202230300000800601,CCTV,서울특별시 송정18가길 35,37.555498,127.069521
202530400000800144,CCTV,서울특별시 광진구 자양로19길 48-4 (자양동),37.53846,127.08097
202530400000800755,CCTV,서울특별시 광진구 용마도시자연공원-유화교,37.56512,127.0974
202530400000801024,CCTV,서울특별시 광진구 군자로 127 세종대 기숙사 코너,37.55368,127.07347
202530400000800025,CCTV,서울특별시 광진구 자양로26길 95,37.54019,127.08915
202530400000800983,CCTV,서울특별시 광진구 아차산로 511 (광장동),37.54215,127.09821
202530400000801003,CCTV,"서울특별시 광진구 구의강변로 84 (구의동, 세양아파트)",37.53708,127.0938
202530400000800257,CCTV,서울특별시 광진구 능동로53길 24-9 (중곡동),37.56723,127.0835
202530400000800625,CCTV,서울특별시 광진구 천호대로 115길 29,37.5571,127.08394
202530400000800924,CCTV,서울특별시 광진구 긴고랑로42길 3-28,37.55893,127.09438
202530400000800912,CCTV,서울특별시 광진구 능동로30길 38,37.55321,127.07942
202530400000800846,CCTV,서울특별시 광진구 아차산로59길 49,37.54056,127.09067
202530400000800543,CCTV,서울특별시 광진구 천호대로 114길 58,37.55323,127.08162
202530400000801182,CCTV,서울특별시 광진구 아차산로23길 31 (화양동),37.54336,127.06655
202530400000800406,CCTV,서울특별시 광진구 용마산로28길 24 (중곡동),37.56791,127.08702
202530400000800841,CCTV,서울특별시 광진구 구의동 3-17,37.55537,127.09911
202530400000800803,CCTV,서울특별시 광진구 능동 237-3,37.55531,127.08359
202530400000800775,CCTV,서울특별시 광진구 구의동3-11,37.55318,127.10115
202530400000801243,CCTV,서울특별시 광진구 능동로 81,37.53792,127.06952
202530400000800934,CCTV,서울특별시 광진구 천호대로136길 13,37.54879,127.09141
202530400000800980,CCTV,서울특별시 광진구 아차산로73길 48 (광장동),37.54683,127.10224
202530400000800990,CCTV,서울특별시 광진구 영화사로 105 (구의동),37.55396,127.09782
202530400000800595,CCTV,서울특별시 광진구 군자동 111-2,37.55324,127.07325
202530400000800648,CCTV,서울특별시 광진구 용마산로8마길 26,37.56131,127.09084
202530400000800760,CCTV,서울특별시 광진구 아차산생태공원-소각장,37.55221,127.10066
202530400000800544,CCTV,서울특별시 광진구 자양로 237-1,37.54782,127.08806
202530400000800166,CCTV,서울특별시 광진구 자양번영로11길 37-14 (자양동),37.53695,127.07443
202530400000801010,CCTV,서울특별시 광진구 구의강변로 69 구남초교 정문 앞,37.53711,127.09293
202530400000801049,CCTV,서울특별시 광진구 능동로 42 (자양동),37.53453,127.0683
202530400000800310,CCTV,서울특별시 광진구 광나루로22길 7,37.5463,127.07523
202530400000800307,CCTV,서울특별시 광진구 아차산로25길 48 (화양동),37.54343,127.06753
202530400000801140,CCTV,서울특별시 광진구 뚝섬로57가길 38 (자양동),37.53201,127.08161
202530400000800366,CCTV,서울특별시 광진구 광나루로38길 67 (구의동),37.54207,127.08733
202530400000800856,CCTV,서울특별시 광진구 구의동 3-10,37.55336,127.10222
202530400000800164,CCTV,서울특별시 광진구 자양번영로11길 29 (자양동),37.53738,127.07507
202530400000801036,CCTV,서울특별시 광진구 자양번영로6길 20 (자양동),37.53226,127.07681
202530400000800956,CCTV,서울특별시 광진구 능동로 120-1,37.53974,127.07188
202530400000800769,CCTV,서울특별시 광진구 아차산생태공원-해맞이공원,37.55996,127.10157
202530400000800416,CCTV,서울특별시 광진구 자양로43길 123 (중곡동),37.55593,127.08901
202530400000801058,CCTV,서울특별시 광진구 뚝섬로23길 44 (자양동),37.53715,127.06589
202530400000801123,CCTV,서울특별시 광진구 광장로1길 23 (광장동),37.54795,127.10205
202530400000800514,CCTV,서울특별시 광진구 아차산로58가길15,37.5359,127.09036
202530400000800743,CCTV,서울특별시 광진구 자양4동 199-4,37.5363,127.06177
202530400000800631,CCTV,서울특별시 광진구 용마산로22길 5-8,37.56121,127.08725
202530400000800121,CCTV,서울특별시 광진구 천호대로122길 33 (능동),37.55211,127.08732
202530400000800675,CCTV,서울특별시 광진구 아차산로76길 34,37.54665,127.10738
202530400000800039,CCTV,서울특별시 광진구 아차산로53길 29 (구의동),37.53854,127.0858
202530400000801263,CCTV,서울특별시 광진구 뚝섬로46길 64 (자양동),37.5303,127.07621
202530400000800823,CCTV,서울특별시 광진구 광장동 5-112,37.55435,127.10407
202530400000800786,CCTV,서울특별시 광진구 광나루로 44길 32,37.54277,127.09105
202530400000800233,CCTV,서울특별시 광진구 능동로50길 8 (중곡동),37.56401,127.08396
202530400000800028,CCTV,서울특별시 광진구 아차산로53길 77 (구의동),37.54073,127.08608
202530400000800328,CCTV,서울특별시 광진구 능동로31길 12-15 (군자동),37.55639,127.0782
202530400000800073,CCTV,서울특별시 광진구 광나루로44길 9 (구의동),37.54383,127.09155
202530400000800049,CCTV,서울특별시 광진구 자양로53길 10 (구의동),37.55417,127.09335
202530400000800168,CCTV,서울특별시 광진구 자양번영로7길 12-7 (자양동),37.5362,127.07578
202530400000801198,CCTV,서울특별시 광진구 광나루로 529 (구의동),37.54512,127.08798
202530400000800110,CCTV,서울특별시 광진구 능동로36길 12 (능동),37.55623,127.0798
202530400000800822,CCTV,서울특별시 광진구 광장동 5-112,37.55383,127.10405
202530400000800940,CCTV,서울특별시 광진구 천호대로 661,37.55215,127.0899
202530400000800472,CCTV,서울특별시 광진구  천호대로102길 58 (군자동),37.55673,127.07315
202530400000801220,CCTV,서울특별시 광진구 동일로 341 (중곡동),37.5615,127.07475
202530400000800302,CCTV,서울특별시 광진구 군자로3길 25-16 (화양동),37.54373,127.07061
202530400000800240,CCTV,서울특별시 광진구 천호대로121길 39 (중곡동),37.55682,127.08643
202530400000800740,CCTV,서울특별시 광진구 천호대로140길 60,37.54433,127.09974
202530400000800674,CCTV,서울특별시 광진구 자양로44길 113,37.55089,127.09696
202530400000800435,CCTV,서울특별시 광진구 능동로3다길 4 (자양동),37.53398,127.06502
202530400000800604,CCTV,서울특별시 광진구 천호대로138길 40,37.54739,127.0921
202530400000800004,CCTV,서울특별시 광진구 아차산로 636 (광장동),37.54891,127.10899
202530400000800217,CCTV,서울특별시 광진구 면목로 93 (중곡동),37.56199,127.07904
202530400000800800,CCTV,서울특별시 광진구 구의강변로 69,37.53804,127.09237
202530400000801271,CCTV,서울특별시 광진구 광나루로30나길 17 (구의동),37.54358,127.08268
202530400000801055,CCTV,서울특별시 광진구 동일로4길 51 (자양동),37.53596,127.06357
202530400000801231,CCTV,서울특별시 광진구 능동로 433 (중곡동),37.56755,127.08499
202530400000801199,CCTV,서울특별시 광진구 자양로 216 (구의동),37.54593,127.08628
202530400000800265,CCTV,서울특별시 광진구 용마산로27길 10 (중곡동),37.56732,127.08582
202530400000800886,CCTV,서울특별시 광진구 아차산로 25길 27,37.54261,127.06706
202530400000800357,CCTV,서울특별시 광진구 자양번영로2길 55 (자양동),37.53006,127.07796
202530400000800053,CCTV,서울특별시 광진구 영화사로16나길 21 (구의동),37.55324,127.09606
202530400000801171,CCTV,서울특별시 광진구 동일로38길 17-5 (군자동),37.55152,127.07046
202530400000800422,CCTV,서울특별시 광진구 능동로32길 82-26,37.55332,127.08552
202530400000800387,CCTV,서울특별시 광진구 아차산로39길 11 (자양동),37.53857,127.07718
202530400000801168,CCTV,서울특별시 광진구 광진구천호대로120길16,37.55348,127.08655
202530400000800091,CCTV,서울특별시 광진구 면목로 27 (군자동),37.55671,127.07609
202530400000801165,CCTV,서울특별시 광진구 용마산로1길 69 (중곡동),37.55595,127.08476
202530400000800643,CCTV,서울특별시 광진구 용마산로 160,37.56804,127.08617
202530400000800491,CCTV,서울특별시 광진구 용마산로33길 41,37.57023,127.08382
202530400000801112,CCTV,서울특별시 광진구 뚝섬로 741 (구의동),37.53442,127.09112
202530400000801270,CCTV,서울특별시 광진구 광나루로40길 80-4 (구의동),37.54129,127.08875
202530400000800691,CCTV,서울특별시 광진구 아차산로60길 13-8,37.53804,127.09237
202530400000801197,CCTV,서울특별시 광진구 천호대로 665-2,37.55185,127.08944
202530400000800283,CCTV,서울특별시 광진구 용마산로8가길 26 (중곡동),37.56092,127.0888
202530400000800297,CCTV,서울특별시 광진구 아차산로25길 27 (화양동),37.54283,127.06716
202530400000801183,CCTV,서울특별시 광진구 광나루로20가길 14 (화양동),37.54521,127.07499
202530400000800976,CCTV,서울특별시 광진구 아차산로70길 62 (광장동),37.5416,127.10094
202530400000800079,CCTV,서울특별시 광진구 아차산로63길 37 (구의동),37.54131,127.09216
202530400000801257,CCTV,서울특별시 광진구 천호대로 541,37.55772,127.07862
202530400000800759,CCTV,서울특별시 광진구 아차산생태공원-공원입구,37.55258,127.09969
202530400000801000,CCTV,서울특별시 광진구 자양로50길 13 (구의동),37.55215,127.09313
202530400000801076,CCTV,서울특별시 광진구 용마산로3길 57 (중곡동),37.55777,127.08332
202530400000801119,CCTV,서울특별시 광진구 광나루로15길 23,37.54908,127.06954
202530400000800289,CCTV,서울특별시 광진구 긴고랑로46가길 36 (중곡동),37.55864,127.09525
202530400000800741,CCTV,서울특별시 광진구 천호대로140길 60,37.54464,127.09932
202530400000800151,CCTV,서울특별시 광진구 뚝섬로50길 28 (자양동),37.53119,127.07791
202530400000800206,CCTV,서울특별시 광진구 동일로18나길 24 (자양동),37.53866,127.06529
202530400000800807,CCTV,서울특별시 광진구 광장동 236-1,37.54308,127.10213
202530400000800622,CCTV,서울특별시 광진구 군자로6길 51,37.54581,127.0723
202530400000800559,CCTV,서울특별시 광진구 광나루로 14길 31,37.54634,127.06813
202530400000800898,CCTV,서울특별시 광진구 천호대로116길 97,37.55263,127.08133
202530400000800261,CCTV,서울특별시 광진구 면목로11길 20 (중곡동),37.56705,127.08054
202530400000801188,CCTV,"서울특별시 광진구 아차산 능선, 긴골지구쪽",37.56849,127.10314
202530400000801129,CCTV,"서울특별시 광진구 아차산로55길 23 (구의동, 신일아트빌라)",37.53835,127.08643
202530400000800155,CCTV,서울특별시 광진구 자양로3길 49 (자양동),37.52914,127.08391
202530400000800368,CCTV,서울특별시 광진구 광장로5길 12 (광장동),37.54822,127.10506
202530400000800915,CCTV,서울특별시 광진구 용마산로5길 40-22,37.55849,127.08544
202530400000801142,CCTV,서울특별시 광진구 뚝섬로64길 45 (자양동),37.53239,127.08891
202530400000800504,CCTV,서울특별시 광진구 군자로 183,37.55677,127.07821
202530400000800183,CCTV,서울특별시 광진구 자양강변길 73 (자양동),37.53274,127.0637
202530400000800403,CCTV,서울특별시 광진구 용마산로3길 98 (중곡동),37.55732,127.0831
202530400000801084,CCTV,서울특별시 광진구 동일로 399 (중곡동),37.56635,127.07749
202530400000800525,CCTV,서울특별시 광진구 자양번영로1길15,37.53058,127.07412
202530400000800341,CCTV,서울특별시 광진구 뚝섬로50길 6 (자양동),37.53221,127.07832
202530400000800695,CCTV,서울특별시 광진구 광나루로56길 86 (구의동),37.53735,127.09452
202530400000800296,CCTV,서울특별시 광진구 아차산로23길 68 (화양동),37.54517,127.06748
202530400000800212,CCTV,서울특별시 광진구 긴고랑로7길 11 (중곡동),37.56405,127.07937
202530400000800805,CCTV,서울특별시 광진구 화양동 523-2,37.54508,127.07627
202530400000800015,CCTV,서울특별시 광진구 광나루로40길 17 (구의동),37.54403,127.08944
202530400000800725,CCTV,서울특별시 광진구 천호대로 760,37.54635,127.09823
202530400000800900,CCTV,서울특별시 광진구 능동로34길 11-19,37.55545,127.08079
202530400000800390,CCTV,서울특별시 광진구 아차산로41길 16 (자양동),37.53858,127.07891
202530400000800046,CCTV,서울특별시 광진구 자양로37가길 10 (구의동),37.54771,127.08726
202530400000800599,CCTV,서울특별시 광진구 워커힐로 32,37.54473,127.09759
202530400000800935,CCTV,서울특별시 광진구 천호대로136길 64,37.54719,127.08952
202530400000800467,CCTV,서울특별시 광진구 아차산로25길 20-9 (화양동),37.54213,127.06739
202530400000800109,CCTV,서울특별시 광진구 천호대로110길 34 (능동),37.55581,127.07947
202530400000800059,CCTV,서울특별시 광진구 자양로49길 15-2 (구의동),37.55289,127.09189
202530400000800860,CCTV,서울특별시 광진구 구의동 3-8,37.55713,127.10434
202530400000800662,CCTV,서울특별시 광진구 자양로 130,37.5395,127.08337
202530400000800327,CCTV,서울특별시 광진구 군자로 38 (화양동),37.5465,127.0703
202530400000800789,CCTV,서울특별시 광진구 동일로28길 16,37.54625,127.06801
202530400000801160,CCTV,서울특별시 광진구 용마산로28길 30 (중곡동),37.56764,127.08797
202530400000800323,CCTV,서울특별시 광진구 자양로15길 108 (자양동),37.5344,127.07795
202530400000800352,CCTV,서울특별시 광진구 아차산로59길 56,37.54085,127.09086
202530400000800783,CCTV,서울특별시 광진구 능동로 216,37.55167,127.08878
202530400000800745,CCTV,서울특별시 광진구 광장동 344-10,37.54904,127.1074
202530400000800869,CCTV,서울특별시 광진구 용마산로 33길 25,37.57018,127.08446
202530400000800092,CCTV,서울특별시 광진구 면목로6길 18 (군자동),37.55611,127.07658
202530400000801097,CCTV,서울특별시 광진구 용마산로6길 13 (중곡동),37.55744,127.08874
202530400000801193,CCTV,서울특별시 광진구 능동로 90,37.53824,127.07089
202530400000800415,CCTV,서울특별시 광진구 긴고랑로38길 14 (중곡동),37.55843,127.09036
202530400000800909,CCTV,서울특별시 광진구 능동로30길 8,37.5541,127.07856
202530400000800329,CCTV,서울특별시 광진구 자양로30길 29 (구의동),37.54359,127.08645
202530400000800907,CCTV,서울특별시 광진구 능동로32길 139,37.55272,127.08575
202530400000800684,CCTV,서울특별시 광진구 영화사로9나길 32,37.55759,127.09572
202530400000800961,CCTV,서울특별시 광진구 화양동 4-14,37.54098,127.07155
202530400000801019,CCTV,서울특별시 광진구 능동로 209 (군자동),37.5529,127.07235
202530400000800704,CCTV,서울특별시 광진구 아차산로32길 17 (자양동),37.53926,127.06823
202530400000800305,CCTV,서울특별시 광진구 능동로13길 88 (화양동),37.54545,127.06866
202530400000800791,CCTV,서울특별시 광진구 영화사로 139,37.55218,127.10131
202530400000800340,CCTV,서울특별시 광진구 자양번영로8길 7 (자양동),37.53443,127.07662
202530400000800801,CCTV,서울특별시 광진구 동일로28길 16,37.54655,127.06769
202530400000800398,CCTV,서울특별시 광진구 뚝섬로37길 28 (자양동),37.53545,127.07557
202530400000800732,CCTV,서울특별시 광진구 아차산로73길 15 (광장동),37.54594,127.1039
202530400000800606,CCTV,서울특별시 광진구 자양로 35,37.53091,127.08628
202530400000800370,CCTV,서울특별시 광진구 광장로1길 19 (광장동),37.54783,127.10197
202530400000800781,CCTV,서울특별시 광진구 영화사로 7길 25,37.55673,127.09204
202530400000801008,CCTV,서울특별시 광진구 강변역로2길 18 (구의동),37.5373,127.09119
202530400000800502,CCTV,서울특별시 광진구 천호대로 798,37.54562,127.10196
202530400000800402,CCTV,서울특별시 광진구 뚝섬로27길 43 (자양동),37.53781,127.0662
202530400000800533,CCTV,서울특별시 광진구 동일로28길54,37.54592,127.06948
202530400000800498,CCTV,서울특별시 광진구 영화사로13길21,37.55514,127.09445
202530400000800733,CCTV,서울특별시 광진구 광장로1가길 31 (광장동),37.54813,127.10059
202530400000800057,CCTV,서울특별시 광진구 자양로44나길 39 (구의동),37.55157,127.09456
202530400000800709,CCTV,서울특별시 광진구 긴고랑로5길 10 (중곡동),37.56471,127.07935
202530400000800383,CCTV,서울특별시 광진구 동일로34길 19 (군자동),37.54988,127.0697
202530400000800080,CCTV,서울특별시 광진구 구의로4길 40 (구의동),37.54045,127.09164
202530400000801061,CCTV,서울특별시 광진구 뚝섬로46길 74 (자양동),37.52937,127.07592
202530400000800431,CCTV,서울특별시 광진구 아차산로 63길 17 (구의동),37.54042,127.09241
202530400000800376,CCTV,서울특별시 광진구 아차산로65길 57 (구의동),37.54239,127.09235
202530400000800523,CCTV,서울특별시 광진구 뚝섬로703-1,37.53318,127.08757
202530400000801180,CCTV,서울특별시 광진구 능동로17길 53 (화양동),37.5469,127.07062
202530400000800089,CCTV,서울특별시 광진구 뚝섬로67길 23 (구의동),37.53546,127.09062
202530400000801133,CCTV,서울특별시 광진구 동일로58길 20 (군자동),37.55718,127.07382
202530400000800460,CCTV,서울특별시 광진구 자양로 13길 31-8 (자양동),37.53442,127.08288
202530400000801127,CCTV,"서울특별시 광진구 광나루로38길 74 (구의동, 삼영)",37.5416,127.08715
202530400000801105,CCTV,서울특별시 광진구 광나루로 448 (화양동),37.54539,127.07905
202530400000801154,CCTV,서울특별시 광진구 뚝섬로30가길 18 (자양동),37.53514,127.06536
202530400000800260,CCTV,서울특별시 광진구 동일로76길 12 (중곡동),37.56771,127.07934
202530400000800113,CCTV,서울특별시 광진구 천호대로116길 26 (능동),37.55412,127.08363
202530400000800908,CCTV,서울특별시 광진구 천호대로122길 33,37.55209,127.08765
202530400000800939,CCTV,서울특별시 광진구 천호대로 548,37.55704,127.07914
202530400000800843,CCTV,서울특별시 광진구 구의동 3-17,37.5549,127.10037
202530400000800242,CCTV,서울특별시 광진구 천호대로119길 89 (중곡동),37.55903,127.08561
202530400000800887,CCTV,서울특별시 광진구 군자로 3길 15,37.5444,127.07057
202530400000800021,CCTV,서울특별시 광진구 자양로30길 43 (구의동),37.5434,127.08723
202530400000801026,CCTV,서울특별시 광진구 군자로 70 화양슈퍼 코너,37.54971,127.07093
202530400000800975,CCTV,서울특별시 광진구 광장로1길 27 (광장동),37.54795,127.10103
202530400000800479,CCTV,서울특별시 광진구 자양로2길 6 (자양동),37.5307,127.0872
202530400000801094,CCTV,서울특별시 광진구 용마산로22길 24 (중곡동),37.56372,127.08848
202530400000800250,CCTV,서울특별시 광진구 용마산로21길 65 (중곡동),37.56207,127.08508
202530400000800140,CCTV,서울특별시 광진구 자양로11길 45-8 (자양동),37.53343,127.08219
202530400000801233,CCTV,서울특별시 광진구 자양로 185,37.54417,127.08478
202530400000800012,CCTV,서울특별시 광진구 구의로 13-6 (구의동),37.53938,127.08895
202530400000800824,CCTV,서울특별시 광진구 구의동 3,37.55312,127.10055
202530400000800466,CCTV,서울특별시 광진구 자양로53길21,37.55441,127.09272
202530400000800011,CCTV,서울특별시 광진구 아차산로70길 62,37.54127,127.09891
202530400000800125,CCTV,서울특별시 광진구 능동로32길 16-16 (능동),37.5546,127.07917
202530400000800243,CCTV,서울특별시 광진구 용마산로3길 38 (중곡동),37.55615,127.08611
202530400000800378,CCTV,서울특별시 광진구 구의강변로3길 39 (구의동),37.53659,127.0903
202530400000800771,CCTV,서울특별시 광진구 자양4동 547-16,37.53682,127.069
202530400000800226,CCTV,서울특별시 광진구 면목로 74 (중곡동),37.5602,127.07954
202530400000800518,CCTV,서울특별시 광진구 자양로 117,37.5389,127.08241
202530400000800436,CCTV,서울특별시 광진구 긴고랑로 12길 40 (중곡동),37.5612,127.07987
202530400000800107,CCTV,서울특별시 광진구 천호대로116길 88 (능동),37.55231,127.08184
202530400000800815,CCTV,서울특별시 광진구 천호대로 717-18,37.54916,127.09446
202530400000800400,CCTV,서울특별시 광진구 뚝섬로25길 23 (자양동),37.53706,127.06469
202530400000800457,CCTV,서울특별시 광진구 용마산로8가길 20-15 (중곡동),37.56027,127.08969
202530400000800555,CCTV,서울특별시 광진구 군자로 43,37.54706,127.07027
202530400000800470,CCTV,서울특별시 광진구 능동로 48길 36 (중곡동),37.56224,127.08446
202530400000801001,CCTV,서울특별시 광진구 구의2동 613-38,37.54902,127.08716
202530400000800772,CCTV,서울특별시 광진구 공원방범(아차산어울림광장1),37.55225,127.09979
202530400000801023,CCTV,"서울특별시 광진구 동일로52길 10 (군자동, 파인하우스)",37.55474,127.07157
202530400000800236,CCTV,서울특별시 광진구 용마산로21길 77 (중곡동),37.56152,127.08475
202530400000801149,CCTV,서울특별시 광진구 뚝섬로36가길 26 (자양동),37.53163,127.07187
202530400000801125,CCTV,"서울특별시 광진구 자양로26길 59 (구의동, 한일익스프레스)",37.54101,127.08723
202530400000801228,CCTV,서울특별시 광진구 면목로 127,37.56502,127.08069
202530400000801200,CCTV,서울특별시 광진구 강변역로 50 (구의동),37.53271,127.09312
202530400000800943,CCTV,서울특별시 광진구 능동로 110,37.54006,127.07096
202530400000800836,CCTV,서울특별시 광진구 용마산로22길 26,37.56289,127.09128
202530400000801091,CCTV,서울특별시 광진구 용마산로28길 62 (중곡동),37.5671,127.08966
202530400000800923,CCTV,서울특별시 광진구 용마산로8길 66,37.55946,127.09137
202530400000801301,CCTV,서울특별시 광진구 뚝섬로 716 (자양동),37.53367,127.08823
202530400000800373,CCTV,서울특별시 광진구 아차산로55길 81 (구의동),37.54111,127.08698
202530400000800774,CCTV,서울특별시 광진구 영화사로107,37.55535,127.09849
202530400000800837,CCTV,서울특별시 광진구 중곡동 176-122,37.56814,127.090123
202530400000800118,CCTV,서울특별시 광진구 천호대로124길 86 (능동),37.55214,127.08481
202530400000800609,CCTV,서울특별시 광진구 자양동 783-2,37.53575,127.07439
202530400000800392,CCTV,서울특별시 광진구 자양번영로4길 17 (자양동),37.53145,127.07655
202530400000800666,CCTV,서울특별시 광진구 능동로 160,37.54487,127.07313
202530400000800757,CCTV,서울특별시 광진구 용마도시자연공원-마지막골,37.56649,127.09872
202530400000801126,CCTV,서울특별시 광진구 아차산로51길 86-12 (구의동),37.54124,127.08565
202530400000800285,CCTV,서울특별시 광진구 용마산로36길 66 (중곡동),37.56947,127.08872
202530400000800445,CCTV,서울특별시 광진구 자양로28길 14 (구의동),37.54236,127.08507
202530400000800864,CCTV,서울특별시 광진구 구의동 3-8,37.55694,127.10302
202530400000800659,CCTV,서울특별시 광진구 영화사로3길 53,37.55824,127.09265
202530400000801031,CCTV,서울특별시 광진구 자양로23길 7 (자양동),37.54132,127.08317
202530400000800829,CCTV,서울특별시 광진구 구의동 3-3,37.55614,127.09762
202530400000800955,CCTV,서울특별시 광진구 아차산로 370,37.53645,127.08385
202530400000800401,CCTV,서울특별시 광진구 능동로5길 7 (자양동),37.53708,127.06807
202530400000800214,CCTV,서울특별시 광진구 긴고랑로14길 8 (중곡동),37.56224,127.08146
202530400000800218,CCTV,서울특별시 광진구 긴고랑로6길 9 (중곡동),37.56315,127.07822
202530400000800069,CCTV,서울특별시 광진구 천호대로134길 55 (구의동),37.54723,127.08858
202530400000801020,CCTV,서울특별시 광진구 면목로 20 (군자동),37.55585,127.07581
202530400000800024,CCTV,서울특별시 광진구 자양로28길 73 (구의동),37.54173,127.08823
202530400000800161,CCTV,서울특별시 광진구 자양로2길 29 (자양동),37.53153,127.08817
202530400000800613,CCTV,서울특별시 광진구 뚝섬로58길 68,37.52926,127.08454
202530400000800462,CCTV,서울특별시 광진구 자양번영로3길38-10 (자양동),37.53249,127.07342
202530400000800448,CCTV,서울특별시 광진구 광장로1가길 49 (광장동),37.54854,127.09989
202530400000801108,CCTV,서울특별시 광진구 아차산로 191 (화양동),37.54248,127.06512
202530400000800671,CCTV,서울특별시 광진구 자양로23나길 7,37.54222,127.08263
202530400000800224,CCTV,서울특별시 광진구 긴고랑로8길 90 (중곡동),37.55966,127.077
202530400000800379,CCTV,서울특별시 광진구 동일로52길 24 (군자동),37.55445,127.07243
202530400000800585,CCTV,서울특별시 광진구 아차산로21길 62,37.54446,127.06622
202530400000800889,CCTV,서울특별시 광진구 동일로 52길 27,37.55427,127.07291
202530400000800562,CCTV,서울특별시 광진구 아차산로 75길 9,37.54628,127.10468
202530400000801114,CCTV,서울특별시 광진구 자양로 219,37.54691,127.08703
202530400000800734,CCTV,서울특별시 광진구 천호대로 760,37.54624,127.09873
202530400000800405,CCTV,서울특별시 광진구 긴고랑로9길 46 (중곡동),37.56556,127.0819
202530400000800071,CCTV,서울특별시 광진구 자양로36길 11 (구의동),37.54627,127.08754
202530400000800588,CCTV,서울특별시 광진구 군자로 114,37.54914,127.07518
202530400000801179,CCTV,서울특별시 광진구 군자로 15 (화양동),37.54473,127.07138
202530400000800577,CCTV,서울특별시 광진구 영화사로3나길 28,37.55709,127.09369
202530400000800086,CCTV,서울특별시 광진구 구의로4길 7-16 (구의동),37.54083,127.09014
202530400000800180,CCTV,서울특별시 광진구 뚝섬로 491 (자양동),37.53654,127.06519
202530400000800496,CCTV,서울특별시 광진구 긴고랑로 39길 54,37.55932,127.09282
202530400000800087,CCTV,서울특별시 광진구 구의로 56 (구의동),37.54292,127.09031
202530400000800308,CCTV,서울특별시 광진구 동일로22길 71 (화양동),37.54147,127.06831
202530400000800165,CCTV,서울특별시 광진구 아차산로 288 (자양동),37.53852,127.07501
202530400000800248,CCTV,서울특별시 광진구 긴고랑로15길 15 (중곡동),37.56276,127.08329
202530400000800476,CCTV,서울특별시 광진구 자양로15길 56 (자양동),37.53531,127.08059
202530400000800185,CCTV,서울특별시 광진구 능동로3가길 12 (자양동),37.5333,127.06563
202530400000800179,CCTV,서울특별시 광진구 동일로10길 42 (자양동),37.53763,127.06399
202530400000800942,CCTV,서울특별시 광진구 능동로 10,37.53214,127.06722
202530400000801131,CCTV,서울특별시 광진구 광나루로52길 94 (구의동),37.53928,127.09104
202530400000801050,CCTV,서울특별시 광진구 뚝섬로 585 (자양동),37.53355,127.07487
202530400000800434,CCTV,서울특별시 광진구 광장로9길 6 (광장동),37.54822,127.10613
202530400000800029,CCTV,서울특별시 광진구 자양로26길 45-7,37.54162,127.08668
202530400000800821,CCTV,서울특별시 광진구 광장동 5-112,37.55316,127.10352
202530400000801211,CCTV,서울특별시 광진구 능동로 216 (능동),37.5491,127.07545
202530400000800988,CCTV,서울특별시 광진구 자양로23가길 16 (구의동),37.54212,127.08166
202530400000800031,CCTV,서울특별시 광진구 자양로26길 14 (구의동),37.54181,127.08488
202530400000800885,CCTV,서울특별시 광진구 뚝섬로 52길 62,37.5294,127.07831
202530400000800564,CCTV,서울특별시 광진구 능동로 21길 14-10,37.55175,127.07582
202530400000800799,CCTV,서울특별시 광진구 자양로42길 44,37.54832,127.09216
202530400000801044,CCTV,서울특별시 광진구 자양로5길 33 (자양동,37.53061,127.08386
202530400000801109,CCTV,서울특별시 광진구 자양로40길 53 (구의동),37.54685,127.09174
202530400000800582,CCTV,서울특별시 광진구 아차산로44가길 16,37.53565,127.07975
202530400000800584,CCTV,서울특별시 광진구 뚝섬로33길 34,37.53634,127.06992
202530400000801275,CCTV,서울특별시 광진구 자양번영로6길 67 (자양동),37.53159,127.07932
202530400000800266,CCTV,서울특별시 광진구 용마산로29길 25 (중곡동),37.56719,127.08544
202530400000801254,CCTV,서울특별시 광진구 아차산로70길 35 (광장동),37.54205,127.10177
202530400000800655,CCTV,서울특별시 광진구 천호대로107길 40,37.5594,127.07916
202530400000800731,CCTV,서울특별시 광진구 자양번영로3길 16 (자양동),37.53207,127.0744
202530400000800221,CCTV,서울특별시 광진구 자양로43길 47 (중곡동),37.55261,127.09027
202530400000800098,CCTV,서울특별시 광진구 군자로15길 10-6 (군자동),37.55406,127.07362
202530400000800848,CCTV,서울특별시 광진구 중곡동 143-146,37.56276,127.0964
202530400000800669,CCTV,서울특별시 광진구 능동로23길 12,37.55212,127.07614
202530400000800984,CCTV,"서울특별시 광진구 아차산로70길 61 (광장동), 아차산로70길 17-62 광남중",37.54018,127.10219
202530400000800274,CCTV,서울특별시 광진구 자양로45길 89 (중곡동),37.55516,127.0898
202530400000800877,CCTV,서울특별시 광진구 아차산로 73길15길,37.54584,127.10403
202530400000800874,CCTV,서울특별시 광진구 천호대로 717-17,37.54913,127.09495
202530400000801303,CCTV,서울특별시 광진구 자양로40길 41 (구의동),37.54751,127.09079
202530400000800672,CCTV,서울특별시 광진구 아차산로 401,37.53759,127.08735
202530400000800225,CCTV,서울특별시 광진구 동일로62길 37 (중곡동),37.55937,127.0761
202530400000800944,CCTV,서울특별시 광진구 능동로 110,37.54006,127.07096
202530400000801242,CCTV,서울특별시 광진구 광나루로30길,37.54374,127.08169
202530400000801060,CCTV,서울특별시 광진구 뚝섬로64길 71 (자양동),37.53025,127.08919
202530400000800870,CCTV,서울특별시 광진구 동일로 76나길 20,37.56834,127.08032
202530400000800075,CCTV,서울특별시 광진구 광나루로52길 12 (구의동),37.54127,127.09471
202530400000801116,CCTV,서울특별시 광진구 자양로23길 79,37.53037,127.0905
202530400000801014,CCTV,서울특별시 광진구 구의로4길 15 (구의동),37.5401,127.09062
202530400000800364,CCTV,서울특별시 광진구 광나루로24길 53 (화양동),37.54506,127.07811
202530400000800652,CCTV,서울특별시 광진구 자양로 96,37.53621,127.0839
202530400000800784,CCTV,서울특별시 광진구 구의동 38-17,37.54743,127.09813
202530400000801258,CCTV,서울특별시 광진구 자양2동 680-63,37.53497,127.08764
202530400000801161,CCTV,서울특별시 광진구 천호대로101길 11 (중곡동),37.55983,127.07462
202530400000800814,CCTV,서울특별시 광진구 천호대로 717-18,37.54913,127.09393
202530400000800067,CCTV,서울특별시 광진구 자양로37길 21 (구의동),37.54836,127.08697
202530400000800096,CCTV,서울특별시 광진구 동일로52길 15-14 (군자동),37.55536,127.07253
202530400000800304,CCTV,서울특별시 광진구 긴고랑로46길 11 (화양동),37.54556,127.0742
202530400000800351,CCTV,서울특별시 광진구 아차산로57길 41 (구의동),37.54051,127.0886
202530400000800867,CCTV,서울특별시 광진구 동일로 381-1,37.56497,127.07613
202530400000801027,CCTV,서울특별시 광진구 군자로 74 (군자동),37.55105,127.07162
202530400000800100,CCTV,서울특별시 광진구 능동로27길 9 (군자동),37.55384,127.07682
202530400000800247,CCTV,서울특별시 광진구 천호대로109길 53 (중곡동),37.55932,127.08201
202530400000800795,CCTV,서울특별시 광진구 광나루로52길 12,37.54135,127.09448
202530400000800861,CCTV,서울특별시 광진구 동일로76나길 20,37.56844,127.08026
202530400000801274,CCTV,서울특별시 광진구 자양로9길 32 (자양동),37.5336,127.08278
202530400000800065,CCTV,서울특별시 광진구 자양로42길 42-24 (구의동),37.54794,127.09165
202530400000800842,CCTV,서울특별시 광진구 구의동 3-17,37.55511,127.0997
202530400000800568,CCTV,서울특별시 광진구 천호대로123길83-13,37.55913,127.08591
202530400000800614,CCTV,서울특별시 광진구 아차산로70 17-16,37.54058,127.10275
202530400000800428,CCTV,서울특별시 광진구 광나루로40길 34 (구의동),37.54333,127.08927
202530400000800454,CCTV,서울특별시 광진구 능동로46길 28 (중곡동),37.56075,127.08404
202530400000800281,CCTV,서울특별시 광진구 영화사로7길 24 (중곡동),37.55678,127.09212
202530400000800425,CCTV,서울특별시 광진구 자양번영로9길 16-4 (자양동),37.53645,127.0756
202530400000800749,CCTV,서울특별시 광진구 용마도시자연공원-입구,37.56224,127.09614
202530400000801022,CCTV,서울특별시 광진구 동일로52길 27 (군자동),37.55433,127.07298
202530400000800262,CCTV,서울특별시 광진구 답십리로88길 19 (중곡동),37.57027,127.08498
202530400000800315,CCTV,서울특별시 광진구 긴고랑로16길 50 (중곡동),37.55986,127.08172
202530400000801230,CCTV,서울특별시 광진구 자양로 45 (자양동),37.53205,127.08547
202530400000800758,CCTV,서울특별시 광진구 아차산생태공원-사무실,37.55303,127.09978
202530400000801192,CCTV,서울특별시 광진구 용마산로 127,37.56479,127.08457
202530400000800343,CCTV,서울특별시 광진구 자양로22길 61 (구의동),37.54323,127.08783
202530400000800094,CCTV,서울특별시 광진구 능동로27나길 17 (군자동),37.55418,127.07581
202530400000801078,CCTV,서울특별시 광진구 동일로80길 13 (중곡동),37.5704,127.08059
202530400000800597,CCTV,서울특별시 광진구 자양로37길 38-6,37.54884,127.08663
202530400000800381,CCTV,서울특별시 광진구 면목로5길 59 (군자동),37.55601,127.07321
202530400000800727,CCTV,서울특별시 광진구  구의동 560-5,37.55531,127.09516
202530400000800593,CCTV,서울특별시 광진구 광장동 5-116,37.55175,127.1035
202530400000800306,CCTV,서울특별시 광진구 동일로28길 38 (화양동),37.54628,127.06883
202530400000800006,CCTV,서울특별시 광진구 천호대로 143길 23,37.54656,127.10345
202530400000800876,CCTV,서울특별시 광진구 아차산로 59길 49,37.5405,127.09069
202530400000801262,CCTV,서울특별시 광진구 구의강변로 11,37.5326,127.09163
202530400000800852,CCTV,서울특별시 광진구 광장동 5-115,37.55196,127.10315
202530400000800986,CCTV,서울특별시 광진구 광나루로38길 73 (구의동),37.54174,127.08724
202530400000800054,CCTV,서울특별시 광진구 자양로52길 11 (구의동),37.55306,127.09405
202530400000800396,CCTV,서울특별시 광진구 뚝섬로34길 13 (자양동),37.53413,127.06976
202530400000800033,CCTV,서울특별시 광진구 아차산로51길 23 (구의동),37.53822,127.08502
202530400000800902,CCTV,서울특별시 광진구 능동로36길 87,37.55472,127.08384
202530400000800847,CCTV,서울특별시 광진구 중곡동 176-133,37.56843,127.090039
202530400000800276,CCTV,서울특별시 광진구 영화사로3가길 9 (중곡동),37.55791,127.09304
202530400000800651,CCTV,서울특별시 광진구 강변역로 53,37.53559,127.09385
202530400000800932,CCTV,서울특별시 광진구 광나루로30다길 30,37.54285,127.08303
202530400000801030,CCTV,서울특별시 광진구 천호대로114길 25 (능동),37.55458,127.08241
202530400000800331,CCTV,서울특별시 광진구 자양번영로13길 32 (자양동),37.53789,127.07513
202530400000801021,CCTV,서울특별시 광진구 군자로12길 45 (군자동),37.55221,127.07252
202530400000801117,CCTV,서울특별시 광진구 자양로43길 115,37.55547,127.08903
202530400000801218,CCTV,서울특별시 광진구 능동로 385 (중곡동),37.56359,127.08285
202530400000800726,CCTV,서울특별시 광진구 동일로52길 27,37.55433,127.07298
202530400000801155,CCTV,서울특별시 광진구 동일로4길 68-8 (자양동),37.53532,127.0647
202530400000800123,CCTV,서울특별시 광진구 능동로24길 41 (능동),37.55239,127.07913
202530400000800711,CCTV,서울특별시 광진구 용마산로33길 25 (중곡동),37.56999,127.08449
202530400000800019,CCTV,서울특별시 광진구 광나루로38길 27 (구의동),37.54371,127.08807
202530400000801040,CCTV,서울특별시 광진구 자양번영로4길 42-22 (자양동),37.53011,127.07731
202530400000801128,CCTV,서울특별시 광진구 아차산로49길 89 (구의동),37.54092,127.08447
202530400000800344,CCTV,서울특별시 광진구 아차산로62길 14-2 (구의동),37.53903,127.09365
202530400000800150,CCTV,서울특별시 광진구 뚝섬로48길 52 (자양동),37.52967,127.07684
202530400000800637,CCTV,서울특별시 광진구 자양로41길 26-9,37.55039,127.08989
202530400000801047,CCTV,서울특별시 광진구 자양로4길 63,37.53352,127.09021
202530400000800718,CCTV,서울특별시 광진구 아차산로31길 14 (화양동),37.54153,127.06978
202530400000800996,CCTV,"서울특별시 광진구 자양로50길 53 (구의동, 남광하이츠빌라)",37.55267,127.09534
202530400000801064,CCTV,서울특별시 광진구 긴고랑로13길 10 (중곡동),37.56313,127.08198
202530400000800851,CCTV,서울특별시 광진구 광장동 5-117,37.55189,127.10278
202530400000800421,CCTV,서울특별시 광진구 능동로32길 29 (능동),37.55489,127.08007
202530400000800135,CCTV,서울특별시 광진구 뚝섬로51길 24 (자양동),37.53368,127.08009
202530400000800090,CCTV,서울특별시 광진구 천호대로104나길 8 (군자동),37.55718,127.07503
202530400000800751,CCTV,서울특별시 광진구 용마도시자연공원-체험장,37.56305,127.09617
202530400000800663,CCTV,서울특별시 광진구 뚝섬로23가길 35,37.53867,127.0659
202530400000801158,CCTV,서울특별시 광진구 뚝섬로23길 8 (자양동),37.53743,127.06544
202530400000800311,CCTV,서울특별시 광진구 광나루로20가길 21 (화양동),37.5452,127.07528
202530400000800991,CCTV,서울특별시 광진구 워커힐로 93 (구의동),37.55029,127.09654
202530400000800208,CCTV,서울특별시 광진구 뚝섬로57길 13 (자양동),37.53231,127.08359
202530400000800575,CCTV,서울특별시 광진구 광장로77,37.54771,127.10573
202530400000801092,CCTV,서울특별시 광진구 용마산로22길 76 (중곡동),37.56539,127.08844
202530400000800362,CCTV,서울특별시 광진구 능동로 25-1 (자양동),37.53378,127.06778
202530400000800115,CCTV,서울특별시 광진구 천호대로116길 57 (능동),37.55259,127.08284
202530400000800427,CCTV,서울특별시 광진구 뚝섬로27길 19 (자양동),37.53693,127.06583
202530400000800634,CCTV,서울특별시 광진구 자양로51길 28,37.55401,127.09231
202530400000800188,CCTV,서울특별시 광진구 아차산로30길 39 (자양동),37.53895,127.06687
202530400000800670,CCTV,서울특별시 광진구 아차산로 306,37.538,127.07703
202530400000800586,CCTV,서울특별시 광진구 면목로114,37.56366,127.08013
202530400000800545,CCTV,서울특별시 광진구 영화사로 11길 39,37.55604,127.09512
202530400000801225,CCTV,서울특별시 광진구 능동로 110 (화양동),37.54096,127.07128
202530400000800549,CCTV,서울특별시 광진구 동일로 212,37.55053,127.06923
202530400000800528,CCTV,서울특별시 광진구 뚝섬로27길3,37.5361,127.06594
202530400000800576,CCTV,서울특별시 광진구 광장로89,37.548,127.10692
202530400000801028,CCTV,서울특별시 광진구 천호대로102길 36 (군자동),37.55754,127.07347
202530400000800632,CCTV,서울특별시 광진구 용마산로22길 19-19,37.5646,127.088
202530400000800061,CCTV,서울특별시 광진구 영화사로11길 22 (구의동),37.55551,127.09424
202530400000801185,CCTV,"서울특별시 광진구 아차산성, 구의지구쪽",37.55428,127.1034
202530400000801009,CCTV,"서울특별시 광진구 구의강변로3가길 24 (구의동, 동서울빌라)",37.53666,127.09179
202530400000800056,CCTV,서울특별시 광진구 자양로44나길 26-14 (구의동),37.55089,127.09595
202530400000800458,CCTV,서울특별시 광진구 긴고랑로 36길 5 (중곡동),37.55868,127.089
202530400000800372,CCTV,서울특별시 광진구 아차산로66길 8 (광장동),37.54133,127.09736
202530400000800384,CCTV,서울특별시 광진구 광나루로13길 30 (군자동),37.54952,127.06883
202530400000800657,CCTV,서울특별시 광진구 면목로 5길 36,37.55658,127.07408
202530400000800721,CCTV,서울특별시 광진구 천호대로 717-18 (구의동),37.54811,127.09644
202530400000800830,CCTV,서울특별시 광진구 구의동 3-3,37.55633,127.09678
202530400000800273,CCTV,서울특별시 광진구 영화사로5길 25 (중곡동),37.55726,127.09219
202530400000800785,CCTV,서울특별시 광진구 광나루로 56길 86,37.53687,127.09459
202530400000800809,CCTV,서울특별시 광진구 군자동 340-10,37.55272,127.07022
202530400000800239,CCTV,서울특별시 광진구 용마산로1길 22 (중곡동),37.55503,127.08739
202530400000800360,CCTV,서울특별시 광진구 뚝섬로24길 48 (자양동),37.5346,127.06286
202530400000800446,CCTV,서울특별시 광진구 자양로44가길 18 (구의동),37.55089,127.09434
202530400000800134,CCTV,서울특별시 광진구 자양로13길 100 (자양동),37.5326,127.07981
202530400000801042,CCTV,서울특별시 광진구 뚝섬로58길 13 노인보호센터 앞,37.53134,127.08443
202530400000800464,CCTV,서울특별시 광진구 자양로28길 98 (구의동),37.54154,127.0895
202530400000800883,CCTV,서울특별시 광진구 자양로 13길 41,37.5342,127.0822
202530400000801017,CCTV,"서울특별시 광진구 영화사로 87-1 (구의동, 동성주택)",37.55491,127.09584
202530400000800409,CCTV,서울특별시 광진구 군자로2길 4 (화양동),37.54433,127.07163
202530400000800489,CCTV,서울특별시 광진구 면목로182,37.56941,127.08317
202530400000800488,CCTV,서울특별시 광진구 능동로50길 31-9,37.56393,127.08525
202530400000800519,CCTV,서울특별시 광진구 자양로11길 11-1,37.53456,127.08328
202530400000801302,CCTV,서울특별시 광진구 구의강변로 11,37.53241,127.0902
202530400000800715,CCTV,서울특별시 광진구 아차산로25길 27 (화양동),37.54288,127.06681
202530400000801300,CCTV,서울특별시 광진구 아차산로 200 (자양동),37.54094,127.06606
202530400000800957,CCTV,서울특별시 광진구 능동로 90,37.53899,127.07045
202530400000800708,CCTV,서울특별시 광진구 자양4동 74-21,37.53294,127.06637
202530400000801292,CCTV,"서울특별시 광진구 용마산로22길 19-34 (중곡동, 삼보드림빌)",37.56533,127.08794
202530400000800650,CCTV,서울특별시 광진구 뚝섬로58가길 9,37.53072,127.08424
202530400000801071,CCTV,서울특별시 광진구 용마산로5길 27 (중곡동),37.55759,127.08654
202530400000800141,CCTV,서울특별시 광진구 뚝섬로57가길 55 (자양동),37.53239,127.08055
202530400000801247,CCTV,서울특별시 광진구 자양로 40길 41,37.54777,127.09033
202530400000800477,CCTV,서울특별시 광진구 긴고랑로 185-2 (중곡동),37.56021,127.09478
202530400000800424,CCTV,서울특별시 광진구 뚝섬로52다길 45 (자양동),37.52976,127.08148
202530400000801269,CCTV,서울특별시 광진구 아차산로70길 17-21,37.54106,127.1033
202530400000801234,CCTV,서울특별시 광진구 자양로 116,37.53794,127.08352
202530400000800616,CCTV,서울특별시 광진구 아차산로27길 60,37.54406,127.06899
202530400000800395,CCTV,서울특별시 광진구 뚝섬로64길 70 (자양동),37.53054,127.08914
202530400000800561,CCTV,서울특별시 광진구 아차산로 78길 18,37.5504,127.10976
202530400000800174,CCTV,서울특별시 광진구 뚝섬로36길 15 (자양동),37.53368,127.0714
202530400000800278,CCTV,서울특별시 광진구 영화사로9가길 61 (중곡동),37.55764,127.09523
202530400000801138,CCTV,서울특별시 광진구 아차산로63길 31,37.54087,127.09226
202530400000800832,CCTV,서울특별시 광진구 중곡동 143-141,37.55663,127.09605
202530400000800438,CCTV,서울특별시 광진구 영화사로9가길 39-15 (중곡동),37.55656,127.09367
202530400000800859,CCTV,서울특별시 광진구 구의동 3-10,37.556044,127.1044
202530400000800553,CCTV,서울특별시 광진구 광나루로19길 31,37.54897,127.0733
202530400000801253,CCTV,서울특별시 광진구 뚝섬로 467,37.53907,127.06237
202530400000800895,CCTV,서울특별시 광진구 구의로9길 15,37.54236,127.08815
202530400000800318,CCTV,서울특별시 광진구 천호대로110길 122 (능동),37.55231,127.07774
202530400000801110,CCTV,서울특별시 광진구 뚝섬로 52길,37.53181,127.08409
202530400000800157,CCTV,서울특별시 광진구 자양로3가길 36 (자양동),37.52866,127.08511
202530400000800509,CCTV,서울특별시 광진구 자양로25길 14-1,37.54167,127.08301
202530400000801130,CCTV,서울특별시 광진구 자양로44다길 28 (구의동),37.55089,127.09595
202530400000800130,CCTV,서울특별시 광진구 아차산로46가길 19 (자양동),37.53637,127.08196
202530400000800978,CCTV,"서울특별시 광진구 아차산로 503-23 (광장동, 청구아파트)",37.54345,127.09653
202530400000800834,CCTV,서울특별시 광진구 중곡동 143-141,37.55669,127.0957
202530400000800199,CCTV,서울특별시 광진구 능동로5길 7,37.53643,127.06745
202530400000800220,CCTV,서울특별시 광진구 동일로66길 9 (중곡동),37.56167,127.07581
202530400000801236,CCTV,서울특별시 광진구 능동로4길 17,37.53338,127.06855
202530400000800184,CCTV,서울특별시 광진구 능동로3라길 16 (자양동),37.53477,127.06491
202530400000800201,CCTV,서울특별시 광진구 능동로3길 61-8 (자양동),37.5341,127.06386
202530400000800494,CCTV,서울특별시 광진구 용마산로20길9-1,37.56268,127.08772
202530400000800133,CCTV,서울특별시 광진구 자양로15길84,37.53479,127.0789
202530400000801248,CCTV,서울특별시 광진구 천호대로 113길 7,37.55762,127.0833
202530400000800230,CCTV,서울특별시 광진구 능동로47길 35 (중곡동),37.56427,127.0811
202530400000800557,CCTV,서울특별시 광진구 군자로 5길 29,37.5448,127.06951
202530400000801045,CCTV,서울특별시 광진구 자양로6길 8 (자양동),37.53198,127.08639
202530400000800872,CCTV,서울특별시 광진구 영화사로 135-2,37.55439,127.10096
202530400000800105,CCTV,서울특별시 광진구 군자로17길 34 (군자동),37.55676,127.07722
202530400000800062,CCTV,서울특별시 광진구 영화사로15길 25,37.55511,127.09508
202530400000800515,CCTV,서울특별시 광진구 뚝섬로47길29,37.53369,127.07867
202530400000800303,CCTV,서울특별시 광진구 군자로5길 18-12 (화양동),37.54558,127.06954
202530400000801279,CCTV,서울특별시 광진구 천호대로109길 13 (중곡동),37.5575,127.08104
202530400000800917,CCTV,서울특별시 광진구 용마산로21길 23,37.5637,127.08589
202530400000800501,CCTV,서울특별시 광진구 광나루로595,37.54253,127.09458
202530400000801255,CCTV,서울특별시 광진구 구의강변로 69 구남초교 정문 앞,37.53666,127.0927
202530400000800810,CCTV,서울특별시 광진구 자양1동 231-63,37.53635,127.07986
202530400000800143,CCTV,서울특별시 광진구 자양로21길 14 (자양동),37.53992,127.08225
202530400000800332,CCTV,서울특별시 광진구 동일로20길 106 (자양동),37.53933,127.06938
202530400000800120,CCTV,서울특별시 광진구 천호대로120길 21 (능동),37.55311,127.08794
202530400000800231,CCTV,서울특별시 광진구 능동로47길 35 (중곡동),37.56364,127.08074
202530400000800277,CCTV,서울특별시 광진구 영화사로3가길 25 (중곡동),37.55749,127.09347
202530400000800878,CCTV,서울특별시 광진구 광장로1가길 31,37.54792,127.10084
202530400000800132,CCTV,서울특별시 광진구 뚝섬로47길 49 (자양동),37.53455,127.07948
202530400000800505,CCTV,서울특별시 광진구 천호대로102길60,37.55652,127.07283
202530400000800713,CCTV,서울특별시 광진구 영화사로7길 25 (중곡동),37.55905,127.09091
202530400000801029,CCTV,서울특별시 광진구 천호대로 664 (능동),37.54943,127.08758
202530400000800008,CCTV,서울특별시 광진구 광장로1다길 60 (광장동),37.55079,127.10133
202530400000800594,CCTV,서울특별시 광진구 용마산로22길 76,37.56586,127.08827
202530400000801041,CCTV,서울특별시 광진구 뚝섬로 656 성자초교앞 사거리,37.53144,127.08258
202530400000800958,CCTV,서울특별시 광진구 자양4동 72-1,37.53192,127.06629
202530400000801294,CCTV,"서울특별시 광진구 자양로42길 53 (구의동, 광진로얄빌라)",37.5482,127.09302
202530400000800767,CCTV,서울특별시 광진구 아차산생태공원-고구려정2,37.55798,127.10261
202530400000800811,CCTV,서울특별시 광진구 구의3동 624-5,37.53103,127.09197
202530400000800219,CCTV,서울특별시 광진구 동일로 374 (중곡동),37.56432,127.07628
202530400000801113,CCTV,서울특별시 광진구 아차산로 44가길 5,37.53629,127.0797
202530400000800580,CCTV,서울특별시 광진구 광장로1나길 8,37.54818,127.10197
202530400000800591,CCTV,서울특별시 광진구 광장로1다길 23,37.54511,127.09887
202530400000800825,CCTV,서울특별시 광진구 광장동 5-127,37.55287,127.10095
202530400000800617,CCTV,서울특별시 광진구 능동로103,37.54017,127.07055
202530400000800237,CCTV,서울특별시 광진구 용마산로3길 13 (중곡동),37.55631,127.08728
202530400000800413,CCTV,서울특별시 광진구 긴고랑로17길11 (중곡동),37.56299,127.08409
202530400000800658,CCTV,서울특별시 광진구 아차산로 241,37.54029,127.07021
202530400000800833,CCTV,서울특별시 광진구 구의동 3-3,37.55673,127.09676
202530400000801191,CCTV,서울특별시 광진구 아차산 해맞이공원 남동쪽,37.55823,127.10268
202530400000801223,CCTV,서울특별시 광진구 천호대로 655 (중곡동),37.55252,127.08969
202530400000800792,CCTV,서울특별시 광진구 영화사로 139,37.55435,127.09721
202530400000800875,CCTV,서울특별시 광진구 광나루로 52길 12,37.54142,127.09438
202530400000800251,CCTV,서울특별시 광진구 능동로44길 13 (중곡동),37.56085,127.08229
202530400000800928,CCTV,서울특별시 광진구 긴고랑로49길 27,37.56104,127.09502
202530400000800627,CCTV,서울특별시 광진구 동일로 338,37.56084,127.07502
202530400000800461,CCTV,서울특별시 광진구 뚝섬로56길47 (자양동),37.52936,127.08277
202530400000801103,CCTV,서울특별시 광진구 능동로13길 15 (화양동),37.54284,127.07099
202530400000800705,CCTV,서울특별시 광진구 아차산로32길 17 (자양동),37.53913,127.06856
202530400000800607,CCTV,서울특별시 광진구 자양로3길 16,37.53061,127.08561
202530400000800077,CCTV,서울특별시 광진구 구의로4길 51 (구의동),37.54071,127.09224
202530400000801118,CCTV,서울특별시 광진구 자양로41길 20,37.54998,127.08957
202530400000800335,CCTV,서울특별시 광진구 능동로55길 20 (중곡동),37.568,127.08444
202530400000800324,CCTV,서울특별시 광진구 자양로3길 7 (자양동),37.53045,127.08506
202530400000800993,CCTV,서울특별시 광진구 자양로 247 (구의동),37.54865,127.089
202530400000801219,CCTV,서울특별시 광진구 긴고랑로 18 (중곡동),37.56363,127.07825
202530400000800437,CCTV,서울특별시 광진구 긴고랑로 26길 23 (중곡동),37.55858,127.08244
202530400000800063,CCTV,서울특별시 광진구 천호대로135길 16 (구의동),37.55012,127.09224
202530400000800960,CCTV,서울특별시 광진구 강변역로 53,37.53586,127.09434
202530400000801013,CCTV,서울특별시 광진구 영화사로 111 (구의동),37.55349,127.09944
202530400000801034,CCTV,서울특별시 광진구 자양로 61,37.53325,127.08471
202530400000800210,CCTV,서울특별시 광진구 긴고랑로5길 11 (중곡동),37.56493,127.0792
202530400000800229,CCTV,서울특별시 광진구 천호대로107길 8 (중곡동),37.55841,127.07854
202530400000800973,CCTV,서울특별시 광진구 능동로 295-2,37.55631,127.0788
202530400000800322,CCTV,서울특별시 광진구 광장로7길 7 (광장동),37.54825,127.10567
202530400000800129,CCTV,서울특별시 광진구 아차산로46길 23 (자양동),37.53609,127.08083
202530400000800926,CCTV,서울특별시 광진구 용마산로36길 22,37.57082,127.0875
202530400000800189,CCTV,서울특별시 광진구 동일로18길 44 (자양동),37.53938,127.06526
202530400000800965,CCTV,서울특별시 광진구 아차산로 361,37.53672,127.08335
202530400000800326,CCTV,서울특별시 광진구 뚝섬로22길 89 (자양동),37.53411,127.06269
202530400000800797,CCTV,서울특별시 광진구 중곡동 68-19,37.55903,127.091
202530400000800901,CCTV,서울특별시 광진구 천호대로112길 53,37.55388,127.0803
202530400000800350,CCTV,서울특별시 광진구 능동로32길 82-53 (능동),37.5527,127.0818
202530400000801232,CCTV,서울특별시 광진구 아차산로 537-17 (광장동),37.54226,127.09959
202530400000801090,CCTV,서울특별시 광진구 용마산로8가길 80 (중곡동),37.56227,127.0885
202530400000800512,CCTV,서울특별시 광진구 아차산로 401-9,37.53779,127.08701
202530400000800765,CCTV,서울특별시 광진구 아차산생태공원-상록천,37.55514,127.10162
202530400000800620,CCTV,서울특별시 광진구 아차산로23길 23-5,37.54327,127.06614
202530400000800896,CCTV,서울특별시 광진구 자양로38길 17-7,37.54731,127.08919
202530400000800654,CCTV,서울특별시 광진구 구의로 19,37.53969,127.08939
202530400000800418,CCTV,서울특별시 광진구 아차산로33길 16-8 (화양동),37.54106,127.07033
202530400000800548,CCTV,서울특별시 광진구 동일로38길 17,37.55124,127.07041
202530400000800432,CCTV,서울특별시 광진구 자양로51길 46,37.55477,127.09138
202530400000800890,CCTV,서울특별시 광진구 아차산로 400,37.53662,127.08717
202530400000800931,CCTV,서울특별시 광진구 동일로24길 80-5,37.54254,127.06935
202530400000800286,CCTV,서울특별시 광진구 용마산로8길 10 (중곡동),37.55968,127.08837
202530400000800423,CCTV,서울특별시 광진구 아차산로45길 31 (자양동),37.53824,127.07999
202530400000800041,CCTV,서울특별시 광진구 광나루로30가길 9 (구의동),37.54423,127.08247
202530400000800245,CCTV,서울특별시 광진구 긴고랑로27길 26 (중곡동),37.56144,127.08613
202530400000800485,CCTV,서울특별시 광진구 긴고랑로26길23,37.55933,127.08501
202530400000801066,CCTV,서울특별시 광진구 능동로49길 9 (중곡동),37.56445,127.08273
202530400000801212,CCTV,서울특별시 광진구 천호대로 616 (능동),37.55457,127.08569
202530400000800524,CCTV,서울특별시 광진구 뚝섬로 54길 61,37.52895,127.07978
202530400000800768,CCTV,서울특별시 광진구 아차산생태공원-공영주차,37.55168,127.10022
202530400000801238,CCTV,서울특별시 광진구 자양로 81,37.53525,127.08387
202530400000801203,CCTV,서울특별시 광진구 강변역로 53 (구의동),37.53565,127.09455
202530400000800750,CCTV,서울특별시 광진구 용마도시자연공원-화장실 뒤,37.5622,127.09556
202530400000800819,CCTV,서울특별시 광진구 광장동 5-143,37.55193,127.10433
202530400000800764,CCTV,서울특별시 광진구 아차산생태공원-토요,37.55414,127.10133
202530400000800936,CCTV,서울특별시 광진구 아차산로42길 16,37.53693,127.07894
202530400000800903,CCTV,서울특별시 광진구 천호대로116길 36,37.55368,127.08338
202530400000801072,CCTV,서울특별시 광진구 용마산로 47 (중곡동),37.55783,127.08777
202530400000801259,CCTV,서울특별시 광진구 자양2동 680-63,37.53604,127.08927
202530400000800612,CCTV,서울특별시 광진구 광나루로30길 80,37.54307,127.08037
202530400000801077,CCTV,서울특별시 광진구 천호대로111길 41 (중곡동),37.5581,127.08281
202530400000800137,CCTV,서울특별시 광진구 자양로13나길 14 (자양동),37.53388,127.08039
202530400000800532,CCTV,서울특별시 광진구 동일로26길 47,37.54463,127.06861
202530400000800967,CCTV,서울특별시 광진구 광장동 401-33,37.54642,127.1014
202530400000800255,CCTV,서울특별시 광진구 능동로 411 (중곡동),37.56582,127.0839
202530400000800426,CCTV,서울특별시 광진구 뚝섬로40길 65 (자양동),37.53137,127.07153
202530400000800963,CCTV,서울특별시 광진구 아차산로 563,37.54378,127.10308
202530400000800558,CCTV,서울특별시 광진구 능동로 13길 39,37.54333,127.0704
202530400000800929,CCTV,서울특별시 광진구 긴고랑로42길 3-8,37.55871,127.0934
202530400000800840,CCTV,서울특별시 광진구 중곡동 176-112,37.56759,127.08988
202530400000800222,CCTV,서울특별시 광진구 천호대로101길 11 (중곡동),37.55981,127.07477
202530400000800868,CCTV,서울특별시 광진구 동일로 419-1,37.56795,127.07792
202530400000800009,CCTV,서울특별시 광진구 광장로1나길 16 (광장동),37.54876,127.10183
202530400000801148,CCTV,"서울특별시 광진구 뚝섬로35길 18 (자양동, 무지개빌라)",37.53558,127.07051
202530400000800680,CCTV,서울특별시 광진구 군자로13길 18-7,37.55272,127.07094
202530400000801151,CCTV,서울특별시 광진구 아차산로32길 21 (자양동),37.53901,127.06816
202530400000800787,CCTV,서울특별시 광진구 아차산로40길 46,37.53568,127.07767
202530400000800420,CCTV,서울특별시 광진구 면목로5길 15 (군자동),37.55657,127.07507
202530400000801093,CCTV,서울특별시 광진구 용마산로 128 (중곡동) 원방빌딩,37.56523,127.087
202530400000800154,CCTV,서울특별시 광진구 뚝섬로52마길 42-15 (자양동),37.52797,127.08024
202530400000801038,CCTV,"서울특별시 광진구 뚝섬로62길 47 (자양동, 효성맨션)",37.53084,127.0886
202530400000800985,CCTV,"서울특별시 광진구 아차산로70길 61 (광장동, 광장현대아파트)",37.54063,127.1
202530400000801208,CCTV,서울특별시 광진구 군자로 88 (군자동),37.55116,127.07119
202530400000800997,CCTV,"서울특별시 광진구 자양로50길 79 (구의동, 유진아트빌라)",37.55291,127.09677
202530400000801137,CCTV,서울특별시 광진구 긴고랑로30길 16 (중곡동),37.55902,127.08688
202530400000800160,CCTV,서울특별시 광진구 자양로4길 12-1 (자양동),37.53147,127.08679
202530400000800076,CCTV,서울특별시 광진구 아차산로65길 14 (구의동),37.54097,127.09414
202530400000800999,CCTV,서울특별시 광진구 자양로52길 3-9 (구의동),37.5537,127.09394
202530400000800158,CCTV,서울특별시 광진구 자양로3가길 37 (자양동),37.53642,127.08465
202530400000800111,CCTV,서울특별시 광진구 천호대로112길 10 (능동),37.55572,127.08112
202530400000800399,CCTV,서울특별시 광진구 뚝섬로22길 8 (자양동),37.53653,127.06163
202530400000800040,CCTV,서울특별시 광진구 아차산로53길 38-12 (구의동),37.53915,127.08609
202530400000801153,CCTV,서울특별시 광진구 군자로13길 6 (군자동),37.55286,127.07163
202530400000800600,CCTV,서울특별시 광진구 강변역로 18,37.53772,127.09166
202530400000800475,CCTV,서울특별시 광진구 동일로22길 89 (화양동),37.54116,127.06918
202530400000800747,CCTV,서울특별시 광진구 광장동 381-44,37.5495,127.0991
202530400000800563,CCTV,서울특별시 광진구 능동로 25길 48,37.5531,127.07471
202530400000800941,CCTV,서울특별시 광진구 자양로3길 7,37.53086,127.08643
202530400000801267,CCTV,서울특별시 광진구 긴고랑로9길 40 (중곡동),37.56531,127.08172
202530400000800102,CCTV,서울특별시 광진구 능동로27길 9 (군자동),37.55046,127.07053
202530400000800450,CCTV,서울특별시 광진구 용마산로22길 82 (중곡동),37.56726,127.08838
202530400000800232,CCTV,서울특별시 광진구 능동로47길 35 (중곡동),37.56338,127.08134
202530400000800486,CCTV,서울특별시 광진구 동일로78길47,37.56876,127.08212
202530400000801256,CCTV,서울특별시 광진구 광장로1길 19,37.54783,127.10197
202530400000800136,CCTV,서울특별시 광진구 자양로13다길 34 (자양동),37.53321,127.07812
202530400000801082,CCTV,"서울특별시 광진구 동일로72길 17 (중곡동, 중곡아파트)",37.56606,127.07838
202530400000800546,CCTV,서울특별시 광진구 광장로 7길 27,37.54898,127.10556
202530400000800761,CCTV,서울특별시 광진구 아차산생태공원-다목적,37.55247,127.10064
202530400000801069,CCTV,서울특별시 광진구 천호대로113길 50-4 (중곡동),37.55926,127.08417
202530400000801035,CCTV,서울특별시 광진구 자양번영로 32,37.53259,127.07558
202530400000800353,CCTV,서울특별시 광진구 자양로43길 18 (구의동),37.55159,127.0907
202530400000800169,CCTV,서울특별시 광진구 자양번영로3다길 11-5,37.53136,127.07352
202530400000801152,CCTV,서울특별시 광진구 동일로2길 2-8 (자양동),37.53488,127.06062
202530400000800388,CCTV,서울특별시 광진구 뚝섬로43길 7 (자양동),37.53347,127.07673
202530400000800453,CCTV,서울특별시 광진구 동일로 64길 20 (중곡동),37.56058,127.0759
202530400000800078,CCTV,서울특별시 광진구 구의로6길 21 (구의동),37.5415,127.09104
202530400000800227,CCTV,서울특별시 광진구 긴고랑로14길 63 (중곡동),37.55993,127.08025
202530400000801067,CCTV,서울특별시 광진구 동일로72길 34 (중곡동),37.56564,127.07955
202530400000800818,CCTV,서울특별시 광진구 광장동 5-112,37.55226,127.10307
202530400000800602,CCTV,서울특별시 광진구 뚝섬로44길 56,37.53031,127.0756
202530400000800729,CCTV,서울특별시 광진구 자양로13다길 34,37.53321,127.07812
202530400000800676,CCTV,서울특별시 광진구 아차산로78가길 3,37.54951,127.10931
202530400000801074,CCTV,서울특별시 광진구 용마산로3길 57 (중곡동),37.55645,127.08508
202530400000800441,CCTV,서울특별시 광진구 뚝섬로 631 (자양동),37.53211,127.07974
202530400000801295,CCTV,서울특별시 광진구 능동로6길 16 학교 정문 앞,37.53434,127.06896
202530400000800788,CCTV,서울특별시 광진구 뚝섬로 62길24,37.53192,127.08784
202530400000800363,CCTV,서울특별시 광진구 아차산로27길 45-6 (화양동),37.54364,127.06826
202530400000800371,CCTV,서울특별시 광진구 아차산로69길 36 (광장동),37.54388,127.0987
202530400000800641,CCTV,서울특별시 광진구 뚝섬로52가길 10,37.53125,127.07997
202530400000800345,CCTV,서울특별시 광진구 광장로 64 (광장동),37.54742,127.10427
202530400000800354,CCTV,서울특별시 광진구 아차산로58길 77 (구의동),37.53513,127.08979
202530400000800866,CCTV,서울특별시 광진구 구의동 3-3,37.55908,127.10237
202530400000800374,CCTV,서울특별시 광진구 자양로23길 65 (구의동),37.54326,127.08366
202530400000800910,CCTV,서울특별시 광진구 능동로24길 23,37.55199,127.07818
202530400000800093,CCTV,서울특별시 광진구 능동로27길 33 (군자동),37.55472,127.07657
202530400000800686,CCTV,서울특별시 광진구 자양로50길 22-8,37.55182,127.09369
202530400000800480,CCTV,서울특별시 광진구 동일로56가길 19-16,37.55437,127.07305
202530400000800628,CCTV,서울특별시 광진구 동일로 360,37.56299,127.07579
202530400000800994,CCTV,서울특별시 광진구 영화사로 77-1 (구의동),37.55471,127.0947
202530400000800030,CCTV,서울특별시 광진구 광나루로36길 68 (구의동),37.54217,127.08583
202530400000800538,CCTV,서울특별시 광진구 긴고랑로7길 101,37.56751,127.08137
202530400000800235,CCTV,서울특별시 광진구 긴고랑로29길 47 (중곡동),37.56204,127.0864
202530400000800906,CCTV,서울특별시 광진구 천호대로118길 33-17,37.55296,127.08555
202530400000800521,CCTV,서울특별시 광진구 자양로4가길6-10,37.53204,127.08727
202530400000801164,CCTV,서울특별시 광진구 용마산로 47 (중곡동),37.55774,127.08731
202530400000800849,CCTV,서울특별시 광진구 중곡동 143-146,37.56373,127.09699
202530400000800292,CCTV,서울특별시 광진구 자양로45길 65 (중곡동),37.55399,127.09031
202530400000800253,CCTV,서울특별시 광진구 긴고랑로 103,37.56011,127.08674
202530400000800246,CCTV,서울특별시 광진구 긴고랑로31길 28 (중곡동),37.5612,127.087
202530400000801146,CCTV,서울특별시 광진구 용마산로30길 37 (중곡동),37.56877,127.08814
202530400000800178,CCTV,서울특별시 광진구 자양번영로3나길 40 (자양동),37.53016,127.07337
202530400000801048,CCTV,서울특별시 광진구 뚝섬로40길 12 (자양동),37.53355,127.07302
202530400000800596,CCTV,서울특별시 광진구 자양로37길 43,37.54895,127.08595
202530400000800156,CCTV,서울특별시 광진구 자양로3길 39-3 (자양동),37.52987,127.08455
202530400000800619,CCTV,서울특별시 광진구 광나루로22가길 12,37.54597,127.07553
202530400000800072,CCTV,서울특별시 광진구 천호대로132길 27-7 (구의동),37.54939,127.08908
202530400000801053,CCTV,서울특별시 광진구 능동로4길 88 (자양동),37.53085,127.07147
202530400000800272,CCTV,서울특별시 광진구 동일로76길 49 (중곡동),37.56803,127.08123
202530400000800114,CCTV,서울특별시 광진구 능동로32길 82-34 (능동),37.55304,127.08239
202530400000800209,CCTV,서울특별시 광진구 긴고랑로14길 33 (중곡동),37.56123,127.08096
202530400000800106,CCTV,서울특별시 광진구 면목로5길 30-6 (군자동),37.55685,127.07461
202530400000800683,CCTV,서울특별시 광진구 뚝섬로26길 5,37.53615,127.06454
202530400000801163,CCTV,서울특별시 광진구 면목로 63-2,37.5596,127.07778
202530400000800020,CCTV,서울특별시 광진구 구의로11길 28 (구의동),37.54369,127.08876
202530400000800207,CCTV,서울특별시 광진구 뚝섬로23가길 11 (자양동),37.53795,127.0654
202530400000801299,CCTV,서울특별시 광진구 아차산로69길,37.54275,127.09831
202530400000801102,CCTV,서울특별시 광진구 광나루로30길 49 (화양동),37.54311,127.08135
202530400000800579,CCTV,서울특별시 광진구 자양로37길 85,37.54747,127.0858
202530400000800918,CCTV,서울특별시 광진구 동일로74길 31,37.56674,127.07984
202530400000800104,CCTV,서울특별시 광진구 동일로60길 25 (군자동),37.55829,127.07474
202530400000800660,CCTV,서울특별시 광진구 뚝섬로50길 39,37.53063,127.07782
202530400000800897,CCTV,서울특별시 광진구 동일로52길 11-13,37.55528,127.07219
202530400000801104,CCTV,서울특별시 광진구 군자로 27 (화양동),37.54567,127.07065
202530400000801033,CCTV,서울특별시 광진구 아차산로44길 36 (자양동),37.53645,127.07894
202530400000801284,CCTV,서울특별시 광진구 광나루로56길 34 (구의동),37.53921,127.09525
202530400000800742,CCTV,서울특별시 광진구 천호대로140길 60,37.54576,127.10073
202530400000800433,CCTV,서울특별시 광진구 아차산로 78길 153 (광장동),37.5485,127.10918
202530400000800812,CCTV,서울특별시 광진구 강변역로 40-2,37.53613,127.09466
202530400000801101,CCTV,서울특별시 광진구 군자로 18 (화양동),37.54501,127.07124
202530400000801251,CCTV,서울특별시 광진구 영화사로 111,37.55284,127.09923
202530400000800554,CCTV,서울특별시 광진구 광나루로 16길 18,37.5468,127.06919
202530400000800688,CCTV,서울특별시 광진구 천호대로119길 61,37.55755,127.08585
202530400000800626,CCTV,서울특별시 광진구 긴고랑로20길 28,37.56003,127.08321
202530400000800894,CCTV,서울특별시 광진구 광나루로36길 9-9,37.5444,127.08733
202530400000800720,CCTV,서울특별시 광진구 천호대로 717-18 (구의동),37.54927,127.09471
202530400000800284,CCTV,서울특별시 광진구 용마산로8다길 23 (중곡동),37.56176,127.08946
202530400000800122,CCTV,서울특별시 광진구 천호대로110길 87 (능동),37.55361,127.07842
202530400000800001,CCTV,서울특별시 광진구 광장로3길 22 (광장동),37.5485,127.103
202530400000800444,CCTV,서울특별시 광진구 능동로 3길 20 (자양동),37.53363,127.06658
202530400000801122,CCTV,서울특별시 광진구 아차산로73길 7-4 (광장동),37.54582,127.10427
202530400000800605,CCTV,서울특별시 광진구 광장로1가길 13,37.54749,127.10122
202530400000800970,CCTV,서울특별시 광진구 자양로 59-2,37.53298,127.08483
202530400000800844,CCTV,서울특별시 광진구 구의동 3-17,37.55492,127.10072
202530400000800193,CCTV,서울특별시 광진구 동일로4가길 9-2 (자양동),37.53593,127.06282
202530400000800097,CCTV,서울특별시 광진구 동일로48길 14-10 (군자동),37.55391,127.07102
202530400000801221,CCTV,서울특별시 광진구 능동로 324-1 (중곡동),37.55859,127.08044
202530400000800271,CCTV,서울특별시 광진구 동일로76길 51-22 (중곡동),37.56817,127.08055
202530400000800014,CCTV,서울특별시 광진구 자양로26길 91-14 (구의동),37.54099,127.089
202530400000800763,CCTV,서울특별시 광진구 아차산생태공원-습지,37.55106,127.10113
202530400000800074,CCTV,서울특별시 광진구 구의로16길 36 (구의동),37.54344,127.0926
202530400000800892,CCTV,서울특별시 광진구 아차산로 400,37.53746,127.08826
202530400000800249,CCTV,서울특별시 광진구 긴고랑로19길 34-4 (중곡동),37.56293,127.085
202530400000800153,CCTV,서울특별시 광진구 뚝섬로54길 46 (자양동),37.52968,127.07999
202530400000800449,CCTV,서울특별시 광진구 용마산로22길 82 (중곡동),37.5672,127.08895
202530400000800149,CCTV,서울특별시 광진구 자양로6길 40 (자양동),37.53278,127.08788
202530400000800162,CCTV,서울특별시 광진구 자양로4나길 31 (자양동),37.53045,127.08796
202530400000800707,CCTV,서울특별시 광진구 자양4동 553-22,37.53507,127.06781
202530400000800493,CCTV,서울특별시 광진구  천호대로127길19,37.55366,127.08983
202530400000800623,CCTV,서울특별시 광진구 천호대로111길 9,37.55694,127.08217
202530400000800753,CCTV,서울특별시 광진구 용마도시자연공원-산불장비,37.56339,127.09635
202530400000800722,CCTV,서울특별시 광진구 천호대로 717-18 (구의동),37.54793,127.09702
202530400000800972,CCTV,서울특별시 광진구 능동로 172,37.54603,127.0737
202530400000801186,CCTV,"서울특별시 광진구 아차산 능선, 긴골지구쪽",37.56313,127.10078
202530400000800919,CCTV,서울특별시 광진구 능동로51길 37-10,37.56609,127.08193
202530400000800569,CCTV,서울특별시 광진구 면목로15길30,37.56907,127.0813
202530400000800064,CCTV,서울특별시 광진구 천호대로137길 10 (구의동),37.54978,127.09315
202530400000801143,CCTV,서울특별시 광진구 뚝섬로58길 90 (자양동),37.52903,127.08357
202530400000800375,CCTV,서울특별시 광진구 광나루로54길 20 (구의동),37.54012,127.09531
202530400000800455,CCTV,서울특별시 광진구 동일로78길 46-33 (중곡동),37.56842,127.08109
202530400000801229,CCTV,서울특별시 광진구 뚝섬로 666,37.53163,127.0835
202530400000801098,CCTV,서울특별시 광진구 동일로80길 34 (중곡동),37.57008,127.08177
202530400000800517,CCTV,서울특별시 광진구 뚝섬로681,37.53227,127.08502
202530400000800228,CCTV,서울특별시 광진구 천호대로107길 22 (중곡동),37.55887,127.07889
202530400000801213,CCTV,서울특별시 광진구 능동로 248 (능동),37.5524,127.07715
202530400000800798,CCTV,서울특별시 광진구 광장동 378-76,37.55025,127.10119
202530400000800668,CCTV,서울특별시 광진구 광나루로 424,37.54607,127.07634
202530400000800070,CCTV,서울특별시 광진구 자양로36길 17-12 (구의동),37.54649,127.08829
202530400000801037,CCTV,"서울특별시 광진구 자양로6길 40 (자양동, 대양샤인빌)",37.53241,127.08897
202530400000800382,CCTV,서울특별시 광진구 면목로5길 49 (군자동),37.55645,127.07346
202530400000801085,CCTV,서울특별시 광진구 답십리로78길 11 (중곡동),37.57107,127.08138
202530400000800820,CCTV,서울특별시 광진구 광장동 5-112,37.55261,127.10373
202530400000801107,CCTV,서울특별시 광진구 아차산로21길 15 (화양동),37.54356,127.06563
202530400000800367,CCTV,서울특별시 광진구 광장로3길 18-21 (광장동),37.54751,127.10309
202530400000800574,CCTV,서울특별시 광진구 광장로1-20,37.54638,127.10153
202530400000800007,CCTV,서울특별시 광진구 아차산로78길 176 (광장동),37.54802,127.10806
202530400000801075,CCTV,서울특별시 광진구 용마산로3길 57 (중곡동),37.55867,127.08383
202530400000801170,CCTV,서울특별시 광진구 동일로80길 12 (중곡동),37.57029,127.08056
202530400000800482,CCTV,서울특별시 광진구 긴고랑로38,37.56283,127.08032
202530400000800393,CCTV,서울특별시 광진구 뚝섬로56길 59 (자양동),37.52877,127.08288
202530400000800578,CCTV,서울특별시 광진구 용마사로30길 37,37.56865,127.08808
202530400000800469,CCTV,서울특별시 광진구 면목로1길 19 (군자동),37.55507,127.07453
202530400000800238,CCTV,서울특별시 광진구 천호대로125길 35-17 (중곡동),37.55537,127.08723
202530400000801235,CCTV,서울특별시 광진구 영화사로 97,37.55464,127.0967
202530400000801012,CCTV,서울특별시 광진구 광나루로56길 5 (구의동),37.53881,127.09805
202530400000800128,CCTV,서울특별시 광진구 자양로21길 35 (자양동),37.53952,127.08133
202530400000800694,CCTV,서울특별시 광진구 광나루로56길 86 (구의동),37.53675,127.09481
202530400000800051,CCTV,서울특별시 광진구 자양로51길 10-9 (구의동),37.55386,127.09343
202530400000800542,CCTV,서울특별시 광진구 긴고랑로 44길 26-12,37.55857,127.0945
202530400000801007,CCTV,서울특별시 광진구 아차산로 426 (구의동),37.53792,127.08953
202530400000800101,CCTV,서울특별시 광진구 능동로27길 9 (군자동),37.55243,127.07496
202530400000800197,CCTV,서울특별시 광진구 능동로9길 23,37.53767,127.06797
202530400000801059,CCTV,서울특별시 광진구 능동로5길 17 (자양동),37.53681,127.06675
202530400000800899,CCTV,서울특별시 광진구 천호대로110길 8,37.55636,127.08009
202530400000800181,CCTV,서울특별시 광진구 능동로3나길 10,37.53411,127.06569
202530400000800022,CCTV,서울특별시 광진구 자양로32길 31 (구의동),37.54432,127.0866
202530400000800590,CCTV,서울특별시 광진구 아차산로39가길 8,37.53915,127.07675
202530400000800334,CCTV,서울특별시 광진구 능동로48길 59 (중곡동),37.56199,127.08584
202530400000800492,CCTV,서울특별시 광진구 용마산로28나길15,37.56825,127.08798
202530400000800636,CCTV,서울특별시 광진구 능동로36길 186,37.55238,127.08842
202530400000800754,CCTV,서울특별시 광진구 용마도시자연공원-쌍용골,37.56416,127.09639
202530400000800190,CCTV,서울특별시 광진구 아차산로22길 27 (자양동),37.54066,127.06405
202530400000801278,CCTV,서울특별시 광진구 면목로 53 (중곡동),37.55889,127.0773
202530400000800794,CCTV,서울특별시 광진구 구의동 624-1,37.5324,127.09218
202530400000800503,CCTV,서울특별시 광진구 아차산로 78길 90,37.55118,127.11069
202530400000800380,CCTV,서울특별시 광진구 동일로46길 26 (군자동),37.55355,127.07185
202530400000800288,CCTV,서울특별시 광진구 용마산로34길 15 (중곡동),37.57019,127.08716
202530400000800325,CCTV,서울특별시 광진구 뚝섬로40길 31 (자양동),37.53257,127.07255
202530400000801297,CCTV,서울특별시 광진구 군자로 70 두산위브 앞,37.54883,127.07078
202530400000801268,CCTV,서울특별시 광진구 자양로38길 55 (구의동),37.54674,127.09055
202530400000800979,CCTV,"서울특별시 광진구 아차산로 503-23 (광장동 ), 워커힐로 13 건너편",37.5433,127.09551
202530400000800103,CCTV,서울특별시 광진구 광나루로17길 14 (군자동),37.54838,127.07269
202530400000800920,CCTV,서울특별시 광진구 능동로51길 19-8,37.56597,127.08305
202530400000801056,CCTV,서울특별시 광진구 동일로4가길 2 (자양동),37.53625,127.06223
202530400000801202,CCTV,서울특별시 광진구 광나루로56길 86 (구의동),37.53776,127.09638
202530400000800481,CCTV,서울특별시 광진구 동일로56가길 19-16,37.53395,127.09015
202530400000800630,CCTV,서울특별시 광진구 용마산로 183,37.57009,127.08609
202530400000801249,CCTV,서울특별시 광진구 뚝섬로 558,37.53427,127.07162
202530400000800359,CCTV,서울특별시 광진구 동일로4길 74 (자양동),37.53567,127.06498
202530400000801111,CCTV,서울특별시 광진구 아차산로58길 47 (구의동),37.53569,127.08928
202530400000800719,CCTV,서울특별시 광진구 뚝섬로56길 28 (자양동),37.53016,127.08234
202530400000800507,CCTV,서울특별시 광진구 능동로 267-14,37.55418,127.07678
202530400000800921,CCTV,서울특별시 광진구 능동로51길 25-12,37.56569,127.08242
202530400000800971,CCTV,서울특별시 광진구 뚝섬로46길 64,37.5304,127.07492
202530400000800108,CCTV,서울특별시 광진구 능동로24길 76 (능동),37.55322,127.08056
202530400000800673,CCTV,서울특별시 광진구 뚝섬로64길 50,37.5313,127.08904
202530400000800347,CCTV,서울특별시 광진구 긴고랑로26길 7-1 (중곡동),37.56019,127.0854
202530400000800677,CCTV,서울특별시 광진구 아차산로55길 61,37.54012,127.08655
202530400000800699,CCTV,서울특별시 광진구 능동로30길 23 (능동),37.55374,127.07943
202530400000800681,CCTV,서울특별시 광진구 동일로60길 14,37.55848,127.07405
202530400000800013,CCTV,서울특별시 광진구 아차산로57길 14 (구의동),37.53914,127.08831
202530400000801205,CCTV,서울특별시 광진구 강변역로4길 56 (구의동),37.53381,127.09229
202530400000800954,CCTV,서울특별시 광진구 광나루로 389,37.54753,127.07397
202530400000800550,CCTV,서울특별시 광진구 군자로10길22,37.54887,127.07189
202530400000800730,CCTV,서울특별시 광진구  자양동 689-6,37.53084,127.0886
202530400000800808,CCTV,서울특별시 광진구 자양2동 813-1,37.52995,127.08908
202530400000800831,CCTV,서울특별시 광진구 구의동 3-3,37.55646,127.09633
202530400000801285,CCTV,서울특별시 광진구 능동로 32길 145,37.5525,127.086
202530400000800410,CCTV,서울특별시 광진구 면목로 127 (중곡동),37.56515,127.08075
202530400000800047,CCTV,서울특별시 광진구 자양로51길 11 (구의동),37.55364,127.09286
202530400000800535,CCTV,서울특별시 광진구 아차산로 21길 109,37.54655,127.06739
202530400000801167,CCTV,서울특별시 광진구 용마산로1길 89 (중곡동),37.55632,127.0839
202530400000801201,CCTV,서울특별시 광진구 강변역로4길 10 (구의동),37.53504,127.09313
202530400000800032,CCTV,서울특별시 광진구 아차산로49길 70 (구의동),37.54003,127.08419
202530400000801032,CCTV,서울특별시 광진구 아차산로 344 (자양동),37.53709,127.08071
202530400000800793,CCTV,서울특별시 광진구 광나루로 389,37.5475,127.07347
202530400000800275,CCTV,서울특별시 광진구 용마산로22길 10-10 (중곡동),37.5631,127.08767
202530400000800987,CCTV,서울특별시 광진구 광나루로30다길 3 (구의동),37.5434,127.0815
202530400000800045,CCTV,서울특별시 광진구 광나루로 517-10 (구의동),37.54564,127.08721
202530400000800490,CCTV,서울특별시 광진구 면목로13길 17,37.56922,127.0824
202530400000800735,CCTV,서울특별시 광진구 천호대로 760,37.54656,127.09898
202530400000800084,CCTV,서울특별시 광진구 광나루로52길 83 (구의동),37.53933,127.0915
202530400000800213,CCTV,서울특별시 광진구 동일로70길 22 (중곡동),37.56455,127.078
202530400000801095,CCTV,서울특별시 광진구 용마산로30길 17 (중곡동),37.56876,127.08682
202530400000800857,CCTV,서울특별시 광진구 구의동 3-12,37.55387,127.10315
202530400000800355,CCTV,서울특별시 광진구 아차산로70길 17-16 (과장동),37.54151,127.10242
202530400000801190,CCTV,서울특별시 광진구 아차산 해맞이공원 서쪽,37.55992,127.09899
202530400000801276,CCTV,서울특별시 광진구 능동로4길 51 (자양동),37.53218,127.0701
202530400000800397,CCTV,서울특별시 광진구 능동로4길 13 (자양동),37.53338,127.06855
202530400000800746,CCTV,서울특별시 광진구 자양3동 784-2,37.53584,127.0677
202530400000800700,CCTV,서울특별시 광진구 자양로13길 41 (자양동),37.53435,127.08221
202530400000800571,CCTV,서울특별시 광진구 능동로24길60-84길,37.55254,127.08014
202530400000800530,CCTV,서울특별시 광진구 아차산로192,37.54129,127.0645
202530400000800447,CCTV,서울특별시 광진구 구의로10길 12 (구의동),37.54215,127.09092
202530400000800408,CCTV,서울특별시 광진구 능동로13길 39 (화양동),37.54411,127.06975
202530400000801226,CCTV,서울특별시 광진구 능동로 125 (화양동),37.54204,127.07143
202530400000801087,CCTV,서울특별시 광진구 동일로 452-1 (중곡동),37.57057,127.07999
202530400000800778,CCTV,서울특별시 광진구 자양로13다길 34,37.53297,127.07834
202530400000800646,CCTV,서울특별시 광진구 군자로 96-14,37.55133,127.07181
202530400000801081,CCTV,서울특별시 광진구 동일로72길 23-5 (중곡동),37.56604,127.07916
202530400000800508,CCTV,서울특별시 광진구 자양로18길6,37.53735,127.08387
202530400000800204,CCTV,서울특별시 광진구 동일로18가길 13 (자양동),37.53906,127.06454
202530400000800386,CCTV,서울특별시 광진구 아차산로44길 26 (자양동),37.53654,127.07973
202530400000800312,CCTV,서울특별시 광진구 광나루로26길 24 (화양동),37.54541,127.07729
202530400000800556,CCTV,서울특별시 광진구 능동로 17길 6,37.54611,127.07297
202530400000800300,CCTV,서울특별시 광진구 아차산로 241 (화양동),37.54062,127.07054
202530400000800088,CCTV,서울특별시 광진구 아차산로59길 13 (구의동),37.53948,127.0907
202530400000800687,CCTV,서울특별시 광진구 용마산로14길 9-5,37.56152,127.08798
202530400000800946,CCTV,서울특별시 광진구 광나루로 377-2,37.54784,127.07433
202530400000800159,CCTV,서울특별시 광진구 뚝섬로60길 6 (자양동),37.53257,127.08654
202530400000801281,CCTV,서울특별시 광진구 광나루로 18길 21 (화양동),37.54675,127.07203
202530400000800796,CCTV,서울특별시 광진구 광나루로56길 86,37.53692,127.09502
202530400000800048,CCTV,서울특별시 광진구 영화사로16가길 21 (구의동),37.55362,127.09558
202530400000801005,CCTV,서울특별시 광진구 구의3동 215-10 교통섬,37.53722,127.0934
202530400000800293,CCTV,서울특별시 광진구 자양로43길 86 (중곡동),37.55444,127.0895
202530400000800419,CCTV,서울특별시 광진구 아차산로25길 76 (화양동),37.54454,127.06815
202530400000800685,CCTV,서울특별시 광진구 광나루로40길 56,37.54229,127.08899
202530400000800002,CCTV,서울특별시 광진구 아차산로 540 (광장동),37.54244,127.10147
202530400000800937,CCTV,서울특별시 광진구 용마산로5길 40,37.55752,127.08559
202530400000801004,CCTV,서울특별시 광진구 구의강변로 86 세양아파트 입구,37.53805,127.09368
202530400000800739,CCTV,서울특별시 광진구 천호대로140길 60,37.54413,127.09922
202530400000800263,CCTV,서울특별시 광진구 용마산로31길 16 (중곡동),37.56934,127.08527
202530400000800175,CCTV,서울특별시 광진구 자양번영로5길 16 (자양동),37.53273,127.07448
202530400000800977,CCTV,서울특별시 광진구 아차산로70길 35 (광장동),37.54205,127.10177
202530400000800027,CCTV,서울특별시 광진구 구의로1길 26 (구의동),37.53907,127.0868
202530400000800234,CCTV,서울특별시 광진구 능동로48가길 36 (중곡동),37.56342,127.08581
202530400000800034,CCTV,서울특별시 광진구 아차산로49길 32 (구의동),37.53848,127.08438
202530400000800023,CCTV,서울특별시 광진구 자양로30길 14,37.54363,127.08565
202530400000800407,CCTV,서울특별시 광진구 능동로15길 11 (화양동),37.54518,127.07213
202530400000801260,CCTV,서울특별시 광진구 자양2동 680-63,37.53402,127.08998
202530400000800656,CCTV,서울특별시 광진구 동일로32길 14-6,37.54908,127.0689
202530400000801096,CCTV,서울특별시 광진구 긴고랑로 152 (중곡동),37.55865,127.09167
202530400000800827,CCTV,서울특별시 광진구 영화사로 107,37.55481,127.09804
202530400000800196,CCTV,서울특별시 광진구 동일로10길 5 (자양동),37.53891,127.0626
202530400000800290,CCTV,서울특별시 광진구 긴고랑로46길 11,37.56024,127.09561
202530400000800752,CCTV,서울특별시 광진구 용마도시자연공원-사방댐,37.56302,127.09658
202530400000800052,CCTV,서울특별시 광진구 영화사로16길 19 (구의동),37.55454,127.09594
202530400000800241,CCTV,서울특별시 광진구 긴고랑로 110 (중곡동),37.55925,127.08691
202530400000800629,CCTV,서울특별시 광진구 동일로68길 49,37.5612,127.07835
202530400000800182,CCTV,서울특별시 광진구 뚝섬로24길 27 (자양동),37.5353,127.0633
202530400000800339,CCTV,서울특별시 광진구 천호대로124길 62 (능동),37.55157,127.0861
202530400000800882,CCTV,서울특별시 광진구 자양로 13다길 34,37.53317,127.07809
202530400000800484,CCTV,서울특별시 광진구 능동로40길13,37.55802,127.08086
202530400000800145,CCTV,서울특별시 광진구 자양로19길 54 (자양동),37.53818,127.08046
202530400000801209,CCTV,서울특별시 광진구 능동로 295 (군자동),37.55592,127.07854
202530400000800095,CCTV,서울특별시 광진구 능동로25길 22 (군자동),37.55299,127.07587
202530400000800279,CCTV,서울특별시 광진구 영화사로9길 10 (중곡동),37.55554,127.09329
202530400000801043,CCTV,서울특별시 광진구 자양로5길 33 (자양동,37.53112,127.08394
202530400000800451,CCTV,서울특별시 광진구 용마산로22길 82 (중곡동),37.56725,127.08795
202530400000801162,CCTV,"서울특별시 광진구 동일로66길 36 (중곡동, 건일)",37.56121,127.0771
202530400000800531,CCTV,서울특별시 광진구 자양강변길 119,37.53216,127.06511
202530400000800756,CCTV,서울특별시 광진구 용마도시자연공원-청용골,37.56605,127.0984
202530400000801244,CCTV,서울특별시 광진구 광나루로619,37.54106,127.09613
202530400000800256,CCTV,서울특별시 광진구 용마산로31길 31 (중곡동),37.56911,127.08425
202530400000801178,CCTV,서울특별시 광진구 자양로50길 48 (구의동),37.55256,127.09511
202530400000800573,CCTV,서울특별시 광진구 군자로15길21,37.55442,127.07351
202530400000801215,CCTV,서울특별시 광진구 뚝섬로 626 (자양동),37.53215,127.07903
202530400000800716,CCTV,서울특별시 광진구 화양동 110-34,37.54656,127.07183
202530400000800777,CCTV,서울특별시 광진구 광장동 5-113,37.55223,127.10375
202530400000801062,CCTV,서울특별시 광진구 아차산로 326 (자양동),37.53748,127.0792
202530400000800516,CCTV,서울특별시 광진구 자양로13다길10,37.53271,127.07928
202530400000801245,CCTV,서울특별시 광진구 면목로178,37.56889,127.08302
202530400000800017,CCTV,서울특별시 광진구 구의로 65 (구의동),37.54398,127.09043
202530400000800858,CCTV,서울특별시 광진구 구의동 3-10,37.55496,127.10399
202530400000800552,CCTV,서울특별시 광진구 광나루로 19길51,37.54976,127.07265
202530400000800291,CCTV,서울특별시 광진구 용마산로2길 45 (중곡동),37.55596,127.09076
202530400000801273,CCTV,서울특별시 광진구 능동로32길 67 (능동),37.55414,127.08212
202530400000800412,CCTV,서울특별시 광진구 용마산로7길 59 (중곡동),37.55997,127.08464
202530400000800346,CCTV,서울특별시 광진구 동일로4길 60 (자양동),37.53571,127.06409
202530400000800215,CCTV,서울특별시 광진구 긴고랑로12길 12 (중곡동),37.56225,127.08068
202530400000801159,CCTV,서울특별시 광진구 긴고랑로4길 5 (중곡동),37.56357,127.0776
202530400000800287,CCTV,서울특별시 광진구 용마산로36길 44 (중곡동),37.57039,127.08833
202530400000800314,CCTV,서울특별시 광진구 긴고랑로 19 (중곡동),37.56385,127.07872
202530400000800131,CCTV,서울특별시 광진구 자양로15길 6 (자양동),37.53604,127.08312
202530400000801224,CCTV,서울특별시 광진구 아차산로 219,37.54111,127.06778
202530400000800337,CCTV,서울특별시 광진구 아차산로21길 97(화양동),37.54615,127.06707
202530400000800610,CCTV,서울특별시 광진구 능동로3길 61-8,37.53382,127.06383
202530400000800693,CCTV,서울특별시 광진구 광나루로44길 32 (구의동),37.54288,127.09113
202530400000800581,CCTV,서울특별시 광진구 자양로15길 27,37.53556,127.08238
202530400000800116,CCTV,서울특별시 광진구 천호대로118길 36 (능동),37.55318,127.08466
202530400000800992,CCTV,서울특별시 광진구 천호대로130길 26 (구의동),37.55067,127.08879
202530400000800953,CCTV,서울특별시 광진구 아차산로 236,37.54018,127.06944
202530400000801177,CCTV,서울특별시 광진구 자양로45길 103 (중곡동),37.55552,127.08984
202530400000800474,CCTV,서울특별시 광진구 면목로 172 (중곡동),37.56864,127.08282
202530400000801210,CCTV,서울특별시 광진구 천호대로 512 (군자동),37.55856,127.07546
202530400000800333,CCTV,서울특별시 광진구 동일로66길 28 (중곡동),37.56151,127.07652
202530400000801063,CCTV,서울특별시 광진구 자양로 43 (자양동),37.53191,127.08563
202530400000801184,CCTV,서울특별시 광진구 광나루로44길 44 (구의동),37.54238,127.09118
202530400000800615,CCTV,서울특별시 광진구 동일로22길 117-20,37.54128,127.07084
202530400000801282,CCTV,서울특별시 광진구 아차산로 384-1,37.5377,127.0879
202530400000801189,CCTV,서울특별시 광진구 긴고랑계곡,37.56383,127.09632
202530400000801195,CCTV,서울특별시 광진구 아차산로 612,37.54763,127.10684
202530400000800881,CCTV,서울특별시 광진구 천호대로 760,37.54656,127.09829
202530400000800678,CCTV,서울특별시 광진구 뚝섬로57길 50,37.53394,127.08245
202530400000800913,CCTV,서울특별시 광진구 능동로43길 37-16,37.56143,127.07937
202530400000800499,CCTV,서울특별시 광진구 자양로209,37.5459,127.0859
202530400000800044,CCTV,서울특별시 광진구 자양로45길 13 (구의동),37.55178,127.09139
202530400000800737,CCTV,서울특별시 광진구 도로명주소 없음,37.54926,127.10142
202530400000800320,CCTV,서울특별시 광진구 자양로47길 11 (구의동),37.55223,127.09191
202530400000801296,CCTV,서울특별시 광진구 자양번영로 12 (자양동),37.53057,127.07501
202530400000801289,CCTV,서울특별시 광진구 용마산로3길 104 (중곡동),37.5575,127.08256
202530400000801141,CCTV,서울특별시 광진구 아차산로40길 49 (자양동),37.53554,127.07791
202530400000800026,CCTV,서울특별시 광진구 구의로1길 12 (구의동),37.53916,127.08758
202530400000801181,CCTV,서울특별시 광진구 광진구아차산로21길 64-43 (화양동),37.54437,127.06714
202530400000800117,CCTV,서울특별시 광진구 천호대로118길 16 (능동),37.55412,127.08523
202530400000801240,CCTV,서울특별시 광진구 뚝섬로31길51,37.53761,127.06853
202530400000801079,CCTV,"서울특별시 광진구 능동로53길 13 (중곡동, 정인주택)",37.56658,127.08385
202530400000800779,CCTV,서울특별시 광진구 자양동 553-22,37.53512,127.06822
202530400000801214,CCTV,서울특별시 광진구 능동로 209(군자동),37.55065,127.076
202530400000801288,CCTV,서울특별시 광진구 능동로 42 (자양동),37.53522,127.06863
202530400000801227,CCTV,서울특별시 광진구 능동로 109 (화양동),37.54086,127.07091
202530400000800679,CCTV,서울특별시 광진구 자양로3길 65-9,37.52926,127.08315
202530400000800336,CCTV,서울특별시 광진구 용마산로30길 6 (중곡동),37.5683,127.08629
202530400000801174,CCTV,서울특별시 광진구 광나루로40길 84 (구의동),37.54107,127.08867
202530400000800598,CCTV,서울특별시 광진구 구의동 4-20,37.55317,127.09835
202530400000800804,CCTV,서울특별시 광진구 구의2동 612-35,37.54817,127.08566
202530400000800540,CCTV,서울특별시 광진구 용마산로 33길 9-7,37.56975,127.08539
202530400000800770,CCTV,서울특별시 광진구 중곡 4동 30-75,37.56602,127.08498
202530400000800925,CCTV,서울특별시 광진구 용마산로36길 28-10,37.57042,127.08788
202530400000800510,CCTV,서울특별시 광진구 광나루로 38길 8,37.54437,127.08802
202530400000800050,CCTV,서울특별시 광진구 자양로54길 11 (구의동),37.55387,127.09458
202530400000801291,CCTV,서울특별시 광진구 동일로72길 43 (중곡동),37.56544,127.08013
202530400000800724,CCTV,서울특별시 광진구 천호대로 717-18 (구의동),37.54751,127.09834
202530400000800394,CCTV,서울특별시 광진구 뚝섬로64길 14 (자양동),37.53309,127.08886
202530400000800748,CCTV,서울특별시 광진구 용마도시자연공원-사무실,37.56227,127.09624
202530400000800270,CCTV,서울특별시 광진구 동일로78길 20 (중곡동),37.56924,127.08062
202530400000800682,CCTV,서울특별시 광진구 천호대로129길 49,37.55369,127.09187
202530400000801088,CCTV,서울특별시 광진구 용마산로 191 (중곡동),37.57086,127.08603
202530400000801115,CCTV,서울특별시 광진구 자양로23길 79,37.54379,127.08379
202530400000800487,CCTV,서울특별시 광진구 능동로53길24-1,37.56666,127.08318
202530400000800863,CCTV,서울특별시 광진구 구의동 3-8,37.55601,127.10272
202530400000800855,CCTV,서울특별시 광진구 광장동 5-124,37.55278,127.101693
202530400000800665,CCTV,서울특별시 광진구 광나루로13길 16,37.549,127.0686
202530400000801068,CCTV,서울특별시 광진구 긴고랑로22길 29,37.55984,127.08381
202530400000800259,CCTV,서울특별시 광진구 답십리로 78길 (중곡동),37.56985,127.0813
202530400000800947,CCTV,서울특별시 광진구 천호대로 549,37.55741,127.07946
202530400000800267,CCTV,서울특별시 광진구 답십리로84길 6 (중곡동),37.57098,127.08394
202530400000800269,CCTV,서울특별시 광진구 답십리로82길 18 (중곡동),37.57055,127.08269
202530400000800537,CCTV,서울특별시 광진구 능동로 16길 14,37.54483,127.07387
202530400000801089,CCTV,서울특별시 광진구 긴고랑로 136 (중곡동),37.55909,127.09011
202530400000800404,CCTV,서울특별시 광진구 긴고랑로7길 69 (중곡동),37.56638,127.08068
202530400000800948,CCTV,서울특별시 광진구 능동로 419,37.56643,127.08435
202530400000800904,CCTV,서울특별시 광진구 능동로32길 106-13,37.55274,127.08369
202530400000801194,CCTV,서울특별시 광진구 광나루로56길 85,37.53584,127.09572
202530400000800317,CCTV,서울특별시 광진구 용마산로4길 26 (중곡동),37.55656,127.08957
202530400000800442,CCTV,서울특별시 광진구 뚝섬로 700 (자양동),37.53302,127.08694
202530400000800478,CCTV,서울특별시 광진구 자양로44길 30-1 (구의동),37.55043,127.09311
202530400000800854,CCTV,서울특별시 광진구 광장동 5-123,37.5525401,127.10256
202530400000800176,CCTV,서울특별시 광진구 자양번영로3길 16 (자양동),37.53185,127.07445
202530400000800969,CCTV,서울특별시 광진구 아차산로 355,37.53702,127.08216
202530400000800252,CCTV,서울특별시 광진구 긴고랑로16길 9-9 (중곡동),37.56141,127.0832
202530400000801283,CCTV,서울특별시 광진구 자양로39길 19 (구의동),37.54917,127.08833
202530400000800813,CCTV,서울특별시 광진구 광장동 516-2,37.54163,127.09615
202530400000801166,CCTV,서울특별시 광진구 긴고랑로2길 25 (중곡동 마을마당),37.56267,127.07681
202530400000801207,CCTV,서울특별시 광진구 구의강변로 45 (구의동),37.53472,127.09164
202530400000800127,CCTV,서울특별시 광진구 자양로13길 41 (자양동),37.53437,127.08195
202530400000800511,CCTV,서울특별시 광진구 아차산로53길 62-14,37.54027,127.08615
202530400000801252,CCTV,서울특별시 광진구 능동로 368,37.56222,127.08211
202530400000800522,CCTV,서울특별시 광진구 뚝섬로52길 71,37.52922,127.07837
202530400000801175,CCTV,서울특별시 광진구 천호대로127길 16 (중곡동),37.5536,127.08978
202530400000800838,CCTV,서울특별시 광진구 중곡동 176-122,37.56811,127.09044
202530400000800203,CCTV,서울특별시 광진구 동일로10길 25 (자양동),37.53829,127.06341
202530400000800342,CCTV,서울특별시 광진구 자양번영로 81 (자양동),37.53697,127.07667
202530400000800003,CCTV,서울특별시 광진구 아차산로78길 53 (광장동),37.55144,127.10983
202530400000800377,CCTV,서울특별시 광진구 구의강변로3가길 3 (구의동),37.53582,127.0916
202530400000801065,CCTV,서울특별시 광진구 긴고랑로 51 (중곡동),37.5626,127.08206
202530400000800468,CCTV,서울특별시 광진구 동일로 30길 28 (화양동),37.54758,127.0688
202530400000800601,CCTV,서울특별시 광진구 자양강변길 301,37.52944,127.07532
202530400000800483,CCTV,서울특별시 광진구 긴고랑로30길34,37.55825,127.08699
202530400000800922,CCTV,서울특별시 광진구 용마산로27길 28,37.56662,127.08543
202530400000800981,CCTV,서울특별시 광진구 광장로3길 19 (광장동),37.54788,127.10277
202530400000800016,CCTV,서울특별시 광진구 자양로30길 79 (구의동),37.54298,127.08942
202530400000800905,CCTV,서울특별시 광진구 능동로36길 141,37.55361,127.08652
202530400000801265,CCTV,서울특별시 광진구 뚝섬로 41길 33,37.53493,127.07531
202530400000800173,CCTV,서울특별시 광진구 능동로8길 28 (자양동),37.53603,127.07073
202530400000801057,CCTV,서울특별시 광진구 뚝섬로 476 (자양동),37.53666,127.06322
202530400000800321,CCTV,서울특별시 광진구 광나루로52길 66 (구의동),37.5399,127.0923
202530400000800506,CCTV,서울특별시 광진구 면목로38,37.55741,127.07664
202530400000800723,CCTV,서울특별시 광진구 천호대로 717-18 (구의동),37.54787,127.0982
202530400000800294,CCTV,서울특별시 광진구 아차산로21길 47 (화양동),37.54421,127.06534
202530400000800744,CCTV,서울특별시 광진구 구의1동 668-5,37.54585,127.08845
202530400000800202,CCTV,서울특별시 광진구 동일로12길 20 (자양동),37.53953,127.06335
202530400000800417,CCTV,서울특별시 광진구 용마산로30길 49 (중곡동),37.56863,127.08898
202530400000801293,CCTV,서울특별시 광진구 뚝섬로 561,37.5361,127.07356
202530400000800638,CCTV,서울특별시 광진구 자양로 282,37.55092,127.09155
202530400000800717,CCTV,서울특별시 광진구 군자로3길 15 (화양동),37.54455,127.07065
202530400000800139,CCTV,서울특별시 광진구 자양로13길 73 (자양동),37.53351,127.08096
202530400000800776,CCTV,서울특별시 광진구 천호대로 717-18,37.54934,127.09481
202530400000801124,CCTV,서울특별시 광진구 자양로32길 14 (구의동),37.54433,127.0859
202530400000800828,CCTV,서울특별시 광진구 구의동 3-3,37.55611,127.09823
202530400000800766,CCTV,서울특별시 광진구 아차산생태공원-고구려정1,37.55816,127.10236
202530400000800714,CCTV,서울특별시 광진구 동일로28길 16 (화양동),37.54655,127.06769
202530400000800949,CCTV,서울특별시 광진구 동일로 419,37.56832,127.07829
202530400000801120,CCTV,서울특별시 광진구 군자로 142,37.55421,127.07517
202530400000800440,CCTV,서울특별시 광진구 능동로 32길 35 (능동),37.55474,127.08081
202530400000800459,CCTV,서울특별시 광진구 광장로1다길31 (광장동),37.55009,127.10233
202530400000800124,CCTV,서울특별시 광진구 능동로26길 23 (능동),37.55269,127.07855
202530400000800495,CCTV,서울특별시 광진구 용마산로8나길 36,37.56015,127.09053
202530400000800526,CCTV,서울특별시 광진구 자양번영로 7길 3,37.53551,127.07636
202530400000800853,CCTV,서울특별시 광진구 광장동 5-125,37.55223,127.10206
202530400000800385,CCTV,서울특별시 광진구 아차산로40길 28 (자양동),37.53641,127.07814
202530400000801216,CCTV,서울특별시 광진구 아차산로 218 (자양동),37.54091,127.06739
202530400000800216,CCTV,서울특별시 광진구 능동로43길 38 (중곡동),37.56177,127.0797
202530400000800365,CCTV,서울특별시 광진구 군자로13길 35 (군자동),37.5519,127.07049
202530400000800968,CCTV,서울특별시 광진구 중곡동 30-51,37.56596,127.08454
202530400000801100,CCTV,서울특별시 광진구 아차산로21길 47 (화양동),37.54403,127.0659
202530400000800534,CCTV,서울특별시 광진구 아차산로 23길 45,37.54392,127.06687
202530400000801080,CCTV,서울특별시 광진구 동일로80길 24 (중곡동),37.5702,127.08117
202530400000801287,CCTV,서울특별시 광진구 뚝섬로56길 7 (자양동),37.53089,127.08265
202530400000801139,CCTV,서울특별시 광진구 자양번영로8길 7 (자양동),37.53443,127.07644
202530400000801156,CCTV,서울특별시 광진구 능동로7길 14 (자양동),37.53699,127.06819
202530400000800710,CCTV,서울특별시 광진구 긴고랑로5길 10 (중곡동),37.55964,127.0841
202530400000800319,CCTV,서울특별시 광진구 자양로22길 58(구의동),37.53982,127.08641
202530400000800452,CCTV,서울특별시 광진구 용마산로22길 82 (중곡동),37.56686,127.08787
202530400000800964,CCTV,서울특별시 광진구  능동로 90,37.5392,127.07035
202530400000800313,CCTV,서울특별시 광진구 아차산로31길 14 (화양동),37.54167,127.06953
202530400000800835,CCTV,서울특별시 광진구 중곡동 143-119,37.56185,127.09081
202530400000800258,CCTV,서울특별시 광진구 능동로53길 30-12 (중곡동),37.56724,127.08244
202530400000800982,CCTV,서울특별시 광진구 아차산로69길 29 (광장동),37.54399,127.09728
202530400000800389,CCTV,서울특별시 광진구 뚝섬로59길 18 (자양동),37.533,127.08394
202530400000801277,CCTV,서울특별시 광진구 긴고랑로4길 30 (중곡동) 도로명 주소 X,37.5625,127.07705
202530400000800513,CCTV,서울특별시 광진구 광나루로44길55,37.54186,127.09121
202530400000800642,CCTV,서울특별시 광진구 뚝섬로24길 74,37.53301,127.06225
202530400000800282,CCTV,서울특별시 광진구 영화사로 51 (중곡동),37.55567,127.09234
202530400000800701,CCTV,서울특별시 광진구 아차산로40길 46 (자양동),37.53582,127.07771
202530400000800058,CCTV,서울특별시 광진구 천호대로137길 38 (구의동),37.55076,127.09368
202530400000800112,CCTV,서울특별시 광진구 천호대로112길 25 (능동),37.55509,127.08119
202530400000800411,CCTV,서울특별시 광진구 긴고랑로3길 19-2 (중곡동),37.56538,127.0783
202530400000800873,CCTV,서울특별시 광진구 영화사로 135-1,37.55372,127.09939
202530400000801222,CCTV,서울특별시 광진구 용마산로 44 (중곡동),37.5577,127.08805
202530400000800702,CCTV,서울특별시 광진구 뚝섬로62길 24 (자양동),37.53213,127.08783
202530400000800349,CCTV,서울특별시 광진구 긴고랑로44길 42 (중곡동),37.55836,127.09444
202530400000800816,CCTV,서울특별시 광진구 자양1동 859-1,37.53845,127.08144
202530400000800952,CCTV,서울특별시 광진구 아차산로 397,37.53745,127.08674
202530400000800974,CCTV,서울특별시 광진구 면목로 98,37.56243,127.07947
202530400000800945,CCTV,서울특별시 광진구 아차산로 383,37.53714,127.08541
202530400000800850,CCTV,서울특별시 광진구 광장동 5-117,37.55186,127.101886
202530400000801237,CCTV,서울특별시 광진구 광나루로 375-1,37.54803,127.0718
202530400000800959,CCTV,서울특별시 광진구 천호대로 556,37.55688,127.07959
202530400000800192,CCTV,서울특별시 광진구 뚝섬로22가길 22 (자양동),37.53551,127.06238
202530400000800361,CCTV,서울특별시 광진구 능동로 49 (자양동),37.53444,127.06806
202530400000801134,CCTV,서울특별시 광진구 군자로 129-5 (군자동),37.55389,127.07373
202530400000800560,CCTV,서울특별시 광진구 아차산로39길 36,37.53894,127.07569
202530400000800893,CCTV,서울특별시 광진구 아차산로 400,37.53748,127.08901
202530400000800301,CCTV,서울특별시 광진구 답십리로84길 56 (중곡동),37.56868,127.08366
202530400000800916,CCTV,서울특별시 광진구 능동로 386-16,37.56299,127.08316
202530400000801018,CCTV,서울특별시 광진구 천호대로134길 2 (구의동),37.54921,127.09081
202530400000800200,CCTV,서울특별시 광진구 뚝섬로30길 15 (자양동),37.53522,127.06655
202530400000801002,CCTV,서울특별시 광진구 구의강변로3길 19 (구의동),37.53604,127.09105
202530400000801046,CCTV,"서울특별시 광진구 뚝섬로62길 33-8 (자양동, 목화맨션)",37.53183,127.0884
202530400000800914,CCTV,서울특별시 광진구 천호대로125길 58,37.55706,127.08731
202530400000800962,CCTV,서울특별시 광진구 광나루로56길 85,37.53587,127.09525
202530400000800205,CCTV,서울특별시 광진구 동일로10나길 18 (자양동),37.53828,127.06431
202530400000800773,CCTV,서울특별시 광진구 공원방범(아차산어울림광장2),37.55179,127.10084
202530400000801304,CCTV,서울특별시 광진구 구의로 7,37.53876,127.08923
202530400000800465,CCTV,서울특별시 광진구 자양로48길 20 (구의동),37.55133,127.09317
202530400000800500,CCTV,서울특별시 광진구 광장로5길 25-1,37.54865,127.10495
202530400000800177,CCTV,서울특별시 광진구 자양번영로1길 27 (자양동),37.53084,127.07341
202530400000800950,CCTV,서울특별시 광진구 동일로 403,37.56659,127.07726
202530400000801264,CCTV,서울특별시 광진구 천호대로140길 40 (광장동),37.54428,127.10024
202530400000800198,CCTV,서울특별시 광진구 뚝섬로32길 17 (자양동),37.53471,127.06713
202530400000800690,CCTV,서울특별시 광진구 광나루로52길 12 (구의동),37.54125,127.09432
202530400000800119,CCTV,서울특별시 광진구 천호대로120길 21 (능동),37.55313,127.08636
202530400000800826,CCTV,서울특별시 광진구 광장동 5-124,37.55293,127.10112
202530400000800888,CCTV,서울특별시 광진구 광나루로 389,37.54774,127.07322
202530400000800706,CCTV,서울특별시 광진구 자양1동 859-1,37.53859,127.08173
202530400000800060,CCTV,서울특별시 광진구 자양로43길 8 (구의동),37.55123,127.09106
202530400000800989,CCTV,서울특별시 광진구 자양로23길 21 (구의동),37.54171,127.08243
202530400000800880,CCTV,서울특별시 광진구 아차산로 78길 133,37.54899,127.10995
202530400000800295,CCTV,서울특별시 광진구 동일로28길 16 (화양동),37.54621,127.06793
202530400000800884,CCTV,서울특별시 광진구 뚝섬로 56길 28,37.53019,127.08248
202530400000801083,CCTV,"서울특별시 광진구 긴고랑로7길 60 (중곡동, 주원그린빌)",37.56604,127.0805
202530400000800603,CCTV,서울특별시 광진구 뚝섬로 561,37.53397,127.07253
202530400000800138,CCTV,서울특별시 광진구 자양로9길 24-3 (자양동),37.53385,127.08294
202530400000800618,CCTV,서울특별시 광진구 아차산로27길 20,37.54261,127.06802
202530400000800653,CCTV,서울특별시 광진구 구의로3길 11,37.54025,127.08794
202530400000800927,CCTV,서울특별시 광진구 긴고랑로47길 19,37.5619,127.09556
202530400000800845,CCTV,서울특별시 광진구 아차산로25길 27,37.54274,127.06706
202530400000800712,CCTV,서울특별시 광진구 영화사로7길 25 (중곡동),37.55694,127.09214
202530400000800738,CCTV,서울특별시 광진구 도로명주소 없음,37.54976,127.10132
202530400000801250,CCTV,서울특별시 광진구 능동로 87,37.53916,127.06937
202530400000801217,CCTV,서울특별시 광진구 뚝섬로 472 (자양동),37.5366,127.06336
202530400000800566,CCTV,서울특별시 광진구 동일로 26길 9,37.54531,127.06668
202530400000801157,CCTV,서울특별시 광진구 뚝섬로23길 48  (자양동),37.53727,127.06602
202530400000800036,CCTV,서울특별시 광진구 자양로23길 86 (구의동),37.54425,127.084
202530400000800689,CCTV,서울특별시 광진구 자양로42길 44 (구의동),37.54832,127.09216
202530400000801051,CCTV,서울특별시 광진구 뚝섬로35길 16-20 (자양동),37.53531,127.07138
202530400000801173,CCTV,서울특별시 광진구 면목로12길 37 (중곡동),37.56785,127.08383
202530400000801106,CCTV,서울특별시 광진구 능동로 145 (화양동),37.54362,127.07222
202530400000801145,CCTV,서울특별시 광진구 뚝섬로58길 13 (자양동),37.53126,127.08429
202530400000800348,CCTV,서울특별시 광진구 능동로55길 43 (중곡동),37.56801,127.08314
202530400000800430,CCTV,서울특별시 광진구 자양로37길 22-10 (구의동),37.54868,127.08741
202530400000800439,CCTV,서울특별시 광진구 동일로 44길 17 (군자동),37.5531,127.07133
202530400000801144,CCTV,서울특별시 광진구 뚝섬로52라길 61-12 (자양동),37.52968,127.08182
202530400000801006,CCTV,서울특별시 광진구 광나루로44길 32 (구의동),37.54273,127.09124
202530400000800806,CCTV,서울특별시 광진구 중곡4동 72-122,37.56103,127.09553
202530400000801196,CCTV,서울특별시 광진구 아차산로 553 (광장동),37.54352,127.10243
202530400000800565,CCTV,서울특별시 광진구 군자로 160-1,37.55511,127.07674
202530400000800572,CCTV,서울특별시 광진구 군자로11길11,37.55078,127.07019
202530400000800667,CCTV,서울특별시 광진구 능동로19길 10,37.54705,127.07328
202530400000800223,CCTV,서울특별시 광진구 긴고랑로8길 60 (중곡동),37.56104,127.07772
202530400000800299,CCTV,서울특별시 광진구 동일로22길 28 (화양동),37.54224,127.0659
202530400000800736,CCTV,서울특별시 광진구 도로명주소 없음,37.56863,127.07793
202530400000801272,CCTV,서울특별시 광진구 구의로16길 68 (구의동),37.54235,127.09358
202530400000800790,CCTV,서울특별시 광진구 아차산로 31길 14,37.54145,127.06965
202530400000800146,CCTV,서울특별시 광진구 뚝섬로52마길 60 (자양동),37.52873,127.08111
202530400000800085,CCTV,서울특별시 광진구 아차산로59길 21-13 (구의동),37.53973,127.09007
202530400000801286,CCTV,서울특별시 광진구 뚝섬로52길 74 (자양동),37.52986,127.07848
202530400000800696,CCTV,서울특별시 광진구 동일로56길 29 (군자동),37.55601,127.07374
202530400000801099,CCTV,서울특별시 광진구 용마산로28길 43 (중곡동),37.56741,127.0886
202530400000800280,CCTV,서울특별시 광진구 영화사로9길 70-12 (중곡동),37.55674,127.09465
202530400000800167,CCTV,서울특별시 광진구 자양번영로9길 6-7 (자양동),37.53656,127.07618
202530400000800802,CCTV,서울특별시 광진구 중곡1동 248-29,37.56272,127.07687
202530400000800611,CCTV,서울특별시 광진구 자양동 57-2,37.53273,127.06291
202530400000800429,CCTV,서울특별시 광진구 천호대로134길 31 (구의동),37.54821,127.08972
202530400000800649,CCTV,서울특별시 광진구 면목로 136-1,37.56551,127.08112
202530400000800083,CCTV,서울특별시 광진구 아차산로60길 13-13 (구의동),37.5383,127.09237
202530400000800951,CCTV,서울특별시 광진구 중곡3동 485-7,37.56727,127.07705
202530400000800703,CCTV,서울특별시 광진구 뚝섬로34길 25-19 (자양동),37.53366,127.06985
202530400000800005,CCTV,서울특별시 광진구 천호대로 809 (광장동),37.54587,127.10359
202530400000800527,CCTV,서울특별시 광진구 자양동 84-27,37.53305,127.06438
202530400000800082,CCTV,서울특별시 광진구 광나루로52길 43 (구의동),37.54043,127.09325
202530400000800443,CCTV,서울특별시 광진구 자양번영로 3길 27 (자양동),37.53211,127.07342
202530400000801039,CCTV,"서울특별시 광진구 자양강변길 297 (자양동, 신호빌라트)",37.5298,127.07477
202530400000800414,CCTV,서울특별시 광진구 답십리로74길 15 (중곡동),37.57101,127.08051
202530400000801086,CCTV,서울특별시 광진구 동일로 462 (중곡동),37.57162,127.08024
202530400000800391,CCTV,서울특별시 광진구 뚝섬로56길 35 (자양동),37.52999,127.08272
202530400000801132,CCTV,서울특별시 광진구 강변역로 17 (구의동),37.5381,127.09204
202530400000800536,CCTV,서울특별시 광진구 광나루로 14길 26,37.54683,127.06836
202530400000800473,CCTV,서울특별시 광진구 자양로18길 72 (구의동),37.53833,127.08744
202530400000800068,CCTV,서울특별시 광진구 자양로33길 44 (구의동),37.54784,127.08634
202530400000800126,CCTV,서울특별시 광진구 능동로32길 16-16 (능동),37.55393,127.0792
202530400000800195,CCTV,서울특별시 광진구 군자로15길36,37.555,127.07333
202530400000800639,CCTV,서울특별시 광진구 자양로37길 38,37.54872,127.08639
202530400000800358,CCTV,서울특별시 광진구 뚝섬로36길 38 (자양동),37.53294,127.07051
202530400000800018,CCTV,서울특별시 광진구 자양로30길 87-10 (구의동),37.54348,127.08962
202530400000800520,CCTV,서울특별시 광진구 자양로13길 20,37.53526,127.08295
202530400000800839,CCTV,서울특별시 광진구 중곡동 176-122,37.56787,127.09047
202530400000800338,CCTV,서울특별시 광진구 광나루로17길 14-14 (군자동),37.54885,127.07273
202530400000801169,CCTV,서울특별시 광진구 능동로57길 30-5 (중곡동),37.56831,127.08396
202530400000800608,CCTV,서울특별시 광진구 뚝섬로64길 45,37.53114,127.09032
202530400000800142,CCTV,서울특별시 광진구 뚝섬로55길 19 (자양동),37.53238,127.08236
202530400000800933,CCTV,서울특별시 광진구 천호대로136길 43,37.5478,127.09027
202530400000800194,CCTV,서울특별시 광진구 동일로 34-11 (자양동),37.53574,127.06125
202530400000800211,CCTV,서울특별시 광진구 긴고랑로1길 11 (중곡동),37.5647,127.0775
202530400000800152,CCTV,서울특별시 광진구 뚝섬로54길 24 (자양동),37.53064,127.08049
202530400000800456,CCTV,서울특별시 광진구 긴고랑로 36길57 (중곡동),37.55707,127.09126
202530400000800170,CCTV,서울특별시 광진구 아차산로38길 5-16 (자양동),37.53818,127.07537
202530400000800268,CCTV,서울특별시 광진구 답십리로 370 (중곡동),37.57156,127.08151
202530400000800645,CCTV,서울특별시 광진구 자양로15길 72,37.53502,127.07974
202530400000800938,CCTV,서울특별시 광진구 동일로74길 15,37.56701,127.07892
202530400000801239,CCTV,서울특별시 광진구 용마산로 134,37.56503,127.08656
202530400000800081,CCTV,서울특별시 광진구 구의로4길 60 (구의동),37.54109,127.09275
202530400000800055,CCTV,서울특별시 광진구 자양로44길 125 (구의동),37.55131,127.09655
202530400000800163,CCTV,서울특별시 광진구 자양번영로11길 4-9 (자양동),37.53753,127.07667
202530400000800264,CCTV,서울특별시 광진구 면목로16길 10 (중곡동),37.56953,127.08376
202530400000800463,CCTV,서울특별시 광진구 동일로10가길23 (자양동),37.53868,127.06383
202530400000800042,CCTV,서울특별시 광진구 자양로44길 141-7 (구의동),37.55164,127.09554
202530400000800664,CCTV,서울특별시 광진구 뚝섬로 515,37.53564,127.06755
202530400000800187,CCTV,서울특별시 광진구 아차산로32길 21 (자양동),37.53901,127.06808
202530400000800589,CCTV,서울특별시 광진구 아차산로39길 38-7,37.53923,127.0752
202530400000800298,CCTV,서울특별시 광진구 동일로24길 56 (화양동),37.54312,127.06823
202530400000800369,CCTV,서울특별시 광진구 광장로7길 24 (광장동),37.54876,127.10537
202530400000800891,CCTV,서울특별시 광진구 아차산로 400,37.53695,127.08706
202530400000801206,CCTV,서울특별시 광진구 구의동 611 (구의),37.53792,127.09699
202530400000800871,CCTV,서울특별시 광진구 광나루로 447,37.54568,127.07923
202530400000800010,CCTV,서울특별시 광진구 광장로 1 (광장동),37.54543,127.09779
202530400000800172,CCTV,서울특별시 광진구 뚝섬로36길 49-8 (자양동),37.53204,127.07084
202530400000800035,CCTV,서울특별시 광진구 아차산로49길 50 (구의동),37.53916,127.08429
202530400000800171,CCTV,서울특별시 광진구 뚝섬로36가길 43 (자양동),37.53117,127.07272
202530400000800148,CCTV,서울특별시 광진구 자양로5길 13 (자양동),37.53164,127.08507
202530400000800099,CCTV,서울특별시 광진구 능동로29가길 24 (군자동),37.55572,127.07791
202530400000800066,CCTV,서울특별시 광진구 자양로35길 35,37.54811,127.08595
202530400000800762,CCTV,서울특별시 광진구 아차산생태공원-생태자료,37.55179,127.10103
202530400000800330,CCTV,서울특별시 광진구 천호대로121길 6 (중곡동),37.55551,127.08656
202530400000800911,CCTV,서울특별시 광진구 능동로32길 12,37.55523,127.07916
202530400000801261,CCTV,서울특별시 광진구 자양4동 41-9,37.5378,127.06193
202530400000801298,CCTV,서울특별시 광진구 아차산로76길 19 (광장동),37.54747,127.10795
202530400000800930,CCTV,서울특별시 광진구 긴고랑로42길 3-15,37.55879,127.0941
202530400000800254,CCTV,서울특별시 광진구 동일로76나길 20 (중곡동),37.56858,127.0801
202530400000800621,CCTV,서울특별시 광진구 군자로6길 20,37.54593,127.07174
202530400000800186,CCTV,서울특별시 광진구 아차산로30길 18,37.53987,127.06744
202530400000800998,CCTV,서울특별시 광진구 자양로52길 21-19 (구의동),37.55354,127.09498
202530400000801135,CCTV,서울특별시 광진구 천호대로102길 55 (군자동),37.55679,127.07303
202530400000800547,CCTV,서울특별시 광진구 동일로56길 48,37.55536,127.07461
202530400000800644,CCTV,서울특별시 광진구 뚝섬로31가길 12,37.53612,127.06733
202530400000800624,CCTV,서울특별시 광진구 천호대로 585,37.55594,127.08322
202530400000800570,CCTV,서울특별시 광진구 용마산로22길9,37.56358,127.08772
202530400000800038,CCTV,서울특별시 광진구 아차산로53길 53 (구의동),37.53972,127.08565
202530400000801016,CCTV,서울특별시 광진구 아차산로 435 강변SK뷰 교통섬,37.53822,127.09068
202530400000801070,CCTV,서울특별시 광진구 용마산로 111 (중곡동),37.56347,127.0868
202530400000800817,CCTV,서울특별시 광진구 영화사로 139,37.55215,127.10267
202530400000800640,CCTV,서울특별시 광진구 뚝섬로52가길 42,37.53081,127.08158
202530400000801121,CCTV,서울특별시 광진구 구의강변로 96,37.5391,127.09406
202530400000800541,CCTV,서울특별시 광진구 영화사로 16,37.55773,127.08931
202530400000800780,CCTV,서울특별시 광진구 동일로 399,37.56631,127.07736
202530400000801015,CCTV,서울특별시 광진구 광나루로 532 (구의동),37.54483,127.08837
202530400000801241,CCTV,서울특별시 광진구 능동로69,37.53716,127.06922
202530400000800633,CCTV,서울특별시 광진구 용마산로8라길 30,37.56121,127.09047
202530400000801054,CCTV,서울특별시 광진구 능동로 42 신양초교 후문입구,37.53481,127.07009
202530400000800862,CCTV,서울특별시 광진구 동일로76나길 20,37.56843,127.08038
202530400000800539,CCTV,서울특별시 광진구 천호대로119길 16,37.55537,127.08617
202530400000801136,CCTV,서울특별시 광진구 긴고랑로13길 33 (중곡동),37.56406,127.0824
202530400000800529,CCTV,서울특별시 광진구 아차산로24길 17,37.54017,127.06485
202530400000800471,CCTV,서울특별시 광진구 아차산 순환도로 (광장동),37.55117,127.1005
202530400000800592,CCTV,서울특별시 광진구 광장동 5-119,37.55141,127.10197
202530400000800567,CCTV,서울특별시 광진구 면목로9길31,37.56079,127.07662
202530400000801187,CCTV,"서울특별시 광진구 뻥튀기골, 길목",37.56823,127.0892
202530400000801011,CCTV,서울특별시 광진구 구의강변로 35 (구의동),37.53398,127.09151
202530400000800191,CCTV,서울특별시 광진구 자양강변길 19 (자양동),37.53426,127.0611
202530400000801280,CCTV,서울특별시 광진구 능동로51길 37-1 (중곡동),37.56647,127.08204
202530400000801150,CCTV,서울특별시 광진구 뚝섬로27길 39 (자양동),37.53776,127.06596
202530400000801246,CCTV,서울특별시 광진구 아차산로 343,37.53731,127.08117
202530400000800966,CCTV,서울특별시 광진구 자양로 117,37.53834,127.08327
202530400000800356,CCTV,서울특별시 광진구 뚝섬로49길 59 (자양동),37.53454,127.08043
202530400000800316,CCTV,서울특별시 광진구 답십리로78길 9-16 (중곡동),37.57104,127.08227
202530400000800037,CCTV,서울특별시 광진구 아차산로55길 23 (구의동),37.53854,127.0865
202530400000800147,CCTV,서울특별시 광진구 뚝섬로52마길 60 (자양동),37.52783,127.0844
202530400000800309,CCTV,서울특별시 광진구 광나루로24길 12 (화양동),37.54577,127.07609
202530400000801172,CCTV,서울특별시 광진구 용마산로25길 22 (중곡동),37.56607,127.08569
202530400000800995,CCTV,서울특별시 광진구 영화사로 98-1 (구의동),37.55441,127.09686
202530400000800865,CCTV,서울특별시 광진구 구의동 3-3,37.55783,127.1039
202530400000801290,CCTV,서울특별시 광진구 천호대로113길 10,37.55807,127.08509
202530400000800551,CCTV,서울특별시 광진구 천호대로 104길22,37.55755,127.07535
202530400000800728,CCTV,서울특별시 광진구 구의강변로3길 39,37.53659,127.0903
202530400000800692,CCTV,서울특별시 광진구 아차산로59길 49 (구의동),37.5406,127.09066
202530400000800043,CCTV,서울특별시 광진구 자양로44길 69 (구의동),37.54979,127.09498
202530400000801052,CCTV,서울특별시 광진구 뚝섬로 561 (자양동),37.53451,127.07179
202530400000801176,CCTV,서울특별시 광진구 용마산로32길 33 (중곡동),37.56942,127.08813
202530400000801025,CCTV,서울특별시 광진구 동일로 222 (군자동),37.55162,127.06948
202530400000800698,CCTV,서울특별시 광진구 능동로30길 23 (능동),37.55356,127.07928
202530400000800879,CCTV,서울특별시 광진구 영화사로 145,37.55226,127.10056
202530400000800697,CCTV,서울특별시 광진구 천호대로116길 66 (능동),37.55242,127.08298
202530400000801073,CCTV,서울특별시 광진구 용마산로1길 65 (중곡동),37.55595,127.08486
202530400000800782,CCTV,서울특별시 광진구 긴고랑로 143,37.55878,127.09099
202530400000800587,CCTV,서울특별시 광진구 능동로 237,37.55104,127.07614
202530400000801266,CCTV,서울특별시 광진구 긴고랑로13길 69 (중곡동),37.56547,127.08318
202530400000800497,CCTV,서울특별시 광진구 천호대로112길 60,37.55351,127.08017
202530400000801147,CCTV,서울특별시 광진구 뚝섬로40길 14 (자양동),37.53339,127.07284
202530400000800661,CCTV,서울특별시 광진구 구의강변로 77,37.53769,127.0933
202530400000801204,CCTV,서울특별시 광진구 강변역로 53 (구의동),37.53553,127.09431
202530400000800244,CCTV,서울특별시 광진구 용마산로1길 91 (중곡동),37.55647,127.08356
202530400000800583,CCTV,서울특별시 광진구 뚝섬로58길 58,37.52958,127.08522
202630500000800283,CCTV,서울특별시 동대문구 답십리동 산2-1,37.5706,127.061
202630500000800188,CCTV,서울특별시 동대문구 황물로17길 24,37.5646,127.059
202630500000800296,CCTV,서울특별시 동대문구 답십리로56길 60,37.5702,127.059
202630500000800291,CCTV,서울특별시 동대문구 전농로 94,37.573,127.057
202630500000800259,CCTV,서울특별시 동대문구 답십리로210-9 맞은 편,37.5718,127.063
202630500000800687,CCTV,서울특별시 동대문구 장한로 17,37.5631,127.065
202630500000800213,CCTV,서울특별시 동대문구 답십리로56길 21,37.5719,127.059
202630500000800711,CCTV,서울특별시 동대문구 장한로5길 45,37.5651,127.064
202630500000800738,CCTV,서울특별시 동대문구 답십리로72길 46,37.5699,127.073
202630500000800648,CCTV,서울특별시 동대문구 천호대로77길 62,37.5644,127.062
202630500000800766,CCTV,서울특별시 동대문구 서울 동대문구 장한로18길 82-9,37.5673,127.073
202630500000800275,CCTV,서울특별시 동대문구 답십리동 산2-1,37.5717,127.06
202630500000800677,CCTV,서울특별시 동대문구 장한로 51,37.5655,127.067
202630500000800657,CCTV,서울특별시 동대문구 장안벚꽃로 77,37.5672,127.073
202630500000800795,CCTV,서울특별시 동대문구 장한로22길 18,37.5688,127.07
202630500000800843,CCTV,서울특별시 동대문구 한천로28길27,37.5731,127.068
202630500000800686,CCTV,서울특별시 동대문구 장한로 85,37.5687,127.069
202630500000800278,CCTV,서울특별시 동대문구 답십리동 산2-1,37.5712,127.06
202630500000800658,CCTV,서울특별시 동대문구 천호대로87길 43,37.5636,127.068
202630500000800771,CCTV,서울특별시 동대문구 장한로25길 45,37.5718,127.068
202630500000800237,CCTV,서울특별시 동대문구 답십리로53길 18,37.5735,127.059
202630500000800702,CCTV,서울특별시 동대문구 장한로14길 61,37.5655,127.07
202630500000800682,CCTV,서울특별시 동대문구 한천로2길 16,37.563,127.059
202630500000800239,CCTV,서울특별시 동대문구 답십리로52길 45-7,37.5707,127.058
202630500000800755,CCTV,서울특별시 동대문구 한천로14길 17-10,37.5676,127.064
202630500000800292,CCTV,서울특별시 동대문구 답십리로56길 15,37.5719,127.059
202630500000800181,CCTV,서울특별시 동대문구 전농로4길 49,37.5675,127.057
202630500000800730,CCTV,서울특별시 동대문구 한천로4길 12,37.5634,127.059
202630500000800675,CCTV,서울특별시 동대문구 장한로17길 13-10,37.5669,127.067
202630500000800680,CCTV,서울특별시 동대문구 장한로16길 16,37.5667,127.069
202630500000800200,CCTV,서울특별시 동대문구 답십리로56길21,37.5701,127.06
202630500000800803,CCTV,서울특별시 동대문구 답십리로 304,37.5715,127.074
202630500000800760,CCTV,서울특별시 동대문구 한천로10길 22,37.5658,127.062
202630500000800192,CCTV,서울특별시 동대문구 황물로17길 24,37.5649,127.059
202630500000800208,CCTV,서울특별시 동대문구 황물로17길 27,37.565,127.059
202630500000800684,CCTV,서울특별시 동대문구 천호대로85길 28,37.5631,127.066
202630500000800701,CCTV,서울특별시 동대문구 장한로5가길 31,37.5668,127.064
202630500000800179,CCTV,서울특별시 동대문구 전농로4길 49,37.5672,127.058
202630500000800667,CCTV,서울특별시 동대문구 답십리로68길 97,37.5682,127.067
202630500000800703,CCTV,서울특별시 동대문구 답십리로66길 3,37.5724,127.068
202630500000800740,CCTV,서울특별시 동대문구 장한로2길 8,37.562,127.065
202630500000800883,CCTV,서울특별시 동대문구 답십리로69길 11,37.5729,127.073
202630500000800216,CCTV,서울특별시 동대문구 답십리로48다길 16,37.5694,127.058
202630500000800177,CCTV,서울특별시 동대문구 전농로4길 49,37.5669,127.058
202630500000800284,CCTV,서울특별시 동대문구 답십리동 산2-1,37.5717,127.062
202630500000800736,CCTV,서울특별시 동대문구 한천로8길 15,37.5648,127.061
202630500000800671,CCTV,서울특별시 동대문구 장한로10길 51,37.5643,127.07
202630500000800729,CCTV,서울특별시 동대문구 답십리로66길 44-5,37.5707,127.067
202630500000800689,CCTV,서울특별시 동대문구 한천로6가길 3,37.564,127.06
202630500000800810,CCTV,서울특별시 동대문구 장한로20길 26,37.5681,127.07
202630500000800841,CCTV,서울특별시 동대문구 장한로26나길 51,37.5693,127.071
202630500000800688,CCTV,서울특별시 동대문구 한천로 72-35,37.5679,127.063
202630500000800652,CCTV,서울특별시 동대문구 장한로2길 41,37.5619,127.067
202630500000800240,CCTV,서울특별시 동대문구 황물로15길 10-6,37.5651,127.057
202630500000800758,CCTV,서울특별시 동대문구 장안벚꽃로 67,37.5663,127.073
202630500000800187,CCTV,서울특별시 동대문구 답십리로51길 3-10,37.5737,127.058
202630500000800761,CCTV,서울특별시 동대문구 한천로 36,37.5652,127.06
202630500000800750,CCTV,서울특별시 동대문구 장안동 24-1,37.5674,127.075
202630500000800176,CCTV,서울특별시 동대문구 전농로4길 49,37.5666,127.059
202630500000800243,CCTV,서울특별시 동대문구 답십리로56길 77-6,37.5694,127.059
202630500000800194,CCTV,서울특별시 동대문구 답십리로58길 52,37.5722,127.058
202630500000800743,CCTV,서울특별시 동대문구 천호대로79길 49,37.5648,127.063
202630500000800214,CCTV,서울특별시 동대문구 한천로11다길 78,37.5683,127.059
202630500000800281,CCTV,서울특별시 동대문구 답십리동 산2-1,37.571,127.06
202630500000800223,CCTV,서울특별시 동대문구 답십리로48나길 12,37.5698,127.058
202630500000800894,CCTV,서울특별시 동대문구 장한로28가길 17,37.5737,127.072
202630500000800662,CCTV,서울특별시 동대문구 장한로17길 20,37.568,127.067
202630500000800749,CCTV,서울특별시 동대문구 장안동 24-2,37.5663,127.074
202630500000800753,CCTV,서울특별시 동대문구 장한로6길 37(카페시월 앞 사거리),37.5629,127.068
202630500000800233,CCTV,서울특별시 동대문구 전농로4가길8,37.5668,127.058
202630500000800890,CCTV,서울특별시 동대문구 장한로26가길 53,37.5694,127.07
202630500000800659,CCTV,서울특별시 동대문구 장안동 190-62,37.5677,127.063
202630500000800184,CCTV,서울특별시 동대문구 답십리로51길 3-10,37.5734,127.058
202630500000800683,CCTV,서울특별시 동대문구 장한로 34,37.5638,127.066
202630500000800273,CCTV,서울특별시 동대문구 답십리동 산2-1,37.5719,127.061
202630500000800207,CCTV,서울특별시 동대문구 전농로 70,37.571,127.057
202630500000800655,CCTV,서울특별시 동대문구 한천로2길 78,37.5624,127.063
202630500000800727,CCTV,서울특별시 동대문구 천호대로77길 10,37.5627,127.061
202630500000800696,CCTV,서울특별시 동대문구 한천로24길 47-2,37.5697,127.067
202630500000800196,CCTV,서울특별시 동대문구 한천로17길 10,37.5697,127.063
202630500000800222,CCTV,서울특별시 동대문구 답십리로56길 89,37.5684,127.058
202630500000800716,CCTV,서울특별시 동대문구 장안동 164-1,37.57,127.065
202630500000800189,CCTV,서울특별시 동대문구 답십리동 998-1,37.567,127.057
202630500000800779,CCTV,서울특별시 동대문구 장한로26나길 6,37.5715,127.072
202630500000800148,CCTV,서울특별시 동대문구 전농로 81,37.5723,127.057
202630500000800819,CCTV,서울특별시 동대문구 답십리로69길 11,37.5729,127.074
202630500000800271,CCTV,서울특별시 동대문구 답십리동 산2-1,37.5726,127.061
202630500000800723,CCTV,서울특별시 동대문구 답십리로64길 135,37.5672,127.064
202630500000800285,CCTV,서울특별시 동대문구 답십리동 산2-1,37.5724,127.063
202630500000800745,CCTV,서울특별시 동대문구 천호대로95길 16,37.5625,127.07
202630500000800666,CCTV,서울특별시 동대문구 답십리로68길24,37.5714,127.069
202630500000800252,CCTV,서울특별시 동대문구 답십리동 산2-1,37.5733,127.061
202630500000800721,CCTV,서울특별시 동대문구 천호대로77다길 11-18,37.5663,127.064
202630500000800678,CCTV,서울특별시 동대문구 천호대로83길 46,37.5642,127.065
202630500000800705,CCTV,서울특별시 동대문구 천호대로89길 58,37.564,127.069
202630500000800249,CCTV,서울특별시 동대문구 답십리동 2-299,37.5717,127.062
202630500000800885,CCTV,서울특별시 동대문구 장한로24길 27,37.5704,127.072
202630500000800293,CCTV,서울특별시 동대문구 답십리로56길125,37.5678,127.058
202630500000800182,CCTV,서울특별시 동대문구 답십리로51길 3-10,37.5731,127.058
202630500000800274,CCTV,서울특별시 동대문구 답십리동 산2-1,37.5717,127.062
202630500000800763,CCTV,서울특별시 동대문구 천호대로97길 68,37.5633,127.072
202630500000800185,CCTV,서울특별시 동대문구 답십리로51길 3-10,37.5732,127.057
202630500000800882,CCTV,서울특별시 동대문구 장한로26길 27,37.5715,127.072
202630500000800724,CCTV,서울특별시 동대문구 천호대로79길26,37.5637,127.063
202630500000800663,CCTV,서울특별시 동대문구 답십리로68길 52-4,37.5703,127.068
202630500000800796,CCTV,서울특별시 동대문구 장한로26나길 51,37.5691,127.071
202630500000800286,CCTV,서울특별시 동대문구 한천로 17,37.5643,127.059
202630500000800212,CCTV,서울특별시 동대문구 황물로15다길 17,37.5656,127.059
202630500000800681,CCTV,서울특별시 동대문구 장한로 76,37.5676,127.068
202630500000800219,CCTV,서울특별시 동대문구 답십리로52길 50-1,37.5706,127.058
202630500000800709,CCTV,서울특별시 동대문구 한천로10길 55,37.5668,127.063
202630500000800700,CCTV,서울특별시 동대문구 한천로26길 12-13,37.5713,127.066
202630500000800661,CCTV,서울특별시 동대문구 장안동 386,37.5717,127.068
202630500000800748,CCTV,서울특별시 동대문구 장안동 481-3,37.5715,127.077
202630500000800231,CCTV,서울특별시 동대문구 답십리로 219-4,37.5729,127.064
202630500000800764,CCTV,서울특별시 동대문구 장한로26길67,37.5713,127.074
202630500000800794,CCTV,서울특별시 동대문구 장한로 120,37.5708,127.071
202630500000800228,CCTV,서울특별시 동대문구 전농로2가길 12,37.5672,127.057
202630500000800203,CCTV,서울특별시 동대문구 답십리로52길 34,37.5713,127.058
202630500000800731,CCTV,서울특별시 동대문구 천호대로81길 32,37.5637,127.064
202630500000800726,CCTV,서울특별시 동대문구 한천로 10,37.5635,127.058
202630500000800290,CCTV,서울특별시 동대문구 한천로 59,37.567,127.062
202630500000800735,CCTV,서울특별시 동대문구 답십리로66길 75,37.5693,127.066
202630500000800811,CCTV,서울특별시 동대문구 장한로 106,37.5697,127.07
202630500000800756,CCTV,서울특별시 동대문구 한천로14길 29-21,37.5678,127.065
202630500000800699,CCTV,서울특별시 동대문구 천호대로97길 61,37.5637,127.071
202630500000800734,CCTV,서울특별시 동대문구 장한로9길 8,37.5657,127.066
202630500000800854,CCTV,서울특별시 동대문구 장한로27길 46,37.5732,127.068
202630500000800762,CCTV,서울특별시 동대문구 답십리로72길 36,37.5703,127.073
202630500000800839,CCTV,서울특별시 동대문구 한천로30길 27,37.5736,127.068
202630500000800713,CCTV,서울특별시 동대문구 장한로10길 9,37.5653,127.068
202630500000800877,CCTV,서울특별시 동대문구 답십리로 297,37.5723,127.073
202630500000800227,CCTV,서울특별시 동대문구 답십리로48길 68,37.5697,127.057
202630500000800697,CCTV,서울특별시 동대문구 한천로2길 78,37.5624,127.063
202630500000800728,CCTV,서울특별시 동대문구 장한로 3,37.5622,127.064
202630500000800694,CCTV,서울특별시 동대문구 장한평26다길 115-5,37.5664,127.071
202630500000800889,CCTV,서울특별시 동대문구 장한로 110,37.5702,127.07
202630500000800798,CCTV,서울특별시 동대문구 장한로22길 44-22,37.5682,127.072
202630500000800193,CCTV,서울특별시 동대문구 답십리동 41-1,37.5724,127.061
202630500000800180,CCTV,서울특별시 동대문구 전농로4길 49,37.5674,127.057
202630500000800741,CCTV,서울특별시 동대문구 답십리로66길 57-10,37.5704,127.067
202630500000800651,CCTV,서울특별시 동대문구 천호대로85길 28,37.5631,127.066
202630500000800864,CCTV,서울특별시 동대문구 면먹동 727-65,37.5735,127.077
202630500000800210,CCTV,서울특별시 동대문구 한천로11길 51,37.5669,127.059
202630500000800649,CCTV,서울특별시 동대문구 천호대로83길 46,37.5642,127.065
202630500000800197,CCTV,서울특별시 동대문구 답십리로48라길 1,37.5691,127.057
202630500000800813,CCTV,서울특별시 동대문구 장한로27길 11,37.573,127.07
202630500000800251,CCTV,서울특별시 동대문구 답십리동 2-299,37.5716,127.061
202630500000800656,CCTV,서울특별시 동대문구 장안벚꽃로 77,37.5675,127.074
202630500000800664,CCTV,서울특별시 동대문구 천호대로77다길 20,37.5654,127.064
202630500000800277,CCTV,서울특별시 동대문구 답십리동 산2-1,37.5717,127.061
202630500000800229,CCTV,서울특별시 동대문구 황물로15길 25,37.5667,127.057
202630500000800669,CCTV,서울특별시 동대문구 장한로 6,37.5621,127.065
202630500000800692,CCTV,서울특별시 동대문구 한천로6길 36,37.5634,127.061
202630500000800757,CCTV,서울특별시 동대문구 답십리로 64길 111,37.5683,127.064
202630500000800280,CCTV,서울특별시 동대문구 답십리동 산2-1,37.5709,127.061
202630500000800276,CCTV,서울특별시 동대문구 답십리동 산2-1,37.5714,127.061
202630500000800205,CCTV,서울특별시 동대문구 한천로 55,37.567,127.061
202630500000800665,CCTV,서울특별시 동대문구 한천로14길 55-6,37.5673,127.065
202630500000800260,CCTV,서울특별시 동대문구 답십리로60길 122,37.568,127.062
202630500000800660,CCTV,서울특별시 동대문구 천호대로77다길 20,37.5653,127.064
202630500000800769,CCTV,서울특별시 동대문구 한천로6길 21,37.5641,127.06
202630500000800722,CCTV,서울특별시 동대문구 천호대로87길 14,37.5625,127.067
202630500000800672,CCTV,서울특별시 동대문구 장한로 119,37.5709,127.07
202630500000800230,CCTV,서울특별시 동대문구 답십리로48라길 12,37.5691,127.058
202630500000800754,CCTV,서울특별시 동대문구 한천로18길 32,37.5684,127.065
202630500000800698,CCTV,서울특별시 동대문구 장한로8길 84,37.5627,127.071
202630500000800807,CCTV,서울특별시 동대문구 장한로24길 40,37.5701,127.072
202630500000800768,CCTV,서울특별시 동대문구 장한로 119,37.5717,127.069
202630500000800191,CCTV,서울특별시 동대문구 답십리동 산41-4,37.5702,127.06
202630500000800693,CCTV,서울특별시 동대문구 장한로14길 62,37.5653,127.071
202630500000800654,CCTV,서울특별시 동대문구 천호대로87길 48,37.5637,127.068
202630500000800116,CCTV,서울특별시 동대문구 전농로 75,37.5714,127.057
202630500000800234,CCTV,서울특별시 동대문구 답십리로58길8,37.5723,127.06
202630500000800178,CCTV,서울특별시 동대문구 전농로4길 49,37.5671,127.058
202630500000800759,CCTV,서울특별시 동대문구 한천로4길8,37.5636,127.058
202630500000800679,CCTV,서울특별시 동대문구 장한로 60,37.5664,127.068
202630500000800257,CCTV,서울특별시 동대문구 답십리동 19-7,37.5667,127.059
202630500000800195,CCTV,서울특별시 동대문구 답십리로48나길 21,37.5698,127.058
202630500000800211,CCTV,서울특별시 동대문구 답십리로48나길 17-11,37.5704,127.058
202630500000800250,CCTV,서울특별시 동대문구 답십리동 2-299,37.5722,127.063
202630500000800272,CCTV,서울특별시 동대문구 답십리동 산2-1,37.5725,127.062
202630500000800712,CCTV,서울특별시 동대문구 장한로6길 10,37.5635,127.066
202630500000800893,CCTV,서울특별시 동대문구 장한로26다길 77,37.5683,127.071
202630500000800733,CCTV,서울특별시 동대문구 장한로21길 11-12,37.569,127.068
202630500000800673,CCTV,서울특별시 동대문구 장한로23길 11-11,37.5701,127.069
202630500000800226,CCTV,서울특별시 동대문구 답십리로48길 38,37.5711,127.057
202630500000800202,CCTV,서울특별시 동대문구 답십리로56길 124,37.5678,127.057
202630500000800279,CCTV,서울특별시 동대문구 답십리동 산2-1,37.5711,127.061
202630500000800752,CCTV,서울특별시 동대문구 장한로 91,37.569,127.069
202630500000800225,CCTV,서울특별시 동대문구 답십리로48길 24,37.5717,127.057
202630500000800670,CCTV,서울특별시 동대문구 천호대로85길 56,37.5641,127.067
202630500000800258,CCTV,서울특별시 동대문구 답십리동 990-5,37.5702,127.06
202630500000800295,CCTV,서울특별시 동대문구 답십리로60길 40,37.5711,127.064
202630500000800868,CCTV,서울특별시 동대문구 장한로 144,37.573,127.072
202630500000800221,CCTV,서울특별시 동대문구 답십리로60길 40,37.5711,127.064
202630500000800747,CCTV,서울특별시 동대문구 장안동 336,37.5691,127.075
202630500000800186,CCTV,서울특별시 동대문구 답십리로51길 3-10,37.5733,127.057
202630500000800674,CCTV,서울특별시 동대문구 장한로17길 8,37.5677,127.067
202630500000800690,CCTV,서울특별시 동대문구 천호대로87길 48,37.5637,127.068
202630500000800704,CCTV,서울특별시 동대문구 답십리로 320-1,37.5719,127.075
202630500000800695,CCTV,서울특별시 동대문구 한천로18길 14-9,37.5685,127.064
202630500000800718,CCTV,서울특별시 동대문구 답십리로72길 158,37.5671,127.07
202630500000800244,CCTV,서울특별시 동대문구 답십리로56길 56,37.5704,127.059
202630500000800238,CCTV,서울특별시 동대문구 전농로4길 7,37.5676,127.057
202630500000800865,CCTV,서울특별시 동대문구 장안동 7-16,37.5718,127.077
202630500000800742,CCTV,서울특별시 동대문구 한천로6길 47,37.5632,127.061
202630500000800708,CCTV,서울특별시 동대문구 한천로24길 21,37.5704,127.066
202630500000800232,CCTV,서울특별시 동대문구 황물로15다길 11,37.5659,127.059
202630500000800859,CCTV,서울특별시 동대문구 장안동 7-16,37.5717,127.077
202630500000800732,CCTV,서울특별시 동대문구 장한로6길 69,37.5621,127.069
202630500000800691,CCTV,서울특별시 동대문구 답십리로66길 30,37.5714,127.067
202630500000800183,CCTV,서울특별시 동대문구 답십리로51길 3-10,37.5733,127.058
202630500000800739,CCTV,서울특별시 동대문구 천호대로77길 104,37.5661,127.063
202630500000800707,CCTV,서울특별시 동대문구 장한로18길 82-14,37.5678,127.073
202630500000800858,CCTV,서울특별시 동대문구 장한로28길 56,37.5728,127.075
202630500000800809,CCTV,서울특별시 동대문구 장한로26길 24,37.5715,127.072
202630500000800719,CCTV,서울특별시 동대문구 한천로14길 53,37.5668,127.065
202630500000800255,CCTV,서울특별시 동대문구 전농로 38,37.5683,127.057
202630500000800715,CCTV,서울특별시 동대문구 답십리로66길 105,37.5683,127.065
202630500000800746,CCTV,서울특별시 동대문구 장안동 354-2,37.5646,127.073
202630500000800744,CCTV,서울특별시 동대문구 장한로9길 22,37.5659,127.065
202630500000800805,CCTV,서울특별시 동대문구 답십리로 239-12,37.5732,127.067
202630500000800725,CCTV,서울특별시 동대문구 한천로20길8-12,37.569,127.064
202630500000800830,CCTV,서울특별시 동대문구 장한로27길 36,37.5732,127.069
202630500000800241,CCTV,서울특별시 동대문구 답십리로50길 24,37.5717,127.058
202630500000800215,CCTV,서울특별시 동대문구 답십리로52길 9,37.5723,127.058
202630500000800206,CCTV,서울특별시 동대문구 한천로15길 20-7,37.5685,127.062
202630500000800751,CCTV,서울특별시 동대문구 장안동 164-1,37.5699,127.065
202630500000800204,CCTV,서울특별시 동대문구 답십리로60길 6,37.5723,127.065
202630500000800256,CCTV,서울특별시 동대문구 답십리동 14-11,37.5665,127.059
202630500000800717,CCTV,서울특별시 동대문구 천호대로93길 56,37.5631,127.07
202630500000800765,CCTV,서울특별시 동대문구 장한로18길 88,37.568,127.074
202630500000800236,CCTV,서울특별시 동대문구 답십리로57길 3-2,37.5731,127.06
202630500000800767,CCTV,서울특별시 동대문구 장안로 88,37.5682,127.069
202630500000800288,CCTV,서울특별시 동대문구 황물로 185-1,37.5643,127.058
202630500000800793,CCTV,서울특별시 동대문구 답십리로69길 27,37.5729,127.072
202630500000800714,CCTV,서울특별시 동대문구 한천로26길 43,37.5711,127.068
202630500000800668,CCTV,서울특별시 동대문구 장한로2길 85,37.5615,127.07
202630500000800150,CCTV,서울특별시 동대문구 전농로 97-1,37.5736,127.057
202630500000800650,CCTV,서울특별시 동대문구 한천로2길 16,37.563,127.059
202630500000800778,CCTV,서울특별시 동대문구 장안동 348,37.5678,127.071
202630500000800653,CCTV,서울특별시 동대문구 한천로6가길 3,37.564,127.06
202630500000800706,CCTV,서울특별시 동대문구 답십리로66길 75-4,37.5691,127.067
202630500000800294,CCTV,서울특별시 동대문구 황물로15길28,37.5659,127.058
202630500000800710,CCTV,서울특별시 동대문구 한천로 72-22,37.5684,127.064
202630500000800685,CCTV,서울특별시 동대문구 장한로2길 41,37.5619,127.067
202630500000800720,CCTV,서울특별시 동대문구 한천로26길 23,37.5716,127.067
202630500000800770,CCTV,서울특별시 동대문구 장한로14길 28,37.566,127.069
202630500000800218,CCTV,서울특별시 동대문구 답십리로56길 32,37.5713,127.059
202630500000800737,CCTV,서울특별시 동대문구 천호대로83길 72,37.5651,127.066
202630500000800676,CCTV,서울특별시 동대문구 천호대로77길 62,37.5644,127.062
202630500000800282,CCTV,서울특별시 동대문구 답십리동 산2-1,37.571,127.06
202630500000800797,CCTV,서울특별시 동대문구 장한로26다길 55길,37.5691,127.072
202630600000802301,CCTV,서울특별시 중랑구 용마산로36길 13,37.5708519,127.0868392
202630600000803035,CCTV,서울특별시 중랑구 답십리로83길 22,37.5722381,127.084504
202630600000803570,CCTV,서울특별시 중랑구 답십리로75길 36,37.573251,127.0812431
202630600000803310,CCTV,,37.5726812,127.0880536
202630600000803732,CCTV,서울특별시 중랑구 면목로23길 32,37.573433,127.0824694
202630600000802844,CCTV,서울특별시 중랑구 답십리로77길 25,37.572611,127.0815775
202630600000803307,CCTV,,37.5727946,127.0904031
202630600000803863,CCTV,서울특별시 중랑구 면목로21길 5-5,37.5720015,127.0831682
202630600000803623,CCTV,서울특별시 중랑구 답십리로85길 15,37.5717747,127.0847702
202630600000802314,CCTV,서울특별시 중랑구 답십리로75길 36,37.5732956,127.0810165
202630600000802719,CCTV,서울특별시 중랑구 용마산로 250-12,37.572998,127.0915451
202630600000802317,CCTV,서울특별시 중랑구 답십리로87길 6,37.571209,127.085228
202630600000802949,CCTV,서울특별시 중랑구 용마산로 250-12,37.5732733,127.0889262
202630600000803694,CCTV,서울특별시 중랑구 답십리로77길 28-31,37.5731366,127.0830538
202630600000804013,CCTV,서울특별시 중랑구 면목로23길 23,37.5734291,127.0830917
202630600000803034,CCTV,서울특별시 중랑구 용마산로 209,37.5719542,127.0855096
202630600000803620,CCTV,서울특별시 중랑구 답십리로81길 10,37.5719327,127.0829358
202630600000803290,CCTV,서울특별시 중랑구 용마산로250-12,37.57285,127.0898664
202630600000803520,CCTV,서울특별시 중랑구 답십리로81길 52,37.5736427,127.0838318
202630600000804007,CCTV,서울특별시 중랑구 용마산로 209,37.5716372,127.0862617
202630600000802291,CCTV,서울특별시 중랑구 용마산로40길 28,37.5717901,127.0878337
202630600000802296,CCTV,서울특별시 중랑구 답십리로77길 6,37.5720472,127.0815917
202630600000802845,CCTV,서울특별시 중랑구 면목로 223,37.5730629,127.0841827
202630600000802302,CCTV,서울특별시 중랑구 면목로21길 47,37.5725563,127.0810648
202630600000803016,CCTV,,37.572867,127.0857223
202630600000802657,CCTV,서울특별시 중랑구 용마산로 202,37.571725,127.0862751
202630600000802716,CCTV,서울특별시 중랑구 답십리로81길 35,37.5730437,127.0831953
202630600000803679,CCTV,서울특별시 중랑구 용마산로40길 27-9,37.5722198,127.0877564
202630600000802295,CCTV,서울특별시 중랑구 답십리로77길 38,37.5732994,127.0816727
202630600000802656,CCTV,서울특별시 중랑구 답십리로 381,37.571513,127.0827117
202630600000802300,CCTV,서울특별시 중랑구 면목로24길 10,37.572844,127.0847776
202630600000802288,CCTV,서울특별시 중랑구 답십리로81길 35,37.5725367,127.0832462
202630600000803233,CCTV,서울특별시 중랑구 면목4동 산 1-4,37.5732824,127.0903296
202630600000803619,CCTV,서울특별시 중랑구 답십리로83길 9,37.5717824,127.0841227
202630600000803722,CCTV,서울특별시 중랑구 면목로23길 40,37.5733632,127.0820218
202630600000802311,CCTV,서울특별시 중랑구 답십리로 377,37.5715485,127.0822678
202630600000803309,CCTV,,37.5724994,127.0887662
202630600000802315,CCTV,서울특별시 중랑구 면목로23길 23,37.5734291,127.0830917
202630600000802973,CCTV,서울특별시 중랑구 용마산로 217,37.5734084,127.0863714
202630600000803119,CCTV,,37.5717942,127.0864134
202630600000802305,CCTV,서울특별시 중랑구 답십리로77길 28-26,37.5729482,127.0826759
202630600000804093,CCTV,,37.5721323,127.0790614
202630600000803308,CCTV,,37.5724115,127.0893629
202630600000802313,CCTV,서울특별시 중랑구 답십리로 405,37.5710793,127.08535
202630600000802720,CCTV,서울특별시 중랑구 용마산로 250-12,37.573021,127.0913011
202630600000802919,CCTV,서울특별시 중랑구 답십리로 365,37.5717178,127.0809043
202630600000802921,CCTV,서울특별시 중랑구 용마산로40길 20,37.5717648,127.0871824
202630600000803289,CCTV,서울특별시 중랑구 용마산로250-12,37.5729949,127.0888888
202632200000802437,CCTV,,37.5228,127.0569
202632200000802547,CCTV,,37.5231,127.0583
202632200000800411,CCTV,서울특별시 강남구 학동로 607,37.5231,127.0594
202632200000800417,CCTV,서울특별시 강남구 자곡로 16,37.5236,127.0585
202632300000801855,CCTV,,37.53588,127.11139
202632300000801856,CCTV,서울특별시 송파구 올림픽로43길 88,37.52495,127.10543
202632300000801857,CCTV,서울특별시 송파구 올림픽로43길 88,37.52512,127.10496
202632300000801858,CCTV,서울특별시 송파구 올림픽로43길 88,37.52458,127.10576
202632300000801854,CCTV,서울특별시 송파구 올림픽로 43길 88,37.52465,127.10533
202632300000801859,CCTV,서울특별시 송파구 올림픽로43길 88,37.52466,127.10616
202632300000801860,CCTV,서울특별시 송파구 올림픽로43길 88,37.52438,127.10579
202632300000801861,CCTV,,37.52891,127.10807
202632300000801862,CCTV,,37.52926,127.10759
202632300000801863,CCTV,,37.52334,127.10429
202632300000801864,CCTV,,37.52333,127.10571
202632300000801784,CCTV,,37.53606,127.1137
202632300000801785,CCTV,,37.53587,127.11321
202632300000801786,CCTV,,37.53572,127.11346
202632300000801787,CCTV,,37.53555,127.11316
202632300000801788,CCTV,,37.53538,127.1137
202632300000801789,CCTV,,37.53572,127.11393
202632300000801790,CCTV,,37.5357,127.1145
202632300000801791,CCTV,,37.53521,127.11434
202632300000801969,CCTV,,37.52367,127.10342
202632300000801966,CCTV,서울특별시 송파구 오금로2길 22,37.52368,127.10334
202632300000801970,CCTV,,37.52376,127.11335
202632300000801971,CCTV,,37.52409,127.1139
202632300000801792,CCTV,,37.53571,127.11508
202632300000801793,CCTV,,37.53524,127.11498
202632300000801796,CCTV,,37.5278,127.11421
202632300000801797,CCTV,,37.52791,127.11438
202632300000801798,CCTV,,37.52806,127.11461
202632300000801799,CCTV,,37.52817,127.11477
202632300000801800,CCTV,,37.52848,127.11462
202632300000801801,CCTV,,37.5283,127.1145
202632300000801967,CCTV,서울특별시 송파구 오금로2길 22,37.52412,127.10171
202632300000801962,CCTV,서울특별시 송파구 올림픽로 39길 20,37.52405,127.11356
202632300000801963,CCTV,서울특별시 송파구 올림픽로 39길 20,37.52381,127.11342
202632300000801964,CCTV,서울특별시 송파구 오금로2길 22,37.52271,127.10288
202632300000801959,CCTV,서울특별시 송파구 올림픽로39길 20,37.52355,127.11386
202632300000801960,CCTV,서울특별시 송파구 오금로 1,37.52291,127.10276
202632300000801596,CCTV,,37.52657,127.11504
202632300000801597,CCTV,,37.52685,127.10724
202632300000801598,CCTV,,37.52481,127.11106
202632300000801600,CCTV,,37.52481,127.10727
202632300000801601,CCTV,서울특별시 송파구 토성로 34,37.53023,127.11393
202632300000801602,CCTV,서울특별시 송파구 강동대로 62,37.52698,127.11333
202632300000801603,CCTV,서울특별시 송파구 올림픽로43길 26,37.52478,127.11432
202632300000801604,CCTV,,37.52882,127.10895
202632300000801607,CCTV,서울특별시 송파구 올림픽로43길,37.52486,127.11099
202632300000801605,CCTV,,37.53046,127.11052
202632300000801606,CCTV,,37.53004,127.11025
202632300000801608,CCTV,,37.53165,127.11069
202632300000801612,CCTV,,37.52481,127.10834
202632300000801961,CCTV,서울특별시 송파구 올림픽로 39길 20,37.52379,127.11447
202632300000801060,CCTV,서울특별시 송파구 강동대로2길 13,37.52608,127.11245
202632300000801061,CCTV,서울특별시 송파구 강동대로 13(아산병원어린이집),37.52998,127.11028
202632300000801062,CCTV,서울특별시 송파구 풍성로14길 30,37.53211,127.11515
202632300000801066,CCTV,서울특별시 송파구 올림픽로51길 48,37.52994,127.11462
202632300000801067,CCTV,서울특별시 송파구 풍성로14길 37,37.53249,127.1143
202632300000801068,CCTV,서울특별시 송파구 토성로5길 5-1,37.53107,127.11332
202632300000801069,CCTV,서울특별시 송파구 토성로5길 5-1,37.53107,127.11332
202632300000801613,CCTV,서울특별시 송파구 강동대로 63,37.52709,127.11448
202632300000801071,CCTV,서울특별시 송파구 토성로 26,37.53053,127.11329
202632300000801016,CCTV,서울특별시 송파구 신천동 23 (제방),37.52315,127.11352
202632300000801017,CCTV,서울특별시 송파구 신천동 22 (하천),37.52335,127.10431
202632300000801246,CCTV,,37.52532,127.11511
202632300000801245,CCTV,서울특별시 송파구 토성로 5,37.53223,127.11195
202632300000801227,CCTV,서울특별시 송파구 올림픽로37길 109(후문),37.52303,127.10517
202632300000801228,CCTV,서울특별시 송파구 올림픽로37길 109(후문),37.52303,127.10517
202632300000801052,CCTV,서울특별시 송파구 풍성로20길 46-1,37.53134,127.11473
202632300000801053,CCTV,서울특별시 송파구 풍성로14길 46,37.53291,127.11362
202632300000801802,CCTV,,37.52822,127.11419
202632300000801054,CCTV,서울특별시 송파구 풍성로14길 46,37.53291,127.11362
202632300000801055,CCTV,서울특별시 송파구 강동대로3길 12,37.52797,127.11459
202632300000801014,CCTV,서울특별시 송파구 올림픽로39길 20,37.52331,127.11487
202632300000801011,CCTV,서울특별시 송파구 올림픽로33길 71(성내천 뚝방),37.52333,127.10723
202632300000801012,CCTV,서울특별시 송파구 올림픽로 435,37.52321,127.1116
202632300000801241,CCTV,서울특별시 송파구 한가람로10길 9,37.53448,127.1121
202632300000801242,CCTV,서울특별시 송파구 한가람로10길 9,37.53448,127.1121
202632300000801243,CCTV,서울특별시 송파구 한가람로10길 9,37.53448,127.1121
202632300000801244,CCTV,서울특별시 송파구 토성로 5,37.53223,127.11195
202632300000800056,CCTV,서울특별시 송파구 토성로 5,37.53251,127.11087
202632300000800062,CCTV,서울특별시 송파구 풍성로6길 15,37.53396,127.11426
202632300000800064,CCTV,서울특별시 송파구 토성로 5,37.53167,127.11208
202632300000800067,CCTV,서울특별시 송파구 토성로 5,37.53322,127.11105
202632300000800078,CCTV,,37.52453,127.11021
202632300000800068,CCTV,서울특별시 송파구 토성로 5,37.53322,127.11105
202632300000800070,CCTV,서울특별시 송파구 토성로 5,37.53322,127.11105
202632300000800071,CCTV,서울특별시 송파구 토성로 5,37.53322,127.11105
202632300000800072,CCTV,서울특별시 송파구 풍성로14길 51,37.53312,127.11278
202632300000800073,CCTV,서울특별시 송파구 풍성로14길 51,37.53312,127.11278
202632300000800077,CCTV,서울특별시 송파구 한가람로 406,37.53477,127.11179
202632300000800079,CCTV,,37.52423,127.10371
202632300000800054,CCTV,서울특별시 송파구 토성로7길 11,37.53142,127.11388
202632300000800085,CCTV,서울특별시 송파구 풍납동 217-1 (도로),37.53498,127.11284
202632300000800055,CCTV,서울특별시 송파구 토성로6길 7,37.53013,127.11273
202632300000800057,CCTV,서울특별시 송파구 토성로 5,37.53251,127.11087
202632300000800058,CCTV,서울특별시 송파구 토성로 5,37.53251,127.11087
202632300000800059,CCTV,서울특별시 송파구 토성로 5,37.53251,127.11087
202632300000800069,CCTV,서울특별시 송파구 토성로 5,37.53322,127.11105
202632300000800060,CCTV,서울특별시 송파구 토성로 5,37.53251,127.11087
202632300000800082,CCTV,서울특별시 송파구 토성로6길 14-1,37.53045,127.11185
202632300000800087,CCTV,서울특별시 송파구 풍납동 240 (사적지),37.52875,127.11134
202632300000800044,CCTV,서울특별시 송파구 풍성로4길 20,37.53383,127.11281
202632300000800045,CCTV,서울특별시 송파구 한가람로12길 4,37.53494,127.11211
202632300000800048,CCTV,서울특별시 송파구 강동대로 13(올림픽대교 아래),37.5291,127.10917
202632300000801782,CCTV,,37.53604,127.11419
202632300000801783,CCTV,,37.53639,127.11407
202632300000800051,CCTV,서울특별시 송파구 강동대로 13,37.52822,127.11058
202632300000800053,CCTV,,37.5329,127.11506
202639800000800428,CCTV,,37.56336,127.11486
202639800000800609,CCTV,,37.56192,127.11268
202639800000800756,CCTV,,37.56248,127.11366
202639800000800769,CCTV,,37.56102,127.11023
F_0080_SJ00,안전비상벨,,37.5488,127.063085
C_0877_SS23,안전비상벨,서울특별시 아차산로 120,37.544041,127.057404
C_0090_SJ00,안전비상벨,서울특별시 동일로59길 7,37.5580291,127.0718688
C_0578_SS21,안전비상벨,서울특별시 뚝섬로 11길 2,37.5383033,127.0575027
P_0043_SS21,안전비상벨,서울특별시 연무장길 72,37.5418319,127.0573883
C_0130_SS21,안전비상벨,서울특별시 둘레15길 20-21,37.5364685,127.0564193
S_0017_SS23,안전비상벨,,37.547343,127.066756
C_0594_SS23,안전비상벨,서울특별시 연무장13길 15,37.5431137,127.0586624
C_0084_SS23,안전비상벨,서울특별시 아차산로15길 3,37.543457,127.0621109
S_0020_SJ00,안전비상벨,,37.55517,127.071188
C_0085_SS23,안전비상벨,서울특별시 아차산로13길 42,37.5467033,127.0621109
C_0670_SS21,안전비상벨,서울특별시 둘레21길 17부근,37.5360336,127.0570526
W_0035_SJ00,안전비상벨,서울특별시 송정6길 22,37.5486068,127.066574
C_0175_SS21,안전비상벨,서울특별시 성수이로 72,37.5412788,127.056549
C_0026_SS21,안전비상벨,서울특별시 뚝섬로 447,37.5380897,127.0598144
C_0317_YD00,안전비상벨,서울특별시 자동차시장1길 39,37.5609397,127.0627822
F_0069_SS23,안전비상벨,서울특별시 성수2가3동273-11,37.542028,127.060151
C_0318_SJ00,안전비상벨,서울특별시 동일로 263-49,37.5553588,127.0705566
G_0033_SJ00,안전비상벨,서울특별시 동일로57길 7 (송정동),37.5571975,127.0714797
W_0038_SJ00,안전비상벨,서울특별시 동일로59가길 18,37.5586433,127.0725708
C_0825_YD00,안전비상벨,서울특별시 자동차시장3길 1,37.5614929,127.057434
C_0600_SS23,안전비상벨,서울특별시 성수이로22길 37,37.5438919,127.0608139
C_0832_SS23,안전비상벨,서울특별시 아차산로17길 57,37.54704,127.0659
C_0722_SS21,안전비상벨,서울특별시 성덕정길 144,37.5364341,127.0592727
C_0137_SJ00,안전비상벨,서울특별시 동일로43길 6,37.5538215,127.0700378
S_0005_SJ00,안전비상벨,,37.5482662,127.064072
C_0031_SJ00,안전비상벨,,37.5523033,127.0685958
C_0576_SS21,안전비상벨,서울특별시 뚝섬로17가길 20,37.539561,127.058914
C_0083_SS23,안전비상벨,서울특별시 아차산로11길 18,37.5449523,127.0596389
C_0681_SJ00,안전비상벨,서울특별시 송정12길 1,37.5500831,127.0655593
W_0026_SJ00,안전비상벨,서울특별시 송정12길 22,37.5491102,127.0672847
C_0296_SS21,안전비상벨,서울특별시 성덕정길 127,37.5368003,127.0571975
C_0228_SS23,안전비상벨,서울특별시 아차산로11길 3,37.543888,127.0590209
W_0018_SS21,안전비상벨,서울특별시 성덕정길 151,37.5364723,127.0600814
G_0035_SJ00,안전비상벨,서울특별시 송정10길 15 (송정동),37.5492744,127.0665512
C_0131_SS21,안전비상벨,서울특별시 성덕정21길 9,37.5375633,127.0569
C_0246_YD00,안전비상벨,서울특별시 자동차시장1길 94-67,37.558773,127.0667495
C_0386_SS21,안전비상벨,서울특별시 성수이로 16길 13,37.5409011,127.0577392
C_0597_SS23,안전비상벨,서울특별시 연무장17길 14,37.5423088,127.0616989
P_0081_SS23,안전비상벨,서울특별시 성수이로 147 (성수동2가),37.5478057,127.0578689
C_0359_SJ00,안전비상벨,서울특별시 동일로43길 3-5,37.5535278,127.0697174
S_0028_SJ00,안전비상벨,,37.552248,127.068594
G_0027_SJ00,안전비상벨,서울특별시 송정14길 1-1 (송정동),37.5516128,127.0667495
C_0136_SS23,안전비상벨,서울특별시 아차산로13길 21,37.5452842,127.0613098
W_0043_SJ00,안전비상벨,서울특별시 송정18가길 15,37.5537719,127.0688323
C_0204_SJ00,안전비상벨,서울특별시 광나루로9가길 14,37.5486106,127.064682
C_0290_SJ00,안전비상벨,서울특별시 송정18가길 39,37.5562019,127.0698242
C_0032_SJ00,안전비상벨,서울특별시 광나루로11길 18,37.5495491,127.0664825
C_0787_YD00,안전비상벨,서울특별시 자동차시장길 48,37.558662,127.056295
C_0682_SJ00,안전비상벨,서울특별시 송정길 60,37.550579,127.0655975
P_0072_SS23,안전비상벨,서울특별시 아차산로17길 26,37.5444984,127.0643692
W_0070_SJ00,안전비상벨,서울특별시 송정18길 8,37.5527038,127.0681686
C_0289_SJ00,안전비상벨,서울특별시 송정12가길 20,37.5506907,127.066473
G_0031_SJ00,안전비상벨,서울특별시 동일로43길 22 (송정동),37.5553092,127.0700302
C_0327_SS23,안전비상벨,서울특별시 아차산로17길 21,37.5448341,127.0628433
C_0221_SS23,안전비상벨,서울특별시 아차산로9길 12,37.545475,127.0583801
C_0177_SS23,안전비상벨,서울특별시 아차산로17길 13,37.5437011,127.0639953
P_0108_YD00,안전비상벨,서울특별시 자동차시장3길 99,37.558333,127.067397
C_0819_SS23,안전비상벨,서울특별시 연무장길 107,37.5408134,127.0609588
W_0096_SS21,안전비상벨,서울특별시 동일로 73-1,37.539627,127.06221
C_0610_SJ00,안전비상벨,서울특별시 송정길 36,37.5490531,127.0637435
C_0849_SJ00,안전비상벨,서울특별시 송정길 70,37.551319,127.065826
C_0609_SJ00,안전비상벨,서울특별시 동일로57길 11,37.5574035,127.0710525
C_0179_SJ00,안전비상벨,서울특별시 송정18가길 6-1,37.5530929,127.068695
C_0387_SJ00,안전비상벨,서울특별시 동일로43길 9,37.5546607,127.0698623
W_0125_SS21,안전비상벨,서울특별시 성덕정길 140,37.53659,127.0587
C_0603_SJ00,안전비상벨,서울특별시 송정12길 1,37.5501708,127.0652313
C_0358_SJ00,안전비상벨,서울특별시 송정18가길32,37.5552444,127.0694732
P_0024_YD00,안전비상벨,서울특별시 자동차시장1길 63 (용답동),37.5609359,127.0642547
G_0034_SJ00,안전비상벨,서울특별시 동일로55가길 24 (송정동),37.5574989,127.0720062
C_0607_SJ00,안전비상벨,서울특별시 동일로 215-25,37.5517845,127.0687713
G_0044_SS21,안전비상벨,서울특별시 둘레19길 1-33 (성수동2가),37.5347328,127.0568008
S_0046_SS23,안전비상벨,,37.5428476,127.0622631
S_0042_SJ00,안전비상벨,,37.557447,127.0724555
P_0056_YD00,안전비상벨,서울특별시 자동차시장1길 96 (용답동),37.5601158,127.0681228
C_0230_SJ00,안전비상벨,서울특별시 송정12마길 24,37.5501708,127.0676345
C_0581_SS21,안전비상벨,서울특별시 성수동2가 217-4,37.534535,127.059559
C_0357_SS23,안전비상벨,서울특별시 광나루로6길 13,37.5473518,127.0608062
C_0356_SS21,안전비상벨,서울특별시 둘레21가길 19 골목,37.5358581,127.0582733
C_0235_SS21,안전비상벨,서울특별시 성수이로16길 50,37.5395965,127.0618591
C_0291_YD00,안전비상벨,서울특별시 자동차시장1길 56,37.5602569,127.0643463
C_0833_SS23,안전비상벨,서울특별시 아차산로17길 49,37.54668,127.0649
W_0124_SS21,안전비상벨,서울특별시 성수이로12길 14,37.53978,127.0566
C_0314_YD00,안전비상벨,서울특별시 자동차시장길 22,37.5619812,127.0572967
W_0135_YD00,안전비상벨,서울특별시 천호대로 406,37.5612,127.064078
W_0088_SS21,안전비상벨,서울특별시 둘레길149-1,37.5355072,127.0599136
C_0878_SS23,안전비상벨,서울특별시 성수이로 108,37.54433,127.057432
C_0286_SS21,안전비상벨,서울특별시 뚝섬로15길 25,37.539112,127.0614929
C_0176_SS21,안전비상벨,서울특별시 성수이로16길 21,37.5404777,127.0591049
G_0030_SJ00,안전비상벨,서울특별시 송정18가길 19 (송정동),37.554058,127.0688858
C_0588_SS21,안전비상벨,서울특별시 뚝섬로 416-15,37.5379791,127.0569534
G_0029_SJ00,안전비상벨,서울특별시 송정16길 5 (송정동),37.5523147,127.0676116
C_0229_SJ00,안전비상벨,서울특별시 광나루로 297,37.5487174,127.0622482
C_0847_SJ00,안전비상벨,서울특별시 송정동 73-448,37.55335,127.06673
C_0134_SS23,안전비상벨,서울특별시 연무장9길 16,37.5438537,127.0562973
C_0181_SJ00,안전비상벨,서울특별시 송정길 74,37.5516853,127.0664901
C_0025_SS21,안전비상벨,서울특별시 뚝섬로13길 22,37.5395584,127.0578613
C_0615_SJ00,안전비상벨,서울특별시 송정4가길 39,37.5507354,127.0660629
C_0067_SS21,안전비상벨,서울특별시 둘레19길 10-1,37.535366,127.0578002
C_0795_SJ00,안전비상벨,서울특별시 송정18가길 16,37.553631,127.068866
C_0868_SJ00,안전비상벨,서울특별시 광나루로 323,37.548344,127.065557
C_0898_SS21,안전비상벨,서울특별시 뚝섬로 427-8,37.53841,127.057903
W_0021_SJ00,안전비상벨,서울특별시 송정 제방길,37.5519905,127.066513
W_0136_YD00,안전비상벨,서울특별시 자동차시장1길 103,37.56007,127.069535
C_0205_SJ00,안전비상벨,서울특별시 광나루로11길 40,37.5512542,127.0677337
C_0300_SJ00,안전비상벨,서울특별시 송정길 8,37.5486907,127.0610198
C_0068_SS21,안전비상벨,서울특별시 둘레23길 12-6,37.5358695,127.0590362
F_0068_SS23,안전비상벨,서울특별시 성수2가3동280-12,37.546861,127.064729
W_0007_SS21,안전비상벨,서울특별시 뚝섬로436,37.5367813,127.0594558
C_0238_SS21,안전비상벨,서울특별시 뚝섬로17길 16,37.5388298,127.059761
C_0848_SJ00,안전비상벨,서울특별시 송정18가길 15-20,37.554053,127.067857
C_0616_SJ00,안전비상벨,서울특별시 동일로57길 5,37.5571022,127.0717315
C_0850_SJ00,안전비상벨,서울특별시 송정길 36,37.549374,127.063598
C_0071_SS21,안전비상벨,서울특별시 뚝섬로11길 8,37.539051,127.0570068
C_0288_SJ00,안전비상벨,서울특별시 송정12가길 50,37.5518531,127.0673904
C_0851_SJ00,안전비상벨,서울특별시 송정길 8,37.548761,127.060386
W_0042_SJ00,안전비상벨,서울특별시 송정길 50,37.5497856,127.0649642
S_0045_SJ00,안전비상벨,,37.5493511,127.0567687
C_0287_SS23,안전비상벨,서울특별시 광나루로 242-21,37.5487785,127.0564956
C_0088_SJ00,안전비상벨,서울특별시 송정길 42,37.5493621,127.0642013
G_0028_SJ00,안전비상벨,서울특별시 송정14길 17 (송정동),37.5510177,127.0682983
P_0020_YD00,안전비상벨,서울특별시 자동차시장1길 82,37.5603904,127.0662078
C_0182_YD00,안전비상벨,서울특별시 자동차시장1길 14,37.5610656,127.0590515
C_0082_SS23,안전비상벨,서울특별시 성수이로20길 57,37.5418319,127.0629043
C_0089_SJ00,안전비상벨,서울특별시 송정18길 1,37.5531845,127.0676727
F_0073_YD00,안전비상벨,서울특별시 천호대로 336,37.563273,127.056926
C_0027_SS21,안전비상벨,서울특별시 뚝섬로17길 29,37.5400581,127.0605316
C_0081_SS23,안전비상벨,서울특별시 연무장15길 11,37.5419692,127.0597229
G_0032_SJ00,안전비상벨,서울특별시 동일로55길 8 (송정동),37.5565528,127.0711898
C_0180_SJ00,안전비상벨,서울특별시 동일로55길 14-1,37.5564994,127.0703735
C_0372_SS23,안전비상벨,서울특별시 아차산로7나길 5,37.5482368,127.0565872
C_0135_SS23,안전비상벨,서울특별시 연무장11길 8,37.5427246,127.0572662
C_0942_SS23,안전비상벨,서울특별시 연무장19길 10,37.541108,127.062561
C_0900_SJ00,안전비상벨,서울특별시 송정12마길 13,37.549892,127.067471
C_0608_SJ00,안전비상벨,서울특별시 동일로59가길 22,37.558834,127.072731
C_0852_SJ00,안전비상벨,서울특별시 송정동 75-20,37.549918,127.057219
C_0376_SJ00,안전비상벨,서울특별시 송정6길 8,37.5494194,127.0650939
C_0827_YD00,안전비상벨,서울특별시 천호대로 454,37.5605812,127.0697097
C_0360_SJ00,안전비상벨,서울특별시 동일로59가길 10-1,37.5583839,127.0723342
W_0041_SS23,안전비상벨,서울특별시 연무장길 81,37.541685,127.058115
C_0612_SJ00,안전비상벨,서울특별시 동일로 241,37.553112,127.0699768
생활방범-313,안전비상벨,서울특별시 광진구 아차산로25길 27 (화양동),37.54283,127.06716
어린이-192,안전비상벨,서울특별시 광진구 아차산로21길 47 (화양동),37.54403,127.0659
공원-048,안전비상벨,서울특별시 광진구 천호대로 760,37.54656,127.09898
생활방범-696,안전비상벨,서울특별시 광진구 광나루로 424,37.54607,127.07634
생활방범-312,안전비상벨,서울특별시 광진구 아차산로23길 68 (화양동),37.54517,127.06748
생활방범-414,안전비상벨,서울특별시 광진구 아차산로41길 16 (자양동),37.53858,127.07891
공원-139,안전비상벨,서울특별시 광진구 광장동 5-124,37.55293,127.10112
공원-128,안전비상벨,서울특별시 광진구 천호대로 717-18,37.54916,127.09446
생활방범-415,안전비상벨,서울특별시 광진구 뚝섬로56길 35 (자양동),37.52999,127.08272
생활방범-226,안전비상벨,서울특별시 광진구 동일로70길 22 (중곡동),37.56455,127.078
어린이-122,안전비상벨,서울특별시 광진구 능동로 42 (자양동),37.53453,127.0683
어린이-007,안전비상벨,"서울특별시 광진구 아차산로 503-23 (광장동, 청구아파트)",37.54345,127.09653
생활방범-343,안전비상벨,서울특별시 광진구 뚝섬로40길 31 (자양동),37.53257,127.07255
생활방범-650,안전비상벨,서울특별시 광진구 군자로6길 51,37.54581,127.0723
공원-079,안전비상벨,서울특별시 광진구 아차산생태공원-고구려정1,37.55816,127.10236
생활방범-441,안전비상벨,서울특별시 광진구 자양로43길 123 (중곡동),37.55593,127.08901
다목적-028,안전비상벨,서울특별시 광진구 천호대로113길 10,37.55807,127.08509
생활방범-225,안전비상벨,서울특별시 광진구 긴고랑로7길 11 (중곡동),37.56405,127.07937
생활방범-350,안전비상벨,서울특별시 광진구 동일로20길 106 (자양동),37.53933,127.06938
공원-086,안전비상벨,서울특별시 광진구 공원방범(아차산어울림광장2),37.55179,127.10084
공원-164,안전비상벨,서울특별시 광진구 광장동 5-117,37.55189,127.10278
공원-033,안전비상벨,서울특별시 광진구 천호대로 717-18 (구의동),37.54927,127.09471
시설방범-011,안전비상벨,서울특별시 광진구 동일로 419,37.56832,127.07829
생활방범-574,안전비상벨,서울특별시 광진구 광장로 7길 27,37.54898,127.10556
공원-172,안전비상벨,서울특별시 광진구 구의동 3-10,37.55604,127.1044
생활방범-636,안전비상벨,서울특별시 광진구 뚝섬로64길 45,37.53114,127.09032
생활방범-073,안전비상벨,서울특별시 광진구 자양로36길 11 (구의동),37.54627,127.08754
어린이-143,안전비상벨,서울특별시 광진구 뚝섬로46길 74 (자양동),37.52937,127.07592
생활방범-067,안전비상벨,서울특별시 광진구 자양로42길 42-24 (구의동),37.54794,127.09165
생활방범-495,안전비상벨,서울특별시 광진구 동일로 30길 28 (화양동),37.54758,127.0688
생활방범-039,안전비상벨,서울특별시 광진구 아차산로55길 23 (구의동),37.53854,127.0865
그린파킹-011,안전비상벨,서울특별시 광진구 능동로36길 87,37.55472,127.08384
다목적-040,안전비상벨,서울특별시 광진구 뚝섬로 716 (자양동),37.53367,127.08823
공원-057,안전비상벨,서울특별시 광진구 구의1동 668-5,37.54585,127.08845
다목적-013,안전비상벨,서울특별시 광진구 자양번영로6길 67 (자양동),37.53159,127.07932
생활방범-172,안전비상벨,서울특별시 광진구 자양번영로11길 29 (자양동),37.53738,127.07507
생활방범-082,안전비상벨,서울특별시 광진구 구의로6길 21 (구의동),37.5415,127.09104
생활방범-310,안전비상벨,서울특별시 광진구 아차산로21길 47 (화양동),37.54421,127.06534
공원-126,안전비상벨,서울특별시 광진구 광장동 516-2,37.54163,127.09615
생활방범-651,안전비상벨,서울특별시 광진구 천호대로111길 9,37.55694,127.08217
생활방범-417,안전비상벨,서울특별시 광진구 뚝섬로56길 59 (자양동),37.52877,127.08288
생활방범-596,안전비상벨,서울특별시 광진구 천호대로123길83-13,37.55913,127.08591
생활방범-477,안전비상벨,서울특별시 광진구 용마산로22길 82 (중곡동),37.56726,127.08838
그린파킹-009,안전비상벨,서울특별시 광진구 천호대로112길 53,37.55388,127.0803
공원-045,안전비상벨,서울특별시 광진구 아차산로73길 15 (광장동),37.54594,127.1039
생활방범-496,안전비상벨,서울특별시 광진구 면목로1길 19 (군자동),37.55507,127.07453
어린이-147,안전비상벨,서울특별시 광진구 긴고랑로 51 (중곡동),37.5626,127.08206
공원-203,안전비상벨,서울특별시 광진구 아차산로 400,37.53662,127.08717
생활방범-461,안전비상벨,서울특별시 광진구 능동로3다길 4 (자양동),37.53398,127.06502
생활방범-459,안전비상벨,서울특별시 광진구 아차산로 78길 153 (광장동),37.5485,127.10918
다목적-001,안전비상벨,서울특별시 광진구 뚝섬로46길 64 (자양동),37.5303,127.07621
어린이-078,안전비상벨,서울특별시 광진구 동일로 222 (군자동),37.55162,127.06948
생활방범-413,안전비상벨,서울특별시 광진구 뚝섬로59길 18 (자양동),37.533,127.08394
생활방범-454,안전비상벨,서울특별시 광진구 광나루로40길 34 (구의동),37.54333,127.08927
그린파킹-005,안전비상벨,서울특별시 광진구 천호대로116길 97,37.55263,127.08133
생활방범-294,안전비상벨,서울특별시 광진구 영화사로9가길 61 (중곡동),37.55764,127.09523
생활방범-032,안전비상벨,서울특별시 광진구 광나루로36길 68 (구의동),37.54217,127.08583
생활방범-091,안전비상벨,서울특별시 광진구 구의로 56 (구의동),37.54292,127.09031
어린이-067,안전비상벨,서울특별시 광진구 능동로 209 (군자동),37.5529,127.07235
생활방범-672,안전비상벨,서울특별시 광진구 뚝섬로31가길 12,37.53612,127.06733
생활방범-108,안전비상벨,서울특별시 광진구 능동로27길 9 (군자동),37.55046,127.07053
공원-114,안전비상벨,서울특별시 광진구 동일로28길 16,37.54655,127.06769
공원-019,안전비상벨,서울특별시 광진구 자양4동 553-22,37.53507,127.06781
생활방범-132,안전비상벨,서울특별시 광진구 능동로32길 16-16 (능동),37.55393,127.0792
생활방범-382,안전비상벨,서울특별시 광진구 능동로 25-1 (자양동),37.53378,127.06778
생활방범-130,안전비상벨,서울특별시 광진구 능동로26길 23 (능동),37.55269,127.07855
생활방범-390,안전비상벨,서울특별시 광진구 광장로1길 19 (광장동),37.54783,127.10197
생활방범-050,안전비상벨,서울특별시 광진구 영화사로16가길 21 (구의동),37.55362,127.09558
생활방범-054,안전비상벨,서울특별시 광진구 영화사로16길 19 (구의동),37.55454,127.09594
공원-055,안전비상벨,서울특별시 광진구 천호대로140길 60,37.54576,127.10073
생활방범-243,안전비상벨,서울특별시 광진구 천호대로107길 22 (중곡동),37.55887,127.07889
어린이-168,안전비상벨,"서울특별시 광진구 긴고랑로7길 60 (중곡동, 주원그린빌)",37.56604,127.0805
공원-149,안전비상벨,서울특별시 광진구 용마산로22길 26,37.56289,127.09128
생활방범-470,안전비상벨,서울특별시 광진구 자양번영로 3길 27 (자양동),37.53211,127.07342
생활방범-483,안전비상벨,서울특별시 광진구 긴고랑로 36길57 (중곡동),37.55707,127.09126
생활방범-056,안전비상벨,서울특별시 광진구 자양로52길 11 (구의동),37.55306,127.09405
생활방범-196,안전비상벨,서울특별시 광진구 아차산로32길 21 (자양동),37.53901,127.06808
생활방범-270,안전비상벨,서울특별시 광진구 동일로76나길 20 (중곡동),37.56858,127.0801
어린이-035,안전비상벨,서울특별시 광진구 영화사로 98-1 (구의동),37.55441,127.09686
어린이-155,안전비상벨,서울특별시 광진구 용마산로1길 65 (중곡동),37.55595,127.08486
생활방범-189,안전비상벨,서울특별시 광진구 뚝섬로 491 (자양동),37.53654,127.06519
그린파킹-053,안전비상벨,서울특별시 광진구 동일로74길 15,37.56701,127.07892
생활방범-230,안전비상벨,서울특별시 광진구 면목로 93 (중곡동),37.56199,127.07904
생활방범-311,안전비상벨,서울특별시 광진구 동일로28길 16 (화양동),37.54621,127.06793
생활방범-336,안전비상벨,서울특별시 광진구 천호대로110길 122 (능동),37.55231,127.07774
그린파킹-014,안전비상벨,서울특별시 광진구 능동로36길 141,37.55361,127.08652
생활방범-062,안전비상벨,서울특별시 광진구 자양로43길 8 (구의동),37.55123,127.09106
생활방범-154,안전비상벨,서울특별시 광진구 뚝섬로52마길 60 (자양동),37.52783,127.0844
생활방범-678,안전비상벨,서울특별시 광진구 뚝섬로58가길 9,37.53072,127.08424
생활방범-624,안전비상벨,서울특별시 광진구 자양로37길 43,37.54895,127.08595
시설방범-019,안전비상벨,서울특별시 광진구 능동로 90,37.53899,127.07045
어린이-208,안전비상벨,서울특별시 광진구 뚝섬로 741 (구의동),37.53442,127.09111
생활방범-557,안전비상벨,서울특별시 광진구 아차산로24길 17,37.54017,127.06485
생활방범-223,안전비상벨,서울특별시 광진구 긴고랑로5길 11 (중곡동),37.56493,127.0792
생활방범-640,안전비상벨,서울특별시 광진구 광나루로30길 80,37.54307,127.08037
어린이-134,안전비상벨,서울특별시 광진구 동일로4가길 2 (자양동),37.53625,127.06223
생활방범-398,안전비상벨,서울특별시 광진구 광나루로54길 20 (구의동),37.54012,127.09531
생활방범-041,안전비상벨,서울특별시 광진구 아차산로53길 29 (구의동),37.53854,127.0858
생활방범-471,안전비상벨,서울특별시 광진구 능동로 3길 20 (자양동),37.53363,127.06658
생활방범-693,안전비상벨,서울특별시 광진구 광나루로13길 16,37.549,127.0686
시설방범-016,안전비상벨,서울특별시 광진구 광나루로 389,37.54753,127.07397
생활방범-291,안전비상벨,서울특별시 광진구 용마산로22길 10-10 (중곡동),37.5631,127.08767
생활방범-440,안전비상벨,서울특별시 광진구 긴고랑로38길 14 (중곡동),37.55843,127.09036
생활방범-229,안전비상벨,서울특별시 광진구 능동로43길 38 (중곡동),37.56177,127.0797
생활방범-514,안전비상벨,서울특별시 광진구 능동로53길24-1,37.56666,127.08318
생활방범-662,안전비상벨,서울특별시 광진구 자양로51길 28,37.55401,127.09231
생활방범-622,안전비상벨,서울특별시 광진구 용마산로22길 76,37.56586,127.08827
다목적-037,안전비상벨,서울특별시 광진구 아차산로76길 19 (광장동),37.54747,127.10795
생활방범-170,안전비상벨,서울특별시 광진구 자양로4나길 31 (자양동),37.53045,127.08796
생활방범-412,안전비상벨,서울특별시 광진구 뚝섬로43길 7 (자양동),37.53347,127.07673
어린이-183,안전비상벨,서울특별시 광진구 용마산로22길 76 (중곡동),37.56539,127.08844
공원-069,안전비상벨,서울특별시 광진구 용마도시자연공원-청용골,37.56605,127.0984
생활방범-683,안전비상벨,서울특별시 광진구 천호대로107길 40,37.5594,127.07916
생활방범-716,안전비상벨,서울특별시 광진구 천호대로119길 61,37.55755,127.08585
공원-028,안전비상벨,서울특별시 광진구 아차산로25길 27 (화양동),37.54288,127.06681
어린이-179,안전비상벨,서울특별시 광진구 용마산로8가길 80 (중곡동),37.56227,127.0885
어린이-124,안전비상벨,서울특별시 광진구 뚝섬로 585 (자양동),37.53355,127.07487
생활방범-708,안전비상벨,서울특별시 광진구 군자로13길 18-7,37.55272,127.07094
생활방범-430,안전비상벨,서울특별시 광진구 긴고랑로9길 46 (중곡동),37.56556,127.0819
생활방범-303,안전비상벨,서울특별시 광진구 용마산로36길 44 (중곡동),37.57039,127.08833
어린이-029,안전비상벨,서울특별시 광진구 자양로23길 21 (구의동),37.54171,127.08243
어린이-104,안전비상벨,"서울특별시 광진구 뚝섬로62길 47 (자양동, 효성맨션)",37.53084,127.0886
생활방범-298,안전비상벨,서울특별시 광진구 영화사로 51 (중곡동),37.55567,127.09234
어린이-050,안전비상벨,서울특별시 광진구 구의강변로 86 세양아파트 입구,37.53805,127.09368
생활방범-661,안전비상벨,서울특별시 광진구 용마산로8라길 30,37.56121,127.09047
생활방범-611,안전비상벨,서울특별시 광진구 뚝섬로58길 58,37.52958,127.08522
생활방범-602,안전비상벨,서울특별시 광진구 광장로1-20,37.54638,127.10153
생활방범-426,안전비상벨,서울특별시 광진구 뚝섬로27길 43 (자양동),37.53781,127.0662
공원-166,안전비상벨,서울특별시 광진구 광장동 5-125,37.55223,127.10206
어린이-087,안전비상벨,서울특별시 광진구 자양로23길 7 (자양동),37.54132,127.08317
생활방범-248,안전비상벨,서울특별시 광진구 능동로50길 8 (중곡동),37.56401,127.08396
어린이-138,안전비상벨,서울특별시 광진구 뚝섬로23길 44 (자양동),37.53715,127.06589
그린파킹-036,안전비상벨,서울특별시 광진구 긴고랑로47길 19,37.5619,127.09556
생활방범-126,안전비상벨,서울특별시 광진구 천호대로120길 21 (능동),37.55311,127.08794
생활방범-379,안전비상벨,서울특별시 광진구 동일로4길 74 (자양동),37.53567,127.06498
어린이-209,안전비상벨,서울특별시 광진구 아차산로 44가길 5,37.53629,127.0797
어린이-217,안전비상벨,서울특별시 광진구 광나루로15길 23,37.54908,127.06954
생활방범-217,안전비상벨,서울특별시 광진구 뚝섬로23가길 11 (자양동),37.53795,127.0654
공원-075,안전비상벨,서울특별시 광진구 아차산생태공원-생태자료,37.55179,127.10103
생활방범-485,안전비상벨,서울특별시 광진구 긴고랑로 36길 5 (중곡동),37.55868,127.089
공원-167,안전비상벨,서울특별시 광진구 광장동 5-123,37.55254,127.10256
생활방범-093,안전비상벨,서울특별시 광진구 뚝섬로67길 23 (구의동),37.53546,127.09062
공원-154,안전비상벨,서울특별시 광진구 구의동 3-17,37.55537,127.09911
생활방범-305,안전비상벨,서울특별시 광진구 긴고랑로46가길 36 (중곡동),37.55864,127.09525
생활방범-373,안전비상벨,서울특별시 광진구 자양로43길 18 (구의동),37.55159,127.0907
다목적-003,안전비상벨,서울특별시 광진구 뚝섬로 41길 33,37.53493,127.07531
생활방범-309,안전비상벨,서울특별시 광진구 자양로43길 86 (중곡동),37.55444,127.0895
생활방범-573,안전비상벨,서울특별시 광진구 영화사로 11길 39,37.55604,127.09512
생활방범-646,안전비상벨,서울특별시 광진구 아차산로27길 20,37.54261,127.06802
어린이-198,안전비상벨,서울특별시 광진구 군자로 27 (화양동),37.54567,127.07065
생활방범-076,안전비상벨,서울특별시 광진구 광나루로44길 9 (구의동),37.54383,127.09155
생활방범-658,안전비상벨,서울특별시 광진구 용마산로 183,37.57009,127.08609
공원-025,안전비상벨,서울특별시 광진구 영화사로7길 25 (중곡동),37.55694,127.09214
생활방범-437,안전비상벨,서울특별시 광진구 용마산로7길 59 (중곡동),37.55997,127.08464
어린이-065,안전비상벨,"서울특별시 광진구 영화사로 87-1 (구의동, 동성주택)",37.55491,127.09584
생활방범-145,안전비상벨,서울특별시 광진구 자양로13길 73 (자양동),37.53351,127.08096
공원-031,안전비상벨,서울특별시 광진구 아차산로31길 14 (화양동),37.54153,127.06978
생활방범-481,안전비상벨,서울특별시 광진구 능동로46길 28 (중곡동),37.56075,127.08404
생활방범-098,안전비상벨,서울특별시 광진구 면목로6길 18 (군자동),37.55611,127.07658
생활방범-453,안전비상벨,서울특별시 광진구 뚝섬로27길 19 (자양동),37.53693,127.06583
생활방범-157,안전비상벨,서울특별시 광진구 뚝섬로48길 52 (자양동),37.52967,127.07684
생활방범-476,안전비상벨,서울특별시 광진구 용마산로22길 82 (중곡동),37.5672,127.08895
생활방범-143,안전비상벨,서울특별시 광진구 자양로13나길 14 (자양동),37.53388,127.08039
생활방범-560,안전비상벨,서울특별시 광진구 동일로26길 47,37.54463,127.06861
생활방범-339,안전비상벨,서울특별시 광진구 광나루로52길 66 (구의동),37.5399,127.0923
생활방범-386,안전비상벨,서울특별시 광진구 광나루로38길 67 (구의동),37.54207,127.08733
생활방범-140,안전비상벨,서울특별시 광진구 자양로13길 100 (자양동),37.5326,127.07981
그린파킹-035,안전비상벨,서울특별시 광진구 용마산로36길 22,37.57082,127.0875
어린이-161,안전비상벨,서울특별시 광진구 동일로80길 13 (중곡동),37.5704,127.08059
생활방범-290,안전비상벨,서울특별시 광진구 자양로45길 89 (중곡동),37.55516,127.0898
생활방범-504,안전비상벨,서울특별시 광진구 긴고랑로 185-2 (중곡동),37.56021,127.09478
공원-013,안전비상벨,서울특별시 광진구 아차산로40길 46 (자양동),37.53582,127.07771
생활방범-568,안전비상벨,서울특별시 광진구 용마산로 33길 9-7,37.56975,127.08539
생활방범-295,안전비상벨,서울특별시 광진구 영화사로9길 10 (중곡동),37.55554,127.09329
생활방범-419,안전비상벨,서울특별시 광진구 뚝섬로64길 70 (자양동),37.53054,127.08914
어린이-128,안전비상벨,서울특별시 광진구 뚝섬로 561 (자양동),37.53451,127.07179
그린파킹-027,안전비상벨,서울특별시 광진구 동일로74길 31,37.56674,127.07984
생활방범-425,안전비상벨,서울특별시 광진구 능동로5길 7 (자양동),37.53708,127.06807
어린이-103,안전비상벨,"서울특별시 광진구 자양로6길 40 (자양동, 대양샤인빌)",37.53241,127.08897
생활방범-424,안전비상벨,서울특별시 광진구 뚝섬로25길 23 (자양동),37.53706,127.06469
시설방범-002,안전비상벨,서울특별시 광진구 천호대로 661,37.55215,127.0899
생활방범-482,안전비상벨,서울특별시 광진구 동일로78길 46-33 (중곡동),37.56842,127.08109
공원-006,안전비상벨,서울특별시 광진구 광나루로56길 86 (구의동),37.53675,127.09481
공원-050,안전비상벨,서울특별시 광진구 도로명주소 없음,37.54926,127.10142
생활방범-141,안전비상벨,서울특별시 광진구 뚝섬로51길 24 (자양동),37.53368,127.08009
생활방범-358,안전비상벨,서울특별시 광진구 자양번영로8길 7 (자양동),37.53443,127.07662
어린이-212,안전비상벨,서울특별시 광진구 자양로23길 79,37.53037,127.0905
공원-024,안전비상벨,서울특별시 광진구 용마산로33길 25 (중곡동),37.56999,127.08449
생활방범-019,안전비상벨,서울특별시 광진구 구의로 65 (구의동),37.54398,127.09043
생활방범-432,안전비상벨,서울특별시 광진구 능동로15길 11 (화양동),37.54518,127.07213
생활방범-249,안전비상벨,서울특별시 광진구 능동로48가길 36 (중곡동),37.56342,127.08581
어린이-084,안전비상벨,서울특별시 광진구 천호대로 664 (능동),37.54943,127.08758
생활방범-559,안전비상벨,서울특별시 광진구 자양강변길 119,37.53216,127.06511
생활방범-682,안전비상벨,서울특별시 광진구 구의로 19,37.53969,127.08939
생활방범-200,안전비상벨,서울특별시 광진구 아차산로22길 27 (자양동),37.54066,127.06405
생활방범-566,안전비상벨,서울특별시 광진구 긴고랑로7길 101,37.56751,127.08137
생활방범-598,안전비상벨,서울특별시 광진구 용마산로22길9,37.56358,127.08772
생활방범-507,안전비상벨,서울특별시 광진구 동일로56가길 19-16,37.55437,127.07305
공원-122,안전비상벨,서울특별시 광진구 군자동 340-10,37.55272,127.07022
생활방범-047,안전비상벨,서울특별시 광진구 광나루로 517-10 (구의동),37.54564,127.08721
생활방범-083,안전비상벨,서울특별시 광진구 아차산로63길 37 (구의동),37.54131,127.09216
생활방범-577,안전비상벨,서울특별시 광진구 동일로 212,37.55053,127.06923
생활방범-288,안전비상벨,서울특별시 광진구 동일로76길 49 (중곡동),37.56803,127.08123
생활방범-036,안전비상벨,서울특별시 광진구 아차산로49길 32 (구의동),37.53848,127.08438
공원-081,안전비상벨,서울특별시 광진구 아차산생태공원-공영주차,37.55168,127.10022
생활방범-365,안전비상벨,서울특별시 광진구 광장로 64 (광장동),37.54742,127.10427
생활방범-074,안전비상벨,서울특별시 광진구 천호대로132길 27-7 (구의동),37.54939,127.08908
어린이-158,안전비상벨,서울특별시 광진구 용마산로3길 57 (중곡동),37.55777,127.08332
공원-066,안전비상벨,서울특별시 광진구 용마도시자연공원-산불장비,37.56339,127.09635
생활방범-346,안전비상벨,서울특별시 광진구 능동로31길 12-15 (군자동),37.55639,127.0782
어린이-068,안전비상벨,서울특별시 광진구 면목로 20 (군자동),37.55585,127.07581
생활방범-707,안전비상벨,서울특별시 광진구 자양로3길 65-9,37.52926,127.08315
그린파킹-039,안전비상벨,서울특별시 광진구 긴고랑로42길 3-15,37.55879,127.0941
어린이-133,안전비상벨,서울특별시 광진구 동일로4길 51 (자양동),37.53596,127.06357
생활방범-296,안전비상벨,서울특별시 광진구 영화사로9길 70-12 (중곡동),37.55674,127.09465
공원-072,안전비상벨,서울특별시 광진구 아차산생태공원-공원입구,37.55258,127.09969
생활방범-031,안전비상벨,서울특별시 광진구 자양로26길 45-7,37.54162,127.08668
생활방범-446,안전비상벨,서울특별시 광진구 능동로32길 29 (능동),37.55489,127.08007
생활방범-595,안전비상벨,서울특별시 광진구 면목로9길31,37.56079,127.07662
공원-136,안전비상벨,서울특별시 광진구 광장동 5-112,37.55435,127.10407
생활방범-332,안전비상벨,서울특별시 광진구 긴고랑로 19 (중곡동),37.56385,127.07872
생활방범-048,안전비상벨,서울특별시 광진구 자양로37가길 10 (구의동),37.54771,127.08726
다목적-018,안전비상벨,서울특별시 광진구 능동로51길 37-1 (중곡동),37.56647,127.08204
공원-064,안전비상벨,서울특별시 광진구 용마도시자연공원-체험장,37.56305,127.09617
생활방범-381,안전비상벨,서울특별시 광진구 능동로 49 (자양동),37.53444,127.06806
생활방범-529,안전비상벨,서울특별시 광진구 천호대로 798,37.54562,127.10196
생활방범-060,안전비상벨,서울특별시 광진구 천호대로137길 38 (구의동),37.55076,127.09368
생활방범-617,안전비상벨,서울특별시 광진구 아차산로39길 38-7,37.53923,127.0752
생활방범-020,안전비상벨,서울특별시 광진구 자양로30길 87-10 (구의동),37.54348,127.08962
생활방범-180,안전비상벨,서울특별시 광진구 뚝섬로36길 49-8 (자양동),37.53204,127.07084
어린이-205,안전비상벨,서울특별시 광진구 자양로40길 53 (구의동),37.54685,127.09174
어린이-083,안전비상벨,서울특별시 광진구 천호대로102길 36 (군자동),37.55754,127.07347
어린이-023,안전비상벨,서울특별시 광진구 광나루로38길 73 (구의동),37.54174,127.08724
다목적-030,안전비상벨,"서울특별시 광진구 용마산로22길 19-34 (중곡동, 삼보드림빌)",37.56533,127.08794
생활방범-585,안전비상벨,서울특별시 광진구 군자로 5길 29,37.5448,127.06951
생활방범-187,안전비상벨,서울특별시 광진구 자양번영로3나길 40 (자양동),37.53016,127.07337
공원-161,안전비상벨,서울특별시 광진구 중곡동 143-146,37.56276,127.0964
생활방범-580,안전비상벨,서울특별시 광진구 광나루로 19길51,37.54976,127.07265
생활방범-064,안전비상벨,서울특별시 광진구 영화사로15길 25,37.55511,127.09508
시설방범-004,안전비상벨,서울특별시 광진구 능동로 10,37.53214,127.06722
생활방범-389,안전비상벨,서울특별시 광진구 광장로7길 24 (광장동),37.54876,127.10537
생활방범-334,안전비상벨,서울특별시 광진구 답십리로78길 9-16 (중곡동),37.57104,127.08227
생활방범-024,안전비상벨,서울특별시 광진구 자양로32길 31 (구의동),37.54432,127.0866
생활방범-247,안전비상벨,서울특별시 광진구 능동로47길 35 (중곡동),37.56338,127.08134
생활방범-396,안전비상벨,서울특별시 광진구 자양로23길 65 (구의동),37.54326,127.08366
다목적-043,안전비상벨,서울특별시 광진구 구의로 7,37.53876,127.08923
생활방범-190,안전비상벨,서울특별시 광진구 능동로3나길 10,37.53411,127.06569
생활방범-341,안전비상벨,서울특별시 광진구 자양로15길 108 (자양동),37.5344,127.07795
생활방범-538,안전비상벨,서울특별시 광진구 아차산로53길 62-14,37.54027,127.08615
생활방범-167,안전비상벨,서울특별시 광진구 뚝섬로60길 6 (자양동),37.53257,127.08654
시설방범-034,안전비상벨,서울특별시 광진구 능동로 172,37.54603,127.0737
어린이-214,안전비상벨,서울특별시 광진구 자양로43길 115,37.55547,127.08903
생활방범-409,안전비상벨,서울특별시 광진구 아차산로40길 28 (자양동),37.53641,127.07814
생활방범-231,안전비상벨,서울특별시 광진구 긴고랑로6길 9 (중곡동),37.56315,127.07822
생활방범-405,안전비상벨,서울특별시 광진구 면목로5길 49 (군자동),37.55645,127.07346
생활방범-233,안전비상벨,서울특별시 광진구 동일로 374 (중곡동),37.56432,127.07628
생활방범-475,안전비상벨,서울특별시 광진구 광장로1가길 49 (광장동),37.54854,127.09989
어린이-176,안전비상벨,서울특별시 광진구 동일로 452-1 (중곡동),37.57057,127.07999
어린이-031,안전비상벨,서울특별시 광진구 워커힐로 93 (구의동),37.55029,127.09654
생활방범-407,안전비상벨,서울특별시 광진구 광나루로13길 30 (군자동),37.54952,127.06883
생활방범-279,안전비상벨,서울특별시 광진구 용마산로31길 16 (중곡동),37.56934,127.08527
그린파킹-019,안전비상벨,서울특별시 광진구 능동로24길 23,37.55199,127.07818
생활방범-487,안전비상벨,서울특별시 광진구 자양로 13길 31-8 (자양동),37.53442,127.08288
어린이-197,안전비상벨,서울특별시 광진구 능동로13길 15 (화양동),37.54284,127.07099
어린이-032,안전비상벨,서울특별시 광진구 천호대로130길 26 (구의동),37.55067,127.08879
생활방범-113,안전비상벨,서울특별시 광진구 천호대로116길 88 (능동),37.55231,127.08184
생활방범-418,안전비상벨,서울특별시 광진구 뚝섬로64길 14 (자양동),37.53309,127.08886
어린이-027,안전비상벨,서울특별시 광진구 광나루로30다길 3 (구의동),37.5434,127.0815
공원-148,안전비상벨,서울특별시 광진구 중곡동 143-119,37.56185,127.09081
그린파킹-002,안전비상벨,서울특별시 광진구 구의로9길 15,37.54236,127.08815
시설방범-032,안전비상벨,서울특별시 광진구 자양로 59-2,37.53298,127.08483
생활방범-428,안전비상벨,서울특별시 광진구 긴고랑로7길 69 (중곡동),37.56638,127.08068
공원-160,안전비상벨,서울특별시 광진구 중곡동 176-133,37.56843,127.09003
공원-107,안전비상벨,서울특별시 광진구 구의동 624-1,37.5324,127.09218
공원-176,안전비상벨,서울특별시 광진구 구의동 3-8,37.55601,127.10272
공원-037,안전비상벨,서울특별시 광진구 천호대로 717-18 (구의동),37.54751,127.09834
다목적-016,안전비상벨,서울특별시 광진구 면목로 53 (중곡동),37.55889,127.0773
공원-071,안전비상벨,서울특별시 광진구 아차산생태공원-사무실,37.55303,127.09978
생활방범-452,안전비상벨,서울특별시 광진구 뚝섬로40길 65 (자양동),37.53137,127.07153
생활방범-712,안전비상벨,서울특별시 광진구 영화사로9나길 32,37.55759,127.09572
생활방범-028,안전비상벨,서울특별시 광진구 구의로1길 12 (구의동),37.53916,127.08758
공원-129,안전비상벨,서울특별시 광진구 자양1동 859-1,37.53845,127.08144
어린이-051,안전비상벨,서울특별시 광진구 구의3동 215-10 교통섬,37.53722,127.0934
생활방범-195,안전비상벨,서울특별시 광진구 아차산로30길 18,37.53987,127.06744
생활방범-704,안전비상벨,서울특별시 광진구 아차산로78가길 3,37.54951,127.10931
생활방범-376,안전비상벨,서울특별시 광진구 뚝섬로49길 59 (자양동),37.53454,127.08043
생활방범-627,안전비상벨,서울특별시 광진구 워커힐로 32,37.54473,127.09759
생활방범-235,안전비상벨,서울특별시 광진구 자양로43길 47 (중곡동),37.55261,127.09027
어린이-201,안전비상벨,서울특별시 광진구 능동로 145 (화양동),37.54362,127.07222
생활방범-340,안전비상벨,서울특별시 광진구 광장로7길 7 (광장동),37.54825,127.10567
생활방범-289,안전비상벨,서울특별시 광진구 영화사로5길 25 (중곡동),37.55726,127.09219
생활방범-490,안전비상벨,서울특별시 광진구 동일로10가길23 (자양동),37.53868,127.06383
생활방범-208,안전비상벨,서울특별시 광진구 뚝섬로32길 17 (자양동),37.53471,127.06713
생활방범-456,안전비상벨,서울특별시 광진구 자양로37길 22-10 (구의동),37.54868,127.08741
어린이-009,안전비상벨,서울특별시 광진구 아차산로73길 48 (광장동),37.54683,127.10224
공원-009,안전비상벨,서울특별시 광진구 천호대로116길 66 (능동),37.55242,127.08298
공원-003,안전비상벨,서울특별시 광진구 아차산로60길 13-8,37.53804,127.09237
생활방범-203,안전비상벨,서울특별시 광진구 동일로4가길 9-2 (자양동),37.53593,127.06282
공원-074,안전비상벨,서울특별시 광진구 아차산생태공원-다목적,37.55247,127.10064
생활방범-166,안전비상벨,서울특별시 광진구 자양로3가길 37 (자양동),37.53642,127.08465
생활방범-105,안전비상벨,서울특별시 광진구 능동로29가길 24 (군자동),37.55572,127.07791
생활방범-588,안전비상벨,서울특별시 광진구 아차산로39길 36,37.53894,127.07569
생활방범-548,안전비상벨,서울특별시 광진구 자양로13길 20,37.53526,127.08295
생활방범-563,안전비상벨,서울특별시 광진구 아차산로 21길 109,37.54655,127.06739
공원-124,안전비상벨,서울특별시 광진구 구의3동 624-5,37.53103,127.09197
생활방범-178,안전비상벨,서울특별시 광진구 아차산로38길 5-16 (자양동),37.53818,127.07537
생활방범-236,안전비상벨,서울특별시 광진구 천호대로101길 11 (중곡동),37.55981,127.07477
공원-082,안전비상벨,서울특별시 광진구 아차산생태공원-해맞이공원,37.55996,127.10157
생활방범-306,안전비상벨,서울특별시 광진구 긴고랑로46길 11,37.56024,127.09561
생활방범-362,안전비상벨,서울특별시 광진구 자양로22길 61 (구의동),37.54323,127.08783
생활방범-096,안전비상벨,서울특별시 광진구 천호대로104나길 8 (군자동),37.55718,127.07503
생활방범-215,안전비상벨,서울특별시 광진구 동일로10나길 18 (자양동),37.53828,127.06431
생활방범-604,안전비상벨,서울특별시 광진구 광장로89,37.548,127.10692
공원-119,안전비상벨,서울특별시 광진구 중곡4동 72-122,37.56103,127.09553
어린이-211,안전비상벨,서울특별시 광진구 자양로23길 79,37.54379,127.08379
공원-174,안전비상벨,서울특별시 광진구 동일로76나길 20,37.56844,127.08026
생활방범-583,안전비상벨,서울특별시 광진구 군자로 43,37.54706,127.07027
생활방범-035,안전비상벨,서울특별시 광진구 아차산로51길 23 (구의동),37.53822,127.08502
공원-035,안전비상벨,서울특별시 광진구 천호대로 717-18 (구의동),37.54793,127.09702
생활방범-625,안전비상벨,서울특별시 광진구 자양로37길 38-6,37.54884,127.08663
생활방범-144,안전비상벨,서울특별시 광진구 자양로9길 24-3 (자양동),37.53385,127.08294
생활방범-687,안전비상벨,서울특별시 광진구 영화사로3길 53,37.55824,127.09265
시설방범-015,안전비상벨,서울특별시 광진구 아차산로 236,37.54018,127.06944
어린이-119,안전비상벨,서울특별시 광진구 자양로4길 63,37.53352,127.09021
공원-030,안전비상벨,서울특별시 광진구 군자로3길 15 (화양동),37.54455,127.07065
생활방범-254,안전비상벨,서울특별시 광진구 용마산로1길 22 (중곡동),37.55503,127.08739
생활방범-068,안전비상벨,서울특별시 광진구 자양로35길 35,37.54811,127.08595
그린파킹-052,안전비상벨,서울특별시 광진구 용마산로5길 40,37.55752,127.08559
생활방범-641,안전비상벨,서울특별시 광진구 뚝섬로58길 68,37.52926,127.08454
생활방범-181,안전비상벨,서울특별시 광진구 능동로8길 28 (자양동),37.53603,127.07073
어린이-150,안전비상벨,서울특별시 광진구 긴고랑로22길 29,37.55984,127.08381
생활방범-509,안전비상벨,서울특별시 광진구 긴고랑로38,37.56283,127.08032
어린이-163,안전비상벨,서울특별시 광진구 동일로80길 24 (중곡동),37.5702,127.08117
공원-152,안전비상벨,서울특별시 광진구 중곡동 176-122,37.56787,127.09047
생활방범-179,안전비상벨,서울특별시 광진구 뚝섬로36가길 43 (자양동),37.53117,127.07272
생활방범-449,안전비상벨,서울특별시 광진구 뚝섬로52다길 45 (자양동),37.52976,127.08148
생활방범-699,안전비상벨,서울특별시 광진구 자양로23나길 7,37.54222,127.08263
생활방범-359,안전비상벨,서울특별시 광진구 뚝섬로50길 6 (자양동),37.53221,127.07832
생활방범-402,안전비상벨,서울특별시 광진구 동일로52길 24 (군자동),37.55445,127.07243
생활방범-165,안전비상벨,서울특별시 광진구 자양로3가길 36 (자양동),37.52866,127.08511
시설방범-014,안전비상벨,서울특별시 광진구 아차산로 397,37.53745,127.08674
공원-018,안전비상벨,서울특별시 광진구 자양1동 859-1,37.53859,127.08173
공원-008,안전비상벨,서울특별시 광진구 동일로56길 29 (군자동),37.55601,127.07374
생활방범-146,안전비상벨,서울특별시 광진구 자양로11길 45-8 (자양동),37.53343,127.08219
공원-047,안전비상벨,서울특별시 광진구 천호대로 760,37.54624,127.09873
생활방범-571,안전비상벨,서울특별시 광진구 천호대로 114길 58,37.55323,127.08162
생활방범-384,안전비상벨,서울특별시 광진구 광나루로24길 53 (화양동),37.54506,127.07811
생활방범-149,안전비상벨,서울특별시 광진구 뚝섬로55길 19 (자양동),37.53238,127.08236
생활방범-322,안전비상벨,서울특별시 광진구 능동로13길 88 (화양동),37.54545,127.06866
다목적-039,안전비상벨,서울특별시 광진구 아차산로 200 (자양동),37.54094,127.06606
어린이-175,안전비상벨,서울특별시 광진구 동일로 462 (중곡동),37.57162,127.08024
어린이-178,안전비상벨,서울특별시 광진구 긴고랑로 136 (중곡동),37.55909,127.09011
어린이-064,안전비상벨,서울특별시 광진구 아차산로 435 강변SK뷰 교통섬,37.53822,127.09068
생활방범-592,안전비상벨,서울특별시 광진구 능동로 21길 14-10,37.55175,127.07582
어린이-167,안전비상벨,"서울특별시 광진구 동일로72길 17 (중곡동, 중곡아파트)",37.56606,127.07838
생활방범-644,안전비상벨,서울특별시 광진구 아차산로27길 60,37.54406,127.06899
생활방범-272,안전비상벨,서울특별시 광진구 용마산로31길 31 (중곡동),37.56911,127.08425
시설방범-001,안전비상벨,서울특별시 광진구 천호대로 548,37.55704,127.07914
생활방범-630,안전비상벨,서울특별시 광진구 뚝섬로44길 56,37.53031,127.0756
생활방범-156,안전비상벨,서울특별시 광진구 자양로6길 40 (자양동),37.53278,127.08788
공원-158,안전비상벨,서울특별시 광진구 아차산로25길 27,37.54274,127.06706
생활방범-152,안전비상벨,서울특별시 광진구 자양로19길 54 (자양동),37.53818,127.08046
어린이-090,안전비상벨,서울특별시 광진구 아차산로44길 36 (자양동),37.53645,127.07894
생활방범-608,안전비상벨,서울특별시 광진구 광장로1나길 8,37.54818,127.10197
공원-130,안전비상벨,서울특별시 광진구 영화사로 139,37.55215,127.10267
생활방범-348,안전비상벨,서울특별시 광진구 천호대로121길 6 (중곡동),37.55551,127.08656
생활방범-626,안전비상벨,서울특별시 광진구 구의동 4-20,37.55317,127.09835
어린이-185,안전비상벨,서울특별시 광진구 용마산로22길 24 (중곡동),37.56372,127.08848
어린이-187,안전비상벨,서울특별시 광진구 긴고랑로 152 (중곡동),37.55865,127.09167
생활방범-530,안전비상벨,서울특별시 광진구 아차산로 78길 90,37.55118,127.11069
어린이-039,안전비상벨,서울특별시 광진구 자양로52길 3-9 (구의동),37.5537,127.09394
어린이-053,안전비상벨,서울특별시 광진구 아차산로 426 (구의동),37.53792,127.08953
그린파킹-013,안전비상벨,서울특별시 광진구 능동로32길 106-13,37.55274,127.08369
어린이-037,안전비상벨,"서울특별시 광진구 자양로50길 79 (구의동, 유진아트빌라)",37.55291,127.09677
어린이-180,안전비상벨,서울특별시 광진구 용마산로28길 62 (중곡동),37.5671,127.08966
생활방범-488,안전비상벨,서울특별시 광진구 뚝섬로56길47 (자양동),37.52936,127.08277
공원-141,안전비상벨,서울특별시 광진구 구의동 3-3,37.55611,127.09823
생활방범-464,안전비상벨,서울특별시 광진구 영화사로9가길 39-15 (중곡동),37.55656,127.09367
어린이-054,안전비상벨,서울특별시 광진구 강변역로2길 18 (구의동),37.5373,127.09119
생활방범-587,안전비상벨,서울특별시 광진구 광나루로 14길 31,37.54634,127.06813
생활방범-281,안전비상벨,서울특별시 광진구 용마산로27길 10 (중곡동),37.56732,127.08582
생활방범-027,안전비상벨,서울특별시 광진구 자양로26길 95,37.54019,127.08915
생활방범-710,안전비상벨,서울특별시 광진구 천호대로129길 49,37.55369,127.09187
어린이-206,안전비상벨,서울특별시 광진구 뚝섬로 52길,37.53181,127.08409
생활방범-372,안전비상벨,서울특별시 광진구 아차산로59길 56,37.54085,127.09086
어린이-010,안전비상벨,서울특별시 광진구 광장로3길 19 (광장동),37.54788,127.10277
생활방범-535,안전비상벨,서울특별시 광진구 자양로18길6,37.53735,127.08387
공원-151,안전비상벨,서울특별시 광진구 중곡동 176-122,37.56811,127.09044
공원-165,안전비상벨,서울특별시 광진구 광장동 5-115,37.55196,127.10315
생활방범-278,안전비상벨,서울특별시 광진구 답십리로88길 19 (중곡동),37.57027,127.08498
생활방범-021,안전비상벨,서울특별시 광진구 광나루로38길 27 (구의동),37.54371,127.08807
생활방범-558,안전비상벨,서울특별시 광진구 아차산로192,37.54129,127.0645
그린파킹-051,안전비상벨,서울특별시 광진구 아차산로42길 16,37.53693,127.07894
생활방범-265,안전비상벨,서울특별시 광진구 긴고랑로19길 34-4 (중곡동),37.56293,127.085
그린파킹-016,안전비상벨,서울특별시 광진구 능동로32길 139,37.55272,127.08575
생활방범-364,안전비상벨,서울특별시 광진구 아차산로62길 14-2 (구의동),37.53903,127.09365
생활방범-484,안전비상벨,서울특별시 광진구 용마산로8가길 20-15 (중곡동),37.56027,127.08969
생활방범-385,안전비상벨,서울특별시 광진구 군자로13길 35 (군자동),37.5519,127.07049
생활방범-692,안전비상벨,서울특별시 광진구 뚝섬로 515,37.53564,127.06755
생활방범-244,안전비상벨,서울특별시 광진구 천호대로107길 8 (중곡동),37.55841,127.07854
생활방범-274,안전비상벨,서울특별시 광진구 능동로53길 30-12 (중곡동),37.56724,127.08244
어린이-160,안전비상벨,서울특별시 광진구 천호대로111길 41 (중곡동),37.5581,127.08281
생활방범-656,안전비상벨,서울특별시 광진구 동일로 360,37.56299,127.07579
생활방범-393,안전비상벨,서울특별시 광진구 아차산로66길 8 (광장동),37.54133,127.09736
생활방범-709,안전비상벨,서울특별시 광진구 동일로60길 14,37.55848,127.07405
어린이-140,안전비상벨,서울특별시 광진구 능동로5길 17 (자양동),37.53681,127.06675
시설방범-033,안전비상벨,서울특별시 광진구 뚝섬로46길 64,37.5304,127.07492
공원-113,안전비상벨,서울특별시 광진구 구의강변로 69,37.53804,127.09237
어린이-157,안전비상벨,서울특별시 광진구 용마산로3길 57 (중곡동),37.55867,127.08383
생활방범-649,안전비상벨,서울특별시 광진구 군자로6길 20,37.54593,127.07174
생활방범-018,안전비상벨,서울특별시 광진구 자양로30길 79 (구의동),37.54298,127.08942
공원-206,안전비상벨,서울특별시 광진구 아차산로 400,37.53748,127.08901
생활방범-508,안전비상벨,서울특별시 광진구 동일로56가길 19-16,37.53395,127.09015
공원-004,안전비상벨,서울특별시 광진구 아차산로59길 49 (구의동),37.5406,127.09066
생활방범-329,안전비상벨,서울특별시 광진구 광나루로26길 24 (화양동),37.54541,127.07729
생활방범-259,안전비상벨,서울특별시 광진구 용마산로1길 91 (중곡동),37.55647,127.08356
생활방범-688,안전비상벨,서울특별시 광진구 뚝섬로50길 39,37.53063,127.07782
생활방범-351,안전비상벨,서울특별시 광진구 동일로66길 28 (중곡동),37.56151,127.07652
생활방범-155,안전비상벨,서울특별시 광진구 자양로5길 13 (자양동),37.53164,127.08507
생활방범-377,안전비상벨,서울특별시 광진구 자양번영로2길 55 (자양동),37.53006,127.07796
생활방범-192,안전비상벨,서울특별시 광진구 자양강변길 73 (자양동),37.53274,127.0637
생활방범-637,안전비상벨,서울특별시 광진구 자양동 783-2,37.53575,127.07439
생활방범-127,안전비상벨,서울특별시 광진구 천호대로122길 33 (능동),37.55211,127.08732
생활방범-679,안전비상벨,서울특별시 광진구 강변역로 53,37.53559,127.09384
생활방범-118,안전비상벨,서울특별시 광진구 천호대로112길 25 (능동),37.55509,127.08119
생활방범-521,안전비상벨,서울특별시 광진구 용마산로20길9-1,37.56268,127.08772
어린이-164,안전비상벨,서울특별시 광진구 동일로72길 23-5 (중곡동),37.56604,127.07916
어린이-162,안전비상벨,"서울특별시 광진구 능동로53길 13 (중곡동, 정인주택)",37.56658,127.08385
생활방범-325,안전비상벨,서울특별시 광진구 동일로22길 71 (화양동),37.54147,127.06831
생활방범-534,안전비상벨,서울특별시 광진구 능동로 267-14,37.55418,127.07678
생활방범-107,안전비상벨,서울특별시 광진구 능동로27길 9 (군자동),37.55243,127.07496
생활방범-285,안전비상벨,서울특별시 광진구 답십리로82길 18 (중곡동),37.57055,127.08269
생활방범-406,안전비상벨,서울특별시 광진구 동일로34길 19 (군자동),37.54988,127.0697
생활방범-151,안전비상벨,서울특별시 광진구 자양로19길 48-4 (자양동),37.53846,127.08097
생활방범-112,안전비상벨,서울특별시 광진구 면목로5길 30-6 (군자동),37.55685,127.07461
어린이-216,안전비상벨,서울특별시 광진구 자양로41길 20,37.54998,127.08957
공원-038,안전비상벨,서울특별시 광진구 천호대로 760,37.54635,127.09823
생활방범-542,안전비상벨,서울특별시 광진구 아차산로58가길15,37.5359,127.09036
어린이-095,안전비상벨,서울특별시 광진구 자양로 61,37.53325,127.08471
공원-049,안전비상벨,서울특별시 광진구 도로명주소 없음,37.56863,127.07793
생활방범-616,안전비상벨,서울특별시 광진구 군자로 114,37.54914,127.07518
공원-015,안전비상벨,서울특별시 광진구 뚝섬로34길 25-19 (자양동),37.53366,127.06985
생활방범-665,안전비상벨,서울특별시 광진구 자양로41길 26-9,37.55039,127.08989
그린파킹-003,안전비상벨,서울특별시 광진구 자양로38길 17-7,37.54731,127.08919
생활방범-177,안전비상벨,서울특별시 광진구 자양번영로3다길 11-5,37.53136,127.07352
생활방범-055,안전비상벨,서울특별시 광진구 영화사로16나길 21 (구의동),37.55324,127.09606
생활방범-537,안전비상벨,서울특별시 광진구 광나루로 38길 8,37.54437,127.08802
다목적-024,안전비상벨,서울특별시 광진구 뚝섬로52길 74 (자양동),37.52986,127.07848
공원-155,안전비상벨,서울특별시 광진구 구의동 3-17,37.55511,127.0997
생활방범-053,안전비상벨,서울특별시 광진구 자양로51길 10-9 (구의동),37.55386,127.09343
다목적-025,안전비상벨,서울특별시 광진구 뚝섬로56길 7 (자양동),37.53089,127.08265
공원-117,안전비상벨,서울특별시 광진구 구의2동 612-35,37.54817,127.08566
어린이-033,안전비상벨,서울특별시 광진구 자양로 247 (구의동),37.54865,127.089
어린이-112,안전비상벨,서울특별시 광진구 자양로5길 33 (자양동,37.53112,127.08394
생활방범-513,안전비상벨,서울특별시 광진구 동일로78길47,37.56876,127.08212
생활방범-257,안전비상벨,서울특별시 광진구 천호대로119길 89 (중곡동),37.55903,127.08561
생활방범-578,안전비상벨,서울특별시 광진구 군자로10길22,37.54887,127.07189
생활방범-173,안전비상벨,서울특별시 광진구 아차산로 288 (자양동),37.53852,127.07501
생활방범-436,안전비상벨,서울특별시 광진구 긴고랑로3길 19-2 (중곡동),37.56538,127.0783
어린이-207,안전비상벨,서울특별시 광진구 아차산로58길 47 (구의동),37.53569,127.08928
시설방범-021,안전비상벨,서울특별시 광진구 천호대로 556,37.55688,127.07959
어린이-074,안전비상벨,서울특별시 광진구 군자로 127 세종대 기숙사 코너,37.55368,127.07347
시설방범-028,안전비상벨,서울특별시 광진구 자양로 117,37.53834,127.08327
생활방범-544,안전비상벨,서울특별시 광진구 자양로13다길10,37.53271,127.07928
생활방범-494,안전비상벨,서울특별시 광진구 아차산로25길 20-9 (화양동),37.54213,127.06739
어린이-132,안전비상벨,서울특별시 광진구 능동로 42 신양초교 후문입구,37.53481,127.07009
공원-137,안전비상벨,서울특별시 광진구 구의동 3,37.55312,127.10055
공원-106,안전비상벨,서울특별시 광진구 광나루로 389,37.5475,127.07347
생활방범-102,안전비상벨,서울특별시 광진구 동일로52길 15-14 (군자동),37.55536,127.07253
생활방범-335,안전비상벨,서울특별시 광진구 용마산로4길 26 (중곡동),37.55656,127.08957
공원-146,안전비상벨,서울특별시 광진구 구의동 3-3,37.55673,127.09676
생활방범-667,안전비상벨,서울특별시 광진구 자양로37길 38,37.54872,127.08639
생활방범-654,안전비상벨,서울특별시 광진구 긴고랑로20길 28,37.56003,127.08321
생활방범-694,안전비상벨,서울특별시 광진구 능동로 160,37.54487,127.07313
어린이-085,안전비상벨,서울특별시 광진구 천호대로114길 25 (능동),37.55458,127.0824
생활방범-261,안전비상벨,서울특별시 광진구 긴고랑로31길 28 (중곡동),37.5612,127.087
다목적-029,안전비상벨,서울특별시 광진구 동일로72길 43 (중곡동),37.56544,127.08013
생활방범-492,안전비상벨,서울특별시 광진구 자양로48길 20 (구의동),37.55133,127.09317
생활방범-004,안전비상벨,서울특별시 광진구 아차산로78길 53 (광장동),37.55144,127.10983
어린이-177,안전비상벨,서울특별시 광진구 용마산로 191 (중곡동),37.57086,127.08603
생활방범-380,안전비상벨,서울특별시 광진구 뚝섬로24길 48 (자양동),37.5346,127.06286
생활방범-106,안전비상벨,서울특별시 광진구 능동로27길 9 (군자동),37.55384,127.07682
생활방범-115,안전비상벨,서울특별시 광진구 천호대로110길 34 (능동),37.55581,127.07947
생활방범-370,안전비상벨,서울특별시 광진구 능동로32길 82-53 (능동),37.5527,127.0818
생활방범-006,안전비상벨,서울특별시 광진구 천호대로 809 (광장동),37.54587,127.10359
생활방범-686,안전비상벨,서울특별시 광진구 아차산로 241,37.54029,127.07021
생활방범-201,안전비상벨,서울특별시 광진구 자양강변길 19 (자양동),37.53426,127.0611
공원-044,안전비상벨,서울특별시 광진구 자양번영로3길 16 (자양동),37.53207,127.0744
공원-073,안전비상벨,서울특별시 광진구 아차산생태공원-소각장,37.55221,127.10066
생활방범-022,안전비상벨,서울특별시 광진구 구의로11길 28 (구의동),37.54369,127.08876
생활방범-615,안전비상벨,서울특별시 광진구 능동로 237,37.55104,127.07614
생활방범-148,안전비상벨,서울특별시 광진구 뚝섬로57가길 55 (자양동),37.53239,127.08055
생활방범-319,안전비상벨,서울특별시 광진구 군자로3길 25-16 (화양동),37.54373,127.07061
생활방범-400,안전비상벨,서울특별시 광진구 구의강변로3가길 3 (구의동),37.53582,127.0916
생활방범-411,안전비상벨,서울특별시 광진구 아차산로39길 11 (자양동),37.53857,127.07718
생활방범-489,안전비상벨,서울특별시 광진구 자양번영로3길38-10 (자양동),37.53249,127.07342
어린이-173,안전비상벨,서울특별시 광진구 동일로 399 (중곡동),37.56635,127.07749
생활방범-576,안전비상벨,서울특별시 광진구 동일로38길 17,37.55124,127.07041
생활방범-621,안전비상벨,서울특별시 광진구 광장동 5-116,37.55175,127.1035
생활방범-043,안전비상벨,서울특별시 광진구 광나루로30가길 9 (구의동),37.54423,127.08247
공원-054,안전비상벨,서울특별시 광진구 천호대로140길 60,37.54464,127.09932
생활방범-119,안전비상벨,서울특별시 광진구 천호대로116길 26 (능동),37.55412,127.08363
생활방범-357,안전비상벨,서울특별시 광진구 천호대로124길 62 (능동),37.55157,127.0861
생활방범-252,안전비상벨,서울특별시 광진구 용마산로3길 13 (중곡동),37.55631,127.08728
시설방범-026,안전비상벨,서울특별시 광진구 능동로 90,37.5392,127.07035
어린이-148,안전비상벨,서울특별시 광진구 능동로49길 9 (중곡동),37.56445,127.08273
생활방범-655,안전비상벨,서울특별시 광진구 동일로 338,37.56084,127.07502
다목적-027,안전비상벨,서울특별시 광진구 용마산로3길 104 (중곡동),37.5575,127.08256
생활방범-502,안전비상벨,서울특별시 광진구 동일로22길 89 (화양동),37.54116,127.06918
그린파킹-030,안전비상벨,서울특별시 광진구 능동로51길 25-12,37.56569,127.08242
생활방범-205,안전비상벨,서울특별시 광진구 군자로15길36,37.555,127.07333
생활방범-601,안전비상벨,서울특별시 광진구 군자로15길21,37.55442,127.07351
생활방범-242,안전비상벨,서울특별시 광진구 긴고랑로14길 63 (중곡동),37.55993,127.08025
어린이-184,안전비상벨,서울특별시 광진구 용마산로 128 (중곡동) 원방빌딩,37.56523,127.087
생활방범-455,안전비상벨,서울특별시 광진구 천호대로134길 31 (구의동),37.54821,127.08972
어린이-110,안전비상벨,서울특별시 광진구 뚝섬로 656 성자초교앞 사거리,37.53144,127.08257
공원-153,안전비상벨,서울특별시 광진구 중곡동 176-112,37.56759,127.08988
생활방범-238,안전비상벨,서울특별시 광진구 긴고랑로8길 90 (중곡동),37.55966,127.077
생활방범-241,안전비상벨,서울특별시 광진구 면목로 74 (중곡동),37.5602,127.07954
생활방범-647,안전비상벨,서울특별시 광진구 광나루로22가길 12,37.54597,127.07553
공원-159,안전비상벨,서울특별시 광진구 아차산로59길 49,37.54056,127.09067
생활방범-522,안전비상벨,서울특별시 광진구 용마산로8나길 36,37.56015,127.09053
다목적-006,안전비상벨,서울특별시 광진구 자양로38길 55 (구의동),37.54674,127.09055
어린이-100,안전비상벨,서울특별시 광진구 자양번영로6길 20 (자양동),37.53226,127.07681
생활방범-128,안전비상벨,서울특별시 광진구 천호대로110길 87 (능동),37.55361,127.07842
공원-205,안전비상벨,서울특별시 광진구 아차산로 400,37.53746,127.08826
어린이-071,안전비상벨,"서울특별시 광진구 동일로52길 10 (군자동, 파인하우스)",37.55474,127.07157
생활방범-472,안전비상벨,서울특별시 광진구 자양로28길 14 (구의동),37.54236,127.08507
공원-067,안전비상벨,서울특별시 광진구 용마도시자연공원-쌍용골,37.56416,127.09639
다목적-015,안전비상벨,서울특별시 광진구 긴고랑로4길 30 (중곡동) 도로명 주소 X,37.5625,127.07705
생활방범-517,안전비상벨,서울특별시 광진구 면목로13길 17,37.56922,127.0824
공원-056,안전비상벨,서울특별시 광진구 자양4동 199-4,37.5363,127.06177
생활방범-374,안전비상벨,서울특별시 광진구 아차산로58길 77 (구의동),37.53513,127.08979
어린이-004,안전비상벨,서울특별시 광진구 광장로1길 27 (광장동),37.54795,127.10102
시설방범-007,안전비상벨,서울특별시 광진구 아차산로 383,37.53714,127.08541
생활방범-326,안전비상벨,서울특별시 광진구 광나루로24길 12 (화양동),37.54577,127.07609
그린파킹-049,안전비상벨,서울특별시 광진구 천호대로136길 13,37.54879,127.09141
생활방범-591,안전비상벨,서울특별시 광진구 능동로 25길 48,37.5531,127.07471
생활방범-260,안전비상벨,서울특별시 광진구 긴고랑로27길 26 (중곡동),37.56144,127.08613
생활방범-638,안전비상벨,서울특별시 광진구 능동로3길 61-8,37.53382,127.06383
생활방범-088,안전비상벨,서울특별시 광진구 광나루로52길 83 (구의동),37.53933,127.0915
생활방범-642,안전비상벨,서울특별시 광진구 아차산로70 17-16,37.54058,127.10274
생활방범-399,안전비상벨,서울특별시 광진구 아차산로65길 57 (구의동),37.54239,127.09235
생활방범-581,안전비상벨,서울특별시 광진구 광나루로19길 31,37.54897,127.0733
생활방범-204,안전비상벨,서울특별시 광진구 동일로 34-11 (자양동),37.53574,127.06125
생활방범-701,안전비상벨,서울특별시 광진구 뚝섬로64길 50,37.5313,127.08904
생활방범-158,안전비상벨,서울특별시 광진구 뚝섬로50길 28 (자양동),37.53119,127.07791
생활방범-034,안전비상벨,서울특별시 광진구 아차산로49길 70 (구의동),37.54003,127.08419
생활방범-216,안전비상벨,서울특별시 광진구 동일로18나길 24 (자양동),37.53866,127.06529
공원-125,안전비상벨,서울특별시 광진구 강변역로 40-2,37.53613,127.09466
생활방범-344,안전비상벨,서울특별시 광진구 뚝섬로22길 89 (자양동),37.53411,127.06269
생활방범-612,안전비상벨,서울특별시 광진구 뚝섬로33길 34,37.53634,127.06992
생활방범-536,안전비상벨,서울특별시 광진구 자양로25길 14-1,37.54167,127.08301
생활방범-222,안전비상벨,서울특별시 광진구 긴고랑로14길 33 (중곡동),37.56123,127.08096
생활방범-090,안전비상벨,서울특별시 광진구 구의로4길 7-16 (구의동),37.54083,127.09014
생활방범-371,안전비상벨,서울특별시 광진구 아차산로57길 41 (구의동),37.54051,127.0886
공원-091,안전비상벨,서울특별시 광진구 자양로13다길 34,37.53297,127.07834
그린파킹-031,안전비상벨,서울특별시 광진구 용마산로27길 28,37.56662,127.08543
생활방범-280,안전비상벨,서울특별시 광진구 면목로16길 10 (중곡동),37.56953,127.08376
생활방범-510,안전비상벨,서울특별시 광진구 긴고랑로30길34,37.55825,127.08699
생활방범-593,안전비상벨,서울특별시 광진구 군자로 160-1,37.55511,127.07674
어린이-146,안전비상벨,서울특별시 광진구 긴고랑로13길 10 (중곡동),37.56313,127.08197
생활방범-061,안전비상벨,서울특별시 광진구 자양로49길 15-2 (구의동),37.55289,127.09189
생활방범-676,안전비상벨,서울특별시 광진구 용마산로8마길 26,37.56131,127.09084
공원-063,안전비상벨,서울특별시 광진구 용마도시자연공원-화장실 뒤,37.5622,127.09556
공원-085,안전비상벨,서울특별시 광진구 공원방범(아차산어울림광장1),37.55225,127.09979
생활방범-512,안전비상벨,서울특별시 광진구 긴고랑로26길23,37.55933,127.08501
생활방범-410,안전비상벨,서울특별시 광진구 아차산로44길 26 (자양동),37.53654,127.07973
어린이-142,안전비상벨,서울특별시 광진구 뚝섬로64길 71 (자양동),37.53025,127.08919
어린이-043,안전비상벨,서울특별시 광진구 구의2동 613-38,37.54902,127.08716
생활방범-473,안전비상벨,서울특별시 광진구 자양로44가길 18 (구의동),37.55089,127.09434
생활방범-575,안전비상벨,서울특별시 광진구 동일로56길 48,37.55536,127.07461
생활방범-448,안전비상벨,서울특별시 광진구 아차산로45길 31 (자양동),37.53824,127.07999
생활방범-435,안전비상벨,서울특별시 광진구 면목로 127 (중곡동),37.56515,127.08075
생활방범-287,안전비상벨,서울특별시 광진구 동일로76길 51-22 (중곡동),37.56817,127.08055
생활방범-645,안전비상벨,서울특별시 광진구 능동로103,37.54017,127.07055
다목적-038,안전비상벨,서울특별시 광진구 아차산로69길,37.54275,127.09831
어린이-016,안전비상벨,서울특별시 광진구 아차산로69길 29 (광장동),37.54399,127.09728
생활방범-635,안전비상벨,서울특별시 광진구 자양로3길 16,37.53061,127.08561
생활방범-469,안전비상벨,서울특별시 광진구 뚝섬로 700 (자양동),37.53302,127.08694
생활방범-660,안전비상벨,서울특별시 광진구 용마산로22길 19-19,37.5646,127.088
생활방범-120,안전비상벨,서울특별시 광진구 능동로32길 82-34 (능동),37.55304,127.08239
생활방범-479,안전비상벨,서울특별시 광진구 용마산로22길 82 (중곡동),37.56686,127.08787
생활방범-620,안전비상벨,서울특별시 광진구 광장동 5-119,37.55141,127.10197
생활방범-439,안전비상벨,서울특별시 광진구 답십리로74길 15 (중곡동),37.57101,127.08051
어린이-080,안전비상벨,서울특별시 광진구 군자로 70 화양슈퍼 코너,37.54971,127.07093
생활방범-016,안전비상벨,서울특별시 광진구 자양로26길 91-14 (구의동),37.54099,127.089
생활방범-431,안전비상벨,서울특별시 광진구 용마산로28길 24 (중곡동),37.56791,127.08702
시설방범-027,안전비상벨,서울특별시 광진구 아차산로 361,37.53672,127.08335
그린파킹-021,안전비상벨,서울특별시 광진구 능동로30길 38,37.55321,127.07942
생활방범-210,안전비상벨,서울특별시 광진구 뚝섬로30길 15 (자양동),37.53522,127.06655
공원-116,안전비상벨,서울특별시 광진구 능동 237-3,37.55531,127.08359
공원-175,안전비상벨,서울특별시 광진구 동일로76나길 20,37.56843,127.08038
생활방범-007,안전비상벨,서울특별시 광진구 천호대로 143길 23,37.54656,127.10345
생활방범-003,안전비상벨,서울특별시 광진구 아차산로 540 (광장동),37.54244,127.10147
생활방범-499,안전비상벨,서울특별시 광진구 천호대로102길 58 (군자동),37.55673,127.07315
공원-090,안전비상벨,서울특별시 광진구 광장동 5-113,37.55223,127.10375
생활방범-561,안전비상벨,서울특별시 광진구 동일로28길54,37.54592,127.06948
생활방범-501,안전비상벨,서울특별시 광진구 면목로 172 (중곡동),37.56864,127.08282
생활방범-613,안전비상벨,서울특별시 광진구 아차산로21길 62,37.54446,127.06622
시설방범-031,안전비상벨,서울특별시 광진구 아차산로 355,37.53702,127.08216
생활방범-706,안전비상벨,서울특별시 광진구 뚝섬로57길 50,37.53394,127.08245
공원-179,안전비상벨,서울특별시 광진구 구의동 3-3,37.55908,127.10237
생활방범-116,안전비상벨,서울특별시 광진구 능동로36길 12 (능동),37.55623,127.0798
생활방범-354,안전비상벨,서울특별시 광진구 용마산로30길 6 (중곡동),37.5683,127.08629
공원-070,안전비상벨,서울특별시 광진구 용마도시자연공원-마지막골,37.56649,127.09872
생활방범-087,안전비상벨,서울특별시 광진구 아차산로60길 13-13 (구의동),37.5383,127.09237
생활방범-013,안전비상벨,서울특별시 광진구 아차산로70길 62,37.54127,127.09891
공원-168,안전비상벨,서울특별시 광진구 광장동 5-124,37.55278,127.10169
공원-062,안전비상벨,서울특별시 광진구 용마도시자연공원-입구,37.56224,127.09614
어린이-069,안전비상벨,서울특별시 광진구 군자로12길 45 (군자동),37.55221,127.07252
공원-204,안전비상벨,서울특별시 광진구 아차산로 400,37.53695,127.08706
공원-002,안전비상벨,서울특별시 광진구 광나루로52길 12 (구의동),37.54125,127.09432
생활방범-097,안전비상벨,서울특별시 광진구 면목로 27 (군자동),37.55671,127.07609
다목적-032,안전비상벨,서울특별시 광진구 뚝섬로 561,37.5361,127.07356
생활방범-714,안전비상벨,서울특별시 광진구 자양로50길 22-8,37.55182,127.09369
생활방범-360,안전비상벨,서울특별시 광진구 자양번영로 81 (자양동),37.53697,127.07667
생활방범-271,안전비상벨,서울특별시 광진구 능동로 411 (중곡동),37.56582,127.0839
생활방범-014,안전비상벨,서울특별시 광진구 구의로 13-6 (구의동),37.53938,127.08895
생활방범-349,안전비상벨,서울특별시 광진구 자양번영로13길 32 (자양동),37.53789,127.07513
어린이-154,안전비상벨,서울특별시 광진구 용마산로 47 (중곡동),37.55783,127.08777
생활방범-117,안전비상벨,서울특별시 광진구 천호대로112길 10 (능동),37.55572,127.08112
생활방범-245,안전비상벨,서울특별시 광진구 능동로47길 35 (중곡동),37.56427,127.0811
그린파킹-038,안전비상벨,서울특별시 광진구 긴고랑로42길 3-8,37.55871,127.0934
생활방범-614,안전비상벨,서울특별시 광진구 면목로114,37.56366,127.08013
생활방범-286,안전비상벨,서울특별시 광진구 동일로78길 20 (중곡동),37.56924,127.08062
생활방범-657,안전비상벨,서울특별시 광진구 동일로68길 49,37.5612,127.07835
생활방범-282,안전비상벨,서울특별시 광진구 용마산로29길 25 (중곡동),37.56719,127.08544
공원-142,안전비상벨,서울특별시 광진구 구의동 3-3,37.55614,127.09762
공원-127,안전비상벨,서울특별시 광진구 천호대로 717-18,37.54913,127.09393
다목적-019,안전비상벨,서울특별시 광진구 광나루로 18길 21 (화양동),37.54675,127.07203
생활방범-423,안전비상벨,서울특별시 광진구 뚝섬로22길 8 (자양동),37.53653,127.06163
생활방범-480,안전비상벨,서울특별시 광진구 동일로 64길 20 (중곡동),37.56058,127.0759
생활방범-684,안전비상벨,서울특별시 광진구 동일로32길 14-6,37.54908,127.0689
공원-169,안전비상벨,서울특별시 광진구 구의동 3-10,37.55336,127.10222
생활방범-085,안전비상벨,서울특별시 광진구 구의로4길 60 (구의동),37.54109,127.09275
생활방범-092,안전비상벨,서울특별시 광진구 아차산로59길 13 (구의동),37.53948,127.0907
생활방범-069,안전비상벨,서울특별시 광진구 자양로37길 21 (구의동),37.54836,127.08697
어린이-107,안전비상벨,서울특별시 광진구 자양번영로4길 42-22 (자양동),37.53011,127.07731
생활방범-367,안전비상벨,서울특별시 광진구 긴고랑로26길 7-1 (중곡동),37.56019,127.0854
생활방범-040,안전비상벨,서울특별시 광진구 아차산로53길 53 (구의동),37.53972,127.08565
생활방범-174,안전비상벨,서울특별시 광진구 자양번영로11길 37-14 (자양동),37.53695,127.07443
공원-173,안전비상벨,서울특별시 광진구 구의동 3-8,37.55713,127.10433
생활방범-057,안전비상벨,서울특별시 광진구 자양로44길 125 (구의동),37.55131,127.09655
생활방범-330,안전비상벨,서울특별시 광진구 아차산로31길 14 (화양동),37.54167,127.06953
생활방범-164,안전비상벨,서울특별시 광진구 자양로3길 39-3 (자양동),37.52987,127.08455
생활방범-228,안전비상벨,서울특별시 광진구 긴고랑로12길 12 (중곡동),37.56225,127.08068
생활방범-600,안전비상벨,서울특별시 광진구 군자로11길11,37.55078,127.07019
생활방범-421,안전비상벨,서울특별시 광진구 능동로4길 13 (자양동),37.53338,127.06855
공원-143,안전비상벨,서울특별시 광진구 구의동 3-3,37.55633,127.09678
생활방범-462,안전비상벨,서울특별시 광진구 긴고랑로 12길 40 (중곡동),37.5612,127.07987
생활방범-670,안전비상벨,서울특별시 광진구 뚝섬로24길 74,37.53301,127.06225
생활방범-191,안전비상벨,서울특별시 광진구 뚝섬로24길 27 (자양동),37.5353,127.0633
어린이-052,안전비상벨,서울특별시 광진구 광나루로44길 32 (구의동),37.54273,127.09124
어린이-153,안전비상벨,서울특별시 광진구 용마산로5길 27 (중곡동),37.55759,127.08654
생활방범-153,안전비상벨,서울특별시 광진구 뚝섬로52마길 60 (자양동),37.52873,127.08111
생활방범-084,안전비상벨,서울특별시 광진구 구의로4길 40 (구의동),37.54045,127.09164
공원-134,안전비상벨,서울특별시 광진구 광장동 5-112,37.55316,127.10352
생활방범-422,안전비상벨,서울특별시 광진구 뚝섬로37길 28 (자양동),37.53545,127.07557
생활방범-052,안전비상벨,서울특별시 광진구 자양로54길 11 (구의동),37.55387,127.09458
생활방범-111,안전비상벨,서울특별시 광진구 군자로17길 34 (군자동),37.55676,127.07722
공원-115,안전비상벨,서울특별시 광진구 중곡1동 248-29,37.56272,127.07687
어린이-030,안전비상벨,서울특별시 광진구 영화사로 105 (구의동),37.55396,127.09782
공원-032,안전비상벨,서울특별시 광진구 뚝섬로56길 28 (자양동),37.53016,127.08234
공원-036,안전비상벨,서울특별시 광진구 천호대로 717-18 (구의동),37.54787,127.0982
그린파킹-025,안전비상벨,서울특별시 광진구 능동로 386-16,37.56299,127.08316
그린파킹-034,안전비상벨,서울특별시 광진구 용마산로36길 28-10,37.57042,127.08788
생활방범-302,안전비상벨,서울특별시 광진구 용마산로8길 10 (중곡동),37.55968,127.08837
그린파킹-022,안전비상벨,서울특별시 광진구 능동로43길 37-16,37.56143,127.07937
어린이-005,안전비상벨,서울특별시 광진구 아차산로70길 62 (광장동),37.5416,127.10094
어린이-144,안전비상벨,서울특별시 광진구 아차산로 326 (자양동),37.53748,127.0792
공원-120,안전비상벨,서울특별시 광진구 광장동 236-1,37.54308,127.10213
생활방범-505,안전비상벨,서울특별시 광진구 자양로44길 30-1 (구의동),37.55043,127.09311
공원-029,안전비상벨,서울특별시 광진구 화양동 110-34,37.54656,127.07183
공원-087,안전비상벨,서울특별시 광진구 영화사로107,37.55535,127.09849
생활방범-071,안전비상벨,서울특별시 광진구 천호대로134길 55 (구의동),37.54723,127.08858
생활방범-671,안전비상벨,서울특별시 광진구 용마산로 160,37.56804,127.08617
생활방범-125,안전비상벨,서울특별시 광진구 천호대로120길 21 (능동),37.55313,127.08636
공원-135,안전비상벨,서울특별시 광진구 광장동 5-112,37.55383,127.10405
생활방범-011,안전비상벨,서울특별시 광진구 광장로1나길 16 (광장동),37.54876,127.10183
어린이-116,안전비상벨,서울특별시 광진구 자양로6길 8 (자양동),37.53198,127.08639
공원-110,안전비상벨,서울특별시 광진구 중곡동 68-19,37.55903,127.091
생활방범-680,안전비상벨,서울특별시 광진구 자양로 96,37.53621,127.0839
생활방범-458,안전비상벨,서울특별시 광진구 자양로51길 46,37.55477,127.09138
생활방범-597,안전비상벨,서울특별시 광진구 면목로15길30,37.56907,127.0813
어린이-070,안전비상벨,서울특별시 광진구 동일로52길 27 (군자동),37.55433,127.07298
생활방범-168,안전비상벨,서울특별시 광진구 자양로4길 12-1 (자양동),37.53147,127.08679
생활방범-121,안전비상벨,서울특별시 광진구 천호대로116길 57 (능동),37.55259,127.08284
공원-131,안전비상벨,서울특별시 광진구 광장동 5-112,37.55226,127.10307
생활방범-258,안전비상벨,서울특별시 광진구 용마산로3길 38 (중곡동),37.55615,127.08611
생활방범-206,안전비상벨,서울특별시 광진구 동일로10길 5 (자양동),37.53891,127.0626
생활방범-648,안전비상벨,서울특별시 광진구 아차산로23길 23-5,37.54327,127.06614
생활방범-100,안전비상벨,서울특별시 광진구 능동로27나길 17 (군자동),37.55418,127.07581
생활방범-401,안전비상벨,서울특별시 광진구 구의강변로3길 39 (구의동),37.53659,127.0903
시설방범-008,안전비상벨,서울특별시 광진구 광나루로 377-2,37.54784,127.07433
어린이-106,안전비상벨,"서울특별시 광진구 자양강변길 297 (자양동, 신호빌라트)",37.5298,127.07477
생활방범-506,안전비상벨,서울특별시 광진구 자양로2길 6 (자양동),37.5307,127.0872
생활방범-653,안전비상벨,서울특별시 광진구 천호대로 115길 29,37.5571,127.08394
생활방범-277,안전비상벨,서울특별시 광진구 면목로11길 20 (중곡동),37.56705,127.08054
생활방범-528,안전비상벨,서울특별시 광진구 광나루로595,37.54253,127.09458
어린이-111,안전비상벨,서울특별시 광진구 뚝섬로58길 13 노인보호센터 앞,37.53134,127.08443
공원-026,안전비상벨,서울특별시 광진구 영화사로7길 25 (중곡동),37.55905,127.09091
생활방범-079,안전비상벨,서울특별시 광진구 광나루로52길 12 (구의동),37.54127,127.09471
생활방범-589,안전비상벨,서울특별시 광진구 아차산로 78길 18,37.5504,127.10976
생활방범-138,안전비상벨,서울특별시 광진구 뚝섬로47길 49 (자양동),37.53455,127.07948
공원-020,안전비상벨,서울특별시 광진구 자양4동 74-21,37.53294,127.06637
다목적-035,안전비상벨,서울특별시 광진구 자양번영로 12 (자양동),37.53057,127.07501
공원-001,안전비상벨,서울특별시 광진구 자양로42길 44 (구의동),37.54832,127.09216
생활방범-194,안전비상벨,서울특별시 광진구 능동로3가길 12 (자양동),37.5333,127.06563
생활방범-438,안전비상벨,서울특별시 광진구 긴고랑로17길11 (중곡동),37.56299,127.08409
생활방범-445,안전비상벨,서울특별시 광진구 면목로5길 15 (군자동),37.55657,127.07507
생활방범-327,안전비상벨,서울특별시 광진구 광나루로22길 7,37.5463,127.07523
공원-060,안전비상벨,서울특별시 광진구 광장동 381-44,37.5495,127.0991
생활방범-444,안전비상벨,서울특별시 광진구 아차산로25길 76 (화양동),37.54454,127.06815
어린이-199,안전비상벨,서울특별시 광진구 광나루로 448 (화양동),37.54539,127.07905
공원-145,안전비상벨,서울특별시 광진구 중곡동 143-141,37.55663,127.09605
공원-163,안전비상벨,서울특별시 광진구 광장동 5-117,37.55186,127.10188
생활방범-137,안전비상벨,서울특별시 광진구 자양로15길 6 (자양동),37.53604,127.08312
생활방범-315,안전비상벨,서울특별시 광진구 동일로22길 28 (화양동),37.54224,127.0659
생활방범-193,안전비상벨,서울특별시 광진구 능동로3라길 16 (자양동),37.53477,127.06491
생활방범-045,안전비상벨,서울특별시 광진구 자양로44길 69 (구의동),37.54979,127.09498
생활방범-503,안전비상벨,서울특별시 광진구 자양로15길 56 (자양동),37.53531,127.08059
다목적-004,안전비상벨,서울특별시 광진구 긴고랑로13길 69 (중곡동),37.56547,127.08318
어린이-059,안전비상벨,서울특별시 광진구 구의강변로 35 (구의동),37.53398,127.09151
생활방범-387,안전비상벨,서울특별시 광진구 광장로3길 18-21 (광장동),37.54751,127.10309
생활방범-700,안전비상벨,서울특별시 광진구 아차산로 401,37.53759,127.08735
생활방범-486,안전비상벨,서울특별시 광진구 광장로1다길31 (광장동),37.55009,127.10233
그린파킹-033,안전비상벨,서울특별시 광진구 긴고랑로42길 3-28,37.55893,127.09438
생활방범-046,안전비상벨,서울특별시 광진구 자양로45길 13 (구의동),37.55178,127.09139
생활방범-077,안전비상벨,서울특별시 광진구 구의로16길 36 (구의동),37.54344,127.0926
다목적-041,안전비상벨,서울특별시 광진구 구의강변로 11,37.53241,127.0902
그린파킹-028,안전비상벨,서울특별시 광진구 능동로51길 37-10,37.56609,127.08193
생활방범-269,안전비상벨,서울특별시 광진구 긴고랑로 103,37.56011,127.08674
생활방범-669,안전비상벨,서울특별시 광진구 뚝섬로52가길 10,37.53125,127.07997
생활방범-553,안전비상벨,서울특별시 광진구 자양번영로1길15,37.53058,127.07412
어린이-186,안전비상벨,서울특별시 광진구 용마산로30길 17 (중곡동),37.56876,127.08682
생활방범-029,안전비상벨,서울특별시 광진구 구의로1길 26 (구의동),37.53907,127.0868
공원-084,안전비상벨,서울특별시 광진구 자양4동 547-16,37.53682,127.069
생활방범-702,안전비상벨,서울특별시 광진구 자양로44길 113,37.55089,127.09696
생활방범-715,안전비상벨,서울특별시 광진구 용마산로14길 9-5,37.56152,127.08797
생활방범-352,안전비상벨,서울특별시 광진구 능동로48길 59 (중곡동),37.56199,127.08584
생활방범-001,안전비상벨,서울특별시 광진구 광장로3길 22 (광장동),37.5485,127.103
생활방범-463,안전비상벨,서울특별시 광진구 긴고랑로 26길 23 (중곡동),37.55858,127.08244
공원-112,안전비상벨,서울특별시 광진구 자양로42길 44,37.54832,127.09216
생활방범-023,안전비상벨,서울특별시 광진구 자양로30길 43 (구의동),37.5434,127.08723
다목적-011,안전비상벨,서울특별시 광진구 능동로32길 67 (능동),37.55414,127.08212
공원-089,안전비상벨,서울특별시 광진구 천호대로 717-18,37.54934,127.09481
생활방범-161,안전비상벨,서울특별시 광진구 뚝섬로54길 46 (자양동),37.52968,127.07999
공원-147,안전비상벨,서울특별시 광진구 중곡동 143-141,37.55669,127.0957
생활방범-307,안전비상벨,서울특별시 광진구 용마산로2길 45 (중곡동),37.55596,127.09076
생활방범-690,안전비상벨,서울특별시 광진구 자양로 130,37.5395,127.08337
생활방범-328,안전비상벨,서울특별시 광진구 광나루로20가길 21 (화양동),37.5452,127.07528
생활방범-171,안전비상벨,서울특별시 광진구 자양번영로11길 4-9 (자양동),37.53753,127.07667
생활방범-009,안전비상벨,서울특별시 광진구 아차산로78길 176 (광장동),37.54802,127.10806
공원-170,안전비상벨,서울특별시 광진구 구의동 3-12,37.55387,127.10315
생활방범-065,안전비상벨,서울특별시 광진구 천호대로135길 16 (구의동),37.55012,127.09224
어린이-038,안전비상벨,서울특별시 광진구 자양로52길 21-19 (구의동),37.55354,127.09498
생활방범-524,안전비상벨,서울특별시 광진구 천호대로112길 60,37.55351,127.08017
공원-058,안전비상벨,서울특별시 광진구 광장동 344-10,37.54904,127.1074
공원-138,안전비상벨,서울특별시 광진구 광장동 5-127,37.55287,127.10095
생활방범-188,안전비상벨,서울특별시 광진구 동일로10길 42 (자양동),37.53763,127.06399
생활방범-136,안전비상벨,서울특별시 광진구 아차산로46가길 19 (자양동),37.53637,127.08196
생활방범-395,안전비상벨,서울특별시 광진구 아차산로55길 81 (구의동),37.54111,127.08698
생활방범-451,안전비상벨,서울특별시 광진구 자양번영로9길 16-4 (자양동),37.53645,127.0756
어린이-188,안전비상벨,서울특별시 광진구 용마산로6길 13 (중곡동),37.55744,127.08874
그린파킹-023,안전비상벨,서울특별시 광진구 천호대로125길 58,37.55706,127.08731
생활방범-072,안전비상벨,서울특별시 광진구 자양로36길 17-12 (구의동),37.54649,127.08829
어린이-120,안전비상벨,서울특별시 광진구 뚝섬로40길 12 (자양동),37.53355,127.07302
공원-065,안전비상벨,서울특별시 광진구 용마도시자연공원-사방댐,37.56302,127.09658
어린이-152,안전비상벨,서울특별시 광진구 용마산로 111 (중곡동),37.56347,127.08679
생활방범-066,안전비상벨,서울특별시 광진구 천호대로137길 10 (구의동),37.54978,127.09315
생활방범-049,안전비상벨,서울특별시 광진구 자양로51길 11 (구의동),37.55364,127.09286
생활방범-114,안전비상벨,서울특별시 광진구 능동로24길 76 (능동),37.55322,127.08056
공원-178,안전비상벨,서울특별시 광진구 구의동 3-3,37.55783,127.1039
생활방범-705,안전비상벨,서울특별시 광진구 아차산로55길 61,37.54012,127.08655
생활방범-511,안전비상벨,서울특별시 광진구 능동로40길13,37.55802,127.08086
공원-150,안전비상벨,서울특별시 광진구 중곡동 176-122,37.56814,127.09012
생활방범-160,안전비상벨,서울특별시 광진구 뚝섬로54길 24 (자양동),37.53064,127.08049
생활방범-297,안전비상벨,서울특별시 광진구 영화사로7길 24 (중곡동),37.55678,127.09212
생활방범-283,안전비상벨,서울특별시 광진구 답십리로84길 6 (중곡동),37.57098,127.08394
생활방범-628,안전비상벨,서울특별시 광진구 강변역로 18,37.53772,127.09166
다목적-034,안전비상벨,서울특별시 광진구 능동로6길 16 학교 정문 앞,37.53434,127.06896
생활방범-697,안전비상벨,서울특별시 광진구 능동로23길 12,37.55212,127.07613
어린이-017,안전비상벨,서울특별시 광진구 아차산로 511 (광장동),37.54215,127.09821
생활방범-416,안전비상벨,서울특별시 광진구 자양번영로4길 17 (자양동),37.53145,127.07655
생활방범-276,안전비상벨,서울특별시 광진구 동일로76길 12 (중곡동),37.56771,127.07934
생활방범-017,안전비상벨,서울특별시 광진구 광나루로40길 17 (구의동),37.54403,127.08944
생활방범-213,안전비상벨,서울특별시 광진구 동일로10길 25 (자양동),37.53829,127.06341
그린파킹-048,안전비상벨,서울특별시 광진구 천호대로136길 43,37.5478,127.09027
그린파킹-017,안전비상벨,서울특별시 광진구 천호대로122길 33,37.55209,127.08765
생활방범-059,안전비상벨,서울특별시 광진구 자양로44나길 39 (구의동),37.55157,127.09456
생활방범-520,안전비상벨,서울특별시 광진구 천호대로127길19,37.55366,127.08983
생활방범-263,안전비상벨,서울특별시 광진구 천호대로109길 53 (중곡동),37.55932,127.08201
어린이-156,안전비상벨,서울특별시 광진구 용마산로3길 57 (중곡동),37.55645,127.08508
어린이-089,안전비상벨,서울특별시 광진구 아차산로 344 (자양동),37.53709,127.08071
생활방범-388,안전비상벨,서울특별시 광진구 광장로5길 12 (광장동),37.54822,127.10506
생활방범-251,안전비상벨,서울특별시 광진구 용마산로21길 77 (중곡동),37.56152,127.08475
생활방범-404,안전비상벨,서울특별시 광진구 면목로5길 59 (군자동),37.55601,127.07321
생활방범-175,안전비상벨,서울특별시 광진구 자양번영로9길 6-7 (자양동),37.53656,127.07618
공원-016,안전비상벨,서울특별시 광진구 아차산로32길 17 (자양동),37.53926,127.06823
생활방범-162,안전비상벨,서울특별시 광진구 뚝섬로52마길 42-15 (자양동),37.52797,127.08024
공원-005,안전비상벨,서울특별시 광진구 광나루로44길 32 (구의동),37.54288,127.09113
생활방범-689,안전비상벨,서울특별시 광진구 구의강변로 77,37.53769,127.0933
생활방범-314,안전비상벨,서울특별시 광진구 동일로24길 56 (화양동),37.54312,127.06823
공원-051,안전비상벨,서울특별시 광진구 도로명주소 없음,37.54976,127.10132
생활방범-005,안전비상벨,서울특별시 광진구 아차산로 636 (광장동),37.54891,127.10899
생활방범-183,안전비상벨,서울특별시 광진구 뚝섬로36길 15 (자양동),37.53368,127.0714
생활방범-268,안전비상벨,서울특별시 광진구 긴고랑로16길 9-9 (중곡동),37.56141,127.0832
생활방범-525,안전비상벨,서울특별시 광진구 영화사로13길21,37.55514,127.09445
공원-157,안전비상벨,서울특별시 광진구 구의동 3-17,37.55492,127.10072
다목적-017,안전비상벨,서울특별시 광진구 천호대로109길 13 (중곡동),37.5575,127.08104
생활방범-033,안전비상벨,서울특별시 광진구 자양로26길 14 (구의동),37.54181,127.08488
생활방범-063,안전비상벨,서울특별시 광진구 영화사로11길 22 (구의동),37.55551,127.09424
그린파킹-006,안전비상벨,서울특별시 광진구 천호대로110길 8,37.55636,127.08009
생활방범-338,안전비상벨,서울특별시 광진구 자양로47길 11 (구의동),37.55223,127.09191
생활방범-026,안전비상벨,서울특별시 광진구 자양로28길 73 (구의동),37.54173,127.08823
생활방범-623,안전비상벨,서울특별시 광진구 군자동 111-2,37.55324,127.07325
생활방범-355,안전비상벨,서울특별시 광진구 아차산로21길 97(화양동),37.54615,127.06707
생활방범-324,안전비상벨,서울특별시 광진구 아차산로25길 48 (화양동),37.54343,127.06753
어린이-057,안전비상벨,서울특별시 광진구 구의강변로 69 구남초교 정문 앞,37.53711,127.09293
생활방범-250,안전비상벨,서울특별시 광진구 긴고랑로29길 47 (중곡동),37.56204,127.0864
생활방범-081,안전비상벨,서울특별시 광진구 구의로4길 51 (구의동),37.54071,127.09224
어린이-008,안전비상벨,"서울특별시 광진구 아차산로 503-23 (광장동 ), 워커힐로 13 건너편",37.5433,127.09551
생활방범-321,안전비상벨,서울특별시 광진구 긴고랑로46길 11 (화양동),37.54556,127.0742
생활방범-275,안전비상벨,서울특별시 광진구 답십리로 78길 (중곡동),37.56985,127.0813
생활방범-533,안전비상벨,서울특별시 광진구 면목로38,37.55741,127.07664
생활방범-198,안전비상벨,서울특별시 광진구 동일로18길 44 (자양동),37.53938,127.06526
생활방범-447,안전비상벨,서울특별시 광진구 능동로32길 82-26,37.55332,127.08552
그린파킹-037,안전비상벨,서울특별시 광진구 긴고랑로49길 27,37.56104,127.09502
다목적-008,안전비상벨,서울특별시 광진구 광나루로40길 80-4 (구의동),37.54129,127.08875
생활방범-015,안전비상벨,서울특별시 광진구 아차산로57길 14 (구의동),37.53914,127.08831
생활방범-531,안전비상벨,서울특별시 광진구 군자로 183,37.55677,127.07821
생활방범-664,안전비상벨,서울특별시 광진구 능동로36길 186,37.55238,127.08842
생활방범-333,안전비상벨,서울특별시 광진구 긴고랑로16길 50 (중곡동),37.55986,127.08172
공원-059,안전비상벨,서울특별시 광진구 자양3동 784-2,37.53584,127.0677
어린이-019,안전비상벨,"서울특별시 광진구 아차산로70길 61 (광장동), 아차산로70길 17-62 광남중",37.54018,127.10219
시설방범-003,안전비상벨,서울특별시 광진구 자양로3길 7,37.53086,127.08643
생활방범-131,안전비상벨,서울특별시 광진구 능동로32길 16-16 (능동),37.5546,127.07917
생활방범-698,안전비상벨,서울특별시 광진구 아차산로 306,37.538,127.07703
생활방범-610,안전비상벨,서울특별시 광진구 아차산로44가길 16,37.53565,127.07975
생활방범-124,안전비상벨,서울특별시 광진구 천호대로124길 86 (능동),37.55214,127.08481
생활방범-103,안전비상벨,서울특별시 광진구 동일로48길 14-10 (군자동),37.55391,127.07102
공원-012,안전비상벨,서울특별시 광진구 자양로13길 41 (자양동),37.53435,127.08221
생활방범-546,안전비상벨,서울특별시 광진구 자양로 117,37.5389,127.08241
생활방범-211,안전비상벨,서울특별시 광진구 능동로3길 61-8 (자양동),37.5341,127.06386
어린이-219,안전비상벨,서울특별시 광진구 구의강변로 96,37.5391,127.09406
어린이-126,안전비상벨,서울특별시 광진구 뚝섬로35길 16-20 (자양동),37.53531,127.07138
공원-017,안전비상벨,서울특별시 광진구 아차산로32길 17 (자양동),37.53913,127.06856
어린이-191,안전비상벨,서울특별시 광진구 용마산로28길 43 (중곡동),37.56741,127.0886
생활방범-224,안전비상벨,서울특별시 광진구 긴고랑로1길 11 (중곡동),37.5647,127.0775
생활방범-185,안전비상벨,서울특별시 광진구 자양번영로3길 16 (자양동),37.53185,127.07445
생활방범-037,안전비상벨,서울특별시 광진구 아차산로49길 50 (구의동),37.53916,127.08429
생활방범-681,안전비상벨,서울특별시 광진구 구의로3길 11,37.54025,127.08794
생활방범-323,안전비상벨,서울특별시 광진구 동일로28길 38 (화양동),37.54628,127.06883
어린이-145,안전비상벨,서울특별시 광진구 자양로 43 (자양동),37.53191,127.08563
생활방범-643,안전비상벨,서울특별시 광진구 동일로22길 117-20,37.54128,127.07084
공원-144,안전비상벨,서울특별시 광진구 구의동 3-3,37.55646,127.09633
생활방범-467,안전비상벨,서울특별시 광진구 능동로 32길 35 (능동),37.55474,127.08081
생활방범-266,안전비상벨,서울특별시 광진구 용마산로21길 65 (중곡동),37.56207,127.08508
생활방범-606,안전비상벨,서울특별시 광진구 용마사로30길 37,37.56865,127.08808
생활방범-442,안전비상벨,서울특별시 광진구 용마산로30길 49 (중곡동),37.56863,127.08898
공원-177,안전비상벨,서울특별시 광진구 구의동 3-8,37.55694,127.10302
시설방범-035,안전비상벨,서울특별시 광진구 능동로 295-2,37.55631,127.0788
생활방범-202,안전비상벨,서울특별시 광진구 뚝섬로22가길 22 (자양동),37.53551,127.06238
생활방범-579,안전비상벨,서울특별시 광진구 천호대로 104길22,37.55755,127.07535
생활방범-474,안전비상벨,서울특별시 광진구 구의로10길 12 (구의동),37.54215,127.09092
다목적-009,안전비상벨,서울특별시 광진구 광나루로30나길 17 (구의동),37.54358,127.08268
어린이-099,안전비상벨,서울특별시 광진구 자양번영로 32,37.53259,127.07558
생활방범-253,안전비상벨,서울특별시 광진구 천호대로125길 35-17 (중곡동),37.55537,127.08723
그린파킹-026,안전비상벨,서울특별시 광진구 용마산로21길 23,37.5637,127.08589
생활방범-609,안전비상벨,서울특별시 광진구 자양로15길 27,37.53556,127.08238
시설방범-022,안전비상벨,서울특별시 광진구 강변역로 53,37.53586,127.09434
생활방범-457,안전비상벨,서울특별시 광진구 아차산로 63길 17 (구의동),37.54042,127.09241
어린이-190,안전비상벨,서울특별시 광진구 동일로80길 34 (중곡동),37.57008,127.08177
다목적-005,안전비상벨,서울특별시 광진구 긴고랑로9길 40 (중곡동),37.56531,127.08172
생활방범-237,안전비상벨,서울특별시 광진구 긴고랑로8길 60 (중곡동),37.56104,127.07772
그린파킹-020,안전비상벨,서울특별시 광진구 능동로32길 12,37.55523,127.07916
생활방범-176,안전비상벨,서울특별시 광진구 자양번영로7길 12-7 (자양동),37.5362,127.07578
생활방범-500,안전비상벨,서울특별시 광진구 자양로18길 72 (구의동),37.53833,127.08744
생활방범-590,안전비상벨,서울특별시 광진구 아차산로 75길 9,37.54628,127.10468
공원-171,안전비상벨,서울특별시 광진구 구의동 3-10,37.55496,127.10399
어린이-195,안전비상벨,서울특별시 광진구 광나루로30길 49 (화양동),37.54311,127.08135
생활방범-025,안전비상벨,서울특별시 광진구 자양로30길 14,37.54363,127.08565
생활방범-549,안전비상벨,서울특별시 광진구 자양로4가길6-10,37.53204,127.08727
생활방범-550,안전비상벨,서울특별시 광진구 뚝섬로52길 71,37.52922,127.07837
어린이-034,안전비상벨,서울특별시 광진구 영화사로 77-1 (구의동),37.55471,127.0947
어린이-062,안전비상벨,서울특별시 광진구 구의로4길 15 (구의동),37.5401,127.09062
시설방범-010,안전비상벨,서울특별시 광진구 능동로 419,37.56643,127.08435
생활방범-186,안전비상벨,서울특별시 광진구 자양번영로1길 27 (자양동),37.53084,127.07341
생활방범-342,안전비상벨,서울특별시 광진구 자양로3길 7 (자양동),37.53045,127.08506
생활방범-555,안전비상벨,서울특별시 광진구 자양동 84-27,37.53305,127.06438
생활방범-214,안전비상벨,서울특별시 광진구 동일로18가길 13 (자양동),37.53906,127.06454
생활방범-109,안전비상벨,서울특별시 광진구 광나루로17길 14 (군자동),37.54838,127.07269
생활방범-584,안전비상벨,서울특별시 광진구 능동로 17길 6,37.54611,127.07297
생활방범-392,안전비상벨,서울특별시 광진구 아차산로69길 36 (광장동),37.54388,127.0987
생활방범-668,안전비상벨,서울특별시 광진구 뚝섬로52가길 42,37.53081,127.08158
생활방범-123,안전비상벨,서울특별시 광진구 천호대로118길 16 (능동),37.55412,127.08523
생활방범-460,안전비상벨,서울특별시 광진구 광장로9길 6 (광장동),37.54822,127.10613
시설방범-018,안전비상벨,서울특별시 광진구 능동로 120-1,37.53974,127.07188
생활방범-163,안전비상벨,서울특별시 광진구 자양로3길 49 (자양동),37.52914,127.08391
생활방범-347,안전비상벨,서울특별시 광진구 자양로30길 29 (구의동),37.54359,127.08645
공원-140,안전비상벨,서울특별시 광진구 영화사로 107,37.55481,127.09803
생활방범-427,안전비상벨,서울특별시 광진구 용마산로3길 98 (중곡동),37.55732,127.0831
다목적-036,안전비상벨,서울특별시 광진구 군자로 70 두산위브 앞,37.54883,127.07078
생활방범-478,안전비상벨,서울특별시 광진구 용마산로22길 82 (중곡동),37.56725,127.08795
시설방범-013,안전비상벨,서울특별시 광진구 중곡3동 485-7,37.56727,127.07705
어린이-061,안전비상벨,서울특별시 광진구 영화사로 111 (구의동),37.55349,127.09944
그린파킹-007,안전비상벨,서울특별시 광진구 능동로34길 11-19,37.55545,127.08079
생활방범-703,안전비상벨,서울특별시 광진구 아차산로76길 34,37.54665,127.10738
생활방범-142,안전비상벨,서울특별시 광진구 자양로13다길 34 (자양동),37.53321,127.07812
생활방범-493,안전비상벨,서울특별시 광진구 자양로53길21,37.55441,127.09272
생활방범-139,안전비상벨,서울특별시 광진구 자양로15길84,37.53479,127.0789
생활방범-586,안전비상벨,서울특별시 광진구 능동로 13길 39,37.54333,127.0704
생활방범-552,안전비상벨,서울특별시 광진구 뚝섬로 54길 61,37.52895,127.07978
생활방범-044,안전비상벨,서울특별시 광진구 자양로44길 141-7 (구의동),37.55164,127.09554
다목적-023,안전비상벨,서울특별시 광진구 능동로 32길 145,37.5525,127.086
생활방범-134,안전비상벨,서울특별시 광진구 자양로21길 35 (자양동),37.53952,127.08133
공원-123,안전비상벨,서울특별시 광진구 자양1동 231-63,37.53635,127.07986
생활방범-562,안전비상벨,서울특별시 광진구 아차산로 23길 45,37.54392,127.06687
생활방범-356,안전비상벨,서울특별시 광진구 광나루로17길 14-14 (군자동),37.54885,127.07273
생활방범-541,안전비상벨,서울특별시 광진구 광나루로44길55,37.54186,127.09121
생활방범-318,안전비상벨,서울특별시 광진구 답십리로84길 56 (중곡동),37.56868,127.08366
공원-133,안전비상벨,서울특별시 광진구 광장동 5-112,37.55261,127.10373
어린이-137,안전비상벨,서울특별시 광진구 뚝섬로 476 (자양동),37.53666,127.06322
공원-109,안전비상벨,서울특별시 광진구 광나루로56길 86,37.53692,127.09502
생활방범-516,안전비상벨,서울특별시 광진구 면목로182,37.56941,127.08317
생활방범-058,안전비상벨,서울특별시 광진구 자양로44나길 26-14 (구의동),37.55089,127.09595
시설방범-020,안전비상벨,서울특별시 광진구 자양4동 72-1,37.53192,127.06629
시설방범-029,안전비상벨,서울특별시 광진구 광장동 401-33,37.54642,127.10139
공원-156,안전비상벨,서울특별시 광진구 구의동 3-17,37.5549,127.10037
어린이-210,안전비상벨,서울특별시 광진구 자양로 219,37.54691,127.08703
공원-007,안전비상벨,서울특별시 광진구 광나루로56길 86 (구의동),37.53735,127.09452
어린이-151,안전비상벨,서울특별시 광진구 천호대로113길 50-4 (중곡동),37.55926,127.08417
생활방범-572,안전비상벨,서울특별시 광진구 자양로 237-1,37.54782,127.08806
생활방범-498,안전비상벨,서울특별시 광진구 아차산 순환도로 (광장동),37.55117,127.1005
생활방범-420,안전비상벨,서울특별시 광진구 뚝섬로34길 13 (자양동),37.53413,127.06976
다목적-022,안전비상벨,서울특별시 광진구 광나루로56길 34 (구의동),37.53921,127.09525
생활방범-607,안전비상벨,서울특별시 광진구 자양로37길 85,37.54747,127.0858
공원-121,안전비상벨,서울특별시 광진구 자양2동 813-1,37.52995,127.08908
어린이-045,안전비상벨,서울특별시 광진구 구의강변로3길 19 (구의동),37.53604,127.09105
생활방범-639,안전비상벨,서울특별시 광진구 자양동 57-2,37.53273,127.06291
다목적-021,안전비상벨,서울특별시 광진구 자양로39길 19 (구의동),37.54917,127.08833
생활방범-570,안전비상벨,서울특별시 광진구 긴고랑로 44길 26-12,37.55857,127.0945
시설방범-025,안전비상벨,서울특별시 광진구 아차산로 563,37.54378,127.10308
생활방범-227,안전비상벨,서울특별시 광진구 긴고랑로14길 8 (중곡동),37.56224,127.08146
생활방범-264,안전비상벨,서울특별시 광진구 긴고랑로15길 15 (중곡동),37.56276,127.08329
생활방범-564,안전비상벨,서울특별시 광진구 광나루로 14길 26,37.54683,127.06836
생활방범-337,안전비상벨,서울특별시 광진구 자양로22길 58(구의동),37.53982,127.08641
시설방범-005,안전비상벨,서울특별시 광진구 능동로 110,37.54006,127.07096
공원-080,안전비상벨,서울특별시 광진구 아차산생태공원-고구려정2,37.55798,127.10261
공원-053,안전비상벨,서울특별시 광진구 천호대로140길 60,37.54433,127.09974
생활방범-713,안전비상벨,서울특별시 광진구 광나루로40길 56,37.54229,127.08899
공원-021,안전비상벨,서울특별시 광진구 긴고랑로5길 10 (중곡동),37.56471,127.07935
생활방범-569,안전비상벨,서울특별시 광진구 영화사로 16,37.55773,127.08931
생활방범-443,안전비상벨,서울특별시 광진구 아차산로33길 16-8 (화양동),37.54106,127.07033
다목적-026,안전비상벨,서울특별시 광진구 능동로 42 (자양동),37.53522,127.06863
어린이-149,안전비상벨,서울특별시 광진구 동일로72길 34 (중곡동),37.56564,127.07955
시설방범-036,안전비상벨,서울특별시 광진구 면목로 98,37.56243,127.07947
공원-092,안전비상벨,서울특별시 광진구 자양동 553-22,37.53512,127.06822
생활방범-695,안전비상벨,서울특별시 광진구 능동로19길 10,37.54705,127.07328
어린이-113,안전비상벨,서울특별시 광진구 자양로5길 33 (자양동,37.53061,127.08385
생활방범-304,안전비상벨,서울특별시 광진구 용마산로34길 15 (중곡동),37.57019,127.08716
생활방범-685,안전비상벨,서울특별시 광진구 면목로 5길 36,37.55658,127.07408
생활방범-169,안전비상벨,서울특별시 광진구 자양로2길 29 (자양동),37.53153,127.08817
생활방범-267,안전비상벨,서울특별시 광진구 능동로44길 13 (중곡동),37.56085,127.08229
생활방범-209,안전비상벨,서울특별시 광진구 능동로5길 7,37.53643,127.06745
생활방범-634,안전비상벨,서울특별시 광진구 자양로 35,37.53091,127.08628
그린파킹-001,안전비상벨,서울특별시 광진구 광나루로36길 9-9,37.5444,127.08733
다목적-012,안전비상벨,서울특별시 광진구 자양로9길 32 (자양동),37.5336,127.08278
생활방범-547,안전비상벨,서울특별시 광진구 자양로11길 11-1,37.53456,127.08328
공원-088,안전비상벨,서울특별시 광진구 구의동3-11,37.55318,127.10115
생활방범-677,안전비상벨,서울특별시 광진구 면목로 136-1,37.56551,127.08112
그린파킹-004,안전비상벨,서울특별시 광진구 동일로52길 11-13,37.55528,127.07219
어린이-082,안전비상벨,서울특별시 광진구 군자로 74 (군자동),37.55105,127.07162
생활방범-378,안전비상벨,서울특별시 광진구 뚝섬로36길 38 (자양동),37.53294,127.07051
생활방범-468,안전비상벨,서울특별시 광진구 뚝섬로 631 (자양동),37.53211,127.07974
생활방범-184,안전비상벨,서울특별시 광진구 자양번영로5길 16 (자양동),37.53273,127.07448
어린이-174,안전비상벨,서울특별시 광진구 답십리로78길 11 (중곡동),37.57107,127.08138
생활방범-554,안전비상벨,서울특별시 광진구 자양번영로 7길 3,37.53551,127.07636
어린이-117,안전비상벨,"서울특별시 광진구 뚝섬로62길 33-8 (자양동, 목화맨션)",37.53183,127.0884
공원-061,안전비상벨,서울특별시 광진구 용마도시자연공원-사무실,37.56227,127.09624
생활방범-618,안전비상벨,서울특별시 광진구 아차산로39가길 8,37.53915,127.07675
공원-077,안전비상벨,서울특별시 광진구 아차산생태공원-토요,37.55414,127.10133
생활방범-466,안전비상벨,서울특별시 광진구 동일로 44길 17 (군자동),37.5531,127.07133
공원-083,안전비상벨,서울특별시 광진구 중곡 4동 30-75,37.56602,127.08498
그린파킹-047,안전비상벨,서울특별시 광진구 광나루로30다길 30,37.54285,127.08303
어린이-066,안전비상벨,서울특별시 광진구 천호대로134길 2 (구의동),37.54921,127.09081
생활방범-565,안전비상벨,서울특별시 광진구 능동로 16길 14,37.54483,127.07387
생활방범-567,안전비상벨,서울특별시 광진구 천호대로119길 16,37.55537,127.08617
공원-162,안전비상벨,서울특별시 광진구 중곡동 143-146,37.56373,127.09699
생활방범-543,안전비상벨,서울특별시 광진구 뚝섬로47길29,37.53369,127.07867
생활방범-301,안전비상벨,서울특별시 광진구 용마산로36길 66 (중곡동),37.56947,127.08872
생활방범-368,안전비상벨,서울특별시 광진구 능동로55길 43 (중곡동),37.56801,127.08314
생활방범-523,안전비상벨,서울특별시 광진구 긴고랑로 39길 54,37.55932,127.09282
시설방범-012,안전비상벨,서울특별시 광진구 동일로 403,37.56659,127.07726
생활방범-246,안전비상벨,서울특별시 광진구 능동로47길 35 (중곡동),37.56364,127.08074
생활방범-540,안전비상벨,서울특별시 광진구 아차산로 401-9,37.53779,127.08701
생활방범-030,안전비상벨,서울특별시 광진구 아차산로53길 77 (구의동),37.54073,127.08608
생활방범-659,안전비상벨,서울특별시 광진구 용마산로22길 5-8,37.56121,127.08725
생활방범-518,안전비상벨,서울특별시 광진구 용마산로33길 41,37.57023,127.08382
생활방범-545,안전비상벨,서울특별시 광진구 뚝섬로681,37.53227,127.08502
그린파킹-015,안전비상벨,서울특별시 광진구 천호대로118길 33-17,37.55296,127.08555
공원-010,안전비상벨,서울특별시 광진구 능동로30길 23 (능동),37.55356,127.07928
시설방범-009,안전비상벨,서울특별시 광진구 천호대로 549,37.55741,127.07946
생활방범-122,안전비상벨,서울특별시 광진구 천호대로118길 36 (능동),37.55318,127.08466
생활방범-599,안전비상벨,서울특별시 광진구 능동로24길60-84길,37.55254,127.08014
다목적-002,안전비상벨,서울특별시 광진구 천호대로140길 40 (광장동),37.54428,127.10024
공원-118,안전비상벨,서울특별시 광진구 화양동 523-2,37.54508,127.07627
생활방범-491,안전비상벨,서울특별시 광진구 자양로28길 98 (구의동),37.54154,127.0895
생활방범-673,안전비상벨,서울특별시 광진구 자양로15길 72,37.53502,127.07974
생활방범-135,안전비상벨,서울특별시 광진구 아차산로46길 23 (자양동),37.53609,127.08083
공원-111,안전비상벨,서울특별시 광진구 광장동 378-76,37.55025,127.10119
그린파킹-032,안전비상벨,서울특별시 광진구 용마산로8길 66,37.55946,127.09137
공원-068,안전비상벨,서울특별시 광진구 용마도시자연공원-유화교,37.56512,127.0974
생활방범-292,안전비상벨,서울특별시 광진구 영화사로3가길 9 (중곡동),37.55791,127.09304
생활방범-375,안전비상벨,서울특별시 광진구 아차산로70길 17-16 (과장동),37.54151,127.10242
그린파킹-029,안전비상벨,서울특별시 광진구 능동로51길 19-8,37.56597,127.08305
어린이-020,안전비상벨,"서울특별시 광진구 아차산로70길 61 (광장동, 광장현대아파트)",37.54063,127.1
공원-046,안전비상벨,서울특별시 광진구 광장로1가길 31 (광장동),37.54813,127.10059
공원-014,안전비상벨,서울특별시 광진구 뚝섬로62길 24 (자양동),37.53213,127.08783
생활방범-256,안전비상벨,서울특별시 광진구 긴고랑로 110 (중곡동),37.55925,127.08691
어린이-203,안전비상벨,서울특별시 광진구 아차산로 191 (화양동),37.54248,127.06512
그린파킹-040,안전비상벨,서울특별시 광진구 동일로24길 80-5,37.54254,127.06935
생활방범-369,안전비상벨,서울특별시 광진구 긴고랑로44길 42 (중곡동),37.55836,127.09444
생활방범-582,안전비상벨,서울특별시 광진구 광나루로 16길 18,37.5468,127.06919
생활방범-619,안전비상벨,서울특별시 광진구 광장로1다길 23,37.54511,127.09887
생활방범-308,안전비상벨,서울특별시 광진구 자양로45길 65 (중곡동),37.55399,127.09031
생활방범-284,안전비상벨,서울특별시 광진구 답십리로 370 (중곡동),37.57156,127.08151
생활방범-526,안전비상벨,서울특별시 광진구 자양로209,37.5459,127.0859
생활방범-070,안전비상벨,서울특별시 광진구 자양로33길 44 (구의동),37.54784,127.08634
생활방범-273,안전비상벨,서울특별시 광진구 능동로53길 24-9 (중곡동),37.56723,127.0835
생활방범-652,안전비상벨,서울특별시 광진구 천호대로 585,37.55594,127.08322
그린파킹-018,안전비상벨,서울특별시 광진구 능동로30길 8,37.5541,127.07856
생활방범-519,안전비상벨,서울특별시 광진구 용마산로28나길15,37.56825,127.08798
생활방범-631,안전비상벨,서울특별시 광진구 뚝섬로 561,37.53397,127.07253
생활방범-515,안전비상벨,서울특별시 광진구 능동로50길 31-9,37.56393,127.08525
생활방범-150,안전비상벨,서울특별시 광진구 자양로21길 14 (자양동),37.53992,127.08225
어린이-055,안전비상벨,"서울특별시 광진구 구의강변로3가길 24 (구의동, 동서울빌라)",37.53666,127.09179
생활방범-012,안전비상벨,서울특별시 광진구 광장로 1 (광장동),37.54543,127.09779
생활방범-101,안전비상벨,서울특별시 광진구 능동로25길 22 (군자동),37.55299,127.07587
다목적-010,안전비상벨,서울특별시 광진구 구의로16길 68 (구의동),37.54235,127.09358
생활방범-691,안전비상벨,서울특별시 광진구 뚝섬로23가길 35,37.53867,127.0659
생활방범-239,안전비상벨,서울특별시 광진구 동일로62길 37 (중곡동),37.55937,127.0761
공원-027,안전비상벨,서울특별시 광진구 동일로28길 16 (화양동),37.54655,127.06769
생활방범-197,안전비상벨,서울특별시 광진구 아차산로30길 39 (자양동),37.53895,127.06687
생활방범-629,안전비상벨,서울특별시 광진구 자양강변길 301,37.52944,127.07532
생활방범-345,안전비상벨,서울특별시 광진구 군자로 38 (화양동),37.5465,127.0703
생활방범-086,안전비상벨,서울특별시 광진구 광나루로52길 43 (구의동),37.54043,127.09325
시설방범-023,안전비상벨,서울특별시 광진구 화양동 4-14,37.54098,127.07155
다목적-020,안전비상벨,서울특별시 광진구 아차산로 384-1,37.5377,127.0879
생활방범-383,안전비상벨,서울특별시 광진구 아차산로27길 45-6 (화양동),37.54364,127.06826
다목적-042,안전비상벨,서울특별시 광진구 자양로40길 41 (구의동),37.54751,127.09079
어린이-063,안전비상벨,서울특별시 광진구 광나루로 532 (구의동),37.54483,127.08837
생활방범-080,안전비상벨,서울특별시 광진구 아차산로65길 14 (구의동),37.54097,127.09414
공원-011,안전비상벨,서울특별시 광진구 능동로30길 23 (능동),37.55374,127.07943
시설방범-017,안전비상벨,서울특별시 광진구 아차산로 370,37.53645,127.08385
생활방범-212,안전비상벨,서울특별시 광진구 동일로12길 20 (자양동),37.53953,127.06335
생활방범-711,안전비상벨,서울특별시 광진구 뚝섬로26길 5,37.53615,127.06454
생활방범-299,안전비상벨,서울특별시 광진구 용마산로8가길 26 (중곡동),37.56092,127.0888
생활방범-366,안전비상벨,서울특별시 광진구 동일로4길 60 (자양동),37.53571,127.06409
시설방범-030,안전비상벨,서울특별시 광진구 중곡동 30-51,37.56596,127.08454
어린이-060,안전비상벨,서울특별시 광진구 광나루로56길 5 (구의동),37.53881,127.09805
생활방범-293,안전비상벨,서울특별시 광진구 영화사로3가길 25 (중곡동),37.55749,127.09347
어린이-006,안전비상벨,서울특별시 광진구 아차산로70길 35 (광장동),37.54205,127.10177
생활방범-133,안전비상벨,서울특별시 광진구 자양로13길 41 (자양동),37.53437,127.08195
생활방범-434,안전비상벨,서울특별시 광진구 군자로2길 4 (화양동),37.54433,127.07163
어린이-036,안전비상벨,"서울특별시 광진구 자양로50길 53 (구의동, 남광하이츠빌라)",37.55267,127.09534
생활방범-605,안전비상벨,서울특별시 광진구 영화사로3나길 28,37.55709,127.09369
공원-034,안전비상벨,서울특별시 광진구 천호대로 717-18 (구의동),37.54811,127.09644
생활방범-317,안전비상벨,서울특별시 광진구 아차산로 241 (화양동),37.54062,127.07054
생활방범-207,안전비상벨,서울특별시 광진구 능동로9길 23,37.53767,127.06797
생활방범-594,안전비상벨,서울특별시 광진구 동일로 26길 9,37.54531,127.06668
생활방범-099,안전비상벨,서울특별시 광진구 능동로27길 33 (군자동),37.55472,127.07657
생활방범-532,안전비상벨,서울특별시 광진구 천호대로102길60,37.55652,127.07283
생활방범-603,안전비상벨,서울특별시 광진구 광장로77,37.54771,127.10573
어린이-131,안전비상벨,서울특별시 광진구 능동로4길 88 (자양동),37.53085,127.07147
생활방범-221,안전비상벨,서울특별시 광진구 뚝섬로57길 13 (자양동),37.53231,127.08359
그린파킹-024,안전비상벨,서울특별시 광진구 용마산로5길 40-22,37.55849,127.08544
그린파킹-050,안전비상벨,서울특별시 광진구 천호대로136길 64,37.54719,127.08952
생활방범-632,안전비상벨,서울특별시 광진구 천호대로138길 40,37.54739,127.0921
그린파킹-012,안전비상벨,서울특별시 광진구 천호대로116길 36,37.55368,127.08338
생활방범-110,안전비상벨,서울특별시 광진구 동일로60길 25 (군자동),37.55829,127.07474
생활방범-674,안전비상벨,서울특별시 광진구 군자로 96-14,37.55133,127.07181
공원-132,안전비상벨,서울특별시 광진구 광장동 5-143,37.55193,127.10432
생활방범-129,안전비상벨,서울특별시 광진구 능동로24길 41 (능동),37.55239,127.07913
생활방범-527,안전비상벨,서울특별시 광진구 광장로5길 25-1,37.54865,127.10495
다목적-007,안전비상벨,서울특별시 광진구 아차산로70길 17-21,37.54106,127.1033
생활방범-403,안전비상벨,서울특별시 광진구 동일로46길 26 (군자동),37.55355,127.07185
생활방범-051,안전비상벨,서울특별시 광진구 자양로53길 10 (구의동),37.55417,127.09335
생활방범-042,안전비상벨,서울특별시 광진구 아차산로53길 38-12 (구의동),37.53915,127.08609
공원-104,안전비상벨,서울특별시 광진구 영화사로 139,37.55218,127.10131
생활방범-666,안전비상벨,서울특별시 광진구 자양로 282,37.55092,127.09155
생활방범-320,안전비상벨,서울특별시 광진구 군자로5길 18-12 (화양동),37.54558,127.06954
어린이-202,안전비상벨,서울특별시 광진구 아차산로21길 15 (화양동),37.54356,127.06563
공원-022,안전비상벨,서울특별시 광진구 긴고랑로5길 10 (중곡동),37.55964,127.0841
어린이-040,안전비상벨,서울특별시 광진구 자양로50길 13 (구의동),37.55215,127.09313
생활방범-089,안전비상벨,서울특별시 광진구 아차산로59길 21-13 (구의동),37.53973,127.09007
공원-108,안전비상벨,서울특별시 광진구 광나루로52길 12,37.54135,127.09448
생활방범-010,안전비상벨,서울특별시 광진구 광장로1다길 60 (광장동),37.55079,127.10133
생활방범-255,안전비상벨,서울특별시 광진구 천호대로121길 39 (중곡동),37.55682,127.08643
생활방범-433,안전비상벨,서울특별시 광진구 능동로13길 39 (화양동),37.54411,127.06975
다목적-014,안전비상벨,서울특별시 광진구 능동로4길 51 (자양동),37.53218,127.0701
다목적-033,안전비상벨,"서울특별시 광진구 자양로42길 53 (구의동, 광진로얄빌라)",37.5482,127.09302
생활방범-353,안전비상벨,서울특별시 광진구 능동로55길 20 (중곡동),37.568,127.08444
생활방범-551,안전비상벨,서울특별시 광진구 뚝섬로703-1,37.53318,127.08757
어린이-193,안전비상벨,서울특별시 광진구 군자로 18 (화양동),37.54501,127.07124
생활방범-038,안전비상벨,서울특별시 광진구 자양로23길 86 (구의동),37.54425,127.084
생활방범-633,안전비상벨,서울특별시 광진구 광장로1가길 13,37.54749,127.10122
어린이-047,안전비상벨,"서울특별시 광진구 구의강변로 84 (구의동, 세양아파트)",37.53708,127.0938
생활방범-300,안전비상벨,서울특별시 광진구 용마산로8다길 23 (중곡동),37.56176,127.08946
어린이-218,안전비상벨,서울특별시 광진구 군자로 142,37.55421,127.07517
생활방범-556,안전비상벨,서울특별시 광진구 뚝섬로27길3,37.5361,127.06594
생활방범-234,안전비상벨,서울특별시 광진구 동일로66길 9 (중곡동),37.56167,127.07581
어린이-028,안전비상벨,서울특별시 광진구 자양로23가길 16 (구의동),37.54212,127.08166
생활방범-497,안전비상벨,서울특별시 광진구 능동로 48길 36 (중곡동),37.56224,127.08446
공원-052,안전비상벨,서울특별시 광진구 천호대로140길 60,37.54413,127.09922
생활방범-104,안전비상벨,서울특별시 광진구 군자로15길 10-6 (군자동),37.55406,127.07362
JA1_C076,안전비상벨,서울특별시 동대문구 천호대로81길 32,37.5637,127.064
JA1_C077,안전비상벨,서울특별시 동대문구 장한로6길 69,37.5621,127.069
JA1_C078,안전비상벨,서울특별시 동대문구 장한로21길 11-12,37.569,127.068
JA2_C082,안전비상벨,서울특별시 동대문구 장한로27길 46,37.5732,127.068
JA2_C092,안전비상벨,서울특별시 동대문구 면먹동 727-65,37.5735,127.077
JA2_C093,안전비상벨,서울특별시 동대문구 장안동 7-16,37.5718,127.077
DS1_C055,안전비상벨,서울특별시 동대문구 전농로 81,37.5723,127.057
JA2_C096,안전비상벨,서울특별시 동대문구 장한로 144,37.573,127.072
JA2_C105,안전비상벨,서울특별시 동대문구 답십리로 297,37.5723,127.073
DS2_C108,안전비상벨,서울특별시 동대문구 답십리동 산2-1,37.571,127.06
DS2_C110,안전비상벨,서울특별시 동대문구 답십리동 산2-1,37.5717,127.062
DS2_C109,안전비상벨,서울특별시 동대문구 답십리동 산2-1,37.5706,127.061
DS2_C111,안전비상벨,서울특별시 동대문구 답십리동 산2-1,37.5724,127.063
DS2_W001,안전비상벨,서울특별시 동대문구 답십리로56길 60,37.5702,127.059
DS2_C106,안전비상벨,서울특별시 동대문구 답십리동 산2-1,37.5709,127.061
DS2_C107,안전비상벨,서울특별시 동대문구 답십리동 산2-1,37.571,127.06
DS2_C096,안전비상벨,서울특별시 동대문구 답십리동 산2-1,37.5726,127.061
DS2_C103,안전비상벨,서울특별시 동대문구 답십리동 산2-1,37.5717,127.061
DS2_C104,안전비상벨,서울특별시 동대문구 답십리동 산2-1,37.5712,127.06
DS2_C105,안전비상벨,서울특별시 동대문구 답십리동 산2-1,37.5711,127.061
JA1_C088,안전비상벨,서울특별시 동대문구 천호대로79길 49,37.5648,127.063
JA1_C089,안전비상벨,서울특별시 동대문구 장한로9길 22,37.5659,127.065
JA1_C090,안전비상벨,서울특별시 동대문구 천호대로95길 16,37.5625,127.07
JA1_C091,안전비상벨,서울특별시 동대문구 장안동 354-2,37.5646,127.073
DS1_C057,안전비상벨,서울특별시 동대문구 전농로 97-1,37.5736,127.057
JA1_C092,안전비상벨,서울특별시 동대문구 장안동 336,37.5691,127.075
JA1_C079,안전비상벨,서울특별시 동대문구 장한로9길 8,37.5657,127.066
JA1_C080,안전비상벨,서울특별시 동대문구 답십리로66길 75,37.5693,127.066
JA1_C081,안전비상벨,서울특별시 동대문구 한천로8길 15,37.5648,127.061
JA1_C082,안전비상벨,서울특별시 동대문구 천호대로83길 72,37.5651,127.066
JA1_C083,안전비상벨,서울특별시 동대문구 답십리로72길 46,37.5699,127.073
JA1_C087,안전비상벨,서울특별시 동대문구 한천로6길 47,37.5632,127.061
JA1_C084,안전비상벨,서울특별시 동대문구 천호대로77길 104,37.5661,127.063
JA1_C085,안전비상벨,서울특별시 동대문구 장한로2길 8,37.562,127.065
JA1_C086,안전비상벨,서울특별시 동대문구 답십리로66길 57-10,37.5704,127.067
DS2_C013,안전비상벨,서울특별시 동대문구 황물로17길 24,37.5646,127.059
DS2_C014,안전비상벨,서울특별시 동대문구 답십리동 998-1,37.567,127.057
DS2_C016,안전비상벨,서울특별시 동대문구 답십리동 산41-4,37.5702,127.06
JA1_C098,안전비상벨,서울특별시 동대문구 장한로6길 37(카페시월 앞 사거리),37.5629,127.068
JA1_C099,안전비상벨,서울특별시 동대문구 한천로18길 32,37.5684,127.065
JA1_C100,안전비상벨,서울특별시 동대문구 한천로14길 17-10,37.5676,127.064
JA1_C101,안전비상벨,서울특별시 동대문구 한천로14길 29-21,37.5678,127.065
JA1_C102,안전비상벨,서울특별시 동대문구 답십리로 64길 111,37.5683,127.064
JA1_P009,안전비상벨,서울특별시 동대문구 서울 동대문구 장한로18길 82-9,37.5673,127.073
JA1_C093,안전비상벨,서울특별시 동대문구 장안동 481-3,37.5715,127.077
JA1_C094,안전비상벨,서울특별시 동대문구 장안동 24-2,37.5663,127.074
JA1_C095,안전비상벨,서울특별시 동대문구 장안동 24-1,37.5674,127.075
JA1_C096,안전비상벨,서울특별시 동대문구 장안동 164-1,37.5699,127.065
JA1_C097,안전비상벨,서울특별시 동대문구 장한로 91,37.569,127.069
DS2_C019,안전비상벨,서울특별시 동대문구 답십리로58길 52,37.5722,127.058
DS2_C018,안전비상벨,서울특별시 동대문구 답십리동 41-1,37.5724,127.061
DS2_C017,안전비상벨,서울특별시 동대문구 황물로17길 24,37.5649,127.059
DS2_C074,안전비상벨,서울특별시 동대문구 답십리동 2-299,37.5717,127.062
DS2_C081,안전비상벨,서울특별시 동대문구 답십리동 14-11,37.5665,127.059
JA1_C003,안전비상벨,서울특별시 동대문구 천호대로87길 43,37.5636,127.068
JA1_C062,안전비상벨,서울특별시 동대문구 천호대로93길 56,37.5631,127.07
JA1_C068,안전비상벨,서울특별시 동대문구 답십리로64길 135,37.5672,127.064
JA1_C064,안전비상벨,서울특별시 동대문구 한천로14길 53,37.5668,127.065
JA1_C065,안전비상벨,서울특별시 동대문구 한천로26길 23,37.5716,127.067
JA1_C066,안전비상벨,서울특별시 동대문구 천호대로77다길 11-18,37.5663,127.064
JA1_C067,안전비상벨,서울특별시 동대문구 천호대로87길 14,37.5625,127.067
JA2_P009,안전비상벨,서울특별시 동대문구 장한로26가길 53,37.5694,127.07
JA2_P008,안전비상벨,서울특별시 동대문구 장한로 110,37.5702,127.07
JA2_P012,안전비상벨,서울특별시 동대문구 장한로26다길 77,37.5683,127.071
JA2_P013,안전비상벨,서울특별시 동대문구 장한로28가길 17,37.5737,127.072
공원-11호,안전비상벨,서울특별시 동대문구 장안벚꽃로 67,37.5671783,127.0739549
JA2_C035,안전비상벨,서울특별시 동대문구 장한로24길 40,37.5701,127.072
JA2_C041,안전비상벨,서울특별시 동대문구 장한로27길 11,37.573,127.07
JA2_C071,안전비상벨,서울특별시 동대문구 한천로28길27,37.5731,127.068
JA1_C073,안전비상벨,서울특별시 동대문구 장한로 3,37.5622,127.064
JA1_C074,안전비상벨,서울특별시 동대문구 답십리로66길 44-5,37.5707,127.067
JA1_C075,안전비상벨,서울특별시 동대문구 한천로4길 12,37.5634,127.059
JA1_C070,안전비상벨,서울특별시 동대문구 한천로20길8-12,37.569,127.064
JA1_C069,안전비상벨,서울특별시 동대문구 천호대로79길26,37.5637,127.063
JA1_C071,안전비상벨,서울특별시 동대문구 한천로 10,37.5635,127.058
JA1_C072,안전비상벨,서울특별시 동대문구 천호대로77길 10,37.5627,127.061
JA1_P011,안전비상벨,서울특별시 동대문구 장한로 119,37.5717,127.069
JA1_C035,안전비상벨,서울특별시 동대문구 천호대로87길 48,37.5637,127.068
JA1_C036,안전비상벨,서울특별시 동대문구 답십리로66길 30,37.5714,127.067
JA1_C037,안전비상벨,서울특별시 동대문구 한천로6길 36,37.5634,127.061
DS2_C032,안전비상벨,서울특별시 동대문구 전농로 70,37.571,127.057
DS2_C025,안전비상벨,서울특별시 동대문구 답십리로56길21,37.5701,127.06
DS2_C027,안전비상벨,서울특별시 동대문구 답십리로56길 124,37.5678,127.057
DS2_C028,안전비상벨,서울특별시 동대문구 답십리로52길 34,37.5713,127.058
DS2_C029,안전비상벨,서울특별시 동대문구 답십리로60길 6,37.5723,127.065
DS2_C030,안전비상벨,서울특별시 동대문구 한천로 55,37.567,127.061
DS2_C031,안전비상벨,서울특별시 동대문구 한천로15길 20-7,37.5685,127.062
JA1_C038,안전비상벨,서울특별시 동대문구 장한로14길 62,37.5653,127.071
JA1_C039,안전비상벨,서울특별시 동대문구 장한평26다길 115-5,37.5664,127.071
JA1_C040,안전비상벨,서울특별시 동대문구 한천로18길 14-9,37.5685,127.064
JA1_C041,안전비상벨,서울특별시 동대문구 한천로24길 47-2,37.5697,127.067
JA1_C042,안전비상벨,서울특별시 동대문구 한천로2길 78,37.5624,127.063
JA1_C043,안전비상벨,서울특별시 동대문구 장한로8길 84,37.5627,127.071
JA1_C044,안전비상벨,서울특별시 동대문구 천호대로97길 61,37.5637,127.071
JA1_C045,안전비상벨,서울특별시 동대문구 한천로26길 12-13,37.5713,127.066
DS2_C075,안전비상벨,서울특별시 동대문구 답십리동 2-299,37.5722,127.063
JA1_C053,안전비상벨,서울특별시 동대문구 한천로24길 21,37.5704,127.066
DS2_C076,안전비상벨,서울특별시 동대문구 답십리동 2-299,37.5716,127.061
DS2_C077,안전비상벨,서울특별시 동대문구 답십리동 산2-1,37.5733,127.061
JA1_C046,안전비상벨,서울특별시 동대문구 장한로5가길 31,37.5668,127.064
JA1_C052,안전비상벨,서울특별시 동대문구 장한로18길 82-14,37.5678,127.073
JA1_C047,안전비상벨,서울특별시 동대문구 장한로14길 61,37.5655,127.07
JA1_C048,안전비상벨,서울특별시 동대문구 답십리로66길 3,37.5724,127.068
JA1_C049,안전비상벨,서울특별시 동대문구 답십리로 320-1,37.5719,127.075
JA1_C050,안전비상벨,서울특별시 동대문구 천호대로89길 58,37.564,127.069
JA1_C051,안전비상벨,서울특별시 동대문구 답십리로66길 75-4,37.5691,127.067
DS2_C020,안전비상벨,서울특별시 동대문구 답십리로48나길 21,37.5698,127.058
DS2_C021,안전비상벨,서울특별시 동대문구 한천로17길 10,37.5697,127.063
DS2_C022,안전비상벨,서울특별시 동대문구 답십리로48라길 1,37.5691,127.057
JA2_C058,안전비상벨,서울특별시 동대문구 장한로27길 36,37.5732,127.069
JA2_C067,안전비상벨,서울특별시 동대문구 한천로30길 27,37.5736,127.068
JA1_C060,안전비상벨,서울특별시 동대문구 답십리로66길 105,37.5683,127.065
JA1_C061,안전비상벨,서울특별시 동대문구 장안동 164-1,37.57,127.065
JA1_C063,안전비상벨,서울특별시 동대문구 답십리로72길 158,37.5671,127.07
JA1_C054,안전비상벨,서울특별시 동대문구 한천로10길 55,37.5668,127.063
JA1_C055,안전비상벨,서울특별시 동대문구 한천로 72-22,37.5684,127.064
JA1_C056,안전비상벨,서울특별시 동대문구 장한로5길 45,37.5651,127.064
JA1_C057,안전비상벨,서울특별시 동대문구 장한로6길 10,37.5635,127.066
JA1_C058,안전비상벨,서울특별시 동대문구 장한로10길 9,37.5653,127.068
JA1_C059,안전비상벨,서울특별시 동대문구 한천로26길 43,37.5711,127.068
DS2_C035,안전비상벨,서울특별시 동대문구 한천로11길 51,37.5669,127.059
JA1_C023,안전비상벨,서울특별시 동대문구 천호대로83길 46,37.5642,127.065
JA1_C024,안전비상벨,서울특별시 동대문구 장한로 60,37.5664,127.068
DS2_C033,안전비상벨,서울특별시 동대문구 황물로17길 27,37.565,127.059
DS2_C080,안전비상벨,서울특별시 동대문구 전농로 38,37.5683,127.057
JA1_W001,안전비상벨,서울특별시 동대문구 장한로14길 28,37.566,127.069
JA1_W002,안전비상벨,서울특별시 동대문구 장한로25길 45,37.5718,127.068
DS2_C082,안전비상벨,서울특별시 동대문구 답십리동 19-7,37.5667,127.059
DS2_C084,안전비상벨,서울특별시 동대문구 답십리로210-9 맞은 편,37.5718,127.063
DS2_C085,안전비상벨,서울특별시 동대문구 답십리로60길 122,37.568,127.062
DS2_C046,안전비상벨,서울특별시 동대문구 답십리로60길 40,37.5711,127.064
JA2_C086,안전비상벨,서울특별시 동대문구 장한로28길 56,37.5728,127.075
JA2_C069,안전비상벨,서울특별시 동대문구 장한로26나길 51,37.5693,127.071
DS2_C099,안전비상벨,서울특별시 동대문구 답십리동 산2-1,37.5717,127.062
DS2_C101,안전비상벨,서울특별시 동대문구 답십리동 산2-1,37.5717,127.06
DS2_C102,안전비상벨,서울특별시 동대문구 답십리동 산2-1,37.5714,127.061
DS2_C097,안전비상벨,서울특별시 동대문구 답십리동 산2-1,37.5725,127.062
DS2_C098,안전비상벨,서울특별시 동대문구 답십리동 산2-1,37.5719,127.061
DS2_C053,안전비상벨,서울특별시 동대문구 전농로2가길 12,37.5672,127.057
DS2_C054,안전비상벨,서울특별시 동대문구 황물로15길 25,37.5667,127.057
DS2_C055,안전비상벨,서울특별시 동대문구 답십리로48라길 12,37.5691,127.058
DS2_C056,안전비상벨,서울특별시 동대문구 답십리로 219-4,37.5729,127.064
DS2_C057,안전비상벨,서울특별시 동대문구 황물로15다길 11,37.5659,127.059
DS2_C058,안전비상벨,서울특별시 동대문구 전농로4가길8,37.5668,127.058
DS2_C059,안전비상벨,서울특별시 동대문구 답십리로58길8,37.5723,127.06
공원-17호,안전비상벨,,37.5716795,127.0691816
JA2_C087,안전비상벨,서울특별시 동대문구 장안동 7-16,37.5717,127.077
JA1_C011,안전비상벨,서울특별시 동대문구 답십리로68길24,37.5714,127.069
JA1_C012,안전비상벨,서울특별시 동대문구 답십리로68길 97,37.5682,127.067
JA1_C013,안전비상벨,서울특별시 동대문구 장한로2길 85,37.5615,127.07
JA1_C015,안전비상벨,서울특별시 동대문구 천호대로85길 56,37.5641,127.067
DS2_C036,안전비상벨,서울특별시 동대문구 답십리로48나길 17-11,37.5704,127.058
DS2_C037,안전비상벨,서울특별시 동대문구 황물로15다길 17,37.5656,127.059
DS2_C038,안전비상벨,서울특별시 동대문구 답십리로56길 21,37.5719,127.059
DS2_C040,안전비상벨,서울특별시 동대문구 답십리로52길 9,37.5723,127.058
DS2_C039,안전비상벨,서울특별시 동대문구 한천로11다길 78,37.5683,127.059
DS2_C041,안전비상벨,서울특별시 동대문구 답십리로48다길 16,37.5694,127.058
JA1_C017,안전비상벨,서울특별시 동대문구 장한로 119,37.5709,127.07
JA1_C018,안전비상벨,서울특별시 동대문구 장한로23길 11-11,37.5701,127.069
JA1_C016,안전비상벨,서울특별시 동대문구 장한로10길 51,37.5643,127.07
JA1_C019,안전비상벨,서울특별시 동대문구 장한로17길 8,37.5677,127.067
DS2_C047,안전비상벨,서울특별시 동대문구 답십리로56길 89,37.5684,127.058
DS2_C048,안전비상벨,서울특별시 동대문구 답십리로48나길 12,37.5698,127.058
공원-16호,안전비상벨,,37.5653478,127.0642803
공원-15호,안전비상벨,서울특별시 동대문구 장한로17길 20,37.5679775,127.0673641
공원-8호,안전비상벨,,37.5715429,127.0611571
공원-7호,안전비상벨,서울특별시 동대문구 답십리로 209,37.5737596,127.063558
DS2_C050,안전비상벨,서울특별시 동대문구 답십리로48길 24,37.5717,127.057
DS2_C051,안전비상벨,서울특별시 동대문구 답십리로48길 38,37.5711,127.057
DS2_C052,안전비상벨,서울특별시 동대문구 답십리로48길 68,37.5697,127.057
JA1_P010,안전비상벨,서울특별시 동대문구 장안로 88,37.5682,127.069
DS2_C043,안전비상벨,서울특별시 동대문구 답십리로56길 32,37.5713,127.059
DS2_C044,안전비상벨,서울특별시 동대문구 답십리로52길 50-1,37.5706,127.058
JA1_C004,안전비상벨,서울특별시 동대문구 장안동 190-62,37.5677,127.063
JA1_C005,안전비상벨,서울특별시 동대문구 천호대로77다길 20,37.5653,127.064
JA1_C006,안전비상벨,서울특별시 동대문구 장안동 386,37.5717,127.068
JA1_C007,안전비상벨,서울특별시 동대문구 장한로17길 20,37.568,127.067
JA2_C007,안전비상벨,서울특별시 동대문구 장한로26나길 6,37.5715,127.072
JA1_C028,안전비상벨,서울특별시 동대문구 장한로 34,37.5638,127.066
JA1_C029,안전비상벨,서울특별시 동대문구 천호대로85길 28,37.5631,127.066
JA1_C030,안전비상벨,서울특별시 동대문구 장한로2길 41,37.5619,127.067
JA1_C014,안전비상벨,서울특별시 동대문구 장한로 6,37.5621,127.065
JA1_C031,안전비상벨,서울특별시 동대문구 장한로 85,37.5687,127.069
JA2_C037,안전비상벨,서울특별시 동대문구 장한로26길 24,37.5715,127.072
JA2_C038,안전비상벨,서울특별시 동대문구 장한로20길 26,37.5681,127.07
JA1_C020,안전비상벨,서울특별시 동대문구 장한로17길 13-10,37.5669,127.067
JA1_C021,안전비상벨,서울특별시 동대문구 천호대로77길 62,37.5644,127.062
JA1_C022,안전비상벨,서울특별시 동대문구 장한로 51,37.5655,127.067
JA1_C026,안전비상벨,서울특별시 동대문구 장한로 76,37.5676,127.068
JA1_C025,안전비상벨,서울특별시 동대문구 장한로16길 16,37.5667,127.069
JA1_C027,안전비상벨,서울특별시 동대문구 한천로2길 16,37.563,127.059
화장실-20호,안전비상벨,서울특별시 동대문구 장안벚꽃로 50,37.5661433,127.0741733
화장실-19호,안전비상벨,서울특별시 동대문구 장안벚꽃로 134,37.5719215,127.0770025
화장실-18호,안전비상벨,서울특별시 동대문구 장한로26나길 6,37.5714534,127.0724245
JA2_C039,안전비상벨,서울특별시 동대문구 장한로 106,37.5697,127.07
JA2_C006,안전비상벨,서울특별시 동대문구 장안동 348,37.5678,127.071
DS1_C023,안전비상벨,서울특별시 동대문구 전농로 75,37.5714,127.057
JA2_C047,안전비상벨,서울특별시 동대문구 답십리로69길 11,37.5729,127.074
DS2_C061,안전비상벨,서울특별시 동대문구 답십리로57길 3-2,37.5731,127.06
DS2_C062,안전비상벨,서울특별시 동대문구 답십리로53길 18,37.5735,127.059
DS2_C063,안전비상벨,서울특별시 동대문구 전농로4길 7,37.5676,127.057
DS2_C064,안전비상벨,서울특별시 동대문구 답십리로52길 45-7,37.5707,127.058
DS2_C065,안전비상벨,서울특별시 동대문구 황물로15길 10-6,37.5651,127.057
DS2_C066,안전비상벨,서울특별시 동대문구 답십리로50길 24,37.5717,127.058
화장실-14호,안전비상벨,서울특별시 동대문구 천호대로87길 43,37.5637016,127.0680846
화장실-13호,안전비상벨,서울특별시 동대문구 장안벚꽃로 50,37.5661433,127.0741733
DS2_C068,안전비상벨,서울특별시 동대문구 답십리로56길 77-6,37.5694,127.059
DS2_C069,안전비상벨,서울특별시 동대문구 답십리로56길 56,37.5704,127.059
JA1_C032,안전비상벨,서울특별시 동대문구 장한로 17,37.5631,127.065
JA1_C033,안전비상벨,서울특별시 동대문구 한천로 72-35,37.5679,127.063
JA1_C034,안전비상벨,서울특별시 동대문구 한천로6가길 3,37.564,127.06
C-MM04-0031,안전비상벨,서울특별시 중랑구 답십리로77길 25,37.572611,127.0815775
C-MM04-0012,안전비상벨,서울특별시 중랑구 답십리로77길 6,37.5720472,127.0815917
012-2089-4799,안전비상벨,서울특별시 중랑구 용마산로 250-12,37.573352,127.089122
C-MM04-0037,안전비상벨,서울특별시 중랑구 면목로 223,37.5730629,127.0841827
012-2702-5331,안전비상벨,서울특별시 중랑구 면목로23길 13,37.573037,127.0834
012-2709-0112,안전비상벨,서울특별시 중랑구 면목동 산69-1,37.572929,127.091099
C-MM04-0040,안전비상벨,서울특별시 중랑구 답십리로75길 36,37.5732956,127.0810165
C-MM04-0039,안전비상벨,서울특별시 중랑구 답십리로 405,37.5710793,127.08535
C-MM04-0035,안전비상벨,서울특별시 중랑구 답십리로 377,37.5715485,127.0822678
C-MM04-0026,안전비상벨,서울특별시 중랑구 답십리로77길 28-26,37.5729482,127.0826759
C-MM04-0064,안전비상벨,서울특별시 중랑구 용마산로250-12,37.5729949,127.0888888
P-MM04-1000,안전비상벨,서울특별시 중랑구 면목로23길 23,37.5734291,127.0830917
012-2702-5320,안전비상벨,서울특별시 중랑구 용마산로 250-12,37.573352,127.089122
C-MM04-0046,안전비상벨,서울특별시 중랑구 용마산로 202,37.571725,127.0862751
C-MM04-0022,안전비상벨,서울특별시 중랑구 용마산로36길 13,37.5708519,127.0868392
C-MM04-0069,안전비상벨,,37.5724994,127.0887662
C-MM04-0007,안전비상벨,서울특별시 중랑구 답십리로81길 35,37.5730437,127.0831953
012-2702-5321,안전비상벨,서울특별시 중랑구 용마산로 250-12,37.573352,127.089122
C-MM04-0061,안전비상벨,,37.5717942,127.0864134
C-MM04-0056,안전비상벨,,37.572867,127.0857223
C-MM04-0049,안전비상벨,서울특별시 중랑구 답십리로 365,37.5717178,127.0809043
C-MM04-0054,안전비상벨,서울특별시 중랑구 용마산로 217,37.5734084,127.0863714
C-MM04-0067,안전비상벨,,37.5727946,127.0904031
P-MM04-0991,안전비상벨,서울특별시 중랑구 용마산로 209,37.5716372,127.0862617
C-MM04-0058,안전비상벨,서울특별시 중랑구 답십리로83길 22,37.5722381,127.084504
C-MM04-0043,안전비상벨,서울특별시 중랑구 답십리로87길 6,37.571209,127.085228
C-MM04-0011,안전비상벨,서울특별시 중랑구 답십리로77길 38,37.5732994,127.0816727
C-MM04-0036,안전비상벨,서울특별시 중랑구 용마산로 250-12,37.573021,127.0913011
C-MM04-0052,안전비상벨,서울특별시 중랑구 용마산로 250-12,37.5732733,127.0889262
012-2704-6832,안전비상벨,"서울특별시 중랑구 용마산로 250-12, 용마배수지, 용마산돌산공원 (면목동)",37.57341920158,127.0892699442
C-MM04-0041,안전비상벨,서울특별시 중랑구 면목로23길 23,37.5734291,127.0830917
C-MM04-0002,안전비상벨,서울특별시 중랑구 답십리로81길 35,37.5725367,127.0832462
C-MM04-0006,안전비상벨,서울특별시 중랑구 용마산로40길 28,37.5717901,127.0878337
C-MM04-0021,안전비상벨,서울특별시 중랑구 면목로24길 10,37.572844,127.0847776
C-MM04-0023,안전비상벨,서울특별시 중랑구 면목로21길 47,37.5725563,127.0810648
C-MM04-0070,안전비상벨,,37.5726812,127.0880536
C-MM04-0016,안전비상벨,서울특별시 중랑구 용마산로 250-12,37.572998,127.0915451
C-MM04-0065,안전비상벨,서울특별시 중랑구 용마산로250-12,37.57285,127.0898664
C-MM04-0045,안전비상벨,서울특별시 중랑구 답십리로 381,37.571513,127.0827117
C-MM04-0063,안전비상벨,서울특별시 중랑구 면목4동 산 1-4,37.5732824,127.0903296
C-MM04-0068,안전비상벨,,37.5724115,127.0893629
C-MM04-0051,안전비상벨,서울특별시 중랑구 용마산로40길 20,37.5717648,127.0871824
C-MM04-0057,안전비상벨,서울특별시 중랑구 용마산로 209,37.5719542,127.0855096
청담-281,안전비상벨,,37.5231,127.0583
공원-218,안전비상벨,서울특별시 강남구 학동로 607,37.5231,127.0594
공원-224,안전비상벨,서울특별시 강남구 자곡로 16,37.5236,127.0585
3020017,안전비상벨,,37.534435,127.112133
50100-역사-08,안전비상벨,,37.535728,127.113937
1020023,안전비상벨,,37.529113,127.109213
2020014,안전비상벨,,37.531307,127.114647
1020574,안전비상벨,,37.531501,127.113884
50100-역사-07,안전비상벨,,37.535389,127.113709
1020927,안전비상벨,,37.531535,127.112142
20200359,안전비상벨,,37.529601,127.110682
50100-역사-11,안전비상벨,,37.535717,127.115082
50100-역사-05,안전비상벨,,37.535725,127.113464
1020575,안전비상벨,,37.530128,127.112529
50100-역사-02,안전비상벨,,37.5364,127.114075
50100-역사-09,안전비상벨,,37.535709,127.11451
1020692,안전비상벨,,37.53379966,127.114326
2250503,안전비상벨,,37.523038,127.105178
1020015,안전비상벨,,37.532864,127.11364
20200533,안전비상벨,,37.532372,127.1143
1020389,안전비상벨,,37.528214,127.110725
50100-역사-10,안전비상벨,,37.535213,127.114342
50100-역사-03,안전비상벨,,37.536068,127.113709
1020452,안전비상벨,,37.532948,127.115044
1020302,안전비상벨,,37.526293,127.113487
1020022,안전비상벨,,37.527979,127.114624
50100-역사-01,안전비상벨,,37.536049,127.114197
1020018,안전비상벨,,37.534883,127.112154
50100-역사-12,안전비상벨,,37.535248,127.114983
2250277,안전비상벨,,37.522586,127.104721
1020532,안전비상벨,,37.530026,127.114716
1250279,안전비상벨,,37.523644,127.109614
1020674,안전비상벨,,37.531685,127.110603
1020926,안전비상벨,,37.531106,127.113301
1020016,안전비상벨,,37.533814,127.1128
50100-역사-04,안전비상벨,,37.535873,127.113213
50100-역사-06,안전비상벨,,37.535553,127.113167
3020019,안전비상벨,,37.532333,127.112129
구리-A-토-163,안전비상벨,,37.561021,127.11022
구리-A-토-012,안전비상벨,,37.562481,127.11365
구리-A-토-082,안전비상벨,,37.561918,127.11267
구리-A-토-111,안전비상벨,,37.563356,127.11486
광진교남단-24,가로등,,37.544257,127.115047
광진교남단경관-25,가로등,,37.544096,127.11499
광진교남단경관-26,가로등,,37.54411,127.11495
광진교남단경관-27,가로등,,37.544131,127.114888
광진교남단경관-28,가로등,,37.544206,127.11464
광진교남단경관-29,가로등,,37.544217,127.114609
광진교남단경관-30,가로등,,37.544234,127.114551
광진교남단경관-31,가로등,,37.544365,127.114635
광진교남단경관-32,가로등,,37.544358,127.114658
광진교남단경관-33,가로등,,37.544351,127.114684
광진교남단경관-34,가로등,,37.544269,127.114893
광진교남단경관-35,가로등,,37.544262,127.114919
광진교남단경관-36,가로등,,37.544259,127.114951
광진교북단-01,가로등,,37.544372,127.11457
광진교북단-02,가로등,,37.544478,127.114289
광진교북단-03,가로등,,37.544536,127.114025
광진교북단-04,가로등,,37.544644,127.113765
광진교북단-05,가로등,,37.544713,127.113466
광진교북단-06,가로등,,37.544803,127.113236
광진교북단-07,가로등,,37.544869,127.112963
광진교북단-08,가로등,,37.544959,127.112744
광진교북단-09,가로등,,37.545021,127.112484
광진교북단-10,가로등,,37.545125,127.112207
광진교북단-11,가로등,,37.545193,127.111936
광진교북단-12,가로등,,37.545289,127.111701
광진교북단-13,가로등,,37.545371,127.111429
광진교북단-14,가로등,,37.545474,127.111205
광진교북단-15,가로등,,37.545548,127.110956
광진교북단-16,가로등,,37.545644,127.110735
광진교북단-17,가로등,,37.545721,127.110501
광진교북단-18,가로등,,37.545804,127.110317
광진교북단-19,가로등,,37.546008,127.110152
광진교북단-20,가로등,,37.546232,127.110152
광진교북단-21,가로등,,37.546453,127.1102
광진교북단-22,가로등,,37.546648,127.110286
광진교북단-23,가로등,,37.546866,127.110343
광진교북단-24,가로등,,37.547078,127.110438
광진교북단-25,가로등,,37.547316,127.110492
광진교북단-26,가로등,,37.545776,127.110178
광진교북단-27,가로등,,37.545818,127.109957
광진교북단-28,가로등,,37.545939,127.109662
광진교북단-29,가로등,,37.54606,127.109181
광진교북단-31,가로등,,37.546496,127.108158
광진교북단-32,가로등,,37.546612,127.107741
광진교북단-33,가로등,,37.54627,127.107854
광진교북단-34,가로등,,37.54611,127.108306
광진교북단-35,가로등,,37.546011,127.108457
광진교북단-36,가로등,,37.545917,127.108534
광진교북단-37,가로등,,37.545806,127.108584
광진교북단-38,가로등,,37.545683,127.108588
광진교북단-39,가로등,,37.545571,127.108552
광진교북단-40,가로등,,37.545478,127.108482
광진교북단-41,가로등,,37.545399,127.108401
광진교북단-42,가로등,,37.545312,127.108324
광진교북단-43,가로등,,37.545217,127.108239
광진교북단경관-01,가로등,,37.545797,127.109558
광진교북단경관-02,가로등,,37.545773,127.109632
광진교북단경관-03,가로등,,37.545764,127.10967
광진교북단경관-04,가로등,,37.545521,127.110452
광진교북단경관-05,가로등,,37.545505,127.110494
광진교북단경관-06,가로등,,37.54549,127.110538
광진교북단경관-07,가로등,,37.545229,127.111379
광진교북단경관-08,가로등,,37.545219,127.11142
광진교북단경관-09,가로등,,37.545207,127.111462
광진교북단경관-10,가로등,,37.544992,127.112155
광진교북단경관-11,가로등,,37.544982,127.112182
광진교북단경관-12,가로등,,37.544971,127.112204
광진교북단경관-13,가로등,,37.544762,127.112875
광진교북단경관-14,가로등,,37.544744,127.112919
광진교북단경관-15,가로등,,37.544734,127.112946
광진교북단경관-16,가로등,,37.544528,127.113629
광진교북단경관-17,가로등,,37.544514,127.113665
광진교북단경관-18,가로등,,37.544507,127.113696
광진교북단경관-19,가로등,,37.544329,127.114282
광진교북단경관-20,가로등,,37.544319,127.114313
광진교북단경관-21,가로등,,37.544311,127.114348
광진교북단경관-22,가로등,,37.544449,127.114335
광진교북단경관-23,가로등,,37.544449,127.114362
광진교북단경관-24,가로등,,37.544428,127.114379
광진교북단경관-25,가로등,,37.544644,127.113696
광진교북단경관-26,가로등,,37.544666,127.113656
광진교북단경관-27,가로등,,37.54468,127.113603
광진교북단경관-28,가로등,,37.54488,127.113011
광진교북단경관-29,가로등,,37.544889,127.112978
광진교북단경관-30,가로등,,37.544903,127.112937
광진교북단경관-31,가로등,,37.545109,127.112277
광진교북단경관-32,가로등,,37.545121,127.112244
광진교북단경관-33,가로등,,37.545134,127.112198
광진교북단경관-34,가로등,,37.545342,127.111529
광진교북단경관-35,가로등,,37.545352,127.111505
광진교북단경관-36,가로등,,37.545367,127.111471
광진교북단경관-37,가로등,,37.545687,127.110612
광진교북단경관-38,가로등,,37.545698,127.110586
광진교북단경관-39,가로등,,37.545708,127.11055
광진교북단경관-40,가로등,,37.545804,127.110388
광진교북단경관-41,가로등,,37.545936,127.110265
광진교북단경관-42,가로등,,37.546073,127.110209
광진교북단경관-43,가로등,,37.546232,127.110214
광진교북단경관-44,가로등,,37.546416,127.110267
광진교북단경관-45,가로등,,37.546588,127.110326
광진교북단경관-46,가로등,,37.546786,127.110391
광진교북단경관-47,가로등,,37.546728,127.1103
광진교북단경관-48,가로등,,37.546206,127.110132
광진교북단경관-49,가로등,,37.54594,127.110194
광진교북단경관-50,가로등,,37.545915,127.109695
광진교북단경관-51,가로등,,37.545903,127.109741
광진교북단경관-52,가로등,,37.545897,127.109778
군자교-01,가로등,,37.559785,127.073178
군자교-02,가로등,,37.559864,127.072987
군자교-03,가로등,,37.559946,127.072778
군자교-04,가로등,,37.560024,127.072567
군자교-05,가로등,,37.560112,127.072352
군자교-06,가로등,,37.560196,127.072135
군자교-07,가로등,,37.560284,127.071906
군자교-08,가로등,,37.560385,127.071655
군자교-09,가로등,,37.560476,127.071414
군자교-10,가로등,,37.560566,127.071183
군자교-11,가로등,,37.56029,127.071002
군자교-12,가로등,,37.560207,127.071216
군자교-13,가로등,,37.560117,127.071439
군자교-14,가로등,,37.560029,127.071663
군자교-15,가로등,,37.559941,127.071886
군자교-16,가로등,,37.55985,127.072122
군자교-17,가로등,,37.559757,127.072344
군자교-18,가로등,,37.559669,127.072573
군자교-19,가로등,,37.559585,127.072792
군자교-20,가로등,,37.559508,127.072994
군자지하차도-01,가로등,,37.560419,127.074159
군자지하차도-02,가로등,,37.560172,127.074031
군자지하차도-03,가로등,,37.559915,127.073883
군자지하차도-04,가로등,,37.559639,127.073732
군자지하차도-05,가로등,,37.559585,127.073906
군자지하차도-06,가로등,,37.559877,127.074072
군자지하차도-07,가로등,,37.560125,127.074212
군자지하차도-08,가로등,,37.560358,127.074342
군자지하차도-09,가로등,,37.559221,127.073497
군자지하차도-10,가로등,,37.55897,127.073357
군자지하차도-11,가로등,,37.558698,127.073211
군자지하차도-12,가로등,,37.558425,127.07305
군자지하차도-13,가로등,,37.558364,127.073224
군자지하차도-14,가로등,,37.558672,127.073396
군자지하차도-15,가로등,,37.558946,127.073546
군자지하차도-16,가로등,,37.559163,127.073671
아차산지하차도-01,가로등,,37.548062,127.09579
아차산지하차도-02,가로등,,37.548186,127.095439
아차산지하차도-03,가로등,,37.548315,127.095059
아차산지하차도-04,가로등,,37.54843,127.094723
아차산지하차도-05,가로등,,37.548553,127.094381
아차산지하차도-06,가로등,,37.548685,127.09401
아차산지하차도-07,가로등,,37.548352,127.094244
아차산지하차도-08,가로등,,37.548226,127.094607
아차산지하차도-09,가로등,,37.548108,127.094953
아차산지하차도-10,가로등,,37.547981,127.095318
아차산지하차도-11,가로등,,37.547856,127.095685
아차산지하차도-12,가로등,,37.546923,127.098306
아차산지하차도-13,가로등,,37.546863,127.098493
아차산지하차도-14,가로등,,37.546809,127.09866
아차산지하차도-15,가로등,,37.546751,127.098832
아차산지하차도-16,가로등,,37.54669,127.099002
아차산지하차도-17,가로등,,37.546637,127.099185
아차산지하차도-18,가로등,,37.546863,127.099249
아차산지하차도-19,가로등,,37.546928,127.099063
아차산지하차도-20,가로등,,37.547,127.098874
아차산지하차도-21,가로등,,37.547067,127.098666
아차산지하차도-22,가로등,,37.54713,127.098488
아차산지하차도-23,가로등,,37.5472,127.098309
영동대교경관남단-09,가로등,,37.528705,127.056333
영동대교경관남단-10,가로등,,37.529184,127.056606
영동대교경관남단-11,가로등,,37.529707,127.056901
영동대교경관북단-01,가로등,,37.532868,127.058673
영동대교경관북단-02,가로등,,37.532555,127.0585
영동대교경관북단-03,가로등,,37.532193,127.058296
영동대교경관북단-04,가로등,,37.531817,127.058093
영동대교경관북단-09,가로등,,37.531348,127.057827
영동대교경관북단-10,가로등,,37.530904,127.057577
영동대교경관북단-11,가로등,,37.530467,127.057331
영동대교경관북단-12,가로등,,37.529953,127.057038
영동대교남단-23,가로등,,37.529689,127.057053
영동대교남단-24,가로등,,37.529547,127.056943
영동대교남단-25,가로등,,37.52924,127.056798
영동대교남단-26,가로등,,37.528945,127.056603
영동대교남단-27,가로등,,37.529329,127.056532
영동대교남단-28,가로등,,37.528367,127.056274
영동대교남단-39,가로등,,37.525453,127.05691
영동대교남단-500,가로등,,37.528648,127.056469
영동대교남단-501,가로등,,37.525593,127.056685
영동대교남단-502,가로등,,37.525763,127.056495
영동대교남단-503,가로등,,37.525924,127.056223
영동대교남단-506,가로등,,37.525051,127.056359
영동대교남단-507,가로등,,37.524861,127.056739
영동대교남단-508,가로등,,37.524786,127.057113
영동대교남단-509,가로등,,37.524963,127.057271
영동대교남단-510,가로등,,37.525118,127.057287
영동대교남단-511,가로등,,37.525261,127.05713
영동대교남단-516,가로등,,37.528977,127.056365
영동대교남단-517,가로등,,37.529616,127.056726
영동대교남단-518,가로등,,37.52976,127.056775
영동대교북단-01,가로등,,37.529846,127.057142
영동대교북단-02,가로등,,37.530211,127.057072
영동대교북단-03,가로등,,37.530385,127.057446
영동대교북단-04,가로등,,37.530755,127.057379
영동대교북단-05,가로등,,37.530898,127.057736
영동대교북단-06,가로등,,37.531267,127.057668
영동대교북단-07,가로등,,37.531536,127.057788
영동대교북단-08,가로등,,37.53172,127.058164
영동대교북단-09,가로등,,37.53202,127.058015
영동대교북단-10,가로등,,37.532089,127.058415
영동대교북단-11,가로등,,37.532361,127.05821
영동대교북단-12,가로등,,37.532535,127.05832
영동대교북단-13,가로등,,37.532703,127.058357
영동대교북단-14,가로등,,37.532813,127.058929
영동대교북단-15,가로등,,37.53298,127.05913
영동대교북단-16,가로등,,37.533012,127.05938
영동대교북단-17,가로등,,37.532991,127.059658
영동대교북단-18,가로등,,37.532902,127.059891
영동대교북단-19,가로등,,37.53377,127.057172
영동대교북단-20,가로등,,37.533902,127.056833
영동대교북단-21,가로등,,37.533976,127.056488
영동대교북단-500,가로등,,37.531475,127.058061
영동대교북단-501,가로등,,37.531905,127.058346
영동대교북단-502,가로등,,37.532248,127.05854
영동대교북단-503,가로등,,37.532602,127.0588
영동대교북단-504,가로등,,37.530173,127.057294
영동대교북단-505,가로등,,37.530666,127.057571
영동대교북단-506,가로등,,37.531219,127.057882
영동대교북단-507,가로등,,37.530985,127.057478
영동대교북단-508,가로등,,37.530465,127.057183
영동대교북단-509,가로등,,37.529935,127.056883
영동대교북단-510,가로등,,37.532453,127.058649
영동대교북단-511,가로등,,37.532172,127.058138
영동대교북단-512,가로등,,37.531767,127.05795
영동대교북단-513,가로등,,37.53291,127.058492
영동대교북단-514,가로등,,37.533446,127.058232
영동대교북단-515,가로등,,37.533691,127.057512
영동대교북단-516,가로등,,37.533198,127.058447
영동대교북단-517,가로등,,37.533554,127.057862
영동대교북단고가차도-01,가로등,,37.535317,127.05996
영동대교북단고가차도-02,가로등,,37.535575,127.060107
영동대교북단고가차도-03,가로등,,37.535924,127.060306
영동대교북단고가차도-04,가로등,,37.536268,127.060492
영동대교북단고가차도-05,가로등,,37.536623,127.060695
영동대교북단고가차도-06,가로등,,37.536911,127.060865
영동대교북단고가차도-07,가로등,,37.537297,127.061072
영동대교북단고가차도-08,가로등,,37.537554,127.061219
영동대교북단고가차도-09,가로등,,37.537897,127.061421
영동대교북단고가차도-10,가로등,,37.538234,127.0616
영동대교북단고가차도-11,가로등,,37.538509,127.061754
영동대교북단고가차도-12,가로등,,37.538829,127.061934
영동대교북단고가차도-13,가로등,,37.539079,127.062075
영동대교북단고가차도-14,가로등,,37.539024,127.062231
영동대교북단고가차도-15,가로등,,37.538806,127.062099
영동대교북단고가차도-16,가로등,,37.538504,127.061933
영동대교북단고가차도-17,가로등,,37.538215,127.061769
영동대교북단고가차도-18,가로등,,37.537901,127.061597
영동대교북단고가차도-19,가로등,,37.537565,127.061403
영동대교북단고가차도-20,가로등,,37.53726,127.061235
영동대교북단고가차도-21,가로등,,37.536904,127.061034
영동대교북단고가차도-22,가로등,,37.536577,127.060856
영동대교북단고가차도-23,가로등,,37.53622,127.060652
영동대교북단고가차도-24,가로등,,37.535898,127.060471
영동대교북단고가차도-25,가로등,,37.535565,127.060291
영동대교북단고가차도-26,가로등,,37.535274,127.060127
영동대교북단고가차도-27,가로등,,37.537687,127.061373
영동대교북단고가차도-28,가로등,,37.536763,127.06086
올림픽대교_경관-01,가로등,,37.534,127.103726
올림픽대교_중-01,가로등,,37.531856,127.106244
올림픽대교_중-02,가로등,,37.53177,127.106346
올림픽대교_중-03,가로등,,37.536242,127.101544
올림픽대교_중-04,가로등,,37.531609,127.106593
올림픽대교_중-05,가로등,,37.531548,127.106706
올림픽대교_중-06,가로등,,37.531485,127.106855
올림픽대교_중-07,가로등,,37.531435,127.107002
올림픽대교_중-08,가로등,,37.531399,127.107163
올림픽대교_중-09,가로등,,37.53137,127.10737
올림픽대교_중-10,가로등,,37.531363,127.107588
올림픽대교_중-11,가로등,,37.531374,127.10778
올림픽대교_중-12,가로등,,37.531392,127.107956
올림픽대교_중-13,가로등,,37.531428,127.108127
올림픽대교_중-14,가로등,,37.531503,127.108348
올림픽대교_중-15,가로등,,37.531601,127.108563
올림픽대교_중-16,가로등,,37.53173,127.108771
올림픽대교_중-17,가로등,,37.531862,127.108913
올림픽대교_중-18,가로등,,37.532015,127.109063
올림픽대교_중-19,가로등,,37.532165,127.109158
올림픽대교_중-20,가로등,,37.532314,127.109237
올림픽대교_중-21,가로등,,37.532462,127.109308
올림픽대교_중-22,가로등,,37.532632,127.109384
올림픽대교_중-500,가로등,,37.53168,127.106472
올림픽대교_중-501,가로등,,37.533577,127.104053
올림픽대교_중-502,가로등,,37.535063,127.102716
올림픽대교_중-506,가로등,,37.534154,127.103888
올림픽대교_중-507,가로등,,37.533947,127.1041
올림픽대교_중-508,가로등,,37.533744,127.104308
올림픽대교_중-509,가로등,,37.535036,127.102983
올림픽대교_중-511,가로등,,37.533553,127.104504
올림픽대교_중-512,가로등,,37.534839,127.103179
올림픽대교_중-514,가로등,,37.532261,127.105628
올림픽대교_중-515,가로등,,37.53463,127.1034
올림픽대교_중-517,가로등,,37.532553,127.105337
올림픽대교_중-518,가로등,,37.534418,127.103612
올림픽대교_중-520,가로등,,37.532824,127.105055
올림픽대교_중-521,가로등,,37.534261,127.103341
올림픽대교_중-523,가로등,,37.533088,127.104783
올림픽대교_중-524,가로등,,37.534457,127.103133
올림픽대교_중-525,가로등,,37.535654,127.102128
올림픽대교_중-529,가로등,,37.533357,127.104494
올림픽대교_중-530,가로등,,37.534653,127.102924
올림픽대교_중-531,가로등,,37.535828,127.10194
올림픽대교_중-535,가로등,,37.533382,127.104247
올림픽대교_중-536,가로등,,37.53489,127.102686
올림픽대교_중-537,가로등,,37.536019,127.10176
올림픽대교_중-541,가로등,,37.533776,127.103837
올림픽대교_중-542,가로등,,37.535251,127.102527
올림픽대교_중-543,가로등,,37.536415,127.101351
올림픽대교_중-547,가로등,,37.534,127.103612
올림픽대교_중-548,가로등,,37.535484,127.102306
올림픽대교_중-549,가로등,,37.536635,127.101134
올림픽대교남단-01,가로등,,37.530466,127.107672
올림픽대교남단-02,가로등,,37.530614,127.107581
올림픽대교남단-03,가로등,,37.530779,127.107546
올림픽대교남단-04,가로등,,37.530952,127.107586
올림픽대교남단-05,가로등,,37.531103,127.10769
올림픽대교남단-06,가로등,,37.531228,127.107862
올림픽대교남단-07,가로등,,37.531291,127.108073
올림픽대교남단-08,가로등,,37.531303,127.108274
올림픽대교남단-09,가로등,,37.531274,127.108485
올림픽대교남단-10,가로등,,37.531197,127.108645
올림픽대교남단-11,가로등,,37.53111,127.108755
올림픽대교남단-12,가로등,,37.531006,127.108828
올림픽대교남단-13,가로등,,37.530874,127.108876
올림픽대교남단-14,가로등,,37.530716,127.108884
올림픽대교남단-15,가로등,,37.530552,127.108827
올림픽대교남단-16,가로등,,37.530378,127.108773
올림픽대교남단-500,가로등,,37.528019,127.110708
올림픽대교남단-501,가로등,,37.531953,127.10596
올림픽대교남단-503,가로등,,37.527877,127.111016
올림픽대교남단-504,가로등,,37.531695,127.106219
올림픽대교남단-506,가로등,,37.527729,127.111399
올림픽대교남단-507,가로등,,37.528401,127.107423
올림픽대교남단-508,가로등,,37.531463,127.106455
올림픽대교남단-512,가로등,,37.527594,127.111807
올림픽대교남단-513,가로등,,37.531246,127.106669
올림픽대교남단-514,가로등,,37.528599,127.107561
올림픽대교남단-518,가로등,,37.527347,127.111691
올림픽대교남단-519,가로등,,37.531002,127.106919
올림픽대교남단-520,가로등,,37.528838,127.107678
올림픽대교남단-524,가로등,,37.527638,127.110858
올림픽대교남단-525,가로등,,37.530499,127.107426
올림픽대교남단-526,가로등,,37.529277,127.107777
올림픽대교남단-530,가로등,,37.527786,127.110513
올림픽대교남단-531,가로등,,37.530259,127.107673
올림픽대교남단-532,가로등,,37.529498,127.107769
올림픽대교남단-536,가로등,,37.528053,127.11031
올림픽대교남단-537,가로등,,37.529997,127.107936
올림픽대교남단-538,가로등,,37.529697,127.107727
올림픽대교남단-542,가로등,,37.528328,127.109863
올림픽대교남단-543,가로등,,37.529723,127.108214
올림픽대교남단-544,가로등,,37.529904,127.107649
올림픽대교남단-548,가로등,,37.528591,127.109476
올림픽대교남단-549,가로등,,37.529451,127.108494
올림픽대교남단-550,가로등,,37.530122,127.107534
올림픽대교남단-554,가로등,,37.528895,127.109106
올림픽대교남단-555,가로등,,37.529182,127.108762
올림픽대교남단-556,가로등,,37.530277,127.107426
올림픽대교남단-560,가로등,,37.530762,127.107164
올림픽대교남단-561,가로등,,37.529085,127.107744
올림픽대교남단-562,가로등,,37.527482,127.111239
올림픽대교북단_01-01,가로등,,37.53888,127.09877
올림픽대교북단_01-02,가로등,,37.538615,127.099043
올림픽대교북단_01-03,가로등,,37.538377,127.09929
올림픽대교북단_01-04,가로등,,37.538101,127.099586
올림픽대교북단_01-05,가로등,,37.53781,127.099877
올림픽대교북단_01-06,가로등,,37.537494,127.100194
올림픽대교북단_01-07,가로등,,37.537157,127.100544
올림픽대교북단_01-08,가로등,,37.536849,127.10089
올림픽대교북단_02-01,가로등,,37.537137,127.10092
올림픽대교북단_02-02,가로등,,37.539538,127.098046
올림픽대교북단_02-03,가로등,,37.539868,127.097605
올림픽대교북단_02-04,가로등,,37.540164,127.097219
올림픽대교북단_02-05,가로등,,37.540399,127.096909
올림픽대교북단_02-06,가로등,,37.540639,127.09659
올림픽대교북단_02-07,가로등,,37.536864,127.099101
올림픽대교북단_02-08,가로등,,37.536679,127.0989
올림픽대교북단_02-09,가로등,,37.536503,127.098705
올림픽대교북단_02-10,가로등,,37.536352,127.09852
올림픽대교북단_02-11,가로등,,37.539442,127.09787
올림픽대교북단_02-12,가로등,,37.538991,127.098416
올림픽대교북단_02-13,가로등,,37.53918,127.100365
올림픽대교북단_02-14,가로등,,37.539049,127.100476
올림픽대교북단_02-15,가로등,,37.538887,127.100519
올림픽대교북단_02-16,가로등,,37.538727,127.100473
올림픽대교북단_02-500,가로등,,37.540068,127.097061
올림픽대교북단_02-501,가로등,,37.539284,127.099676
올림픽대교북단_02-502,가로등,,37.538707,127.101225
올림픽대교북단_02-506,가로등,,37.540535,127.096449
올림픽대교북단_02-507,가로등,,37.539075,127.099426
올림픽대교북단_02-508,가로등,,37.538363,127.100838
올림픽대교북단_02-512,가로등,,37.540292,127.096759
올림픽대교북단_02-513,가로등,,37.539196,127.09952
올림픽대교북단_02-514,가로등,,37.538532,127.101033
올림픽대교북단_02-518,가로등,,37.53976,127.097447
올림픽대교북단_02-519,가로등,,37.539332,127.099852
올림픽대교북단_02-521,가로등,,37.53915,127.098615
올림픽대교북단_02-522,가로등,,37.538281,127.099775
올림픽대교북단_02-523,가로등,,37.536882,127.100534
올림픽대교북단_02-527,가로등,,37.539281,127.10022
올림픽대교북단_02-528,가로등,,37.538406,127.09965
올림픽대교북단_02-529,가로등,,37.537307,127.100791
올림픽대교북단_02-530,가로등,,37.537004,127.100352
올림픽대교북단_02-534,가로등,,37.53933,127.10005
올림픽대교북단_02-535,가로등,,37.538936,127.099367
올림픽대교북단_02-536,가로등,,37.538193,127.100705
올림픽대교북단_02-537,가로등,,37.537018,127.09933
올림픽대교북단_02-541,가로등,,37.538804,127.099378
올림픽대교북단_02-542,가로등,,37.537977,127.100628
올림픽대교북단_02-543,가로등,,37.53711,127.099615
올림픽대교북단_02-547,가로등,,37.538659,127.099435
올림픽대교북단_02-548,가로등,,37.53775,127.100603
올림픽대교북단_02-549,가로등,,37.537127,127.099877
올림픽대교북단_02-553,가로등,,37.538535,127.099543
올림픽대교북단_02-554,가로등,,37.537526,127.100655
올림픽대교북단_02-555,가로등,,37.537094,127.100121
워커힐고가-01,가로등,,37.55188,127.110463
워커힐고가-02,가로등,,37.551988,127.110868
워커힐고가-03,가로등,,37.552153,127.111182
워커힐고가-04,가로등,,37.552433,127.111416
워커힐고가-05,가로등,,37.552708,127.111563
워커힐고가-06,가로등,,37.553057,127.111673
워커힐고가-07,가로등,,37.553464,127.111749
워커힐고가-08,가로등,,37.553757,127.111804
워커힐고가-09,가로등,,37.554055,127.111938
워커힐고가-10,가로등,,37.554384,127.112101
워커힐고가-11,가로등,,37.554679,127.112272
워커힐고가-12,가로등,,37.555053,127.112421
워커힐고가-13,가로등,,37.55535,127.11243
워커힐고가-14,가로등,,37.555615,127.112271
워커힐고가-15,가로등,,37.555918,127.112042
워커힐고가-16,가로등,,37.556195,127.111924
워커힐고가-17,가로등,,37.556508,127.112001
워커힐고가-18,가로등,,37.55679,127.112241
워커힐고가-19,가로등,,37.556977,127.112512
워커힐고가-20,가로등,,37.557197,127.112788
워커힐고가-21,가로등,,37.557416,127.113086
워커힐고가-22,가로등,,37.55768,127.113343
워커힐고가-23,가로등,,37.557939,127.113522
워커힐고가-24,가로등,,37.558265,127.113708
워커힐고가-25,가로등,,37.558537,127.113881
워커힐고가-26,가로등,,37.558793,127.114011
워커힐고가-27,가로등,,37.559036,127.114152
워커힐고가-28,가로등,,37.559346,127.114296
잠실대교남단-35,가로등,,37.522742,127.092971
잠실대교남단-36,가로등,,37.522621,127.092748
잠실대교남단-37,가로등,,37.523066,127.092763
잠실대교남단-38,가로등,,37.52295,127.092457
잠실대교남단-39,가로등,,37.523325,127.092495
잠실대교남단-40,가로등,,37.52325,127.092265
잠실대교남단-41,가로등,,37.523729,127.09219
잠실대교남단-42,가로등,,37.523644,127.091925
잠실대교남단경관-16,가로등,,37.522686,127.092841
잠실대교남단경관-17,가로등,,37.522988,127.092597
잠실대교남단경관-18,가로등,,37.523284,127.092367
잠실대교남단경관-19,가로등,,37.523676,127.092068
잠실대교남단경관-20,가로등,,37.523498,127.092206
잠실대교남단경관-21,가로등,,37.523136,127.092485
잠실대교남단경관-22,가로등,,37.522846,127.092716
잠실대교북단_01-01,가로등,,37.528116,127.088956
잠실대교북단_01-02,가로등,,37.52846,127.088986
잠실대교북단_01-03,가로등,,37.528812,127.089135
잠실대교북단_01-04,가로등,,37.529048,127.089442
잠실대교북단_01-05,가로등,,37.529155,127.089529
잠실대교북단_01-06,가로등,,37.529494,127.087421
잠실대교북단_01-07,가로등,,37.529287,127.087894
잠실대교북단_01-08,가로등,,37.529234,127.087653
잠실대교북단_01-09,가로등,,37.529474,127.088049
잠실대교북단_01-10,가로등,,37.529605,127.088229
잠실대교북단_01-11,가로등,,37.528878,127.087714
잠실대교북단_01-12,가로등,,37.528829,127.087498
잠실대교북단_01-13,가로등,,37.528877,127.087312
잠실대교북단_01-14,가로등,,37.528952,127.087164
잠실대교북단_01-15,가로등,,37.529061,127.087123
잠실대교북단_01-16,가로등,,37.529218,127.087118
잠실대교북단_01-17,가로등,,37.529302,127.087215
잠실대교북단_01-19,가로등,,37.527609,127.089212
잠실대교북단_01-21,가로등,,37.527407,127.089329
잠실대교북단_01-23,가로등,,37.52725,127.089492
잠실대교북단_01-25,가로등,,37.527033,127.08962
잠실대교북단_01-27,가로등,,37.526831,127.089808
잠실대교북단_01-29,가로등,,37.526648,127.089914
잠실대교북단_01-31,가로등,,37.526322,127.090169
잠실대교북단_01-33,가로등,,37.52616,127.090327
잠실대교북단_01-35,가로등,,37.52597,127.090438
잠실대교북단_01-37,가로등,,37.525783,127.090615
잠실대교북단_01-39,가로등,,37.525584,127.090732
잠실대교북단_01-41,가로등,,37.525362,127.090942
잠실대교북단_01-43,가로등,,37.525102,127.091098
잠실대교북단_01-45,가로등,,37.524804,127.091369
잠실대교북단_01-47,가로등,,37.524539,127.091527
잠실대교북단_01-49,가로등,,37.524298,127.091757
잠실대교북단_01-500,가로등,,37.529696,127.088422
잠실대교북단_01-501,가로등,,37.528644,127.088424
잠실대교북단_01-503,가로등,,37.529674,127.088651
잠실대교북단_01-504,가로등,,37.529622,127.088842
잠실대교북단_01-505,가로등,,37.528357,127.08861
잠실대교북단_01-507,가로등,,37.529487,127.088948
잠실대교북단_01-508,가로등,,37.529287,127.089059
잠실대교북단_01-509,가로등,,37.528064,127.088867
잠실대교북단_01-51,가로등,,37.524015,127.091927
잠실대교북단_01-511,가로등,,37.529104,127.088974
잠실대교북단_01-512,가로등,,37.527733,127.089084
잠실대교북단_01-513,가로등,,37.529018,127.08894
잠실대교북단_01-515,가로등,,37.528866,127.088223
잠실대교북단_01-516,가로등,,37.530021,127.087368
잠실대교북단_01-517,가로등,,37.529872,127.08713
잠실대교북단_01-518,가로등,,37.529892,127.087427
잠실대교북단_01-519,가로등,,37.529781,127.087235
잠실대교북단_01-520,가로등,,37.529571,127.087716
잠실대교북단_01-521,가로등,,37.529231,127.088021
잠실대교북단_01-53,가로등,,37.523883,127.092074
잠실대교북단_02-02,가로등,,37.528204,127.088168
잠실대교북단_02-03,가로등,,37.528232,127.087887
잠실대교북단_02-04,가로등,,37.528112,127.087635
잠실대교북단_02-05,가로등,,37.528042,127.087387
잠실대교북단_02-06,가로등,,37.528001,127.087118
잠실대교북단_02-07,가로등,,37.528055,127.086977
잠실대교북단_02-1,가로등,,37.528154,127.088397
잠실대교북단_02-12,가로등,,37.52876,127.088033
잠실대교북단_02-14,가로등,,37.528491,127.088208
잠실대교북단_02-16,가로등,,37.52821,127.088459
잠실대교북단_02-18,가로등,,37.528005,127.088577
잠실대교북단_02-20,가로등,,37.527728,127.088827
잠실대교북단_02-22,가로등,,37.527449,127.089005
잠실대교북단_02-24,가로등,,37.527142,127.089277
잠실대교북단_02-26,가로등,,37.526867,127.089454
잠실대교북단_02-28,가로등,,37.526553,127.089728
잠실대교북단_02-30,가로등,,37.52632,127.08987
잠실대교북단_02-32,가로등,,37.526231,127.089976
잠실대교북단_02-34,가로등,,37.526062,127.090068
잠실대교북단_02-36,가로등,,37.52589,127.09024
잠실대교북단_02-38,가로등,,37.525703,127.090345
잠실대교북단_02-40,가로등,,37.525492,127.090546
잠실대교북단_02-42,가로등,,37.525288,127.090664
잠실대교북단_02-44,가로등,,37.525017,127.09091
잠실대교북단_02-46,가로등,,37.524699,127.091115
잠실대교북단_02-48,가로등,,37.524453,127.091346
잠실대교북단_02-50,가로등,,37.524193,127.091506
잠실대교북단_02-52,가로등,,37.523959,127.091729
잠실대교북단_02-54,가로등,,37.523773,127.091828
잠실대교북단경관-01,가로등,,37.528797,127.088134
잠실대교북단경관-02,가로등,,37.528552,127.088326
잠실대교북단경관-03,가로등,,37.528265,127.088537
잠실대교북단경관-04,가로등,,37.527997,127.088743
잠실대교북단경관-05,가로등,,37.527771,127.088921
잠실대교북단경관-06,가로등,,37.52752,127.089116
잠실대교북단경관-07,가로등,,37.527221,127.089345
잠실대교북단경관-08,가로등,,37.526926,127.089574
잠실대교북단경관-09,가로등,,37.526599,127.089819
잠실대교북단경관-10,가로등,,37.52629,127.090062
잠실대교북단경관-11,가로등,,37.526105,127.090199
잠실대교북단경관-12,가로등,,37.525929,127.090339
잠실대교북단경관-13,가로등,,37.525741,127.090481
잠실대교북단경관-14,가로등,,37.525522,127.090652
잠실대교북단경관-15,가로등,,37.52531,127.090817
잠실대교북단경관-16,가로등,,37.52506,127.091009
잠실대교북단경관-17,가로등,,37.524762,127.091238
잠실대교북단경관-18,가로등,,37.524493,127.091442
잠실대교북단경관-19,가로등,,37.52424,127.091635
잠실대교북단경관-20,가로등,,37.523988,127.091829
잠실대교북단경관-21,가로등,,37.528728,127.088186
잠실대교북단경관-22,가로등,,37.52864,127.088252
잠실대교북단경관-23,가로등,,37.528484,127.088377
잠실대교북단경관-24,가로등,,37.528388,127.088449
잠실대교북단경관-25,가로등,,37.52819,127.088597
잠실대교북단경관-26,가로등,,37.528112,127.088659
잠실대교북단경관-27,가로등,,37.527921,127.088802
잠실대교북단경관-28,가로등,,37.527668,127.088999
잠실대교북단경관-29,가로등,,37.527374,127.089229
잠실대교북단경관-30,가로등,,37.527083,127.089447
잠실대교북단경관-31,가로등,,37.526776,127.089685
잠실대교북단경관-32,가로등,,37.526467,127.089925
잠실대교북단경관-33,가로등,,37.526197,127.090133
잠실대교북단경관-34,가로등,,37.526032,127.090263
잠실대교북단경관-35,가로등,,37.525846,127.090406
잠실대교북단경관-36,가로등,,37.52565,127.090551
잠실대교북단경관-37,가로등,,37.525424,127.090725
잠실대교북단경관-38,가로등,,37.5252,127.0909
잠실대교북단경관-39,가로등,,37.524921,127.091117
잠실대교북단경관-40,가로등,,37.524637,127.091335
잠실대교북단경관-41,가로등,,37.524377,127.091533
잠실대교북단경관-42,가로등,,37.524131,127.091723
잠실철교남단-01,가로등,,37.523179,127.102929
잠실철교남단-02,가로등,,37.523267,127.103207
잠실철교남단-03,가로등,,37.523216,127.102542
잠실철교남단-04,가로등,,37.523357,127.102249
잠실철교남단-05,가로등,,37.523745,127.102032
잠실철교남단-06,가로등,,37.524155,127.101732
잠실철교남단-07,가로등,,37.524545,127.101522
잠실철교남단-08,가로등,,37.524972,127.101208
잠실철교남단-09,가로등,,37.525456,127.100942
잠실철교남단-10,가로등,,37.525856,127.10064
잠실철교남단-11,가로등,,37.526342,127.100376
잠실철교남단-12,가로등,,37.526803,127.100033
잠실철교남단-13,가로등,,37.527271,127.099782
잠실철교남단-14,가로등,,37.527714,127.099449
잠실철교남단-15,가로등,,37.528149,127.099212
잠실철교남단-16,가로등,,37.528573,127.098898
잠실철교남단-17,가로등,,37.528556,127.098734
잠실철교남단-18,가로등,,37.528135,127.099002
잠실철교남단-19,가로등,,37.527703,127.099277
잠실철교남단-20,가로등,,37.527254,127.099563
잠실철교남단-21,가로등,,37.526795,127.099855
잠실철교남단-22,가로등,,37.526327,127.100153
잠실철교남단-23,가로등,,37.525836,127.100466
잠실철교남단-24,가로등,,37.525434,127.100723
잠실철교남단-25,가로등,,37.524943,127.101036
잠실철교남단-26,가로등,,37.524507,127.101316
잠실철교남단-27,가로등,,37.52412,127.101561
잠실철교남단-28,가로등,,37.523697,127.101833
잠실철교남단-29,가로등,,37.523384,127.102033
잠실철교남단-30,가로등,,37.523134,127.101727
잠실철교남단-31,가로등,,37.522915,127.101379
잠실철교남단-32,가로등,,37.5227,127.101039
잠실철교남단-500,가로등,,37.528932,127.098495
잠실철교남단-501,가로등,,37.52898,127.098679
잠실철교남단경관-01,가로등,,37.524989,127.101293
잠실철교남단경관-02,가로등,,37.525064,127.101228
잠실철교남단경관-03,가로등,,37.525144,127.101177
잠실철교남단경관-04,가로등,,37.525223,127.101127
잠실철교남단경관-05,가로등,,37.525307,127.101073
잠실철교남단경관-06,가로등,,37.525385,127.101025
잠실철교남단경관-07,가로등,,37.525463,127.100978
잠실철교남단경관-08,가로등,,37.525549,127.100921
잠실철교남단경관-09,가로등,,37.525632,127.100867
잠실철교남단경관-10,가로등,,37.525709,127.100818
잠실철교남단경관-11,가로등,,37.525787,127.100771
잠실철교남단경관-12,가로등,,37.525873,127.100715
잠실철교남단경관-13,가로등,,37.525957,127.10066
잠실철교남단경관-14,가로등,,37.526046,127.1006
잠실철교남단경관-15,가로등,,37.526131,127.100547
잠실철교남단경관-16,가로등,,37.526214,127.100495
잠실철교남단경관-17,가로등,,37.526303,127.100436
잠실철교남단경관-18,가로등,,37.526399,127.100374
잠실철교남단경관-19,가로등,,37.526483,127.100323
잠실철교남단경관-20,가로등,,37.52657,127.100269
잠실철교남단경관-21,가로등,,37.526655,127.100213
잠실철교남단경관-22,가로등,,37.52674,127.100162
잠실철교남단경관-23,가로등,,37.526835,127.100103
잠실철교남단경관-24,가로등,,37.526924,127.100041
잠실철교남단경관-25,가로등,,37.527014,127.099986
잠실철교남단경관-26,가로등,,37.527105,127.099923
잠실철교남단경관-27,가로등,,37.527197,127.099868
잠실철교남단경관-28,가로등,,37.527287,127.099811
잠실철교남단경관-29,가로등,,37.527383,127.09975
잠실철교남단경관-30,가로등,,37.527482,127.099684
잠실철교남단경관-31,가로등,,37.527574,127.099628
잠실철교남단경관-32,가로등,,37.527666,127.09957
잠실철교남단경관-33,가로등,,37.527753,127.099515
잠실철교남단경관-34,가로등,,37.527836,127.09946
잠실철교남단경관-35,가로등,,37.527921,127.099408
잠실철교남단경관-36,가로등,,37.528009,127.099352
잠실철교남단경관-37,가로등,,37.528101,127.099294
잠실철교남단경관-38,가로등,,37.528183,127.099236
잠실철교남단경관-39,가로등,,37.528264,127.099186
잠실철교남단경관-40,가로등,,37.528343,127.099135
잠실철교남단경관-41,가로등,,37.52844,127.099078
잠실철교남단경관-42,가로등,,37.528527,127.09902
잠실철교남단경관-43,가로등,,37.528608,127.098966
잠실철교남단경관-44,가로등,,37.528697,127.098911
잠실철교남단경관-45,가로등,,37.528773,127.098859
잠실철교남단경관-46,가로등,,37.528864,127.098805
잠실철교남단경관-47,가로등,,37.528949,127.098748
잠실철교남단경관-48,가로등,,37.529039,127.098691
잠실철교남단경관-49,가로등,,37.529135,127.098631
잠실철교남단경관-50,가로등,,37.529221,127.098577
잠실철교남단경관-51,가로등,,37.529309,127.098522
잠실철교남단경관-52,가로등,,37.529391,127.098461
잠실철교남단경관-53,가로등,,37.529485,127.098406
잠실철교남단경관-54,가로등,,37.529574,127.098349
잠실철교남단경관-55,가로등,,37.529666,127.098292
잠실철교남단경관-56,가로등,,37.529758,127.098235
잠실철교남단경관-57,가로등,,37.529847,127.098174
잠실철교남단경관-58,가로등,,37.529932,127.098124
잠실철교남단경관-59,가로등,,37.530019,127.098066
잠실철교남단경관-60,가로등,,37.530095,127.098019
잠실철교남단경관-61,가로등,,37.530175,127.097965
잠실철교남단경관-62,가로등,,37.530259,127.09791
잠실철교남단경관-63,가로등,,37.53035,127.097854
잠실철교남단경관-64,가로등,,37.530437,127.097802
잠실철교남단경관-65,가로등,,37.530525,127.097743
잠실철교남단경관-66,가로등,,37.530615,127.097686
잠실철교남단경관-67,가로등,,37.530703,127.09763
잠실철교남단경관-68,가로등,,37.530782,127.097575
잠실철교남단경관-69,가로등,,37.530873,127.097523
잠실철교남단경관-70,가로등,,37.530953,127.097471
잠실철교남단경관-71,가로등,,37.531035,127.097417
잠실철교남단경관-72,가로등,,37.531121,127.097362
잠실철교남단경관-73,가로등,,37.531208,127.097307
잠실철교남단경관-74,가로등,,37.531295,127.097251
잠실철교남단경관-75,가로등,,37.531374,127.097201
잠실철교남단경관-76,가로등,,37.531466,127.097143
잠실철교남단경관-77,가로등,,37.531559,127.097079
잠실철교남단경관-78,가로등,,37.53165,127.097028
잠실철교남단경관-79,가로등,,37.531743,127.096965
잠실철교남단경관-80,가로등,,37.531829,127.096912
잠실철교남단경관-81,가로등,,37.53191,127.096857
잠실철교남단경관-82,가로등,,37.531996,127.096806
잠실철교남단경관-83,가로등,,37.532084,127.096749
잠실철교남단경관-84,가로등,,37.532165,127.0967
잠실철교남단경관-85,가로등,,37.532234,127.096651
잠실철교남단경관-86,가로등,,37.532306,127.096606
잠실철교남단경관-87,가로등,,37.532378,127.096559
잠실철교북단-01,가로등,,37.533132,127.095058
잠실철교북단-02,가로등,,37.53336,127.095289
잠실철교북단-03,가로등,,37.533367,127.095652
잠실철교북단-04,가로등,,37.533133,127.095804
잠실철교북단-05,가로등,,37.53284,127.095997
잠실철교북단-06,가로등,,37.532525,127.096201
잠실철교북단-07,가로등,,37.532228,127.096392
잠실철교북단-08,가로등,,37.531902,127.096599
잠실철교북단-09,가로등,,37.531522,127.096842
잠실철교북단-10,가로등,,37.531143,127.097084
잠실철교북단-11,가로등,,37.530786,127.097312
잠실철교북단-12,가로등,,37.530431,127.097539
잠실철교북단-13,가로등,,37.53011,127.097743
잠실철교북단-14,가로등,,37.529739,127.09798
잠실철교북단-15,가로등,,37.529362,127.098219
잠실철교북단-18,가로등,,37.52942,127.098398
잠실철교북단-19,가로등,,37.529765,127.098178
잠실철교북단-20,가로등,,37.530109,127.097959
잠실철교북단-21,가로등,,37.530448,127.097741
잠실철교북단-22,가로등,,37.530795,127.09752
잠실철교북단-23,가로등,,37.531221,127.09725
잠실철교북단-24,가로등,,37.531635,127.096984
잠실철교북단-25,가로등,,37.532022,127.096737
잠실철교북단-26,가로등,,37.532376,127.096514
잠실철교북단-27,가로등,,37.532704,127.096308
잠실철교북단-28,가로등,,37.532996,127.096127
잠실철교북단-29,가로등,,37.533272,127.095954
잠실철교북단-30,가로등,,37.53354,127.095785
잠실철교북단-31,가로등,,37.533871,127.09584
잠실철교북단-32,가로등,,37.534132,127.096125
잠실철교북단-33,가로등,,37.534424,127.095096
잠실철교북단경관-01,가로등,,37.532288,127.096314
잠실철교북단경관-02,가로등,,37.531896,127.096557
잠실철교북단경관-03,가로등,,37.531472,127.096812
잠실철교북단경관-04,가로등,,37.531095,127.097064
잠실철교북단경관-05,가로등,,37.530739,127.097289
잠실철교북단경관-06,가로등,,37.530393,127.097503
잠실철교북단경관-07,가로등,,37.530027,127.097738
잠실철교북단경관-08,가로등,,37.529672,127.097955
잠실철교북단경관-09,가로등,,37.529311,127.098195
잠실철교북단경관-10,가로등,,37.52889,127.09847
잠실철교북단경관-100,가로등,,37.526995,127.099668
잠실철교북단경관-101,가로등,,37.526593,127.09992
잠실철교북단경관-102,가로등,,37.526519,127.099967
잠실철교북단경관-103,가로등,,37.526096,127.100236
잠실철교북단경관-104,가로등,,37.526026,127.100282
잠실철교북단경관-105,가로등,,37.525635,127.100539
잠실철교북단경관-106,가로등,,37.525559,127.100586
잠실철교북단경관-107,가로등,,37.525202,127.100806
잠실철교북단경관-108,가로등,,37.525125,127.100857
잠실철교북단경관-11,가로등,,37.528535,127.098683
잠실철교북단경관-12,가로등,,37.528097,127.098969
잠실철교북단경관-13,가로등,,37.527671,127.099237
잠실철교북단경관-14,가로등,,37.527236,127.099518
잠실철교북단경관-15,가로등,,37.526746,127.099822
잠실철교북단경관-16,가로등,,37.526265,127.100128
잠실철교북단경관-17,가로등,,37.525778,127.100448
잠실철교북단경관-18,가로등,,37.525342,127.100714
잠실철교북단경관-19,가로등,,37.524881,127.101008
잠실철교북단경관-20,가로등,,37.524956,127.100954
잠실철교북단경관-21,가로등,,37.525406,127.100676
잠실철교북단경관-22,가로등,,37.525846,127.100394
잠실철교북단경관-23,가로등,,37.526355,127.100076
잠실철교북단경관-24,가로등,,37.526826,127.099776
잠실철교북단경관-25,가로등,,37.527307,127.099468
잠실철교북단경관-26,가로등,,37.527748,127.099188
잠실철교북단경관-27,가로등,,37.528184,127.098909
잠실철교북단경관-28,가로등,,37.528609,127.098638
잠실철교북단경관-29,가로등,,37.52898,127.098406
잠실철교북단경관-30,가로등,,37.529375,127.098152
잠실철교북단경관-31,가로등,,37.529747,127.09792
잠실철교북단경관-32,가로등,,37.530092,127.097693
잠실철교북단경관-33,가로등,,37.530454,127.097465
잠실철교북단경관-34,가로등,,37.530807,127.097244
잠실철교북단경관-35,가로등,,37.531166,127.09702
잠실철교북단경관-36,가로등,,37.531546,127.096768
잠실철교북단경관-37,가로등,,37.531964,127.096518
잠실철교북단경관-38,가로등,,37.532226,127.096347
잠실철교북단경관-39,가로등,,37.531827,127.096593
잠실철교북단경관-40,가로등,,37.531407,127.096857
잠실철교북단경관-41,가로등,,37.531038,127.097098
잠실철교북단경관-42,가로등,,37.530674,127.097328
잠실철교북단경관-43,가로등,,37.53033,127.097547
잠실철교북단경관-44,가로등,,37.529971,127.097777
잠실철교북단경관-45,가로등,,37.52962,127.097996
잠실철교북단경관-46,가로등,,37.529251,127.098236
잠실철교북단경관-47,가로등,,37.528822,127.098512
잠실철교북단경관-48,가로등,,37.528474,127.098724
잠실철교북단경관-49,가로등,,37.528023,127.099016
잠실철교북단경관-50,가로등,,37.5276,127.099285
잠실철교북단경관-51,가로등,,37.527149,127.099572
잠실철교북단경관-52,가로등,,37.526668,127.099871
잠실철교북단경관-53,가로등,,37.526182,127.100188
잠실철교북단경관-54,가로등,,37.525704,127.100494
잠실철교북단경관-55,가로등,,37.525278,127.100757
잠실철교북단경관-56,가로등,,37.525046,127.100913
잠실철교북단경관-57,가로등,,37.525492,127.100629
잠실철교북단경관-58,가로등,,37.525938,127.100336
잠실철교북단경관-59,가로등,,37.526442,127.100016
잠실철교북단경관-60,가로등,,37.526908,127.099724
잠실철교북단경관-61,가로등,,37.527387,127.099422
잠실철교북단경관-62,가로등,,37.527821,127.09914
잠실철교북단경관-63,가로등,,37.528263,127.09886
잠실철교북단경관-64,가로등,,37.529056,127.098358
잠실철교북단경관-65,가로등,,37.529441,127.098108
잠실철교북단경관-66,가로등,,37.529809,127.097873
잠실철교북단경관-67,가로등,,37.530155,127.097647
잠실철교북단경관-68,가로등,,37.530611,127.097366
잠실철교북단경관-69,가로등,,37.530867,127.097198
잠실철교북단경관-70,가로등,,37.531239,127.096969
잠실철교북단경관-71,가로등,,37.531622,127.096731
잠실철교북단경관-72,가로등,,37.532034,127.096476
잠실철교북단경관-73,가로등,,37.532163,127.096399
잠실철교북단경관-74,가로등,,37.532098,127.096433
잠실철교북단경관-75,가로등,,37.53177,127.096637
잠실철교북단경관-76,가로등,,37.531703,127.096677
잠실철교북단경관-77,가로등,,37.531361,127.0969
잠실철교북단경관-78,가로등,,37.531302,127.096929
잠실철교북단경관-79,가로등,,37.530988,127.097132
잠실철교북단경관-80,가로등,,37.530931,127.097167
잠실철교북단경관-81,가로등,,37.530564,127.097397
잠실철교북단경관-82,가로등,,37.530515,127.097428
잠실철교북단경관-83,가로등,,37.530283,127.09758
잠실철교북단경관-84,가로등,,37.530225,127.097615
잠실철교북단경관-85,가로등,,37.529919,127.09781
잠실철교북단경관-86,가로등,,37.52987,127.097838
잠실철교북단경관-87,가로등,,37.529555,127.098033
잠실철교북단경관-88,가로등,,37.529503,127.098072
잠실철교북단경관-89,가로등,,37.529187,127.098274
잠실철교북단경관-90,가로등,,37.529124,127.09831
잠실철교북단경관-91,가로등,,37.528758,127.098553
잠실철교북단경관-92,가로등,,37.528687,127.0986
잠실철교북단경관-93,가로등,,37.528407,127.098767
잠실철교북단경관-94,가로등,,37.528343,127.098817
잠실철교북단경관-95,가로등,,37.527955,127.099057
잠실철교북단경관-96,가로등,,37.527889,127.099106
잠실철교북단경관-97,가로등,,37.527532,127.099329
잠실철교북단경관-98,가로등,,37.527462,127.099371
잠실철교북단경관-99,가로등,,37.527077,127.099619
장평교-01,가로등,,37.571841,127.079093
장평교-02,가로등,,37.571892,127.078542
장평교-03,가로등,,37.57194,127.077952
장평교-04,가로등,,37.571993,127.077345
장평교-05,가로등,,37.572038,127.076739
장평교-06,가로등,,37.572077,127.076204
장평교-07,가로등,,37.572114,127.075702
장평교-08,가로등,,37.571967,127.075799
장평교-09,가로등,,37.571927,127.076365
장평교-10,가로등,,37.57188,127.076976
장평교-11,가로등,,37.571823,127.077615
장평교-12,가로등,,37.571779,127.078156
장평교-13,가로등,,37.571731,127.078717
장평교-14,가로등,,37.571681,127.079284
천호대교 북단경관-01,가로등,,37.543418,127.109418
천호대교 북단경관-02,가로등,,37.542965,127.110987
천호대교 북단경관-03,가로등,,37.542076,127.114114
천호대교 북단경관-04,가로등,,37.542418,127.114316
천호대교 북단경관-05,가로등,,37.543315,127.111211
천호대교 북단경관-06,가로등,,37.543783,127.109576
천호대교남단_01-034,가로등,,37.542155,127.114965
천호대교남단_01-036,가로등,,37.542259,127.114697
천호대교남단_01-038,가로등,,37.542315,127.114402
천호대교남단_01-040,가로등,,37.54242,127.114139
천호대교남단_01-042,가로등,,37.542487,127.113796
천호대교남단_01-044,가로등,,37.542601,127.113489
천호대교남단_01-046,가로등,,37.542704,127.113128
천호대교남단_02-033,가로등,,37.541944,127.114944
천호대교남단_02-035,가로등,,37.542053,127.114565
천호대교남단_02-037,가로등,,37.542132,127.114281
천호대교남단_02-039,가로등,,37.542217,127.113985
천호대교남단_02-041,가로등,,37.542291,127.113728
천호대교남단_02-043,가로등,,37.542405,127.113417
천호대교남단_02-045,가로등,,37.542482,127.113047
천호대교북단-01,가로등,,37.54354,127.109304
천호대교북단-02,가로등,,37.543666,127.108748
천호대교북단-03,가로등,,37.543782,127.108212
천호대교북단-04,가로등,,37.543699,127.107709
천호대교북단-05,가로등,,37.543416,127.107325
천호대교북단-06,가로등,,37.543109,127.106962
천호대교북단-47,가로등,,37.542534,127.112862
천호대교북단-48,가로등,,37.542763,127.112914
천호대교북단-49,가로등,,37.542631,127.112634
천호대교북단-50,가로등,,37.5428,127.112695
천호대교북단-500,가로등,,37.544743,127.108497
천호대교북단-501,가로등,,37.544831,127.109045
천호대교북단-502,가로등,,37.54458,127.10934
천호대교북단-503,가로등,,37.544246,127.109291
천호대교북단-504,가로등,,37.544049,127.10884
천호대교북단-51,가로등,,37.542706,127.112254
천호대교북단-52,가로등,,37.542925,127.112355
천호대교북단-53,가로등,,37.542832,127.111929
천호대교북단-54,가로등,,37.542995,127.112016
천호대교북단-55,가로등,,37.5429,127.111577
천호대교북단-56,가로등,,37.543119,127.111682
천호대교북단-57,가로등,,37.54303,127.111234
천호대교북단-58,가로등,,37.543186,127.111342
천호대교북단-59,가로등,,37.543119,127.110816
천호대교북단-60,가로등,,37.543311,127.111018
천호대교북단-61,가로등,,37.543242,127.110474
천호대교북단-62,가로등,,37.543375,127.110688
천호대교북단-63,가로등,,37.543379,127.110013
천호대교북단-64,가로등,,37.543467,127.110364
천호대교북단-65,가로등,,37.543494,127.109612
천호대교북단-66,가로등,,37.543559,127.110041
천호대교북단-67,가로등,,37.54358,127.109198
천호대교북단-68,가로등,,37.543672,127.109753
천호대교북단-69,가로등,,37.543687,127.108837
천호대교북단-70,가로등,,37.543742,127.109405
천호대교북단-71,가로등,,37.543784,127.108488
천호대교북단-72,가로등,,37.54386,127.109091
천호대교북단-73,가로등,,37.543905,127.10817
천호대교북단-74,가로등,,37.543957,127.108753
천호대교북단-75,가로등,,37.543983,127.107801
천호대교북단-76,가로등,,37.544051,127.108427
천호대교북단-77,가로등,,37.544103,127.107478
천호대교북단-78,가로등,,37.544117,127.108093
천호대교북단-79,가로등,,37.544166,127.107152
천호대교북단-80,가로등,,37.544224,127.107806
천호대교북단-81,가로등,,37.5443,127.10745
천호대교북단-82,가로등,,37.544415,127.107131
강_43-01,가로등,,37.533957,127.059032
강_43-02,가로등,,37.534015,127.058662
강_43-03,가로등,,37.534102,127.05822
강_43-04,가로등,,37.534204,127.057736
강_43-05,가로등,,37.534306,127.057279
강_43-07,가로등,,37.534446,127.056713
강_43-08,가로등,,37.53454,127.056267
강_43-29,가로등,,37.534083,127.056407
강_43-30,가로등,,37.533978,127.056913
강_43-31,가로등,,37.533849,127.057407
강_43-32,가로등,,37.533717,127.057891
강_43-33,가로등,,37.533573,127.058374
강_43-34,가로등,,37.533441,127.058784
강_43-35,가로등,,37.533735,127.058708
강_43-36,가로등,,37.533859,127.058211
강_43-37,가로등,,37.533986,127.057698
강_43-38,가로등,,37.534093,127.057213
강_43-39,가로등,,37.53419,127.056735
강_43-40,가로등,,37.5343,127.056254
강_43-52,가로등,,37.534205,127.058467
강_43-53,가로등,,37.534428,127.058427
강_43-54,가로등,,37.534627,127.058542
강_43-55,가로등,,37.534747,127.058812
강_43-56,가로등,,37.534731,127.059116
강_43-57,가로등,,37.534583,127.059341
강_43-58,가로등,,37.534376,127.059412
강_43_1-06,가로등,,37.53442,127.057224
강_44-01,가로등,,37.532603,127.063305
강_44-02,가로등,,37.532726,127.062903
강_44-03,가로등,,37.532854,127.062498
강_44-04,가로등,,37.532985,127.062098
강_44-05,가로등,,37.533022,127.061778
강_44-06,가로등,,37.533166,127.061318
강_44-07,가로등,,37.533332,127.06084
강_44-08,가로등,,37.533483,127.060372
강_44-09,가로등,,37.533655,127.059958
강_44-10,가로등,,37.533785,127.059556
강_44-11,가로등,,37.533424,127.059018
강_44-13,가로등,,37.53327,127.05947
강_44-15,가로등,,37.533104,127.059995
강_44-17,가로등,,37.532769,127.060956
강_44-18,가로등,,37.532725,127.061168
강_44-19,가로등,,37.532663,127.061374
강_44-20,가로등,,37.532587,127.061634
강_44-21,가로등,,37.532508,127.061889
강_44-22,가로등,,37.532441,127.062143
강_44-23,가로등,,37.532369,127.06238
강_44-24,가로등,,37.532255,127.062534
강_44-25,가로등,,37.532187,127.062771
강_44-26,가로등,,37.532119,127.06301
강_44-27,가로등,,37.532404,127.063152
강_44-28,가로등,,37.532513,127.062763
강_44-29,가로등,,37.532621,127.062371
강_44-30,가로등,,37.532731,127.061966
강_44-31,가로등,,37.532851,127.061576
강_44-32,가로등,,37.532963,127.061203
강_44-33,가로등,,37.533062,127.06087
강_44-34,가로등,,37.533246,127.060315
강_44-35,가로등,,37.533361,127.059945
강_44-36,가로등,,37.533499,127.059521
강_44-37,가로등,,37.533497,127.059393
강_44-38,가로등,,37.533393,127.059732
강_44-39,가로등,,37.533276,127.060099
강_44-40,가로등,,37.533168,127.060434
강_44-41,가로등,,37.533069,127.060754
강_44-42,가로등,,37.535224,127.059559
강_44-44,가로등,,37.534993,127.059047
강_44-46,가로등,,37.534767,127.058511
강_44-48,가로등,,37.534488,127.058059
강_44-50,가로등,,37.534061,127.057944
강_44-52,가로등,,37.533678,127.058196
강_44-54,가로등,,37.533419,127.058737
강_44-56,가로등,,37.533187,127.059489
강_44-58,가로등,,37.533043,127.059946
강_44-60,가로등,,37.532906,127.060384
강_44-62,가로등,,37.532949,127.060046
강_44-63,가로등,,37.532894,127.060236
강_44-64,가로등,,37.532829,127.060429
강_44-65,가로등,,37.532759,127.060723
강_44-66,가로등,,37.532969,127.060488
강_44-68,가로등,,37.533174,127.0609
강_44-70,가로등,,37.533586,127.061036
강_44-72,가로등,,37.533993,127.060815
강_44-74,가로등,,37.534399,127.060468
강_44-76,가로등,,37.534855,127.060229
강_44-77,가로등,,37.53364,127.060337
강_44-78,가로등,,37.533753,127.060497
강_44-79,가로등,,37.533914,127.060564
강_44-80,가로등,,37.53409,127.060549
강_44-81,가로등,,37.534242,127.060458
강_44-82,가로등,,37.534365,127.060292
강_44-83,가로등,,37.534403,127.060038
강_44_1-12,가로등,,37.533351,127.059223
강_44_1-14,가로등,,37.533188,127.059731
강_44_1-16,가로등,,37.53303,127.060247
강_44_1-43,가로등,,37.535108,127.059301
강_44_1-45,가로등,,37.534878,127.058776
강_44_1-47,가로등,,37.534644,127.058266
강_44_1-49,가로등,,37.534289,127.057942
강_44_1-51,가로등,,37.53385,127.058024
강_44_1-53,가로등,,37.533519,127.058445
강_44_1-55,가로등,,37.533264,127.059243
강_44_1-57,가로등,,37.533115,127.059712
강_44_1-59,가로등,,37.532971,127.060167
강_44_1-61,가로등,,37.532854,127.060595
강_44_1-67,가로등,,37.533033,127.060734
강_44_1-69,가로등,,37.533356,127.061034
강_44_1-71,가로등,,37.533804,127.060951
강_44_1-73,가로등,,37.534191,127.060645
강_44_1-75,가로등,,37.534609,127.060319
강_45-01,가로등,,37.529747,127.073939
강_45-02,가로등,,37.529882,127.073476
강_45-03,가로등,,37.530014,127.072999
강_45-04,가로등,,37.530152,127.072518
강_45-05,가로등,,37.530288,127.072024
강_45-06,가로등,,37.530424,127.071545
강_45-07,가로등,,37.530551,127.071062
강_45-08,가로등,,37.530689,127.070581
강_45-09,가로등,,37.530817,127.070071
강_45-10,가로등,,37.530952,127.069581
강_45-11,가로등,,37.531079,127.069087
강_45-12,가로등,,37.531213,127.068563
강_45-13,가로등,,37.531367,127.068004
강_45-14,가로등,,37.531509,127.067448
강_45-15,가로등,,37.531657,127.066888
강_45-16,가로등,,37.531743,127.066563
강_45-17,가로등,,37.531852,127.066165
강_45-18,가로등,,37.531958,127.065754
강_45-19,가로등,,37.532068,127.065328
강_45-20,가로등,,37.532265,127.064598
강_45-21,가로등,,37.532388,127.064155
강_45-22,가로등,,37.532492,127.063738
강_45-23,가로등,,37.531634,127.065392
강_45-24,가로등,,37.531589,127.065848
강_45-25,가로등,,37.531469,127.06642
강_45-26,가로등,,37.531372,127.066766
강_45-27,가로등,,37.531228,127.067307
강_45-28,가로등,,37.531075,127.067872
강_45-29,가로등,,37.530906,127.068496
강_45-33,가로등,,37.530983,127.067733
강_45-34,가로등,,37.530892,127.068131
강_45-35,가로등,,37.530797,127.068571
강_45-36,가로등,,37.530755,127.068992
강_45-37,가로등,,37.530616,127.069465
강_45-38,가로등,,37.530498,127.069977
강_45-39,가로등,,37.530356,127.07048
강_45-40,가로등,,37.53015,127.071014
강_45-41,가로등,,37.530048,127.071481
강_45-42,가로등,,37.529933,127.071952
강_45-43,가로등,,37.529821,127.072431
강_45-44,가로등,,37.529707,127.072913
강_45-45,가로등,,37.529567,127.073391
강_45-46,가로등,,37.529446,127.073833
강_45-47,가로등,,37.529313,127.074275
강_45-48,가로등,,37.529527,127.074164
강_45-49,가로등,,37.529669,127.073677
강_45-50,가로등,,37.529816,127.073158
강_45-51,가로등,,37.529946,127.072665
강_45-52,가로등,,37.530084,127.072194
강_45-53,가로등,,37.530229,127.071648
강_45-54,가로등,,37.530383,127.071089
강_45-55,가로등,,37.530549,127.070471
강_45-56,가로등,,37.530724,127.069845
강_45-57,가로등,,37.530877,127.069254
강_45-58,가로등,,37.531015,127.068744
강_45-59,가로등,,37.531166,127.06817
강_45-60,가로등,,37.531312,127.067625
강_45-61,가로등,,37.531452,127.067082
강_45-62,가로등,,37.531652,127.066333
강_45-63,가로등,,37.531784,127.065842
강_45-64,가로등,,37.531924,127.065315
강_45-65,가로등,,37.532057,127.064816
강_45-66,가로등,,37.532172,127.064374
강_45-70,가로등,,37.529005,127.076197
강_45-71,가로등,,37.529164,127.075766
강_45-72,가로등,,37.529303,127.075359
강_45-73,가로등,,37.529445,127.074927
강_45-74,가로등,,37.528797,127.076333
강_45-75,가로등,,37.528957,127.075896
강_45-76,가로등,,37.529105,127.075461
강_45-77,가로등,,37.529255,127.075031
강_45-78,가로등,,37.529393,127.074597
강_45-79,가로등,,37.528678,127.076082
강_45-80,가로등,,37.528842,127.075643
강_45-81,가로등,,37.528996,127.075216
강_45-82,가로등,,37.529164,127.074739
강_46-01,가로등,,37.527852,127.085505
강_46-02,가로등,,37.527792,127.085021
강_46-03,가로등,,37.527748,127.084548
강_46-04,가로등,,37.527701,127.084036
강_46-05,가로등,,37.527667,127.083519
강_46-06,가로등,,37.527643,127.083007
강_46-07,가로등,,37.527643,127.082487
강_46-08,가로등,,37.52765,127.081955
강_46-09,가로등,,37.527691,127.081342
강_46-10,가로등,,37.527755,127.080732
강_46-11,가로등,,37.527849,127.080093
강_46-12,가로등,,37.527954,127.079527
강_46-13,가로등,,37.528093,127.07893
강_46-14,가로등,,37.528273,127.078317
강_46-15,가로등,,37.528447,127.077746
강_46-16,가로등,,37.528636,127.077208
강_46-17,가로등,,37.528832,127.076675
강_46-18,가로등,,37.528107,127.087884
강_46-19,가로등,,37.527938,127.087452
강_46-20,가로등,,37.527795,127.086987
강_46-21,가로등,,37.527693,127.086459
강_46-22,가로등,,37.527618,127.085807
강_46-23,가로등,,37.527574,127.085191
강_46-24,가로등,,37.527536,127.084598
강_46-25,가로등,,37.527483,127.083912
강_46-26,가로등,,37.527615,127.085454
강_46-27,가로등,,37.527569,127.084993
강_46-28,가로등,,37.527541,127.084533
강_46-29,가로등,,37.527512,127.084096
강_46-30,가로등,,37.527482,127.083535
강_46-31,가로등,,37.527469,127.083017
강_46-32,가로등,,37.52747,127.082775
강_46-33,가로등,,37.527468,127.082473
강_46-34,가로등,,37.527478,127.082208
강_46-35,가로등,,37.527488,127.081965
강_46-36,가로등,,37.527518,127.081458
강_46-37,가로등,,37.52758,127.08091
강_46-38,가로등,,37.527659,127.080322
강_46-39,가로등,,37.527756,127.079739
강_46-40,가로등,,37.52788,127.079142
강_46-41,가로등,,37.528047,127.078524
강_46-42,가로등,,37.528235,127.077913
강_46-43,가로등,,37.528416,127.077378
강_46-44,가로등,,37.5286,127.076857
강_46-61,가로등,,37.528511,127.076538
강_46-62,가로등,,37.528321,127.07705
강_46-63,가로등,,37.528158,127.077609
강_46-64,가로등,,37.52797,127.078222
강_46-65,가로등,,37.527811,127.078812
강_46-66,가로등,,37.527667,127.079426
강_46-67,가로등,,37.527584,127.079877
강_46-68,가로등,,37.527468,127.080346
강_46-69,가로등,,37.52741,127.080744
강_46-70,가로등,,37.527348,127.081165
강_46-71,가로등,,37.52731,127.08147
강_46-72,가로등,,37.52727,127.081774
강_46-73,가로등,,37.527249,127.082056
강_46-74,가로등,,37.527243,127.082335
강_46-75,가로등,,37.527297,127.08304
강_46-76,가로등,,37.527306,127.083646
강_46-77,가로등,,37.52735,127.084282
강_46-78,가로등,,37.527397,127.084928
강_46-79,가로등,,37.527436,127.085544
강_46-80,가로등,,37.527473,127.086131
강_46-81,가로등,,37.527522,127.086545
강_46-82,가로등,,37.527605,127.086907
강_46-83,가로등,,37.527696,127.087277
강_46-84,가로등,,37.5278,127.087609
강_46-85,가로등,,37.527922,127.08791
강_46-86,가로등,,37.528053,127.088199
강_46_1-45,가로등,,37.527293,127.080705
강_46_1-46,가로등,,37.527254,127.080993
강_46_1-47,가로등,,37.527227,127.081273
강_46_1-48,가로등,,37.527203,127.081577
강_46_1-49,가로등,,37.52719,127.081869
강_46_1-50,가로등,,37.527186,127.082164
강_46_1-51,가로등,,37.527188,127.082477
강_46_1-52,가로등,,37.527195,127.082772
강_46_1-53,가로등,,37.527203,127.083062
강_46_1-54,가로등,,37.527208,127.083366
강_46_1-55,가로등,,37.527227,127.083682
강_46_1-56,가로등,,37.527244,127.083994
강_46_1-57,가로등,,37.527277,127.084286
강_46_1-58,가로등,,37.527307,127.084597
강_46_1-59,가로등,,37.527326,127.084903
강_46_1-60,가로등,,37.527342,127.085223
강_46_1-61,가로등,,37.527613,127.082877
강_47-13,가로등,,37.528168,127.087883
강_47-14,가로등,,37.528252,127.088056
강_47-15,가로등,,37.52834,127.088237
강_47-16,가로등,,37.52855,127.088655
강_47-17,가로등,,37.528665,127.088895
강_47-18,가로등,,37.528779,127.08914
강_47-19,가로등,,37.528893,127.089356
강_47-65,가로등,,37.529602,127.089966
강_47-66,가로등,,37.529741,127.090325
강_47-67,가로등,,37.529947,127.090665
강_47-68,가로등,,37.530187,127.091
강_47-69,가로등,,37.530416,127.091289
강_47-70,가로등,,37.530631,127.091568
강_47-71,가로등,,37.530856,127.091828
강_47-72,가로등,,37.52922,127.089651
강_47-73,가로등,,37.529414,127.089683
강_47-74,가로등,,37.529604,127.0896
강_47-75,가로등,,37.52974,127.0894
강_47-76,가로등,,37.529823,127.089131
강_47-77,가로등,,37.529887,127.088872
강_47-78,가로등,,37.529957,127.088601
강_47-79,가로등,,37.530027,127.088342
강_47-80,가로등,,37.530093,127.088084
강_47-81,가로등,,37.530158,127.087813
강_47-83,가로등,,37.529567,127.089456
강_47-84,가로등,,37.529612,127.089237
강_47-85,가로등,,37.529676,127.089046
강_47-86,가로등,,37.529754,127.088846
강_47-87,가로등,,37.529831,127.088651
강_47-88,가로등,,37.529913,127.088434
강_47-89,가로등,,37.529848,127.088287
강_47-90,가로등,,37.529804,127.087981
강_47-91,가로등,,37.52971,127.087718
강_47-92,가로등,,37.529533,127.087375
강_47-93,가로등,,37.52936,127.087074
강_47-94,가로등,,37.529119,127.086841
강_47-95,가로등,,37.529356,127.086859
강_47-96,가로등,,37.529596,127.086896
강_47-97,가로등,,37.529835,127.086951
강_47_1-01,가로등,,37.527411,127.085563
강_47_1-02,가로등,,37.527521,127.085923
강_47_1-03,가로등,,37.527642,127.08624
강_47_1-04,가로등,,37.527756,127.08658
강_47_1-05,가로등,,37.527856,127.086914
강_47_1-06,가로등,,37.527934,127.087379
강_47_1-07,가로등,,37.527964,127.087242
강_47_1-08,가로등,,37.528022,127.087006
강_47_1-09,가로등,,37.52812,127.086798
강_47_1-10,가로등,,37.528291,127.086678
강_47_1-11,가로등,,37.52801,127.087542
강_47_1-12,가로등,,37.528085,127.087703
강_47_1-43,가로등,,37.528439,127.088163
강_47_1-44,가로등,,37.528303,127.087883
강_47_1-45,가로등,,37.528172,127.087587
강_47_1-46,가로등,,37.528056,127.087276
강_47_1-47,가로등,,37.527942,127.086957
강_47_1-48,가로등,,37.527839,127.086612
강_47_1-49,가로등,,37.527753,127.086244
강_47_1-50,가로등,,37.527686,127.085893
강_47_1-51,가로등,,37.52779,127.085552
강_47_1-52,가로등,,37.527846,127.08594
강_47_1-53,가로등,,37.527938,127.086327
강_47_1-54,가로등,,37.528065,127.086699
강_47_1-55,가로등,,37.528192,127.087056
강_47_1-56,가로등,,37.528327,127.0874
강_47_1-57,가로등,,37.528466,127.087722
강_47_1-58,가로등,,37.52861,127.088033
강_47_1-59,가로등,,37.528814,127.088485
강_47_1-60,가로등,,37.528965,127.08879
강_47_1-61,가로등,,37.529083,127.089148
강_47_1-62,가로등,,37.529236,127.089453
강_47_1-63,가로등,,37.529375,127.089747
강_47_1-64,가로등,,37.529511,127.090012
강_47_2-100,가로등,,37.528664,127.086664
강_47_2-101,가로등,,37.528478,127.08663
강_47_2-102,가로등,,37.528292,127.086566
강_47_2-103,가로등,,37.528144,127.08644
강_47_2-104,가로등,,37.528035,127.086273
강_47_2-105,가로등,,37.527951,127.086074
강_47_2-106,가로등,,37.527893,127.085845
강_47_2-20,가로등,,37.529137,127.08969
강_47_2-21,가로등,,37.529201,127.089814
강_47_2-22,가로등,,37.529269,127.089959
강_47_2-23,가로등,,37.529326,127.090083
강_47_2-24,가로등,,37.529394,127.090226
강_47_2-25,가로등,,37.52945,127.090346
강_47_2-26,가로등,,37.529487,127.090489
강_47_2-27,가로등,,37.52956,127.090759
강_47_2-28,가로등,,37.52974,127.091022
강_47_2-29,가로등,,37.529922,127.091278
강_47_2-30,가로등,,37.530113,127.091519
강_47_2-31,가로등,,37.530295,127.091774
강_47_2-32,가로등,,37.53081,127.092064
강_47_2-33,가로등,,37.53058,127.09176
강_47_2-34,가로등,,37.53036,127.091473
강_47_2-35,가로등,,37.53009,127.09112
강_47_2-36,가로등,,37.529843,127.090776
강_47_2-37,가로등,,37.529626,127.090476
강_47_2-38,가로등,,37.529383,127.090113
강_47_2-39,가로등,,37.529186,127.08972
강_47_2-40,가로등,,37.52901,127.089356
강_47_2-41,가로등,,37.528833,127.088983
강_47_2-42,가로등,,37.528651,127.08861
강_47_2-98,가로등,,37.529031,127.086726
강_47_2-99,가로등,,37.528847,127.086696
강_48-01,가로등,,37.530496,127.09203
강_48-02,가로등,,37.530714,127.092292
강_48-03,가로등,,37.530916,127.09256
강_48-04,가로등,,37.531118,127.092798
강_48-05,가로등,,37.5313,127.093046
강_48-06,가로등,,37.531522,127.093265
강_48-07,가로등,,37.531991,127.093837
강_48-08,가로등,,37.532243,127.094081
강_48-09,가로등,,37.532472,127.094345
강_48-10,가로등,,37.5327,127.094614
강_48-100,가로등,,37.53466,127.095792
강_48-101,가로등,,37.534872,127.096036
강_48-102,가로등,,37.535097,127.096298
강_48-103,가로등,,37.535306,127.09646
강_48-104,가로등,,37.535458,127.09663
강_48-105,가로등,,37.535628,127.096818
강_48-106,가로등,,37.535786,127.096996
강_48-29,가로등,,37.532936,127.09468
강_48-30,가로등,,37.53265,127.094373
강_48-31,가로등,,37.53237,127.094084
강_48-32,가로등,,37.532095,127.093778
강_48-33,가로등,,37.531811,127.093475
강_48-34,가로등,,37.531524,127.093144
강_48-35,가로등,,37.531242,127.092816
강_48-36,가로등,,37.530937,127.092503
강_48-37,가로등,,37.530615,127.092122
강_48-38,가로등,,37.530282,127.091689
강_48-39,가로등,,37.529938,127.091234
강_48-40,가로등,,37.529593,127.090742
강_48-41,가로등,,37.529229,127.090265
강_48-42,가로등,,37.528892,127.089796
강_48-43,가로등,,37.528602,127.089313
강_48-44,가로등,,37.528328,127.08877
강_48-52,가로등,,37.53022,127.091374
강_48-53,가로등,,37.530634,127.091889
강_48-54,가로등,,37.53104,127.092412
강_48-55,가로등,,37.531515,127.092906
강_48-56,가로등,,37.531955,127.093412
강_48-57,가로등,,37.532271,127.093729
강_48-58,가로등,,37.53258,127.094061
강_48-59,가로등,,37.532885,127.094396
강_48-60,가로등,,37.533227,127.094744
강_48-61,가로등,,37.533528,127.095043
강_48-62,가로등,,37.533829,127.09536
강_48-63,가로등,,37.534112,127.095681
강_48-64,가로등,,37.534366,127.095947
강_48-65,가로등,,37.534596,127.096203
강_48-66,가로등,,37.535083,127.096741
강_48-67,가로등,,37.535244,127.096923
강_48-68,가로등,,37.535397,127.097096
강_48-69,가로등,,37.535561,127.097278
강_48-70,가로등,,37.534804,127.096389
강_48-71,가로등,,37.534568,127.096111
강_48-72,가로등,,37.53434,127.095854
강_48-73,가로등,,37.534088,127.095564
강_48-74,가로등,,37.533888,127.095346
강_48-75,가로등,,37.5337,127.095122
강_48-76,가로등,,37.533505,127.09491
강_48-77,가로등,,37.533302,127.094693
강_48-78,가로등,,37.533111,127.094496
강_48-79,가로등,,37.532897,127.094289
강_48-80,가로등,,37.532689,127.094083
강_48-81,가로등,,37.532477,127.09387
강_48-82,가로등,,37.532262,127.093639
강_48-83,가로등,,37.532059,127.093441
강_48-84,가로등,,37.531845,127.093234
강_48-89,가로등,,37.532112,127.093151
강_48-90,가로등,,37.532317,127.093356
강_48-91,가로등,,37.532526,127.093555
강_48-92,가로등,,37.532729,127.093754
강_48-93,가로등,,37.53305,127.09408
강_48-94,가로등,,37.533349,127.094379
강_48-95,가로등,,37.53365,127.094695
강_48-96,가로등,,37.533932,127.095092
강_48-97,가로등,,37.534114,127.095294
강_48-98,가로등,,37.5342,127.095386
강_48-99,가로등,,37.534459,127.095667
강_48_1-11,가로등,,37.532975,127.094844
강_48_1-12,가로등,,37.533152,127.095034
강_48_1-13,가로등,,37.533318,127.095199
강_48_1-14,가로등,,37.533468,127.095372
강_48_1-15,가로등,,37.533621,127.095532
강_48_1-16,가로등,,37.533927,127.095848
강_48_1-17,가로등,,37.534114,127.096048
강_48_1-18,가로등,,37.534284,127.096241
강_48_1-19,가로등,,37.534436,127.096398
강_48_1-20,가로등,,37.534586,127.096557
강_48_1-21,가로등,,37.534735,127.096714
강_48_1-22,가로등,,37.534883,127.096924
강_48_1-23,가로등,,37.534978,127.097081
강_48_1-24,가로등,,37.535118,127.09727
강_48_1-25,가로등,,37.535276,127.097458
강_48_1-26,가로등,,37.535433,127.097637
강_48_1-45,가로등,,37.528293,127.088296
강_48_1-46,가로등,,37.528479,127.088672
강_48_1-47,가로등,,37.528659,127.089059
강_48_1-48,가로등,,37.528895,127.089447
강_48_1-49,가로등,,37.529201,127.089925
강_48_1-50,가로등,,37.529541,127.090371
강_48_1-51,가로등,,37.529871,127.090849
강_48_1-85,가로등,,37.531127,127.092083
강_48_1-86,가로등,,37.531358,127.092335
강_48_1-87,가로등,,37.5316,127.092596
강_48_1-88,가로등,,37.531856,127.092883
강_49-01,가로등,,37.535605,127.097819
강_49-02,가로등,,37.535771,127.098003
강_49-03,가로등,,37.535941,127.09819
강_49-04,가로등,,37.536093,127.098381
강_49-05,가로등,,37.536275,127.0986
강_49-06,가로등,,37.536438,127.09883
강_49-07,가로등,,37.536583,127.099033
강_49-08,가로등,,37.536743,127.099227
강_49-09,가로등,,37.536902,127.099443
강_49-10,가로등,,37.53707,127.099655
강_49-11,가로등,,37.537241,127.099852
강_49-12,가로등,,37.537411,127.100053
강_49-21,가로등,,37.539334,127.10214
강_49-22,가로등,,37.539576,127.102443
강_49-23,가로등,,37.539755,127.102718
강_49-24,가로등,,37.539949,127.103005
강_49-25,가로등,,37.540138,127.103277
강_49-26,가로등,,37.540319,127.10354
강_49-27,가로등,,37.539508,127.102206
강_49-28,가로등,,37.539317,127.101903
강_49-29,가로등,,37.539101,127.101619
강_49-30,가로등,,37.538882,127.101355
강_49-31,가로등,,37.53868,127.101102
강_49-32,가로등,,37.538434,127.100819
강_49-33,가로등,,37.538148,127.100491
강_49-34,가로등,,37.5379,127.100219
강_49-35,가로등,,37.537598,127.099856
강_49-36,가로등,,37.537418,127.099649
강_49-37,가로등,,37.536824,127.099107
강_49-38,가로등,,37.536625,127.098868
강_49-39,가로등,,37.53641,127.098615
강_49-40,가로등,,37.535744,127.09747
강_49-41,가로등,,37.535871,127.097621
강_49-42,가로등,,37.535993,127.097766
강_49-43,가로등,,37.536119,127.09791
강_49-44,가로등,,37.536241,127.098051
강_49-45,가로등,,37.536367,127.098187
강_49-46,가로등,,37.5365,127.098331
강_49-47,가로등,,37.536643,127.098502
강_49-48,가로등,,37.536789,127.098668
강_49-49,가로등,,37.536936,127.098822
강_49-50,가로등,,37.537079,127.098982
강_49-51,가로등,,37.537215,127.099137
강_49-52,가로등,,37.537345,127.099289
강_49-53,가로등,,37.537475,127.099442
강_49-54,가로등,,37.537615,127.099599
강_49-55,가로등,,37.53774,127.099756
강_49-56,가로등,,37.538082,127.100125
강_49-57,가로등,,37.538322,127.100411
강_49-58,가로등,,37.538554,127.100683
강_49-59,가로등,,37.538768,127.100937
강_49-60,가로등,,37.538997,127.101197
강_49-61,가로등,,37.539223,127.101465
강_49-62,가로등,,37.539425,127.10174
강_49-63,가로등,,37.539626,127.102047
강_49-64,가로등,,37.539836,127.102397
강_49-65,가로등,,37.540032,127.102716
강_49-66,가로등,,37.540248,127.103079
강_49-67,가로등,,37.540347,127.102819
강_49-68,가로등,,37.540165,127.102528
강_49-69,가로등,,37.539985,127.10223
강_49-70,가로등,,37.539806,127.101916
강_49-71,가로등,,37.539602,127.101614
강_49-72,가로등,,37.53938,127.101329
강_49-73,가로등,,37.539147,127.101053
강_49-74,가로등,,37.538917,127.100784
강_49-75,가로등,,37.538705,127.100507
강_49-76,가로등,,37.538483,127.100262
강_49-77,가로등,,37.538209,127.099972
강_49-78,가로등,,37.538051,127.099794
강_49-79,가로등,,37.537854,127.099569
강_49-80,가로등,,37.537544,127.099204
강_49-81,가로등,,37.537697,127.099097
강_49-82,가로등,,37.53753,127.099036
강_49-83,가로등,,37.537384,127.098903
강_49-84,가로등,,37.537208,127.098698
강_49-85,가로등,,37.537022,127.098492
강_49-86,가로등,,37.536842,127.098292
강_49-87,가로등,,37.536644,127.098073
강_49-88,가로등,,37.536452,127.097846
강_49-89,가로등,,37.536272,127.097637
강_49-90,가로등,,37.536091,127.09744
강_49-91,가로등,,37.535912,127.097231
강_49-92,가로등,,37.538398,127.100153
강_49_1-13,가로등,,37.537672,127.100346
강_49_1-14,가로등,,37.53786,127.100563
강_49_1-15,가로등,,37.538046,127.100776
강_49_1-16,가로등,,37.538245,127.101006
강_49_1-17,가로등,,37.538467,127.101255
강_49_1-18,가로등,,37.538678,127.101497
강_49_1-19,가로등,,37.538905,127.101717
강_49_1-20,가로등,,37.539115,127.101912
강_49_1-92,가로등,,37.537847,127.099179
강_49_1-93,가로등,,37.538029,127.099163
강_49_1-94,가로등,,37.538205,127.09911
강_49_1-95,가로등,,37.538375,127.099017
강_49_1-96,가로등,,37.538526,127.098899
강_49_1-97,가로등,,37.538676,127.098742
강_49_1-98,가로등,,37.53882,127.098591
강_49_1-99,가로등,,37.538964,127.098438
강_50-01,가로등,,37.540503,127.103765
강_50-02,가로등,,37.540692,127.103996
강_50-03,가로등,,37.540882,127.104202
강_50-04,가로등,,37.541063,127.104411
강_50-05,가로등,,37.541241,127.104623
강_50-06,가로등,,37.541413,127.10485
강_50-07,가로등,,37.541555,127.105109
강_50-08,가로등,,37.541716,127.10536
강_50-09,가로등,,37.541897,127.105579
강_50-10,가로등,,37.542091,127.105786
강_50-11,가로등,,37.542278,127.106004
강_50-12,가로등,,37.542468,127.106235
강_50-13,가로등,,37.542657,127.106462
강_50-14,가로등,,37.542851,127.106681
강_50-15,가로등,,37.543366,127.107162
강_50-16,가로등,,37.54357,127.107387
강_50-17,가로등,,37.543768,127.10757
강_50-18,가로등,,37.543972,127.107748
강_50-19,가로등,,37.543285,127.106998
강_50-20,가로등,,37.543186,127.106881
강_50-21,가로등,,37.543066,127.106757
강_50-22,가로등,,37.542946,127.106623
강_50-23,가로등,,37.54281,127.106484
강_50-24,가로등,,37.542664,127.106229
강_50-25,가로등,,37.54249,127.10603
강_50-26,가로등,,37.542297,127.10581
강_50-27,가로등,,37.542105,127.10558
강_50-28,가로등,,37.541899,127.105347
강_50-29,가로등,,37.540483,127.103396
강_50-30,가로등,,37.540736,127.103707
강_50-31,가로등,,37.541013,127.104037
강_50-32,가로등,,37.541303,127.104364
강_50-33,가로등,,37.541588,127.104694
강_50-34,가로등,,37.541834,127.104978
강_50-35,가로등,,37.542103,127.105281
강_50-53,가로등,,37.540558,127.103142
강_50-54,가로등,,37.540769,127.103407
강_50-55,가로등,,37.541139,127.103864
강_50-56,가로등,,37.541372,127.104126
강_50-57,가로등,,37.541585,127.104376
강_50-58,가로등,,37.541809,127.104633
강_50-59,가로등,,37.542034,127.104897
강_50-60,가로등,,37.542249,127.105142
강_50_1-36,가로등,,37.542365,127.10557
강_50_1-37,가로등,,37.542662,127.106006
강_50_1-38,가로등,,37.54294,127.106335
강_50_1-39,가로등,,37.543206,127.106656
강_50_1-40,가로등,,37.543492,127.106977
강_50_1-41,가로등,,37.543764,127.10727
강_50_1-42,가로등,,37.544031,127.107542
강_50_1-43,가로등,,37.542722,127.105988
강_50_1-44,가로등,,37.543,127.106294
강_50_1-45,가로등,,37.543281,127.106596
강_50_1-46,가로등,,37.543559,127.106907
강_50_1-47,가로등,,37.543862,127.107218
강_50_1-48,가로등,,37.542972,127.106012
강_50_1-49,가로등,,37.543266,127.106334
강_50_1-50,가로등,,37.54356,127.106655
강_50_1-51,가로등,,37.543845,127.106952
강_50_1-52,가로등,,37.544117,127.107232
강_50_1-61,가로등,,37.54229,127.105072
강_50_1-62,가로등,,37.542662,127.105512
강_50_1-63,가로등,,37.542821,127.105698
강_50_1-64,가로등,,37.542981,127.105881
강_50_1-65,가로등,,37.543136,127.106063
강_50_1-66,가로등,,37.54328,127.106211
강_50_1-67,가로등,,37.543417,127.10637
강_50_1-68,가로등,,37.543547,127.106506
강_50_1-69,가로등,,37.543677,127.106636
강_50_1-70,가로등,,37.543817,127.106745
강_50_1-71,가로등,,37.543974,127.106769
강_50_1-72,가로등,,37.544126,127.106718
강_50_1-73,가로등,,37.54157,127.104241
강_50_1-74,가로등,,37.541308,127.103948
강_50_1-75,가로등,,37.540983,127.103766
강_50_1-76,가로등,,37.540818,127.104003
강_50_1-77,가로등,,37.540952,127.104388
강_50_1-78,가로등,,37.541213,127.104687
강_51-01,가로등,,37.544267,127.108021
강_51-02,가로등,,37.544447,127.108194
강_51-03,가로등,,37.544617,127.108369
강_51-04,가로등,,37.544823,127.108524
강_51-05,가로등,,37.545027,127.10872
강_51-06,가로등,,37.545222,127.108913
강_51-07,가로등,,37.545393,127.109097
강_51-08,가로등,,37.545571,127.10928
강_51-09,가로등,,37.545743,127.109464
강_51-10,가로등,,37.545972,127.109688
강_51-11,가로등,,37.546176,127.10987
강_51-12,가로등,,37.546372,127.110035
강_51-13,가로등,,37.546587,127.110172
강_51-14,가로등,,37.546819,127.110311
강_51-15,가로등,,37.547054,127.110425
강_51-16,가로등,,37.54728,127.110525
강_51-17,가로등,,37.547495,127.110675
강_51-18,가로등,,37.547724,127.110743
강_51-19,가로등,,37.54797,127.11079
강_51-20,가로등,,37.548197,127.110835
강_51-21,가로등,,37.548431,127.110872
강_51-22,가로등,,37.548672,127.110904
강_51-23,가로등,,37.54892,127.110945
강_51-24,가로등,,37.549171,127.110902
강_51-25,가로등,,37.549434,127.110959
강_51-26,가로등,,37.549703,127.111036
강_51-27,가로등,,37.549967,127.111123
강_51-28,가로등,,37.550226,127.111221
강_51-29,가로등,,37.550478,127.111328
강_51-30,가로등,,37.550718,127.111452
강_51-31,가로등,,37.550959,127.111557
강_51-32,가로등,,37.551201,127.111692
강_51-33,가로등,,37.551458,127.111823
강_51-34,가로등,,37.551692,127.111953
강_51-35,가로등,,37.551947,127.112087
강_51-36,가로등,,37.552218,127.112223
강_51-37,가로등,,37.552472,127.112354
강_51-38,가로등,,37.552733,127.112489
강_51-39,가로등,,37.552975,127.112623
강_51-40,가로등,,37.553241,127.112758
강_51-41,가로등,,37.553496,127.112893
강_51-42,가로등,,37.553754,127.113029
강_51-43,가로등,,37.554002,127.113146
강_51-44,가로등,,37.554255,127.113272
강_51-45,가로등,,37.554502,127.113377
강_51-46,가로등,,37.554761,127.113464
강_51-47,가로등,,37.555016,127.113552
강_51-48,가로등,,37.55528,127.113626
강_51-49,가로등,,37.555534,127.113674
강_51-50,가로등,,37.555809,127.113728
강_51-51,가로등,,37.556066,127.113775
강_51-52,가로등,,37.55632,127.113825
강_51-53,가로등,,37.556568,127.113883
강_51-54,가로등,,37.556821,127.113951
강_51-55,가로등,,37.557071,127.114039
강_51-56,가로등,,37.54567,127.109334
강_51-57,가로등,,37.5455,127.109156
강_52-01,가로등,,37.557117,127.113695
강_52-02,가로등,,37.556875,127.113624
강_52-03,가로등,,37.55663,127.11355
강_52-04,가로등,,37.556378,127.113489
강_52-05,가로등,,37.556111,127.11344
강_52-06,가로등,,37.555832,127.113383
강_52-07,가로등,,37.555556,127.113331
강_52-08,가로등,,37.555294,127.113273
강_52-09,가로등,,37.555036,127.113213
강_52-10,가로등,,37.554788,127.11312
강_52-11,가로등,,37.554535,127.113035
강_52-12,가로등,,37.554293,127.112931
강_52-13,가로등,,37.554057,127.112813
강_52-14,가로등,,37.553819,127.112694
강_52-15,가로등,,37.553568,127.112566
강_52-16,가로등,,37.553328,127.11243
강_52-17,가로등,,37.55308,127.112307
강_52-18,가로등,,37.552828,127.112176
강_52-19,가로등,,37.552597,127.112054
강_52-20,가로등,,37.552344,127.111921
강_52-21,가로등,,37.552087,127.111797
강_52-22,가로등,,37.551833,127.111654
강_52-23,가로등,,37.551573,127.111524
강_52-24,가로등,,37.551315,127.111385
강_52-25,가로등,,37.551067,127.111249
강_52-26,가로등,,37.550818,127.11113
강_52-27,가로등,,37.550569,127.111005
강_52-28,가로등,,37.550311,127.110896
강_52-29,가로등,,37.550045,127.110793
강_52-30,가로등,,37.549765,127.1107
강_52-31,가로등,,37.549499,127.110632
강_52-32,가로등,,37.549221,127.11056
강_52-33,가로등,,37.548946,127.110432
강_52-34,가로등,,37.548707,127.110393
강_52-35,가로등,,37.548474,127.110359
강_52-36,가로등,,37.548244,127.110317
강_52-37,가로등,,37.54803,127.11027
강_52-38,가로등,,37.547787,127.11023
강_52-39,가로등,,37.54756,127.110182
강_52-40,가로등,,37.547331,127.110201
강_52-41,가로등,,37.547109,127.110111
강_52-42,가로등,,37.546897,127.109999
강_52-43,가로등,,37.546689,127.109875
강_52-44,가로등,,37.546657,127.109746
강_52-45,가로등,,37.546431,127.109576
강_52-46,가로등,,37.54625,127.109362
강_52-47,가로등,,37.546483,127.109732
강_52-48,가로등,,37.546282,127.109558
강_52-49,가로등,,37.546083,127.109373
강_52-50,가로등,,37.545898,127.109168
강_52-51,가로등,,37.545695,127.108938
강_52-52,가로등,,37.545494,127.108713
강_52-53,가로등,,37.545266,127.108457
강_52-54,가로등,,37.545446,127.108584
강_52-55,가로등,,37.545705,127.108719
강_52-56,가로등,,37.546,127.108635
강_52-57,가로등,,37.545169,127.108241
강_52-58,가로등,,37.544982,127.108065
강_52-59,가로등,,37.544804,127.107885
강_52-60,가로등,,37.544617,127.107706
강_52-61,가로등,,37.544433,127.10752
강_52-62,가로등,,37.546115,127.108691
강_52-63,가로등,,37.546205,127.108964
강_53-01,가로등,,37.557369,127.114134
강_53-02,가로등,,37.557624,127.114249
강_53-03,가로등,,37.557879,127.114367
강_53-04,가로등,,37.558116,127.114484
강_53-05,가로등,,37.55835,127.114592
강_53-06,가로등,,37.558585,127.114713
강_53-07,가로등,,37.558837,127.114838
강_53-08,가로등,,37.559082,127.11496
강_53-09,가로등,,37.559326,127.115073
강_53-10,가로등,,37.559562,127.115188
강_53-60,가로등,,37.560301,127.115215
강_53-61,가로등,,37.560049,127.115096
강_53-62,가로등,,37.559823,127.114987
강_53-63,가로등,,37.559588,127.11486
강_53-64,가로등,,37.559335,127.114743
강_53-65,가로등,,37.5591,127.114622
강_53-66,가로등,,37.558861,127.11451
강_53-67,가로등,,37.558611,127.114383
강_53-68,가로등,,37.558378,127.114264
강_53-69,가로등,,37.558149,127.114153
강_53-70,가로등,,37.557905,127.114038
강_53-71,가로등,,37.557668,127.113925
강_53-72,가로등,,37.557393,127.113814
동_10-09,가로등,,37.573557,127.077298
동_10-10,가로등,,37.572878,127.077351
동_10-11,가로등,,37.572203,127.077345
동_10-21,가로등,,37.573151,127.077508
동_10-22,가로등,,37.572458,127.077521
동_10-23,가로등,,37.571726,127.077438
동_11-01,가로등,,37.571347,127.077188
동_11-02,가로등,,37.570716,127.076957
동_11-03,가로등,,37.570093,127.07665
동_11-04,가로등,,37.569476,127.076321
동_11-05,가로등,,37.568836,127.075952
동_11-06,가로등,,37.568208,127.075596
동_11-07,가로등,,37.567515,127.075213
동_11-08,가로등,,37.566919,127.074876
동_11-09,가로등,,37.566294,127.07449
동_11-10,가로등,,37.565684,127.074084
동_11-11,가로등,,37.565431,127.073933
동_11-12,가로등,,37.565189,127.073771
동_11-13,가로등,,37.564936,127.073608
동_11-14,가로등,,37.564687,127.073452
동_11-15,가로등,,37.564445,127.073296
동_11-16,가로등,,37.564211,127.073155
동_11-17,가로등,,37.563966,127.073009
동_11-18,가로등,,37.563734,127.072875
동_11-19,가로등,,37.563507,127.072745
동_11-20,가로등,,37.563271,127.072615
동_11-21,가로등,,37.563029,127.072477
동_11-22,가로등,,37.562787,127.072344
동_11-23,가로등,,37.564967,127.073788
동_11-24,가로등,,37.564281,127.073392
동_11-25,가로등,,37.563709,127.073081
동_11-26,가로등,,37.563021,127.072685
동_11-27,가로등,,37.570939,127.077213
동_11-28,가로등,,37.570346,127.076945
동_11-29,가로등,,37.569734,127.076627
동_11-30,가로등,,37.569101,127.076255
동_11-31,가로등,,37.56846,127.075902
동_11-32,가로등,,37.567867,127.075579
동_11-33,가로등,,37.567223,127.075212
동_11-34,가로등,,37.566613,127.074862
동_11-35,가로등,,37.565993,127.074525
동_11-36,가로등,,37.565294,127.07413
동_11-37,가로등,,37.56456,127.073745
동_11-38,가로등,,37.563919,127.073371
동_11-39,가로등,,37.563316,127.073033
동_11-40,가로등,,37.562715,127.072697
동_11-41,가로등,,37.564019,127.073134
동_11-42,가로등,,37.564153,127.073308
동_11-43,가로등,,37.564248,127.073506
동_11-44,가로등,,37.564323,127.073721
동_11-45,가로등,,37.56436,127.073962
동_11-46,가로등,,37.564358,127.074196
동_11-47,가로등,,37.564328,127.074429
동_12-01,가로등,,37.562597,127.072211
동_12-02,가로등,,37.562357,127.072077
동_12-03,가로등,,37.56212,127.071935
동_12-04,가로등,,37.561887,127.071793
동_12-05,가로등,,37.561692,127.071672
동_12-06,가로등,,37.561466,127.071552
동_12-07,가로등,,37.561258,127.071441
동_12-08,가로등,,37.561031,127.071281
동_12-09,가로등,,37.560834,127.071148
동_12-10,가로등,,37.560341,127.070521
동_12-11,가로등,,37.560168,127.070609
동_12-12,가로등,,37.559945,127.070463
동_12-13,가로등,,37.559775,127.070267
동_12-14,가로등,,37.559542,127.070009
동_12-15,가로등,,37.559316,127.069765
동_12-16,가로등,,37.559117,127.069554
동_12-17,가로등,,37.558953,127.069374
동_12-18,가로등,,37.558725,127.06914
동_12-19,가로등,,37.558507,127.068907
동_12-20,가로등,,37.558295,127.0687
동_12-21,가로등,,37.558105,127.06846
동_12-22,가로등,,37.557893,127.06824
동_12-23,가로등,,37.55768,127.068027
동_12-24,가로등,,37.557453,127.067867
동_12-25,가로등,,37.557192,127.067675
동_12-26,가로등,,37.556937,127.067511
동_12-27,가로등,,37.556679,127.067333
동_12-28,가로등,,37.556386,127.067128
동_12-29,가로등,,37.561645,127.071761
동_12-30,가로등,,37.561447,127.071663
동_12-31,가로등,,37.561242,127.071557
동_12-32,가로등,,37.561012,127.071441
동_12-33,가로등,,37.560754,127.071316
동_12-34,가로등,,37.560542,127.071209
동_12-35,가로등,,37.560351,127.071098
동_12-36,가로등,,37.560122,127.070903
동_12-37,가로등,,37.559959,127.070734
동_12-38,가로등,,37.559775,127.070525
동_12-39,가로등,,37.559599,127.070294
동_12-40,가로등,,37.559415,127.070031
동_12-41,가로등,,37.562356,127.072306
동_12-42,가로등,,37.561683,127.071932
동_12-43,가로등,,37.56102,127.071559
동_12-44,가로등,,37.560126,127.070985
동_12-45,가로등,,37.559712,127.070645
동_12-46,가로등,,37.55932,127.070191
동_12-47,가로등,,37.558989,127.069816
동_12-48,가로등,,37.558329,127.069072
동_12-49,가로등,,37.557549,127.068219
동_12-50,가로등,,37.556832,127.067594
동_12-51,가로등,,37.561996,127.072308
동_12-52,가로등,,37.561344,127.071928
동_12-53,가로등,,37.56062,127.071537
동_12-54,가로등,,37.560437,127.071397
동_12-55,가로등,,37.560294,127.071297
동_12-56,가로등,,37.559976,127.071057
동_12-57,가로등,,37.559523,127.070657
동_12-58,가로등,,37.559109,127.070177
동_12-59,가로등,,37.558618,127.0696
동_12-60,가로등,,37.557883,127.068777
동_12-61,가로등,,37.557121,127.068022
동_12-62,가로등,,37.556555,127.067541
동_12-63,가로등,,37.557708,127.068302
동_12-64,가로등,,37.557512,127.068297
동_12-65,가로등,,37.557344,127.068311
동_12-66,가로등,,37.557184,127.068373
동_12-67,가로등,,37.557022,127.068448
동_12-68,가로등,,37.556877,127.068572
동_12-70,가로등,,37.559172,127.07004
동_17-01,가로등,,37.549618,127.063353
동_17-02,가로등,,37.549366,127.062507
동_17-03,가로등,,37.549281,127.061598
동_17-04,가로등,,37.549391,127.060583
동_17-05,가로등,,37.549631,127.059643
동_17-06,가로등,,37.549886,127.058743
동_17-07,가로등,,37.550146,127.057849
동_17-08,가로등,,37.550399,127.056973
동_17-13,가로등,,37.549709,127.063856
동_17-14,가로등,,37.549349,127.062984
동_17-15,가로등,,37.549183,127.062091
동_17-16,가로등,,37.549191,127.061055
동_17-17,가로등,,37.549389,127.060041
동_17-18,가로등,,37.549648,127.059131
동_17-19,가로등,,37.549895,127.058275
동_17-20,가로등,,37.550151,127.057344
동_17-21,가로등,,37.550402,127.056511
동_18-06,가로등,,37.550217,127.056587
동_18-07,가로등,,37.549981,127.057411
동_18-08,가로등,,37.549749,127.058202
동_18-09,가로등,,37.549501,127.059052
동_18-10,가로등,,37.549242,127.059987
동_18-11,가로등,,37.549036,127.060946
동_18-12,가로등,,37.548999,127.062009
동_18-13,가로등,,37.549161,127.062955
동_18-14,가로등,,37.54951,127.063844
동_18-20,가로등,,37.550247,127.056937
동_18-21,가로등,,37.549995,127.057825
동_18-22,가로등,,37.549754,127.058645
동_18-23,가로등,,37.549489,127.059524
동_18-24,가로등,,37.549247,127.06048
동_18-25,가로등,,37.549119,127.061513
동_18-26,가로등,,37.549194,127.062522
동_18-27,가로등,,37.54943,127.063371
동_18-28,가로등,,37.549792,127.064101
동_19-01,가로등,,37.556009,127.066865
동_19-02,가로등,,37.555287,127.066429
동_19-03,가로등,,37.55457,127.066301
동_19-04,가로등,,37.553886,127.066338
동_19-05,가로등,,37.553143,127.066342
동_19-06,가로등,,37.552422,127.066116
동_19-07,가로등,,37.551817,127.065677
동_19-08,가로등,,37.551183,127.065225
동_19-09,가로등,,37.550559,127.064712
동_19-10,가로등,,37.550047,127.064151
동_19-11,가로등,,37.556203,127.067248
동_19-12,가로등,,37.555628,127.0668
동_19-13,가로등,,37.554988,127.066543
동_19-14,가로등,,37.554328,127.066453
동_19-15,가로등,,37.553673,127.066506
동_19-16,가로등,,37.552947,127.066487
동_19-17,가로등,,37.552286,127.066179
동_19-18,가로등,,37.551649,127.06574
동_19-19,가로등,,37.551064,127.065299
동_19-20,가로등,,37.550461,127.064827
동_20-01,가로등,,37.549998,127.064624
동_20-02,가로등,,37.550595,127.065225
동_20-03,가로등,,37.551246,127.065762
동_20-04,가로등,,37.55191,127.066232
동_20-05,가로등,,37.552572,127.066739
동_20-06,가로등,,37.553286,127.067283
동_20-07,가로등,,37.553947,127.067767
동_20-08,가로등,,37.554574,127.068261
동_20-09,가로등,,37.555148,127.068774
동_20-10,가로등,,37.555369,127.069002
동_20-11,가로등,,37.555574,127.069217
동_20-12,가로등,,37.55554,127.069048
동_20-13,가로등,,37.55597,127.069452
동_20-14,가로등,,37.550419,127.064885
동_20-15,가로등,,37.550996,127.065395
동_20-16,가로등,,37.551675,127.065905
동_20-17,가로등,,37.55239,127.066432
동_20-18,가로등,,37.552994,127.066872
동_20-19,가로등,,37.553697,127.067389
동_20-20,가로등,,37.554353,127.067883
동_20-21,가로등,,37.554872,127.068296
동_20-22,가로등,,37.555361,127.068701
동_21-01,가로등,,37.555784,127.069398
동_21-02,가로등,,37.555993,127.069579
동_21-03,가로등,,37.55622,127.069769
동_21-04,가로등,,37.556432,127.069985
동_21-05,가로등,,37.556627,127.070252
동_21-06,가로등,,37.556846,127.070489
동_21-07,가로등,,37.557069,127.070714
동_21-08,가로등,,37.557293,127.070931
동_21-09,가로등,,37.557512,127.071153
동_21-10,가로등,,37.557719,127.071352
동_21-11,가로등,,37.557929,127.071544
동_21-12,가로등,,37.558216,127.071826
동_21-13,가로등,,37.558506,127.072101
동_21-14,가로등,,37.558803,127.072386
동_21-15,가로등,,37.559091,127.072656
동_21-16,가로등,,37.559351,127.072905
동_21-17,가로등,,37.558876,127.07232
동_21-18,가로등,,37.559012,127.072433
동_21-19,가로등,,37.559147,127.07254
동_21-20,가로등,,37.559274,127.072656
동_21-21,가로등,,37.559419,127.072761
동_21-22,가로등,,37.559548,127.07287
동_21-23,가로등,,37.559658,127.072965
동_21-24,가로등,,37.55978,127.073053
동_21-25,가로등,,37.5599,127.073158
동_21-26,가로등,,37.560148,127.073353
동_21-27,가로등,,37.560384,127.073549
동_21-28,가로등,,37.560631,127.073745
동_21-29,가로등,,37.560871,127.073943
동_21-30,가로등,,37.55681,127.070258
동_21-31,가로등,,37.557269,127.070696
동_21-32,가로등,,37.557778,127.071167
동_21-33,가로등,,37.558364,127.071705
동_21-34,가로등,,37.55895,127.072186
동_21-35,가로등,,37.559528,127.072653
동_21-36,가로등,,37.559712,127.072804
동_21-37,가로등,,37.559825,127.072884
동_21-38,가로등,,37.560195,127.073169
동_21-39,가로등,,37.560881,127.073671
동_21-40,가로등,,37.55586,127.069158
동_21-41,가로등,,37.556381,127.06967
동_21-42,가로등,,37.556945,127.070171
동_21-43,가로등,,37.557541,127.070758
동_21-44,가로등,,37.558154,127.071337
동_21-45,가로등,,37.55881,127.071871
동_21-46,가로등,,37.559427,127.072387
동_21-47,가로등,,37.559725,127.072631
동_21-48,가로등,,37.559905,127.072738
동_21-49,가로등,,37.560089,127.072911
동_21-50,가로등,,37.560683,127.073334
동_21-51,가로등,,37.561329,127.073819
동_21-52,가로등,,37.556544,127.069794
동_21-53,가로등,,37.556529,127.069564
동_21-54,가로등,,37.556538,127.069354
동_21-55,가로등,,37.556581,127.069139
동_21-56,가로등,,37.556645,127.068941
동_21-57,가로등,,37.556741,127.068764
동_22-01,가로등,,37.559937,127.073487
동_22-02,가로등,,37.560165,127.07362
동_22-03,가로등,,37.560381,127.073758
동_22-04,가로등,,37.560609,127.073917
동_22-05,가로등,,37.560835,127.074059
동_22-06,가로등,,37.561063,127.074194
동_22-07,가로등,,37.56129,127.074329
동_22-08,가로등,,37.561517,127.074463
동_22-09,가로등,,37.561764,127.074608
동_22-10,가로등,,37.562,127.074733
동_22-11,가로등,,37.562213,127.074855
동_22-12,가로등,,37.562466,127.075
동_22-13,가로등,,37.562697,127.075122
동_22-14,가로등,,37.56292,127.075248
동_22-15,가로등,,37.563151,127.075382
동_22-16,가로등,,37.563381,127.075499
동_22-17,가로등,,37.563617,127.075611
동_22-18,가로등,,37.563851,127.075709
동_22-19,가로등,,37.564093,127.075797
동_22-20,가로등,,37.564325,127.075893
동_22-21,가로등,,37.564573,127.076012
동_22-22,가로등,,37.565216,127.076349
동_22-23,가로등,,37.565839,127.076681
동_22-24,가로등,,37.566407,127.076967
동_22-25,가로등,,37.567079,127.077349
동_22-26,가로등,,37.567736,127.07771
동_22-27,가로등,,37.568376,127.078073
동_22-28,가로등,,37.569052,127.078425
동_22-29,가로등,,37.569777,127.078777
동_22-30,가로등,,37.570484,127.079035
동_22-31,가로등,,37.571219,127.079219
동_22-32,가로등,,37.561604,127.074167
동_22-33,가로등,,37.562328,127.074643
동_22-34,가로등,,37.563008,127.075053
동_22-35,가로등,,37.563714,127.075463
동_22-36,가로등,,37.56448,127.07588
동_22-37,가로등,,37.562104,127.074321
동_22-38,가로등,,37.562757,127.07473
동_22-39,가로등,,37.563376,127.07509
동_22-40,가로등,,37.56397,127.075433
동_22-41,가로등,,37.564525,127.075755
동_22-42,가로등,,37.565152,127.076092
동_22-43,가로등,,37.565727,127.076412
동_22-44,가로등,,37.566288,127.076724
동_22-45,가로등,,37.566878,127.077066
동_22-46,가로등,,37.56752,127.077418
동_22-47,가로등,,37.568184,127.077792
동_22-48,가로등,,37.568813,127.078157
동_22-49,가로등,,37.569505,127.07849
동_22-50,가로등,,37.5702,127.078776
동_22-51,가로등,,37.570885,127.078981
동_22-52,가로등,,37.571565,127.079131
동_22-53,가로등,,37.563668,127.075262
동_22-54,가로등,,37.563821,127.075183
동_22-55,가로등,,37.563951,127.075075
동_22-56,가로등,,37.564078,127.074945
동_22-57,가로등,,37.564191,127.07478
동_22-58,가로등,,37.564269,127.074613
동_22-59,가로등,,37.566672,127.07713
동_23-01,가로등,,37.571969,127.079354
동_23-02,가로등,,37.572643,127.079396
동_23-03,가로등,,37.573303,127.079392
동_23-14,가로등,,37.572328,127.079212
동_23-15,가로등,,37.573022,127.079231
동_23-16,가로등,,37.573706,127.079198
아차산01-01,가로등,,37.549445,127.110724
아차산01-02,가로등,,37.549161,127.110653
올_52-28,가로등,,37.525467,127.056706
올_52-29,가로등,,37.525733,127.056412
올_53-07,가로등,,37.52494,127.056455
올_53-08,가로등,,37.524772,127.056766
올_53-09,가로등,,37.524595,127.057097
올_53-10,가로등,,37.524403,127.05743
올_53-11,가로등,,37.524212,127.05777
올_53-12,가로등,,37.52402,127.058105
올_53-13,가로등,,37.523833,127.058463
올_53-14,가로등,,37.523643,127.058802
올_53-15,가로등,,37.523463,127.059134
올_53-16,가로등,,37.523276,127.059462
올_53-17,가로등,,37.523092,127.059812
올_53-18,가로등,,37.522901,127.060167
올_53-19,가로등,,37.522719,127.060492
올_53-20,가로등,,37.522518,127.060771
올_54A-24,가로등,,37.522716,127.061262
올_54A-25,가로등,,37.522956,127.060848
올_54A-26,가로등,,37.523187,127.060468
올_54A-27,가로등,,37.523396,127.060093
올_54A-28,가로등,,37.523626,127.059711
올_54A-29,가로등,,37.523837,127.059351
올_54A-30,가로등,,37.524044,127.058984
올_54A-31,가로등,,37.52427,127.058617
올_54A-32,가로등,,37.524472,127.058254
올_54A-33,가로등,,37.524673,127.057904
올_54A-34,가로등,,37.524897,127.057575
올_54A-46,가로등,,37.522715,127.060918
올_54A-47,가로등,,37.523807,127.059061
올_54A-48,가로등,,37.524054,127.058632
올_54A-49,가로등,,37.524444,127.057977
올_54A-50,가로등,,37.524734,127.05749
올_54A-51,가로등,,37.524948,127.057118
올_54A-52,가로등,,37.525159,127.056825
올_54A-53,가로등,,37.52539,127.056546
올_54A-54,가로등,,37.525621,127.056301
올_54A-62,가로등,,37.52542,127.056263
올_54A-63,가로등,,37.525211,127.056556
올_54A-64,가로등,,37.525,127.056845
올_54A-65,가로등,,37.524735,127.057257
올_54A-66,가로등,,37.524534,127.057579
올_54A-67,가로등,,37.524362,127.057887
올_54A-68,가로등,,37.52419,127.058194
올_54A-69,가로등,,37.524018,127.058502
올_54A-70,가로등,,37.523845,127.058819
올_54A-71,가로등,,37.523678,127.059121
올_54A-72,가로등,,37.523531,127.059389
올_54A-73,가로등,,37.523401,127.059653
올_54A-74,가로등,,37.523268,127.059891
올_54A-75,가로등,,37.523135,127.060148
올_54A-76,가로등,,37.522992,127.060393
올_54A-77,가로등,,37.52286,127.060625
올_54A-78,가로등,,37.522605,127.060966
올_61-32,가로등,,37.523446,127.101949
올_61-33,가로등,,37.523256,127.101626
올_61-34,가로등,,37.523039,127.10128
올_61-35,가로등,,37.52283,127.100936
올_61-36,가로등,,37.522628,127.100578
올_63-01,가로등,,37.523469,127.101679
올_63-02,가로등,,37.523238,127.101289
올_63-03,가로등,,37.523008,127.10088
올_63-04,가로등,,37.522775,127.100432
올_63-05,가로등,,37.522588,127.100223
올_64-03,가로등,,37.522535,127.101287
올_64-04,가로등,,37.522757,127.101594
올_64-05,가로등,,37.522943,127.101902
올_64-06,가로등,,37.523144,127.102229
올_64-07,가로등,,37.523359,127.102578
올_64-08,가로등,,37.523634,127.102973
올_64-09,가로등,,37.523952,127.103354
올_64-10,가로등,,37.524289,127.103762
올_64-11,가로등,,37.524614,127.104145
올_64-12,가로등,,37.524943,127.104526
올_64-13,가로등,,37.525275,127.104906
올_64-14,가로등,,37.525589,127.105285
올_64-15,가로등,,37.525883,127.105643
올_64-16,가로등,,37.526189,127.105969
올_64-17,가로등,,37.526475,127.106281
올_64-19,가로등,,37.522567,127.100985
올_64-20,가로등,,37.522763,127.10132
올_64-21,가로등,,37.522971,127.101664
올_64-22,가로등,,37.523177,127.101992
올_64-23,가로등,,37.5234,127.102358
올_64-24,가로등,,37.523625,127.102712
올_64-25,가로등,,37.523893,127.103059
올_64-26,가로등,,37.524216,127.103433
올_64-27,가로등,,37.524549,127.103828
올_64-28,가로등,,37.524866,127.104206
올_64-29,가로등,,37.52518,127.104574
올_64-30,가로등,,37.525512,127.104967
올_64-31,가로등,,37.525842,127.105337
올_64-32,가로등,,37.526144,127.105691
올_64-33,가로등,,37.526439,127.106021
올_64-34,가로등,,37.526727,127.106331
올_64-35,가로등,,37.527019,127.106636
올_64-36,가로등,,37.527299,127.106919
올_64-37,가로등,,37.527578,127.107209
올_64-38,가로등,,37.527869,127.107494
올_64-39,가로등,,37.528189,127.107805
올_64-40,가로등,,37.528505,127.1081
올_64-41,가로등,,37.528801,127.108394
올_64-42,가로등,,37.529085,127.108664
올_64-43,가로등,,37.526412,127.105705
올_64-44,가로등,,37.526144,127.105419
올_64-45,가로등,,37.525863,127.105098
올_64-46,가로등,,37.525591,127.10477
올_64-47,가로등,,37.525319,127.104446
올_64-48,가로등,,37.525047,127.10412
올_64-49,가로등,,37.524788,127.103803
올_64-50,가로등,,37.52453,127.103473
올_64-51,가로등,,37.524273,127.103143
올_64-52,가로등,,37.524028,127.102809
올_64-53,가로등,,37.523785,127.102464
올_64-54,가로등,,37.523551,127.102105
올_64-55,가로등,,37.528132,127.107163
올_64-56,가로등,,37.527797,127.106854
올_64-57,가로등,,37.527475,127.106534
올_64-58,가로등,,37.527146,127.10619
올_64-59,가로등,,37.526833,127.105867
올_64-60,가로등,,37.526524,127.105546
올_64-61,가로등,,37.526227,127.105185
올_64-62,가로등,,37.525958,127.104908
올_64-63,가로등,,37.525707,127.104595
올_64-64,가로등,,37.52544,127.104284
올_64-65,가로등,,37.525175,127.103974
올_64-66,가로등,,37.524887,127.103668
올_64-67,가로등,,37.524622,127.103329
올_64-68,가로등,,37.524345,127.102966
올_64-69,가로등,,37.524078,127.102586
올_64-70,가로등,,37.523812,127.102212
올_65A-01,가로등,,37.53664,127.112469
올_65A-02,가로등,,37.536341,127.11211
올_65A-03,가로등,,37.536005,127.11173
올_65A-04,가로등,,37.535677,127.111349
올_65A-05,가로등,,37.535279,127.110975
올_65A-06,가로등,,37.534903,127.11064
올_65A-07,가로등,,37.534519,127.110352
올_65A-08,가로등,,37.534112,127.110091
올_65A-09,가로등,,37.533654,127.109833
올_65A-10,가로등,,37.533218,127.109625
올_65A-11,가로등,,37.532697,127.109482
올_65A-12,가로등,,37.532408,127.109409
올_65A-13,가로등,,37.532139,127.109333
올_65A-14,가로등,,37.531854,127.109253
올_65A-15,가로등,,37.531568,127.109168
올_65A-16,가로등,,37.531298,127.109099
올_65A-17,가로등,,37.531047,127.109043
올_65A-18,가로등,,37.530806,127.108986
올_65A-19,가로등,,37.530421,127.108728
올_65A-20,가로등,,37.53004,127.108574
올_65A-21,가로등,,37.529684,127.108408
올_65A-22,가로등,,37.529331,127.108206
올_65A-23,가로등,,37.529017,127.107995
올_65A-24,가로등,,37.528677,127.107738
올_65A-25,가로등,,37.528364,127.10748
올_65A-26,가로등,,37.531552,127.109501
올_65A-27,가로등,,37.531231,127.109397
올_65A-28,가로등,,37.530885,127.10929
올_65A-29,가로등,,37.53051,127.109171
올_65A-30,가로등,,37.530163,127.109066
올_65A-31,가로등,,37.529823,127.108773
올_65A-32,가로등,,37.529457,127.108557
올_65A-33,가로등,,37.529129,127.108336
올_65A-34,가로등,,37.528857,127.108126
올_65A-35,가로등,,37.528533,127.107865
올_65A-36,가로등,,37.528268,127.107598
올_65A-37,가로등,,37.527954,127.107291
올_65A-38,가로등,,37.527671,127.106991
올_65A-39,가로등,,37.527359,127.106682
올_65A-40,가로등,,37.52712,127.106434
올_65A-41,가로등,,37.526843,127.106155
올_65A-42,가로등,,37.529515,127.109114
올_65A-43,가로등,,37.529846,127.109435
올_65A-44,가로등,,37.529719,127.108896
올_65A-45,가로등,,37.529675,127.10912
올_65A-46,가로등,,37.530201,127.109668
올_65A-47,가로등,,37.530521,127.109798
올_65A-48,가로등,,37.530977,127.109797
올_65A-49,가로등,,37.531321,127.109885
올_65A-50,가로등,,37.531628,127.109957
올_65A-51,가로등,,37.531947,127.109987
올_66-01,가로등,,37.526757,127.106587
올_66-02,가로등,,37.526959,127.106883
올_66-03,가로등,,37.527173,127.107142
올_66-04,가로등,,37.527398,127.107377
올_66-05,가로등,,37.527646,127.107581
올_66-06,가로등,,37.527893,127.107729
올_66-07,가로등,,37.528097,127.107933
올_66-08,가로등,,37.528319,127.108142
올_66-09,가로등,,37.52815,127.108116
올_66-10,가로등,,37.528189,127.108258
올_66-11,가로등,,37.52822,127.108396
올_66-12,가로등,,37.528253,127.108536
올_66-13,가로등,,37.528278,127.108688
올_66-14,가로등,,37.528298,127.108842
올_66-15,가로등,,37.528299,127.109004
올_66-16,가로등,,37.528298,127.109153
올_66-17,가로등,,37.528278,127.109301
올_66-18,가로등,,37.528248,127.109459
올_66-19,가로등,,37.528217,127.1096
올_66-20,가로등,,37.528819,127.109676
올_66-21,가로등,,37.529084,127.109569
올_66-22,가로등,,37.529354,127.109545
올_66-23,가로등,,37.529645,127.109585
올_66-24,가로등,,37.529882,127.109671
올_66-25,가로등,,37.528547,127.108377
올_66-26,가로등,,37.528756,127.108569
올_66-27,가로등,,37.528936,127.108752
올_66-28,가로등,,37.529133,127.108941
올_66-29,가로등,,37.529312,127.109122
올_66-30,가로등,,37.529529,127.109331
올_67-01,가로등,,37.530055,127.109915
올_67-02,가로등,,37.530427,127.110065
올_67-03,가로등,,37.530815,127.110154
올_67-04,가로등,,37.531186,127.110217
올_67-05,가로등,,37.531588,127.11025
올_67-06,가로등,,37.53201,127.110277
올_67-07,가로등,,37.532456,127.110325
올_67-08,가로등,,37.532897,127.110388
올_67-09,가로등,,37.533351,127.110465
올_67-10,가로등,,37.533778,127.110645
올_67-11,가로등,,37.534197,127.11086
올_67-12,가로등,,37.534594,127.111124
올_67-13,가로등,,37.534969,127.111394
올_67-14,가로등,,37.535301,127.111703
올_67-15,가로등,,37.535616,127.112064
올_67-16,가로등,,37.53592,127.112413
올_67-17,가로등,,37.536223,127.112757
올_67-18,가로등,,37.536507,127.113106
올_67-19,가로등,,37.536798,127.113455
올_67-20,가로등,,37.537075,127.113799
올_67-21,가로등,,37.53732,127.114154
올_67A-01,가로등,,37.532337,127.109874
올_67A-02,가로등,,37.5323,127.110094
올_67A-03,가로등,,37.532692,127.110151
올_67A-04,가로등,,37.533139,127.110249
올_67A-05,가로등,,37.533617,127.110404
올_67A-06,가로등,,37.534057,127.110609
올_67A-07,가로등,,37.534476,127.110855
올_67A-08,가로등,,37.534867,127.111139
올_67A-09,가로등,,37.535247,127.111456
올_67A-10,가로등,,37.535565,127.111783
올_67A-11,가로등,,37.535866,127.112127
올_67A-12,가로등,,37.536164,127.112481
올_67A-13,가로등,,37.536451,127.112822
올_67A-14,가로등,,37.536738,127.113166
올_67A-15,가로등,,37.537022,127.113497
올_67A-16,가로등,,37.537293,127.113824
올_67A-17,가로등,,37.536395,127.112449
올_67A-18,가로등,,37.536121,127.112096
올_67A-19,가로등,,37.535814,127.111743
올_67A-20,가로등,,37.535505,127.111397
올_67A-21,가로등,,37.535175,127.111083
올_67A-22,가로등,,37.534833,127.110788
올_67A-23,가로등,,37.53447,127.110516
올_67A-24,가로등,,37.534103,127.110288
올_67A-25,가로등,,37.533754,127.110101
올_67A-26,가로등,,37.533402,127.109943
올_67A-27,가로등,,37.533035,127.109814
올_67A-28,가로등,,37.532662,127.109695
올_67A-29,가로등,,37.532295,127.109595
올_67A-30,가로등,,37.531915,127.109482
올_68-01,가로등,,37.537605,127.114185
올_68-02,가로등,,37.537883,127.114529
올_68-03,가로등,,37.538158,127.114856
올_68-04,가로등,,37.538445,127.115205
올_68-28,가로등,,37.538638,127.115171
올_68-29,가로등,,37.538341,127.114814
올_68-30,가로등,,37.538072,127.114473
올_68-31,가로등,,37.537812,127.114158
올_68-32,가로등,,37.537558,127.113843
올_68-33,가로등,,37.5373,127.113536
올_68-34,가로등,,37.537073,127.113272
올_68-35,가로등,,37.536876,127.113019
올_68-36,가로등,,37.536674,127.112774
올_68-51,가로등,,37.538841,127.115193
올_68-52,가로등,,37.538539,127.114808
올_68-53,가로등,,37.53825,127.114461
올_68A-16,가로등,,37.539072,127.115115
올_68A-17,가로등,,37.538826,127.114838
올_68A-18,가로등,,37.538556,127.11457
올_68A-19,가로등,,37.538274,127.1143
올_68A-20,가로등,,37.537986,127.114006
올_68A-21,가로등,,37.537684,127.113698
올_68A-22,가로등,,37.537427,127.113392
올_68A-23,가로등,,37.537179,127.113091
올_68A-24,가로등,,37.536926,127.112786
올_69-01,가로등,,37.537575,127.114554
올_69-02,가로등,,37.537938,127.115073
올_69-13,가로등,,37.537655,127.114481
올_69-14,가로등,,37.538175,127.115107
장_09-01,가로등,,37.529992,127.06578
장_09-02,가로등,,37.529693,127.065687
장_09-03,가로등,,37.529382,127.065568
장_09-04,가로등,,37.529096,127.065438
장_09-05,가로등,,37.528806,127.065301
장_09-06,가로등,,37.528526,127.065175
장_09-07,가로등,,37.528234,127.06504
장_09-08,가로등,,37.527943,127.0649
장_09-09,가로등,,37.527645,127.064762
장_09-10,가로등,,37.527337,127.064625
장_09-11,가로등,,37.527049,127.064489
장_09-12,가로등,,37.526754,127.064354
장_09-13,가로등,,37.526466,127.064224
장_09-14,가로등,,37.526188,127.064095
장_09-15,가로등,,37.525908,127.063973
장_09-16,가로등,,37.525637,127.06384
장_09-17,가로등,,37.52534,127.063704
장_09-18,가로등,,37.525062,127.063575
장_09-19,가로등,,37.524788,127.063451
장_09-20,가로등,,37.524502,127.063326
장_09-21,가로등,,37.524215,127.063188
장_09-22,가로등,,37.523938,127.063063
장_09-23,가로등,,37.523641,127.062923
장_09-24,가로등,,37.523313,127.062761
장_09-25,가로등,,37.522932,127.062799
장_09-26,가로등,,37.522676,127.062798
장_09-41,가로등,,37.52269,127.063068
장_09-42,가로등,,37.52295,127.063061
장_09-43,가로등,,37.523294,127.06312
장_09-44,가로등,,37.523586,127.063214
장_09-45,가로등,,37.523854,127.063337
장_09-46,가로등,,37.524134,127.063465
장_09-47,가로등,,37.524408,127.063587
장_09-48,가로등,,37.524683,127.06371
장_09-49,가로등,,37.524954,127.063843
장_09-50,가로등,,37.525247,127.06397
장_09-51,가로등,,37.525515,127.064088
장_09-52,가로등,,37.525811,127.064228
장_09-53,가로등,,37.526104,127.064364
장_09-54,가로등,,37.526387,127.064494
장_09-55,가로등,,37.526676,127.064622
장_09-56,가로등,,37.526938,127.064742
장_09-57,가로등,,37.527236,127.06488
장_09-58,가로등,,37.527564,127.06502
장_09-59,가로등,,37.527852,127.065161
장_09-60,가로등,,37.528145,127.065296
장_09-61,가로등,,37.528412,127.065419
장_09-62,가로등,,37.52871,127.065549
장_09-63,가로등,,37.529004,127.065685
장_09-64,가로등,,37.5293,127.065825
장_09-65,가로등,,37.529576,127.065958
장_09-66,가로등,,37.529865,127.066086
장_09-67,가로등,,37.53011,127.066216
장_09-68,가로등,,37.523194,127.062739
장_09-69,가로등,,37.523483,127.062835
장_10-01,가로등,,37.538663,127.069997
장_10-02,가로등,,37.538284,127.069815
장_10-03,가로등,,37.537876,127.069635
장_10-04,가로등,,37.537469,127.069436
장_10-05,가로등,,37.537067,127.069238
장_10-06,가로등,,37.536654,127.069058
장_10-07,가로등,,37.53639,127.068935
장_10-08,가로등,,37.536103,127.06881
장_10-09,가로등,,37.535801,127.068666
장_10-10,가로등,,37.535386,127.068465
장_10-11,가로등,,37.534992,127.06829
장_10-12,가로등,,37.534627,127.068116
장_10-13,가로등,,37.534273,127.067954
장_10-14,가로등,,37.53391,127.067793
장_10-15,가로등,,37.53357,127.067625
장_10-16,가로등,,37.533228,127.067463
장_10-17,가로등,,37.532936,127.067321
장_10-18,가로등,,37.532658,127.067187
장_10-19,가로등,,37.532383,127.067054
장_10-20,가로등,,37.532231,127.067104
장_10-21,가로등,,37.532478,127.067217
장_10-22,가로등,,37.532743,127.067338
장_10-23,가로등,,37.53304,127.067491
장_10-24,가로등,,37.533356,127.067649
장_10-25,가로등,,37.533702,127.067793
장_10-26,가로등,,37.534051,127.067963
장_10-27,가로등,,37.5344,127.068128
장_10-28,가로등,,37.53476,127.068294
장_10-29,가로등,,37.535154,127.068483
장_10-30,가로등,,37.535569,127.06866
장_10-31,가로등,,37.535932,127.068829
장_10-32,가로등,,37.536217,127.068963
장_10-33,가로등,,37.536494,127.069088
장_10-34,가로등,,37.536827,127.069248
장_10-35,가로등,,37.537227,127.069431
장_10-36,가로등,,37.537631,127.069614
장_10-37,가로등,,37.538024,127.069797
장_10-38,가로등,,37.538409,127.069979
장_11-01,가로등,,37.531788,127.065079
장_11-02,가로등,,37.531702,127.065243
장_11-03,가로등,,37.531608,127.065443
장_11-04,가로등,,37.531501,127.065587
장_11-05,가로등,,37.531372,127.06574
장_11-06,가로등,,37.531225,127.065847
장_11-07,가로등,,37.531072,127.06595
장_11-08,가로등,,37.530903,127.066014
장_11-09,가로등,,37.530712,127.066055
장_11-10,가로등,,37.530524,127.066057
장_11-12,가로등,,37.532093,127.066891
장_11-13,가로등,,37.531828,127.066754
장_11-14,가로등,,37.531559,127.066627
장_11-15,가로등,,37.531298,127.066507
장_11-16,가로등,,37.531039,127.066387
장_11-17,가로등,,37.530775,127.066262
장_11-18,가로등,,37.53057,127.066125
장_11-19,가로등,,37.530395,127.065955
장_11-20,가로등,,37.530296,127.065801
장_11-21,가로등,,37.53023,127.065621
장_11-22,가로등,,37.53018,127.065436
장_11-23,가로등,,37.530149,127.065246
장_11-24,가로등,,37.530141,127.065044
장_11-25,가로등,,37.530169,127.064838
장_11-26,가로등,,37.530229,127.06466
장_11-27,가로등,,37.530326,127.064513
장_11-28,가로등,,37.530447,127.064399
장_11-29,가로등,,37.530584,127.064313
장_11-30,가로등,,37.530727,127.064279
장_11-31,가로등,,37.530871,127.064287
장_11-32,가로등,,37.531012,127.064357
장_11-33,가로등,,37.531118,127.064483
장_11-34,가로등,,37.531193,127.064655
장_11-35,가로등,,37.531221,127.06485
장_11-36,가로등,,37.531271,127.065062
장_11-37,가로등,,37.531216,127.065241
장_11-38,가로등,,37.531142,127.065396
장_11-39,가로등,,37.531047,127.065552
장_11-40,가로등,,37.530951,127.065662
장_11-41,가로등,,37.530835,127.065774
장_11-42,가로등,,37.530329,127.066259
장_11-43,가로등,,37.53061,127.06638
장_11-44,가로등,,37.530865,127.066484
장_11-45,가로등,,37.531112,127.066599
장_11-46,가로등,,37.531363,127.066714
장_11-47,가로등,,37.531636,127.066838
장_11-48,가로등,,37.531916,127.066963
장_11-49,가로등,,37.530407,127.066489
장_11-50,가로등,,37.530531,127.066667
장_11-51,가로등,,37.530625,127.066856
장_11-52,가로등,,37.530692,127.067076
장_11-53,가로등,,37.530726,127.067299
장_11-54,가로등,,37.530736,127.067526
장_11-55,가로등,,37.530717,127.067762
장_11-56,가로등,,37.530687,127.068
장_11-57,가로등,,37.530647,127.068229
장_11-58,가로등,,37.530603,127.068485
장_11-59,가로등,,37.530558,127.068746
장_11-60,가로등,,37.530515,127.069001
장_11-61,가로등,,37.530473,127.06924
장_11-62,가로등,,37.530428,127.069493
장_11-63,가로등,,37.530384,127.069748
장_11-64,가로등,,37.530336,127.070035
장_11-65,가로등,,37.530287,127.070308
장_11-66,가로등,,37.530245,127.070593
장_11-67,가로등,,37.531086,127.066168
장_11-68,가로등,,37.531369,127.065993
장_11-69,가로등,,37.531638,127.065723
장_11-70,가로등,,37.531848,127.065341
장_11-71,가로등,,37.531996,127.064921
장_11-72,가로등,,37.53211,127.064484
장_11-73,가로등,,37.532225,127.064081
장_11-74,가로등,,37.532345,127.063619
장_11-75,가로등,,37.53218,127.063617
장_11-76,가로등,,37.532055,127.064025
장_11-77,가로등,,37.531948,127.064451
장_11-78,가로등,,37.531837,127.064898
장_11_1-80,가로등,,37.531666,127.064798
장_11_1-81,가로등,,37.53154,127.065373
장_11_1-82,가로등,,37.531388,127.066049
장_11_1-83,가로등,,37.531804,127.064039
장_11_1-84,가로등,,37.53166,127.064546
장_12-01,가로등,,37.532026,127.063294
장_12-02,가로등,,37.531945,127.063543
장_12-03,가로등,,37.531908,127.063838
장_12-04,가로등,,37.531829,127.064138
장_12-05,가로등,,37.531739,127.06444
장_12-06,가로등,,37.531654,127.064726
장_12-07,가로등,,37.531575,127.065014
장_12-08,가로등,,37.531475,127.065317
장_12-09,가로등,,37.531321,127.065557
장_12-10,가로등,,37.531149,127.065712
장_12-11,가로등,,37.530941,127.065817
장_12-12,가로등,,37.530748,127.065896
장_12-13,가로등,,37.530557,127.06596
청담대교경관-01,가로등,,37.530282,127.06593
청담대교경관-02,가로등,,37.530103,127.065814
청담대교경관-03,가로등,,37.530197,127.065748
청담대교경관-04,가로등,,37.530192,127.065982
장안1파출소,경찰서/파출소,서울특별시 동대문구 한천로20길 9,37.5696051,127.065036
